﻿<?xml version="1.0" encoding="utf-8"?>
<link:linkbase xsi:schemaLocation="http://www.xbrl.org/2003/linkbase http://www.xbrl.org/2003/xbrl-linkbase-2003-12-31.xsd http://xbrl.org/2005/xbrldt http://www.xbrl.org/2005/xbrldt-2005.xsd http://www.xbrl.org/2003/instance http://www.xbrl.org/2003/xbrl-instance-2003-12-31.xsd http://www.w3.org/1999/xlink http://www.xbrl.org/2003/xlink-2003-12-31.xsd " xmlns:link="http://www.xbrl.org/2003/linkbase" xmlns:xbrldt="http://xbrl.org/2005/xbrldt" xmlns:xbrli="http://www.xbrl.org/2003/instance" xmlns:xlink="http://www.w3.org/1999/xlink" xmlns:xsi="http://www.w3.org/2001/XMLSchema-instance">
  <!-- Role Ref -->
  <link:roleRef roleURI="http://www.xbrl.org/taxonomy/int/country/roles/domain" xlink:type="simple" xlink:href="elts.xsd#roleType_domain" />
  <!-- ArcRole Ref -->
  <link:arcroleRef arcroleURI="http://xbrl.org/int/dim/arcrole/domain-member" xlink:type="simple" xlink:href="http://www.xbrl.org/2005/xbrldt-2005.xsd#domain-member" />
  <link:definitionLink xlink:type="extended" xlink:role="http://www.xbrl.org/taxonomy/int/country/roles/domain">
    <link:loc xlink:type="locator" xlink:href="elts.xsd#country_CountryDomain" xlink:label="loc_country_CountryDomain" />
    <link:loc xlink:type="locator" xlink:href="elts.xsd#country_AD" xlink:label="loc_country_AD" />
    <link:definitionArc xlink:type="arc" xlink:arcrole="http://xbrl.org/int/dim/arcrole/domain-member" xlink:from="loc_country_CountryDomain" xlink:to="loc_country_AD" order="1.0" use="optional" />
    <link:loc xlink:type="locator" xlink:href="elts.xsd#country_AE" xlink:label="loc_country_AE" />
    <link:definitionArc xlink:type="arc" xlink:arcrole="http://xbrl.org/int/dim/arcrole/domain-member" xlink:from="loc_country_CountryDomain" xlink:to="loc_country_AE" order="2.0" use="optional" />
    <link:loc xlink:type="locator" xlink:href="elts.xsd#country_AF" xlink:label="loc_country_AF" />
    <link:definitionArc xlink:type="arc" xlink:arcrole="http://xbrl.org/int/dim/arcrole/domain-member" xlink:from="loc_country_CountryDomain" xlink:to="loc_country_AF" order="3.0" use="optional" />
    <link:loc xlink:type="locator" xlink:href="elts.xsd#country_AG" xlink:label="loc_country_AG" />
    <link:definitionArc xlink:type="arc" xlink:arcrole="http://xbrl.org/int/dim/arcrole/domain-member" xlink:from="loc_country_CountryDomain" xlink:to="loc_country_AG" order="4.0" use="optional" />
    <link:loc xlink:type="locator" xlink:href="elts.xsd#country_AI" xlink:label="loc_country_AI" />
    <link:definitionArc xlink:type="arc" xlink:arcrole="http://xbrl.org/int/dim/arcrole/domain-member" xlink:from="loc_country_CountryDomain" xlink:to="loc_country_AI" order="5.0" use="optional" />
    <link:loc xlink:type="locator" xlink:href="elts.xsd#country_AL" xlink:label="loc_country_AL" />
    <link:definitionArc xlink:type="arc" xlink:arcrole="http://xbrl.org/int/dim/arcrole/domain-member" xlink:from="loc_country_CountryDomain" xlink:to="loc_country_AL" order="6.0" use="optional" />
    <link:loc xlink:type="locator" xlink:href="elts.xsd#country_AM" xlink:label="loc_country_AM" />
    <link:definitionArc xlink:type="arc" xlink:arcrole="http://xbrl.org/int/dim/arcrole/domain-member" xlink:from="loc_country_CountryDomain" xlink:to="loc_country_AM" order="7.0" use="optional" />
    <link:loc xlink:type="locator" xlink:href="elts.xsd#country_AN" xlink:label="loc_country_AN" />
    <link:definitionArc xlink:type="arc" xlink:arcrole="http://xbrl.org/int/dim/arcrole/domain-member" xlink:from="loc_country_CountryDomain" xlink:to="loc_country_AN" order="8.0" use="optional" />
    <link:loc xlink:type="locator" xlink:href="elts.xsd#country_AO" xlink:label="loc_country_AO" />
    <link:definitionArc xlink:type="arc" xlink:arcrole="http://xbrl.org/int/dim/arcrole/domain-member" xlink:from="loc_country_CountryDomain" xlink:to="loc_country_AO" order="9.0" use="optional" />
    <link:loc xlink:type="locator" xlink:href="elts.xsd#country_AQ" xlink:label="loc_country_AQ" />
    <link:definitionArc xlink:type="arc" xlink:arcrole="http://xbrl.org/int/dim/arcrole/domain-member" xlink:from="loc_country_CountryDomain" xlink:to="loc_country_AQ" order="10.0" use="optional" />
    <link:loc xlink:type="locator" xlink:href="elts.xsd#country_AR" xlink:label="loc_country_AR" />
    <link:definitionArc xlink:type="arc" xlink:arcrole="http://xbrl.org/int/dim/arcrole/domain-member" xlink:from="loc_country_CountryDomain" xlink:to="loc_country_AR" order="11.0" use="optional" />
    <link:loc xlink:type="locator" xlink:href="elts.xsd#country_AS" xlink:label="loc_country_AS" />
    <link:definitionArc xlink:type="arc" xlink:arcrole="http://xbrl.org/int/dim/arcrole/domain-member" xlink:from="loc_country_CountryDomain" xlink:to="loc_country_AS" order="12.0" use="optional" />
    <link:loc xlink:type="locator" xlink:href="elts.xsd#country_AT" xlink:label="loc_country_AT" />
    <link:definitionArc xlink:type="arc" xlink:arcrole="http://xbrl.org/int/dim/arcrole/domain-member" xlink:from="loc_country_CountryDomain" xlink:to="loc_country_AT" order="13.0" use="optional" />
    <link:loc xlink:type="locator" xlink:href="elts.xsd#country_AU" xlink:label="loc_country_AU" />
    <link:definitionArc xlink:type="arc" xlink:arcrole="http://xbrl.org/int/dim/arcrole/domain-member" xlink:from="loc_country_CountryDomain" xlink:to="loc_country_AU" order="14.0" use="optional" />
    <link:loc xlink:type="locator" xlink:href="elts.xsd#country_AW" xlink:label="loc_country_AW" />
    <link:definitionArc xlink:type="arc" xlink:arcrole="http://xbrl.org/int/dim/arcrole/domain-member" xlink:from="loc_country_CountryDomain" xlink:to="loc_country_AW" order="15.0" use="optional" />
    <link:loc xlink:type="locator" xlink:href="elts.xsd#country_AX" xlink:label="loc_country_AX" />
    <link:definitionArc xlink:type="arc" xlink:arcrole="http://xbrl.org/int/dim/arcrole/domain-member" xlink:from="loc_country_CountryDomain" xlink:to="loc_country_AX" order="16.0" use="optional" />
    <link:loc xlink:type="locator" xlink:href="elts.xsd#country_AZ" xlink:label="loc_country_AZ" />
    <link:definitionArc xlink:type="arc" xlink:arcrole="http://xbrl.org/int/dim/arcrole/domain-member" xlink:from="loc_country_CountryDomain" xlink:to="loc_country_AZ" order="17.0" use="optional" />
    <link:loc xlink:type="locator" xlink:href="elts.xsd#country_BA" xlink:label="loc_country_BA" />
    <link:definitionArc xlink:type="arc" xlink:arcrole="http://xbrl.org/int/dim/arcrole/domain-member" xlink:from="loc_country_CountryDomain" xlink:to="loc_country_BA" order="18.0" use="optional" />
    <link:loc xlink:type="locator" xlink:href="elts.xsd#country_BB" xlink:label="loc_country_BB" />
    <link:definitionArc xlink:type="arc" xlink:arcrole="http://xbrl.org/int/dim/arcrole/domain-member" xlink:from="loc_country_CountryDomain" xlink:to="loc_country_BB" order="19.0" use="optional" />
    <link:loc xlink:type="locator" xlink:href="elts.xsd#country_BD" xlink:label="loc_country_BD" />
    <link:definitionArc xlink:type="arc" xlink:arcrole="http://xbrl.org/int/dim/arcrole/domain-member" xlink:from="loc_country_CountryDomain" xlink:to="loc_country_BD" order="20.0" use="optional" />
    <link:loc xlink:type="locator" xlink:href="elts.xsd#country_BE" xlink:label="loc_country_BE" />
    <link:definitionArc xlink:type="arc" xlink:arcrole="http://xbrl.org/int/dim/arcrole/domain-member" xlink:from="loc_country_CountryDomain" xlink:to="loc_country_BE" order="21.0" use="optional" />
    <link:loc xlink:type="locator" xlink:href="elts.xsd#country_BF" xlink:label="loc_country_BF" />
    <link:definitionArc xlink:type="arc" xlink:arcrole="http://xbrl.org/int/dim/arcrole/domain-member" xlink:from="loc_country_CountryDomain" xlink:to="loc_country_BF" order="22.0" use="optional" />
    <link:loc xlink:type="locator" xlink:href="elts.xsd#country_BG" xlink:label="loc_country_BG" />
    <link:definitionArc xlink:type="arc" xlink:arcrole="http://xbrl.org/int/dim/arcrole/domain-member" xlink:from="loc_country_CountryDomain" xlink:to="loc_country_BG" order="23.0" use="optional" />
    <link:loc xlink:type="locator" xlink:href="elts.xsd#country_BH" xlink:label="loc_country_BH" />
    <link:definitionArc xlink:type="arc" xlink:arcrole="http://xbrl.org/int/dim/arcrole/domain-member" xlink:from="loc_country_CountryDomain" xlink:to="loc_country_BH" order="24.0" use="optional" />
    <link:loc xlink:type="locator" xlink:href="elts.xsd#country_BI" xlink:label="loc_country_BI" />
    <link:definitionArc xlink:type="arc" xlink:arcrole="http://xbrl.org/int/dim/arcrole/domain-member" xlink:from="loc_country_CountryDomain" xlink:to="loc_country_BI" order="25.0" use="optional" />
    <link:loc xlink:type="locator" xlink:href="elts.xsd#country_BJ" xlink:label="loc_country_BJ" />
    <link:definitionArc xlink:type="arc" xlink:arcrole="http://xbrl.org/int/dim/arcrole/domain-member" xlink:from="loc_country_CountryDomain" xlink:to="loc_country_BJ" order="26.0" use="optional" />
    <link:loc xlink:type="locator" xlink:href="elts.xsd#country_BL" xlink:label="loc_country_BL" />
    <link:definitionArc xlink:type="arc" xlink:arcrole="http://xbrl.org/int/dim/arcrole/domain-member" xlink:from="loc_country_CountryDomain" xlink:to="loc_country_BL" order="27.0" use="optional" />
    <link:loc xlink:type="locator" xlink:href="elts.xsd#country_BM" xlink:label="loc_country_BM" />
    <link:definitionArc xlink:type="arc" xlink:arcrole="http://xbrl.org/int/dim/arcrole/domain-member" xlink:from="loc_country_CountryDomain" xlink:to="loc_country_BM" order="28.0" use="optional" />
    <link:loc xlink:type="locator" xlink:href="elts.xsd#country_BN" xlink:label="loc_country_BN" />
    <link:definitionArc xlink:type="arc" xlink:arcrole="http://xbrl.org/int/dim/arcrole/domain-member" xlink:from="loc_country_CountryDomain" xlink:to="loc_country_BN" order="29.0" use="optional" />
    <link:loc xlink:type="locator" xlink:href="elts.xsd#country_BO" xlink:label="loc_country_BO" />
    <link:definitionArc xlink:type="arc" xlink:arcrole="http://xbrl.org/int/dim/arcrole/domain-member" xlink:from="loc_country_CountryDomain" xlink:to="loc_country_BO" order="30.0" use="optional" />
    <link:loc xlink:type="locator" xlink:href="elts.xsd#country_BQ" xlink:label="loc_country_BQ" />
    <link:definitionArc xlink:type="arc" xlink:arcrole="http://xbrl.org/int/dim/arcrole/domain-member" xlink:from="loc_country_CountryDomain" xlink:to="loc_country_BQ" order="31.0" use="optional" />
    <link:loc xlink:type="locator" xlink:href="elts.xsd#country_BR" xlink:label="loc_country_BR" />
    <link:definitionArc xlink:type="arc" xlink:arcrole="http://xbrl.org/int/dim/arcrole/domain-member" xlink:from="loc_country_CountryDomain" xlink:to="loc_country_BR" order="32.0" use="optional" />
    <link:loc xlink:type="locator" xlink:href="elts.xsd#country_BS" xlink:label="loc_country_BS" />
    <link:definitionArc xlink:type="arc" xlink:arcrole="http://xbrl.org/int/dim/arcrole/domain-member" xlink:from="loc_country_CountryDomain" xlink:to="loc_country_BS" order="33.0" use="optional" />
    <link:loc xlink:type="locator" xlink:href="elts.xsd#country_BT" xlink:label="loc_country_BT" />
    <link:definitionArc xlink:type="arc" xlink:arcrole="http://xbrl.org/int/dim/arcrole/domain-member" xlink:from="loc_country_CountryDomain" xlink:to="loc_country_BT" order="34.0" use="optional" />
    <link:loc xlink:type="locator" xlink:href="elts.xsd#country_BU" xlink:label="loc_country_BU" />
    <link:definitionArc xlink:type="arc" xlink:arcrole="http://xbrl.org/int/dim/arcrole/domain-member" xlink:from="loc_country_CountryDomain" xlink:to="loc_country_BU" order="35.0" use="optional" />
    <link:loc xlink:type="locator" xlink:href="elts.xsd#country_BV" xlink:label="loc_country_BV" />
    <link:definitionArc xlink:type="arc" xlink:arcrole="http://xbrl.org/int/dim/arcrole/domain-member" xlink:from="loc_country_CountryDomain" xlink:to="loc_country_BV" order="36.0" use="optional" />
    <link:loc xlink:type="locator" xlink:href="elts.xsd#country_BW" xlink:label="loc_country_BW" />
    <link:definitionArc xlink:type="arc" xlink:arcrole="http://xbrl.org/int/dim/arcrole/domain-member" xlink:from="loc_country_CountryDomain" xlink:to="loc_country_BW" order="37.0" use="optional" />
    <link:loc xlink:type="locator" xlink:href="elts.xsd#country_BY" xlink:label="loc_country_BY" />
    <link:definitionArc xlink:type="arc" xlink:arcrole="http://xbrl.org/int/dim/arcrole/domain-member" xlink:from="loc_country_CountryDomain" xlink:to="loc_country_BY" order="38.0" use="optional" />
    <link:loc xlink:type="locator" xlink:href="elts.xsd#country_BZ" xlink:label="loc_country_BZ" />
    <link:definitionArc xlink:type="arc" xlink:arcrole="http://xbrl.org/int/dim/arcrole/domain-member" xlink:from="loc_country_CountryDomain" xlink:to="loc_country_BZ" order="39.0" use="optional" />
    <link:loc xlink:type="locator" xlink:href="elts.xsd#country_CA" xlink:label="loc_country_CA" />
    <link:definitionArc xlink:type="arc" xlink:arcrole="http://xbrl.org/int/dim/arcrole/domain-member" xlink:from="loc_country_CountryDomain" xlink:to="loc_country_CA" order="40.0" use="optional" />
    <link:loc xlink:type="locator" xlink:href="elts.xsd#country_CC" xlink:label="loc_country_CC" />
    <link:definitionArc xlink:type="arc" xlink:arcrole="http://xbrl.org/int/dim/arcrole/domain-member" xlink:from="loc_country_CountryDomain" xlink:to="loc_country_CC" order="41.0" use="optional" />
    <link:loc xlink:type="locator" xlink:href="elts.xsd#country_CD" xlink:label="loc_country_CD" />
    <link:definitionArc xlink:type="arc" xlink:arcrole="http://xbrl.org/int/dim/arcrole/domain-member" xlink:from="loc_country_CountryDomain" xlink:to="loc_country_CD" order="42.0" use="optional" />
    <link:loc xlink:type="locator" xlink:href="elts.xsd#country_CF" xlink:label="loc_country_CF" />
    <link:definitionArc xlink:type="arc" xlink:arcrole="http://xbrl.org/int/dim/arcrole/domain-member" xlink:from="loc_country_CountryDomain" xlink:to="loc_country_CF" order="43.0" use="optional" />
    <link:loc xlink:type="locator" xlink:href="elts.xsd#country_CG" xlink:label="loc_country_CG" />
    <link:definitionArc xlink:type="arc" xlink:arcrole="http://xbrl.org/int/dim/arcrole/domain-member" xlink:from="loc_country_CountryDomain" xlink:to="loc_country_CG" order="44.0" use="optional" />
    <link:loc xlink:type="locator" xlink:href="elts.xsd#country_CH" xlink:label="loc_country_CH" />
    <link:definitionArc xlink:type="arc" xlink:arcrole="http://xbrl.org/int/dim/arcrole/domain-member" xlink:from="loc_country_CountryDomain" xlink:to="loc_country_CH" order="45.0" use="optional" />
    <link:loc xlink:type="locator" xlink:href="elts.xsd#country_CI" xlink:label="loc_country_CI" />
    <link:definitionArc xlink:type="arc" xlink:arcrole="http://xbrl.org/int/dim/arcrole/domain-member" xlink:from="loc_country_CountryDomain" xlink:to="loc_country_CI" order="46.0" use="optional" />
    <link:loc xlink:type="locator" xlink:href="elts.xsd#country_CK" xlink:label="loc_country_CK" />
    <link:definitionArc xlink:type="arc" xlink:arcrole="http://xbrl.org/int/dim/arcrole/domain-member" xlink:from="loc_country_CountryDomain" xlink:to="loc_country_CK" order="47.0" use="optional" />
    <link:loc xlink:type="locator" xlink:href="elts.xsd#country_CL" xlink:label="loc_country_CL" />
    <link:definitionArc xlink:type="arc" xlink:arcrole="http://xbrl.org/int/dim/arcrole/domain-member" xlink:from="loc_country_CountryDomain" xlink:to="loc_country_CL" order="48.0" use="optional" />
    <link:loc xlink:type="locator" xlink:href="elts.xsd#country_CM" xlink:label="loc_country_CM" />
    <link:definitionArc xlink:type="arc" xlink:arcrole="http://xbrl.org/int/dim/arcrole/domain-member" xlink:from="loc_country_CountryDomain" xlink:to="loc_country_CM" order="49.0" use="optional" />
    <link:loc xlink:type="locator" xlink:href="elts.xsd#country_CN" xlink:label="loc_country_CN" />
    <link:definitionArc xlink:type="arc" xlink:arcrole="http://xbrl.org/int/dim/arcrole/domain-member" xlink:from="loc_country_CountryDomain" xlink:to="loc_country_CN" order="50.0" use="optional" />
    <link:loc xlink:type="locator" xlink:href="elts.xsd#country_CO" xlink:label="loc_country_CO" />
    <link:definitionArc xlink:type="arc" xlink:arcrole="http://xbrl.org/int/dim/arcrole/domain-member" xlink:from="loc_country_CountryDomain" xlink:to="loc_country_CO" order="51.0" use="optional" />
    <link:loc xlink:type="locator" xlink:href="elts.xsd#country_CR" xlink:label="loc_country_CR" />
    <link:definitionArc xlink:type="arc" xlink:arcrole="http://xbrl.org/int/dim/arcrole/domain-member" xlink:from="loc_country_CountryDomain" xlink:to="loc_country_CR" order="52.0" use="optional" />
    <link:loc xlink:type="locator" xlink:href="elts.xsd#country_CS" xlink:label="loc_country_CS" />
    <link:definitionArc xlink:type="arc" xlink:arcrole="http://xbrl.org/int/dim/arcrole/domain-member" xlink:from="loc_country_CountryDomain" xlink:to="loc_country_CS" order="53.0" use="optional" />
    <link:loc xlink:type="locator" xlink:href="elts.xsd#country_CU" xlink:label="loc_country_CU" />
    <link:definitionArc xlink:type="arc" xlink:arcrole="http://xbrl.org/int/dim/arcrole/domain-member" xlink:from="loc_country_CountryDomain" xlink:to="loc_country_CU" order="54.0" use="optional" />
    <link:loc xlink:type="locator" xlink:href="elts.xsd#country_CV" xlink:label="loc_country_CV" />
    <link:definitionArc xlink:type="arc" xlink:arcrole="http://xbrl.org/int/dim/arcrole/domain-member" xlink:from="loc_country_CountryDomain" xlink:to="loc_country_CV" order="55.0" use="optional" />
    <link:loc xlink:type="locator" xlink:href="elts.xsd#country_CW" xlink:label="loc_country_CW" />
    <link:definitionArc xlink:type="arc" xlink:arcrole="http://xbrl.org/int/dim/arcrole/domain-member" xlink:from="loc_country_CountryDomain" xlink:to="loc_country_CW" order="56.0" use="optional" />
    <link:loc xlink:type="locator" xlink:href="elts.xsd#country_CX" xlink:label="loc_country_CX" />
    <link:definitionArc xlink:type="arc" xlink:arcrole="http://xbrl.org/int/dim/arcrole/domain-member" xlink:from="loc_country_CountryDomain" xlink:to="loc_country_CX" order="57.0" use="optional" />
    <link:loc xlink:type="locator" xlink:href="elts.xsd#country_CY" xlink:label="loc_country_CY" />
    <link:definitionArc xlink:type="arc" xlink:arcrole="http://xbrl.org/int/dim/arcrole/domain-member" xlink:from="loc_country_CountryDomain" xlink:to="loc_country_CY" order="58.0" use="optional" />
    <link:loc xlink:type="locator" xlink:href="elts.xsd#country_CZ" xlink:label="loc_country_CZ" />
    <link:definitionArc xlink:type="arc" xlink:arcrole="http://xbrl.org/int/dim/arcrole/domain-member" xlink:from="loc_country_CountryDomain" xlink:to="loc_country_CZ" order="59.0" use="optional" />
    <link:loc xlink:type="locator" xlink:href="elts.xsd#country_DE" xlink:label="loc_country_DE" />
    <link:definitionArc xlink:type="arc" xlink:arcrole="http://xbrl.org/int/dim/arcrole/domain-member" xlink:from="loc_country_CountryDomain" xlink:to="loc_country_DE" order="60.0" use="optional" />
    <link:loc xlink:type="locator" xlink:href="elts.xsd#country_DJ" xlink:label="loc_country_DJ" />
    <link:definitionArc xlink:type="arc" xlink:arcrole="http://xbrl.org/int/dim/arcrole/domain-member" xlink:from="loc_country_CountryDomain" xlink:to="loc_country_DJ" order="61.0" use="optional" />
    <link:loc xlink:type="locator" xlink:href="elts.xsd#country_DK" xlink:label="loc_country_DK" />
    <link:definitionArc xlink:type="arc" xlink:arcrole="http://xbrl.org/int/dim/arcrole/domain-member" xlink:from="loc_country_CountryDomain" xlink:to="loc_country_DK" order="62.0" use="optional" />
    <link:loc xlink:type="locator" xlink:href="elts.xsd#country_DM" xlink:label="loc_country_DM" />
    <link:definitionArc xlink:type="arc" xlink:arcrole="http://xbrl.org/int/dim/arcrole/domain-member" xlink:from="loc_country_CountryDomain" xlink:to="loc_country_DM" order="63.0" use="optional" />
    <link:loc xlink:type="locator" xlink:href="elts.xsd#country_DO" xlink:label="loc_country_DO" />
    <link:definitionArc xlink:type="arc" xlink:arcrole="http://xbrl.org/int/dim/arcrole/domain-member" xlink:from="loc_country_CountryDomain" xlink:to="loc_country_DO" order="64.0" use="optional" />
    <link:loc xlink:type="locator" xlink:href="elts.xsd#country_DZ" xlink:label="loc_country_DZ" />
    <link:definitionArc xlink:type="arc" xlink:arcrole="http://xbrl.org/int/dim/arcrole/domain-member" xlink:from="loc_country_CountryDomain" xlink:to="loc_country_DZ" order="65.0" use="optional" />
    <link:loc xlink:type="locator" xlink:href="elts.xsd#country_EC" xlink:label="loc_country_EC" />
    <link:definitionArc xlink:type="arc" xlink:arcrole="http://xbrl.org/int/dim/arcrole/domain-member" xlink:from="loc_country_CountryDomain" xlink:to="loc_country_EC" order="66.0" use="optional" />
    <link:loc xlink:type="locator" xlink:href="elts.xsd#country_EE" xlink:label="loc_country_EE" />
    <link:definitionArc xlink:type="arc" xlink:arcrole="http://xbrl.org/int/dim/arcrole/domain-member" xlink:from="loc_country_CountryDomain" xlink:to="loc_country_EE" order="67.0" use="optional" />
    <link:loc xlink:type="locator" xlink:href="elts.xsd#country_EG" xlink:label="loc_country_EG" />
    <link:definitionArc xlink:type="arc" xlink:arcrole="http://xbrl.org/int/dim/arcrole/domain-member" xlink:from="loc_country_CountryDomain" xlink:to="loc_country_EG" order="68.0" use="optional" />
    <link:loc xlink:type="locator" xlink:href="elts.xsd#country_EH" xlink:label="loc_country_EH" />
    <link:definitionArc xlink:type="arc" xlink:arcrole="http://xbrl.org/int/dim/arcrole/domain-member" xlink:from="loc_country_CountryDomain" xlink:to="loc_country_EH" order="69.0" use="optional" />
    <link:loc xlink:type="locator" xlink:href="elts.xsd#country_ER" xlink:label="loc_country_ER" />
    <link:definitionArc xlink:type="arc" xlink:arcrole="http://xbrl.org/int/dim/arcrole/domain-member" xlink:from="loc_country_CountryDomain" xlink:to="loc_country_ER" order="70.0" use="optional" />
    <link:loc xlink:type="locator" xlink:href="elts.xsd#country_ES" xlink:label="loc_country_ES" />
    <link:definitionArc xlink:type="arc" xlink:arcrole="http://xbrl.org/int/dim/arcrole/domain-member" xlink:from="loc_country_CountryDomain" xlink:to="loc_country_ES" order="71.0" use="optional" />
    <link:loc xlink:type="locator" xlink:href="elts.xsd#country_ET" xlink:label="loc_country_ET" />
    <link:definitionArc xlink:type="arc" xlink:arcrole="http://xbrl.org/int/dim/arcrole/domain-member" xlink:from="loc_country_CountryDomain" xlink:to="loc_country_ET" order="72.0" use="optional" />
    <link:loc xlink:type="locator" xlink:href="elts.xsd#country_FI" xlink:label="loc_country_FI" />
    <link:definitionArc xlink:type="arc" xlink:arcrole="http://xbrl.org/int/dim/arcrole/domain-member" xlink:from="loc_country_CountryDomain" xlink:to="loc_country_FI" order="73.0" use="optional" />
    <link:loc xlink:type="locator" xlink:href="elts.xsd#country_FJ" xlink:label="loc_country_FJ" />
    <link:definitionArc xlink:type="arc" xlink:arcrole="http://xbrl.org/int/dim/arcrole/domain-member" xlink:from="loc_country_CountryDomain" xlink:to="loc_country_FJ" order="74.0" use="optional" />
    <link:loc xlink:type="locator" xlink:href="elts.xsd#country_FK" xlink:label="loc_country_FK" />
    <link:definitionArc xlink:type="arc" xlink:arcrole="http://xbrl.org/int/dim/arcrole/domain-member" xlink:from="loc_country_CountryDomain" xlink:to="loc_country_FK" order="75.0" use="optional" />
    <link:loc xlink:type="locator" xlink:href="elts.xsd#country_FM" xlink:label="loc_country_FM" />
    <link:definitionArc xlink:type="arc" xlink:arcrole="http://xbrl.org/int/dim/arcrole/domain-member" xlink:from="loc_country_CountryDomain" xlink:to="loc_country_FM" order="76.0" use="optional" />
    <link:loc xlink:type="locator" xlink:href="elts.xsd#country_FO" xlink:label="loc_country_FO" />
    <link:definitionArc xlink:type="arc" xlink:arcrole="http://xbrl.org/int/dim/arcrole/domain-member" xlink:from="loc_country_CountryDomain" xlink:to="loc_country_FO" order="77.0" use="optional" />
    <link:loc xlink:type="locator" xlink:href="elts.xsd#country_FR" xlink:label="loc_country_FR" />
    <link:definitionArc xlink:type="arc" xlink:arcrole="http://xbrl.org/int/dim/arcrole/domain-member" xlink:from="loc_country_CountryDomain" xlink:to="loc_country_FR" order="78.0" use="optional" />
    <link:loc xlink:type="locator" xlink:href="elts.xsd#country_GA" xlink:label="loc_country_GA" />
    <link:definitionArc xlink:type="arc" xlink:arcrole="http://xbrl.org/int/dim/arcrole/domain-member" xlink:from="loc_country_CountryDomain" xlink:to="loc_country_GA" order="79.0" use="optional" />
    <link:loc xlink:type="locator" xlink:href="elts.xsd#country_GB" xlink:label="loc_country_GB" />
    <link:definitionArc xlink:type="arc" xlink:arcrole="http://xbrl.org/int/dim/arcrole/domain-member" xlink:from="loc_country_CountryDomain" xlink:to="loc_country_GB" order="80.0" use="optional" />
    <link:loc xlink:type="locator" xlink:href="elts.xsd#country_GD" xlink:label="loc_country_GD" />
    <link:definitionArc xlink:type="arc" xlink:arcrole="http://xbrl.org/int/dim/arcrole/domain-member" xlink:from="loc_country_CountryDomain" xlink:to="loc_country_GD" order="81.0" use="optional" />
    <link:loc xlink:type="locator" xlink:href="elts.xsd#country_GE" xlink:label="loc_country_GE" />
    <link:definitionArc xlink:type="arc" xlink:arcrole="http://xbrl.org/int/dim/arcrole/domain-member" xlink:from="loc_country_CountryDomain" xlink:to="loc_country_GE" order="82.0" use="optional" />
    <link:loc xlink:type="locator" xlink:href="elts.xsd#country_GF" xlink:label="loc_country_GF" />
    <link:definitionArc xlink:type="arc" xlink:arcrole="http://xbrl.org/int/dim/arcrole/domain-member" xlink:from="loc_country_CountryDomain" xlink:to="loc_country_GF" order="83.0" use="optional" />
    <link:loc xlink:type="locator" xlink:href="elts.xsd#country_GG" xlink:label="loc_country_GG" />
    <link:definitionArc xlink:type="arc" xlink:arcrole="http://xbrl.org/int/dim/arcrole/domain-member" xlink:from="loc_country_CountryDomain" xlink:to="loc_country_GG" order="84.0" use="optional" />
    <link:loc xlink:type="locator" xlink:href="elts.xsd#country_GH" xlink:label="loc_country_GH" />
    <link:definitionArc xlink:type="arc" xlink:arcrole="http://xbrl.org/int/dim/arcrole/domain-member" xlink:from="loc_country_CountryDomain" xlink:to="loc_country_GH" order="85.0" use="optional" />
    <link:loc xlink:type="locator" xlink:href="elts.xsd#country_GI" xlink:label="loc_country_GI" />
    <link:definitionArc xlink:type="arc" xlink:arcrole="http://xbrl.org/int/dim/arcrole/domain-member" xlink:from="loc_country_CountryDomain" xlink:to="loc_country_GI" order="86.0" use="optional" />
    <link:loc xlink:type="locator" xlink:href="elts.xsd#country_GL" xlink:label="loc_country_GL" />
    <link:definitionArc xlink:type="arc" xlink:arcrole="http://xbrl.org/int/dim/arcrole/domain-member" xlink:from="loc_country_CountryDomain" xlink:to="loc_country_GL" order="87.0" use="optional" />
    <link:loc xlink:type="locator" xlink:href="elts.xsd#country_GM" xlink:label="loc_country_GM" />
    <link:definitionArc xlink:type="arc" xlink:arcrole="http://xbrl.org/int/dim/arcrole/domain-member" xlink:from="loc_country_CountryDomain" xlink:to="loc_country_GM" order="88.0" use="optional" />
    <link:loc xlink:type="locator" xlink:href="elts.xsd#country_GN" xlink:label="loc_country_GN" />
    <link:definitionArc xlink:type="arc" xlink:arcrole="http://xbrl.org/int/dim/arcrole/domain-member" xlink:from="loc_country_CountryDomain" xlink:to="loc_country_GN" order="89.0" use="optional" />
    <link:loc xlink:type="locator" xlink:href="elts.xsd#country_GP" xlink:label="loc_country_GP" />
    <link:definitionArc xlink:type="arc" xlink:arcrole="http://xbrl.org/int/dim/arcrole/domain-member" xlink:from="loc_country_CountryDomain" xlink:to="loc_country_GP" order="90.0" use="optional" />
    <link:loc xlink:type="locator" xlink:href="elts.xsd#country_GQ" xlink:label="loc_country_GQ" />
    <link:definitionArc xlink:type="arc" xlink:arcrole="http://xbrl.org/int/dim/arcrole/domain-member" xlink:from="loc_country_CountryDomain" xlink:to="loc_country_GQ" order="91.0" use="optional" />
    <link:loc xlink:type="locator" xlink:href="elts.xsd#country_GR" xlink:label="loc_country_GR" />
    <link:definitionArc xlink:type="arc" xlink:arcrole="http://xbrl.org/int/dim/arcrole/domain-member" xlink:from="loc_country_CountryDomain" xlink:to="loc_country_GR" order="92.0" use="optional" />
    <link:loc xlink:type="locator" xlink:href="elts.xsd#country_GS" xlink:label="loc_country_GS" />
    <link:definitionArc xlink:type="arc" xlink:arcrole="http://xbrl.org/int/dim/arcrole/domain-member" xlink:from="loc_country_CountryDomain" xlink:to="loc_country_GS" order="93.0" use="optional" />
    <link:loc xlink:type="locator" xlink:href="elts.xsd#country_GT" xlink:label="loc_country_GT" />
    <link:definitionArc xlink:type="arc" xlink:arcrole="http://xbrl.org/int/dim/arcrole/domain-member" xlink:from="loc_country_CountryDomain" xlink:to="loc_country_GT" order="94.0" use="optional" />
    <link:loc xlink:type="locator" xlink:href="elts.xsd#country_GU" xlink:label="loc_country_GU" />
    <link:definitionArc xlink:type="arc" xlink:arcrole="http://xbrl.org/int/dim/arcrole/domain-member" xlink:from="loc_country_CountryDomain" xlink:to="loc_country_GU" order="95.0" use="optional" />
    <link:loc xlink:type="locator" xlink:href="elts.xsd#country_GW" xlink:label="loc_country_GW" />
    <link:definitionArc xlink:type="arc" xlink:arcrole="http://xbrl.org/int/dim/arcrole/domain-member" xlink:from="loc_country_CountryDomain" xlink:to="loc_country_GW" order="96.0" use="optional" />
    <link:loc xlink:type="locator" xlink:href="elts.xsd#country_GY" xlink:label="loc_country_GY" />
    <link:definitionArc xlink:type="arc" xlink:arcrole="http://xbrl.org/int/dim/arcrole/domain-member" xlink:from="loc_country_CountryDomain" xlink:to="loc_country_GY" order="97.0" use="optional" />
    <link:loc xlink:type="locator" xlink:href="elts.xsd#country_HK" xlink:label="loc_country_HK" />
    <link:definitionArc xlink:type="arc" xlink:arcrole="http://xbrl.org/int/dim/arcrole/domain-member" xlink:from="loc_country_CountryDomain" xlink:to="loc_country_HK" order="98.0" use="optional" />
    <link:loc xlink:type="locator" xlink:href="elts.xsd#country_HM" xlink:label="loc_country_HM" />
    <link:definitionArc xlink:type="arc" xlink:arcrole="http://xbrl.org/int/dim/arcrole/domain-member" xlink:from="loc_country_CountryDomain" xlink:to="loc_country_HM" order="99.0" use="optional" />
    <link:loc xlink:type="locator" xlink:href="elts.xsd#country_HN" xlink:label="loc_country_HN" />
    <link:definitionArc xlink:type="arc" xlink:arcrole="http://xbrl.org/int/dim/arcrole/domain-member" xlink:from="loc_country_CountryDomain" xlink:to="loc_country_HN" order="100.0" use="optional" />
    <link:loc xlink:type="locator" xlink:href="elts.xsd#country_HR" xlink:label="loc_country_HR" />
    <link:definitionArc xlink:type="arc" xlink:arcrole="http://xbrl.org/int/dim/arcrole/domain-member" xlink:from="loc_country_CountryDomain" xlink:to="loc_country_HR" order="101.0" use="optional" />
    <link:loc xlink:type="locator" xlink:href="elts.xsd#country_HT" xlink:label="loc_country_HT" />
    <link:definitionArc xlink:type="arc" xlink:arcrole="http://xbrl.org/int/dim/arcrole/domain-member" xlink:from="loc_country_CountryDomain" xlink:to="loc_country_HT" order="102.0" use="optional" />
    <link:loc xlink:type="locator" xlink:href="elts.xsd#country_HU" xlink:label="loc_country_HU" />
    <link:definitionArc xlink:type="arc" xlink:arcrole="http://xbrl.org/int/dim/arcrole/domain-member" xlink:from="loc_country_CountryDomain" xlink:to="loc_country_HU" order="103.0" use="optional" />
    <link:loc xlink:type="locator" xlink:href="elts.xsd#country_ID" xlink:label="loc_country_ID" />
    <link:definitionArc xlink:type="arc" xlink:arcrole="http://xbrl.org/int/dim/arcrole/domain-member" xlink:from="loc_country_CountryDomain" xlink:to="loc_country_ID" order="104.0" use="optional" />
    <link:loc xlink:type="locator" xlink:href="elts.xsd#country_IE" xlink:label="loc_country_IE" />
    <link:definitionArc xlink:type="arc" xlink:arcrole="http://xbrl.org/int/dim/arcrole/domain-member" xlink:from="loc_country_CountryDomain" xlink:to="loc_country_IE" order="105.0" use="optional" />
    <link:loc xlink:type="locator" xlink:href="elts.xsd#country_IL" xlink:label="loc_country_IL" />
    <link:definitionArc xlink:type="arc" xlink:arcrole="http://xbrl.org/int/dim/arcrole/domain-member" xlink:from="loc_country_CountryDomain" xlink:to="loc_country_IL" order="106.0" use="optional" />
    <link:loc xlink:type="locator" xlink:href="elts.xsd#country_IM" xlink:label="loc_country_IM" />
    <link:definitionArc xlink:type="arc" xlink:arcrole="http://xbrl.org/int/dim/arcrole/domain-member" xlink:from="loc_country_CountryDomain" xlink:to="loc_country_IM" order="107.0" use="optional" />
    <link:loc xlink:type="locator" xlink:href="elts.xsd#country_IN" xlink:label="loc_country_IN" />
    <link:definitionArc xlink:type="arc" xlink:arcrole="http://xbrl.org/int/dim/arcrole/domain-member" xlink:from="loc_country_CountryDomain" xlink:to="loc_country_IN" order="108.0" use="optional" />
    <link:loc xlink:type="locator" xlink:href="elts.xsd#country_IO" xlink:label="loc_country_IO" />
    <link:definitionArc xlink:type="arc" xlink:arcrole="http://xbrl.org/int/dim/arcrole/domain-member" xlink:from="loc_country_CountryDomain" xlink:to="loc_country_IO" order="109.0" use="optional" />
    <link:loc xlink:type="locator" xlink:href="elts.xsd#country_IQ" xlink:label="loc_country_IQ" />
    <link:definitionArc xlink:type="arc" xlink:arcrole="http://xbrl.org/int/dim/arcrole/domain-member" xlink:from="loc_country_CountryDomain" xlink:to="loc_country_IQ" order="110.0" use="optional" />
    <link:loc xlink:type="locator" xlink:href="elts.xsd#country_IR" xlink:label="loc_country_IR" />
    <link:definitionArc xlink:type="arc" xlink:arcrole="http://xbrl.org/int/dim/arcrole/domain-member" xlink:from="loc_country_CountryDomain" xlink:to="loc_country_IR" order="111.0" use="optional" />
    <link:loc xlink:type="locator" xlink:href="elts.xsd#country_IS" xlink:label="loc_country_IS" />
    <link:definitionArc xlink:type="arc" xlink:arcrole="http://xbrl.org/int/dim/arcrole/domain-member" xlink:from="loc_country_CountryDomain" xlink:to="loc_country_IS" order="112.0" use="optional" />
    <link:loc xlink:type="locator" xlink:href="elts.xsd#country_IT" xlink:label="loc_country_IT" />
    <link:definitionArc xlink:type="arc" xlink:arcrole="http://xbrl.org/int/dim/arcrole/domain-member" xlink:from="loc_country_CountryDomain" xlink:to="loc_country_IT" order="113.0" use="optional" />
    <link:loc xlink:type="locator" xlink:href="elts.xsd#country_JE" xlink:label="loc_country_JE" />
    <link:definitionArc xlink:type="arc" xlink:arcrole="http://xbrl.org/int/dim/arcrole/domain-member" xlink:from="loc_country_CountryDomain" xlink:to="loc_country_JE" order="114.0" use="optional" />
    <link:loc xlink:type="locator" xlink:href="elts.xsd#country_JM" xlink:label="loc_country_JM" />
    <link:definitionArc xlink:type="arc" xlink:arcrole="http://xbrl.org/int/dim/arcrole/domain-member" xlink:from="loc_country_CountryDomain" xlink:to="loc_country_JM" order="115.0" use="optional" />
    <link:loc xlink:type="locator" xlink:href="elts.xsd#country_JO" xlink:label="loc_country_JO" />
    <link:definitionArc xlink:type="arc" xlink:arcrole="http://xbrl.org/int/dim/arcrole/domain-member" xlink:from="loc_country_CountryDomain" xlink:to="loc_country_JO" order="116.0" use="optional" />
    <link:loc xlink:type="locator" xlink:href="elts.xsd#country_JP" xlink:label="loc_country_JP" />
    <link:definitionArc xlink:type="arc" xlink:arcrole="http://xbrl.org/int/dim/arcrole/domain-member" xlink:from="loc_country_CountryDomain" xlink:to="loc_country_JP" order="117.0" use="optional" />
    <link:loc xlink:type="locator" xlink:href="elts.xsd#country_KE" xlink:label="loc_country_KE" />
    <link:definitionArc xlink:type="arc" xlink:arcrole="http://xbrl.org/int/dim/arcrole/domain-member" xlink:from="loc_country_CountryDomain" xlink:to="loc_country_KE" order="118.0" use="optional" />
    <link:loc xlink:type="locator" xlink:href="elts.xsd#country_KG" xlink:label="loc_country_KG" />
    <link:definitionArc xlink:type="arc" xlink:arcrole="http://xbrl.org/int/dim/arcrole/domain-member" xlink:from="loc_country_CountryDomain" xlink:to="loc_country_KG" order="119.0" use="optional" />
    <link:loc xlink:type="locator" xlink:href="elts.xsd#country_KH" xlink:label="loc_country_KH" />
    <link:definitionArc xlink:type="arc" xlink:arcrole="http://xbrl.org/int/dim/arcrole/domain-member" xlink:from="loc_country_CountryDomain" xlink:to="loc_country_KH" order="120.0" use="optional" />
    <link:loc xlink:type="locator" xlink:href="elts.xsd#country_KI" xlink:label="loc_country_KI" />
    <link:definitionArc xlink:type="arc" xlink:arcrole="http://xbrl.org/int/dim/arcrole/domain-member" xlink:from="loc_country_CountryDomain" xlink:to="loc_country_KI" order="121.0" use="optional" />
    <link:loc xlink:type="locator" xlink:href="elts.xsd#country_KM" xlink:label="loc_country_KM" />
    <link:definitionArc xlink:type="arc" xlink:arcrole="http://xbrl.org/int/dim/arcrole/domain-member" xlink:from="loc_country_CountryDomain" xlink:to="loc_country_KM" order="122.0" use="optional" />
    <link:loc xlink:type="locator" xlink:href="elts.xsd#country_KN" xlink:label="loc_country_KN" />
    <link:definitionArc xlink:type="arc" xlink:arcrole="http://xbrl.org/int/dim/arcrole/domain-member" xlink:from="loc_country_CountryDomain" xlink:to="loc_country_KN" order="123.0" use="optional" />
    <link:loc xlink:type="locator" xlink:href="elts.xsd#country_KP" xlink:label="loc_country_KP" />
    <link:definitionArc xlink:type="arc" xlink:arcrole="http://xbrl.org/int/dim/arcrole/domain-member" xlink:from="loc_country_CountryDomain" xlink:to="loc_country_KP" order="124.0" use="optional" />
    <link:loc xlink:type="locator" xlink:href="elts.xsd#country_KR" xlink:label="loc_country_KR" />
    <link:definitionArc xlink:type="arc" xlink:arcrole="http://xbrl.org/int/dim/arcrole/domain-member" xlink:from="loc_country_CountryDomain" xlink:to="loc_country_KR" order="125.0" use="optional" />
    <link:loc xlink:type="locator" xlink:href="elts.xsd#country_KW" xlink:label="loc_country_KW" />
    <link:definitionArc xlink:type="arc" xlink:arcrole="http://xbrl.org/int/dim/arcrole/domain-member" xlink:from="loc_country_CountryDomain" xlink:to="loc_country_KW" order="126.0" use="optional" />
    <link:loc xlink:type="locator" xlink:href="elts.xsd#country_KY" xlink:label="loc_country_KY" />
    <link:definitionArc xlink:type="arc" xlink:arcrole="http://xbrl.org/int/dim/arcrole/domain-member" xlink:from="loc_country_CountryDomain" xlink:to="loc_country_KY" order="127.0" use="optional" />
    <link:loc xlink:type="locator" xlink:href="elts.xsd#country_KZ" xlink:label="loc_country_KZ" />
    <link:definitionArc xlink:type="arc" xlink:arcrole="http://xbrl.org/int/dim/arcrole/domain-member" xlink:from="loc_country_CountryDomain" xlink:to="loc_country_KZ" order="128.0" use="optional" />
    <link:loc xlink:type="locator" xlink:href="elts.xsd#country_LA" xlink:label="loc_country_LA" />
    <link:definitionArc xlink:type="arc" xlink:arcrole="http://xbrl.org/int/dim/arcrole/domain-member" xlink:from="loc_country_CountryDomain" xlink:to="loc_country_LA" order="129.0" use="optional" />
    <link:loc xlink:type="locator" xlink:href="elts.xsd#country_LB" xlink:label="loc_country_LB" />
    <link:definitionArc xlink:type="arc" xlink:arcrole="http://xbrl.org/int/dim/arcrole/domain-member" xlink:from="loc_country_CountryDomain" xlink:to="loc_country_LB" order="130.0" use="optional" />
    <link:loc xlink:type="locator" xlink:href="elts.xsd#country_LC" xlink:label="loc_country_LC" />
    <link:definitionArc xlink:type="arc" xlink:arcrole="http://xbrl.org/int/dim/arcrole/domain-member" xlink:from="loc_country_CountryDomain" xlink:to="loc_country_LC" order="131.0" use="optional" />
    <link:loc xlink:type="locator" xlink:href="elts.xsd#country_LI" xlink:label="loc_country_LI" />
    <link:definitionArc xlink:type="arc" xlink:arcrole="http://xbrl.org/int/dim/arcrole/domain-member" xlink:from="loc_country_CountryDomain" xlink:to="loc_country_LI" order="132.0" use="optional" />
    <link:loc xlink:type="locator" xlink:href="elts.xsd#country_LK" xlink:label="loc_country_LK" />
    <link:definitionArc xlink:type="arc" xlink:arcrole="http://xbrl.org/int/dim/arcrole/domain-member" xlink:from="loc_country_CountryDomain" xlink:to="loc_country_LK" order="133.0" use="optional" />
    <link:loc xlink:type="locator" xlink:href="elts.xsd#country_LR" xlink:label="loc_country_LR" />
    <link:definitionArc xlink:type="arc" xlink:arcrole="http://xbrl.org/int/dim/arcrole/domain-member" xlink:from="loc_country_CountryDomain" xlink:to="loc_country_LR" order="134.0" use="optional" />
    <link:loc xlink:type="locator" xlink:href="elts.xsd#country_LS" xlink:label="loc_country_LS" />
    <link:definitionArc xlink:type="arc" xlink:arcrole="http://xbrl.org/int/dim/arcrole/domain-member" xlink:from="loc_country_CountryDomain" xlink:to="loc_country_LS" order="135.0" use="optional" />
    <link:loc xlink:type="locator" xlink:href="elts.xsd#country_LT" xlink:label="loc_country_LT" />
    <link:definitionArc xlink:type="arc" xlink:arcrole="http://xbrl.org/int/dim/arcrole/domain-member" xlink:from="loc_country_CountryDomain" xlink:to="loc_country_LT" order="136.0" use="optional" />
    <link:loc xlink:type="locator" xlink:href="elts.xsd#country_LU" xlink:label="loc_country_LU" />
    <link:definitionArc xlink:type="arc" xlink:arcrole="http://xbrl.org/int/dim/arcrole/domain-member" xlink:from="loc_country_CountryDomain" xlink:to="loc_country_LU" order="137.0" use="optional" />
    <link:loc xlink:type="locator" xlink:href="elts.xsd#country_LV" xlink:label="loc_country_LV" />
    <link:definitionArc xlink:type="arc" xlink:arcrole="http://xbrl.org/int/dim/arcrole/domain-member" xlink:from="loc_country_CountryDomain" xlink:to="loc_country_LV" order="138.0" use="optional" />
    <link:loc xlink:type="locator" xlink:href="elts.xsd#country_LY" xlink:label="loc_country_LY" />
    <link:definitionArc xlink:type="arc" xlink:arcrole="http://xbrl.org/int/dim/arcrole/domain-member" xlink:from="loc_country_CountryDomain" xlink:to="loc_country_LY" order="139.0" use="optional" />
    <link:loc xlink:type="locator" xlink:href="elts.xsd#country_MA" xlink:label="loc_country_MA" />
    <link:definitionArc xlink:type="arc" xlink:arcrole="http://xbrl.org/int/dim/arcrole/domain-member" xlink:from="loc_country_CountryDomain" xlink:to="loc_country_MA" order="140.0" use="optional" />
    <link:loc xlink:type="locator" xlink:href="elts.xsd#country_MC" xlink:label="loc_country_MC" />
    <link:definitionArc xlink:type="arc" xlink:arcrole="http://xbrl.org/int/dim/arcrole/domain-member" xlink:from="loc_country_CountryDomain" xlink:to="loc_country_MC" order="141.0" use="optional" />
    <link:loc xlink:type="locator" xlink:href="elts.xsd#country_MD" xlink:label="loc_country_MD" />
    <link:definitionArc xlink:type="arc" xlink:arcrole="http://xbrl.org/int/dim/arcrole/domain-member" xlink:from="loc_country_CountryDomain" xlink:to="loc_country_MD" order="142.0" use="optional" />
    <link:loc xlink:type="locator" xlink:href="elts.xsd#country_ME" xlink:label="loc_country_ME" />
    <link:definitionArc xlink:type="arc" xlink:arcrole="http://xbrl.org/int/dim/arcrole/domain-member" xlink:from="loc_country_CountryDomain" xlink:to="loc_country_ME" order="143.0" use="optional" />
    <link:loc xlink:type="locator" xlink:href="elts.xsd#country_MF" xlink:label="loc_country_MF" />
    <link:definitionArc xlink:type="arc" xlink:arcrole="http://xbrl.org/int/dim/arcrole/domain-member" xlink:from="loc_country_CountryDomain" xlink:to="loc_country_MF" order="144.0" use="optional" />
    <link:loc xlink:type="locator" xlink:href="elts.xsd#country_MG" xlink:label="loc_country_MG" />
    <link:definitionArc xlink:type="arc" xlink:arcrole="http://xbrl.org/int/dim/arcrole/domain-member" xlink:from="loc_country_CountryDomain" xlink:to="loc_country_MG" order="145.0" use="optional" />
    <link:loc xlink:type="locator" xlink:href="elts.xsd#country_MH" xlink:label="loc_country_MH" />
    <link:definitionArc xlink:type="arc" xlink:arcrole="http://xbrl.org/int/dim/arcrole/domain-member" xlink:from="loc_country_CountryDomain" xlink:to="loc_country_MH" order="146.0" use="optional" />
    <link:loc xlink:type="locator" xlink:href="elts.xsd#country_MK" xlink:label="loc_country_MK" />
    <link:definitionArc xlink:type="arc" xlink:arcrole="http://xbrl.org/int/dim/arcrole/domain-member" xlink:from="loc_country_CountryDomain" xlink:to="loc_country_MK" order="147.0" use="optional" />
    <link:loc xlink:type="locator" xlink:href="elts.xsd#country_ML" xlink:label="loc_country_ML" />
    <link:definitionArc xlink:type="arc" xlink:arcrole="http://xbrl.org/int/dim/arcrole/domain-member" xlink:from="loc_country_CountryDomain" xlink:to="loc_country_ML" order="148.0" use="optional" />
    <link:loc xlink:type="locator" xlink:href="elts.xsd#country_MM" xlink:label="loc_country_MM" />
    <link:definitionArc xlink:type="arc" xlink:arcrole="http://xbrl.org/int/dim/arcrole/domain-member" xlink:from="loc_country_CountryDomain" xlink:to="loc_country_MM" order="149.0" use="optional" />
    <link:loc xlink:type="locator" xlink:href="elts.xsd#country_MN" xlink:label="loc_country_MN" />
    <link:definitionArc xlink:type="arc" xlink:arcrole="http://xbrl.org/int/dim/arcrole/domain-member" xlink:from="loc_country_CountryDomain" xlink:to="loc_country_MN" order="150.0" use="optional" />
    <link:loc xlink:type="locator" xlink:href="elts.xsd#country_MO" xlink:label="loc_country_MO" />
    <link:definitionArc xlink:type="arc" xlink:arcrole="http://xbrl.org/int/dim/arcrole/domain-member" xlink:from="loc_country_CountryDomain" xlink:to="loc_country_MO" order="151.0" use="optional" />
    <link:loc xlink:type="locator" xlink:href="elts.xsd#country_MP" xlink:label="loc_country_MP" />
    <link:definitionArc xlink:type="arc" xlink:arcrole="http://xbrl.org/int/dim/arcrole/domain-member" xlink:from="loc_country_CountryDomain" xlink:to="loc_country_MP" order="152.0" use="optional" />
    <link:loc xlink:type="locator" xlink:href="elts.xsd#country_MQ" xlink:label="loc_country_MQ" />
    <link:definitionArc xlink:type="arc" xlink:arcrole="http://xbrl.org/int/dim/arcrole/domain-member" xlink:from="loc_country_CountryDomain" xlink:to="loc_country_MQ" order="153.0" use="optional" />
    <link:loc xlink:type="locator" xlink:href="elts.xsd#country_MR" xlink:label="loc_country_MR" />
    <link:definitionArc xlink:type="arc" xlink:arcrole="http://xbrl.org/int/dim/arcrole/domain-member" xlink:from="loc_country_CountryDomain" xlink:to="loc_country_MR" order="154.0" use="optional" />
    <link:loc xlink:type="locator" xlink:href="elts.xsd#country_MS" xlink:label="loc_country_MS" />
    <link:definitionArc xlink:type="arc" xlink:arcrole="http://xbrl.org/int/dim/arcrole/domain-member" xlink:from="loc_country_CountryDomain" xlink:to="loc_country_MS" order="155.0" use="optional" />
    <link:loc xlink:type="locator" xlink:href="elts.xsd#country_MT" xlink:label="loc_country_MT" />
    <link:definitionArc xlink:type="arc" xlink:arcrole="http://xbrl.org/int/dim/arcrole/domain-member" xlink:from="loc_country_CountryDomain" xlink:to="loc_country_MT" order="156.0" use="optional" />
    <link:loc xlink:type="locator" xlink:href="elts.xsd#country_MU" xlink:label="loc_country_MU" />
    <link:definitionArc xlink:type="arc" xlink:arcrole="http://xbrl.org/int/dim/arcrole/domain-member" xlink:from="loc_country_CountryDomain" xlink:to="loc_country_MU" order="157.0" use="optional" />
    <link:loc xlink:type="locator" xlink:href="elts.xsd#country_MV" xlink:label="loc_country_MV" />
    <link:definitionArc xlink:type="arc" xlink:arcrole="http://xbrl.org/int/dim/arcrole/domain-member" xlink:from="loc_country_CountryDomain" xlink:to="loc_country_MV" order="158.0" use="optional" />
    <link:loc xlink:type="locator" xlink:href="elts.xsd#country_MW" xlink:label="loc_country_MW" />
    <link:definitionArc xlink:type="arc" xlink:arcrole="http://xbrl.org/int/dim/arcrole/domain-member" xlink:from="loc_country_CountryDomain" xlink:to="loc_country_MW" order="159.0" use="optional" />
    <link:loc xlink:type="locator" xlink:href="elts.xsd#country_MX" xlink:label="loc_country_MX" />
    <link:definitionArc xlink:type="arc" xlink:arcrole="http://xbrl.org/int/dim/arcrole/domain-member" xlink:from="loc_country_CountryDomain" xlink:to="loc_country_MX" order="160.0" use="optional" />
    <link:loc xlink:type="locator" xlink:href="elts.xsd#country_MY" xlink:label="loc_country_MY" />
    <link:definitionArc xlink:type="arc" xlink:arcrole="http://xbrl.org/int/dim/arcrole/domain-member" xlink:from="loc_country_CountryDomain" xlink:to="loc_country_MY" order="161.0" use="optional" />
    <link:loc xlink:type="locator" xlink:href="elts.xsd#country_MZ" xlink:label="loc_country_MZ" />
    <link:definitionArc xlink:type="arc" xlink:arcrole="http://xbrl.org/int/dim/arcrole/domain-member" xlink:from="loc_country_CountryDomain" xlink:to="loc_country_MZ" order="162.0" use="optional" />
    <link:loc xlink:type="locator" xlink:href="elts.xsd#country_NA" xlink:label="loc_country_NA" />
    <link:definitionArc xlink:type="arc" xlink:arcrole="http://xbrl.org/int/dim/arcrole/domain-member" xlink:from="loc_country_CountryDomain" xlink:to="loc_country_NA" order="163.0" use="optional" />
    <link:loc xlink:type="locator" xlink:href="elts.xsd#country_NC" xlink:label="loc_country_NC" />
    <link:definitionArc xlink:type="arc" xlink:arcrole="http://xbrl.org/int/dim/arcrole/domain-member" xlink:from="loc_country_CountryDomain" xlink:to="loc_country_NC" order="164.0" use="optional" />
    <link:loc xlink:type="locator" xlink:href="elts.xsd#country_NE" xlink:label="loc_country_NE" />
    <link:definitionArc xlink:type="arc" xlink:arcrole="http://xbrl.org/int/dim/arcrole/domain-member" xlink:from="loc_country_CountryDomain" xlink:to="loc_country_NE" order="165.0" use="optional" />
    <link:loc xlink:type="locator" xlink:href="elts.xsd#country_NF" xlink:label="loc_country_NF" />
    <link:definitionArc xlink:type="arc" xlink:arcrole="http://xbrl.org/int/dim/arcrole/domain-member" xlink:from="loc_country_CountryDomain" xlink:to="loc_country_NF" order="166.0" use="optional" />
    <link:loc xlink:type="locator" xlink:href="elts.xsd#country_NG" xlink:label="loc_country_NG" />
    <link:definitionArc xlink:type="arc" xlink:arcrole="http://xbrl.org/int/dim/arcrole/domain-member" xlink:from="loc_country_CountryDomain" xlink:to="loc_country_NG" order="167.0" use="optional" />
    <link:loc xlink:type="locator" xlink:href="elts.xsd#country_NI" xlink:label="loc_country_NI" />
    <link:definitionArc xlink:type="arc" xlink:arcrole="http://xbrl.org/int/dim/arcrole/domain-member" xlink:from="loc_country_CountryDomain" xlink:to="loc_country_NI" order="168.0" use="optional" />
    <link:loc xlink:type="locator" xlink:href="elts.xsd#country_NL" xlink:label="loc_country_NL" />
    <link:definitionArc xlink:type="arc" xlink:arcrole="http://xbrl.org/int/dim/arcrole/domain-member" xlink:from="loc_country_CountryDomain" xlink:to="loc_country_NL" order="169.0" use="optional" />
    <link:loc xlink:type="locator" xlink:href="elts.xsd#country_NO" xlink:label="loc_country_NO" />
    <link:definitionArc xlink:type="arc" xlink:arcrole="http://xbrl.org/int/dim/arcrole/domain-member" xlink:from="loc_country_CountryDomain" xlink:to="loc_country_NO" order="170.0" use="optional" />
    <link:loc xlink:type="locator" xlink:href="elts.xsd#country_NP" xlink:label="loc_country_NP" />
    <link:definitionArc xlink:type="arc" xlink:arcrole="http://xbrl.org/int/dim/arcrole/domain-member" xlink:from="loc_country_CountryDomain" xlink:to="loc_country_NP" order="171.0" use="optional" />
    <link:loc xlink:type="locator" xlink:href="elts.xsd#country_NR" xlink:label="loc_country_NR" />
    <link:definitionArc xlink:type="arc" xlink:arcrole="http://xbrl.org/int/dim/arcrole/domain-member" xlink:from="loc_country_CountryDomain" xlink:to="loc_country_NR" order="172.0" use="optional" />
    <link:loc xlink:type="locator" xlink:href="elts.xsd#country_NT" xlink:label="loc_country_NT" />
    <link:definitionArc xlink:type="arc" xlink:arcrole="http://xbrl.org/int/dim/arcrole/domain-member" xlink:from="loc_country_CountryDomain" xlink:to="loc_country_NT" order="173.0" use="optional" />
    <link:loc xlink:type="locator" xlink:href="elts.xsd#country_NU" xlink:label="loc_country_NU" />
    <link:definitionArc xlink:type="arc" xlink:arcrole="http://xbrl.org/int/dim/arcrole/domain-member" xlink:from="loc_country_CountryDomain" xlink:to="loc_country_NU" order="174.0" use="optional" />
    <link:loc xlink:type="locator" xlink:href="elts.xsd#country_NZ" xlink:label="loc_country_NZ" />
    <link:definitionArc xlink:type="arc" xlink:arcrole="http://xbrl.org/int/dim/arcrole/domain-member" xlink:from="loc_country_CountryDomain" xlink:to="loc_country_NZ" order="175.0" use="optional" />
    <link:loc xlink:type="locator" xlink:href="elts.xsd#country_OM" xlink:label="loc_country_OM" />
    <link:definitionArc xlink:type="arc" xlink:arcrole="http://xbrl.org/int/dim/arcrole/domain-member" xlink:from="loc_country_CountryDomain" xlink:to="loc_country_OM" order="176.0" use="optional" />
    <link:loc xlink:type="locator" xlink:href="elts.xsd#country_PA" xlink:label="loc_country_PA" />
    <link:definitionArc xlink:type="arc" xlink:arcrole="http://xbrl.org/int/dim/arcrole/domain-member" xlink:from="loc_country_CountryDomain" xlink:to="loc_country_PA" order="177.0" use="optional" />
    <link:loc xlink:type="locator" xlink:href="elts.xsd#country_PE" xlink:label="loc_country_PE" />
    <link:definitionArc xlink:type="arc" xlink:arcrole="http://xbrl.org/int/dim/arcrole/domain-member" xlink:from="loc_country_CountryDomain" xlink:to="loc_country_PE" order="178.0" use="optional" />
    <link:loc xlink:type="locator" xlink:href="elts.xsd#country_PF" xlink:label="loc_country_PF" />
    <link:definitionArc xlink:type="arc" xlink:arcrole="http://xbrl.org/int/dim/arcrole/domain-member" xlink:from="loc_country_CountryDomain" xlink:to="loc_country_PF" order="179.0" use="optional" />
    <link:loc xlink:type="locator" xlink:href="elts.xsd#country_PG" xlink:label="loc_country_PG" />
    <link:definitionArc xlink:type="arc" xlink:arcrole="http://xbrl.org/int/dim/arcrole/domain-member" xlink:from="loc_country_CountryDomain" xlink:to="loc_country_PG" order="180.0" use="optional" />
    <link:loc xlink:type="locator" xlink:href="elts.xsd#country_PH" xlink:label="loc_country_PH" />
    <link:definitionArc xlink:type="arc" xlink:arcrole="http://xbrl.org/int/dim/arcrole/domain-member" xlink:from="loc_country_CountryDomain" xlink:to="loc_country_PH" order="181.0" use="optional" />
    <link:loc xlink:type="locator" xlink:href="elts.xsd#country_PK" xlink:label="loc_country_PK" />
    <link:definitionArc xlink:type="arc" xlink:arcrole="http://xbrl.org/int/dim/arcrole/domain-member" xlink:from="loc_country_CountryDomain" xlink:to="loc_country_PK" order="182.0" use="optional" />
    <link:loc xlink:type="locator" xlink:href="elts.xsd#country_PL" xlink:label="loc_country_PL" />
    <link:definitionArc xlink:type="arc" xlink:arcrole="http://xbrl.org/int/dim/arcrole/domain-member" xlink:from="loc_country_CountryDomain" xlink:to="loc_country_PL" order="183.0" use="optional" />
    <link:loc xlink:type="locator" xlink:href="elts.xsd#country_PM" xlink:label="loc_country_PM" />
    <link:definitionArc xlink:type="arc" xlink:arcrole="http://xbrl.org/int/dim/arcrole/domain-member" xlink:from="loc_country_CountryDomain" xlink:to="loc_country_PM" order="184.0" use="optional" />
    <link:loc xlink:type="locator" xlink:href="elts.xsd#country_PN" xlink:label="loc_country_PN" />
    <link:definitionArc xlink:type="arc" xlink:arcrole="http://xbrl.org/int/dim/arcrole/domain-member" xlink:from="loc_country_CountryDomain" xlink:to="loc_country_PN" order="185.0" use="optional" />
    <link:loc xlink:type="locator" xlink:href="elts.xsd#country_PR" xlink:label="loc_country_PR" />
    <link:definitionArc xlink:type="arc" xlink:arcrole="http://xbrl.org/int/dim/arcrole/domain-member" xlink:from="loc_country_CountryDomain" xlink:to="loc_country_PR" order="186.0" use="optional" />
    <link:loc xlink:type="locator" xlink:href="elts.xsd#country_PS" xlink:label="loc_country_PS" />
    <link:definitionArc xlink:type="arc" xlink:arcrole="http://xbrl.org/int/dim/arcrole/domain-member" xlink:from="loc_country_CountryDomain" xlink:to="loc_country_PS" order="187.0" use="optional" />
    <link:loc xlink:type="locator" xlink:href="elts.xsd#country_PT" xlink:label="loc_country_PT" />
    <link:definitionArc xlink:type="arc" xlink:arcrole="http://xbrl.org/int/dim/arcrole/domain-member" xlink:from="loc_country_CountryDomain" xlink:to="loc_country_PT" order="188.0" use="optional" />
    <link:loc xlink:type="locator" xlink:href="elts.xsd#country_PW" xlink:label="loc_country_PW" />
    <link:definitionArc xlink:type="arc" xlink:arcrole="http://xbrl.org/int/dim/arcrole/domain-member" xlink:from="loc_country_CountryDomain" xlink:to="loc_country_PW" order="189.0" use="optional" />
    <link:loc xlink:type="locator" xlink:href="elts.xsd#country_PY" xlink:label="loc_country_PY" />
    <link:definitionArc xlink:type="arc" xlink:arcrole="http://xbrl.org/int/dim/arcrole/domain-member" xlink:from="loc_country_CountryDomain" xlink:to="loc_country_PY" order="190.0" use="optional" />
    <link:loc xlink:type="locator" xlink:href="elts.xsd#country_QA" xlink:label="loc_country_QA" />
    <link:definitionArc xlink:type="arc" xlink:arcrole="http://xbrl.org/int/dim/arcrole/domain-member" xlink:from="loc_country_CountryDomain" xlink:to="loc_country_QA" order="191.0" use="optional" />
    <link:loc xlink:type="locator" xlink:href="elts.xsd#country_RE" xlink:label="loc_country_RE" />
    <link:definitionArc xlink:type="arc" xlink:arcrole="http://xbrl.org/int/dim/arcrole/domain-member" xlink:from="loc_country_CountryDomain" xlink:to="loc_country_RE" order="192.0" use="optional" />
    <link:loc xlink:type="locator" xlink:href="elts.xsd#country_RO" xlink:label="loc_country_RO" />
    <link:definitionArc xlink:type="arc" xlink:arcrole="http://xbrl.org/int/dim/arcrole/domain-member" xlink:from="loc_country_CountryDomain" xlink:to="loc_country_RO" order="193.0" use="optional" />
    <link:loc xlink:type="locator" xlink:href="elts.xsd#country_RS" xlink:label="loc_country_RS" />
    <link:definitionArc xlink:type="arc" xlink:arcrole="http://xbrl.org/int/dim/arcrole/domain-member" xlink:from="loc_country_CountryDomain" xlink:to="loc_country_RS" order="194.0" use="optional" />
    <link:loc xlink:type="locator" xlink:href="elts.xsd#country_RU" xlink:label="loc_country_RU" />
    <link:definitionArc xlink:type="arc" xlink:arcrole="http://xbrl.org/int/dim/arcrole/domain-member" xlink:from="loc_country_CountryDomain" xlink:to="loc_country_RU" order="195.0" use="optional" />
    <link:loc xlink:type="locator" xlink:href="elts.xsd#country_RW" xlink:label="loc_country_RW" />
    <link:definitionArc xlink:type="arc" xlink:arcrole="http://xbrl.org/int/dim/arcrole/domain-member" xlink:from="loc_country_CountryDomain" xlink:to="loc_country_RW" order="196.0" use="optional" />
    <link:loc xlink:type="locator" xlink:href="elts.xsd#country_SA" xlink:label="loc_country_SA" />
    <link:definitionArc xlink:type="arc" xlink:arcrole="http://xbrl.org/int/dim/arcrole/domain-member" xlink:from="loc_country_CountryDomain" xlink:to="loc_country_SA" order="197.0" use="optional" />
    <link:loc xlink:type="locator" xlink:href="elts.xsd#country_SB" xlink:label="loc_country_SB" />
    <link:definitionArc xlink:type="arc" xlink:arcrole="http://xbrl.org/int/dim/arcrole/domain-member" xlink:from="loc_country_CountryDomain" xlink:to="loc_country_SB" order="198.0" use="optional" />
    <link:loc xlink:type="locator" xlink:href="elts.xsd#country_SC" xlink:label="loc_country_SC" />
    <link:definitionArc xlink:type="arc" xlink:arcrole="http://xbrl.org/int/dim/arcrole/domain-member" xlink:from="loc_country_CountryDomain" xlink:to="loc_country_SC" order="199.0" use="optional" />
    <link:loc xlink:type="locator" xlink:href="elts.xsd#country_SD" xlink:label="loc_country_SD" />
    <link:definitionArc xlink:type="arc" xlink:arcrole="http://xbrl.org/int/dim/arcrole/domain-member" xlink:from="loc_country_CountryDomain" xlink:to="loc_country_SD" order="200.0" use="optional" />
    <link:loc xlink:type="locator" xlink:href="elts.xsd#country_SE" xlink:label="loc_country_SE" />
    <link:definitionArc xlink:type="arc" xlink:arcrole="http://xbrl.org/int/dim/arcrole/domain-member" xlink:from="loc_country_CountryDomain" xlink:to="loc_country_SE" order="201.0" use="optional" />
    <link:loc xlink:type="locator" xlink:href="elts.xsd#country_SG" xlink:label="loc_country_SG" />
    <link:definitionArc xlink:type="arc" xlink:arcrole="http://xbrl.org/int/dim/arcrole/domain-member" xlink:from="loc_country_CountryDomain" xlink:to="loc_country_SG" order="202.0" use="optional" />
    <link:loc xlink:type="locator" xlink:href="elts.xsd#country_SH" xlink:label="loc_country_SH" />
    <link:definitionArc xlink:type="arc" xlink:arcrole="http://xbrl.org/int/dim/arcrole/domain-member" xlink:from="loc_country_CountryDomain" xlink:to="loc_country_SH" order="203.0" use="optional" />
    <link:loc xlink:type="locator" xlink:href="elts.xsd#country_SI" xlink:label="loc_country_SI" />
    <link:definitionArc xlink:type="arc" xlink:arcrole="http://xbrl.org/int/dim/arcrole/domain-member" xlink:from="loc_country_CountryDomain" xlink:to="loc_country_SI" order="204.0" use="optional" />
    <link:loc xlink:type="locator" xlink:href="elts.xsd#country_SJ" xlink:label="loc_country_SJ" />
    <link:definitionArc xlink:type="arc" xlink:arcrole="http://xbrl.org/int/dim/arcrole/domain-member" xlink:from="loc_country_CountryDomain" xlink:to="loc_country_SJ" order="205.0" use="optional" />
    <link:loc xlink:type="locator" xlink:href="elts.xsd#country_SK" xlink:label="loc_country_SK" />
    <link:definitionArc xlink:type="arc" xlink:arcrole="http://xbrl.org/int/dim/arcrole/domain-member" xlink:from="loc_country_CountryDomain" xlink:to="loc_country_SK" order="206.0" use="optional" />
    <link:loc xlink:type="locator" xlink:href="elts.xsd#country_SL" xlink:label="loc_country_SL" />
    <link:definitionArc xlink:type="arc" xlink:arcrole="http://xbrl.org/int/dim/arcrole/domain-member" xlink:from="loc_country_CountryDomain" xlink:to="loc_country_SL" order="207.0" use="optional" />
    <link:loc xlink:type="locator" xlink:href="elts.xsd#country_SM" xlink:label="loc_country_SM" />
    <link:definitionArc xlink:type="arc" xlink:arcrole="http://xbrl.org/int/dim/arcrole/domain-member" xlink:from="loc_country_CountryDomain" xlink:to="loc_country_SM" order="208.0" use="optional" />
    <link:loc xlink:type="locator" xlink:href="elts.xsd#country_SN" xlink:label="loc_country_SN" />
    <link:definitionArc xlink:type="arc" xlink:arcrole="http://xbrl.org/int/dim/arcrole/domain-member" xlink:from="loc_country_CountryDomain" xlink:to="loc_country_SN" order="209.0" use="optional" />
    <link:loc xlink:type="locator" xlink:href="elts.xsd#country_SO" xlink:label="loc_country_SO" />
    <link:definitionArc xlink:type="arc" xlink:arcrole="http://xbrl.org/int/dim/arcrole/domain-member" xlink:from="loc_country_CountryDomain" xlink:to="loc_country_SO" order="210.0" use="optional" />
    <link:loc xlink:type="locator" xlink:href="elts.xsd#country_SR" xlink:label="loc_country_SR" />
    <link:definitionArc xlink:type="arc" xlink:arcrole="http://xbrl.org/int/dim/arcrole/domain-member" xlink:from="loc_country_CountryDomain" xlink:to="loc_country_SR" order="211.0" use="optional" />
    <link:loc xlink:type="locator" xlink:href="elts.xsd#country_SS" xlink:label="loc_country_SS" />
    <link:definitionArc xlink:type="arc" xlink:arcrole="http://xbrl.org/int/dim/arcrole/domain-member" xlink:from="loc_country_CountryDomain" xlink:to="loc_country_SS" order="212.0" use="optional" />
    <link:loc xlink:type="locator" xlink:href="elts.xsd#country_ST" xlink:label="loc_country_ST" />
    <link:definitionArc xlink:type="arc" xlink:arcrole="http://xbrl.org/int/dim/arcrole/domain-member" xlink:from="loc_country_CountryDomain" xlink:to="loc_country_ST" order="213.0" use="optional" />
    <link:loc xlink:type="locator" xlink:href="elts.xsd#country_SV" xlink:label="loc_country_SV" />
    <link:definitionArc xlink:type="arc" xlink:arcrole="http://xbrl.org/int/dim/arcrole/domain-member" xlink:from="loc_country_CountryDomain" xlink:to="loc_country_SV" order="214.0" use="optional" />
    <link:loc xlink:type="locator" xlink:href="elts.xsd#country_SX" xlink:label="loc_country_SX" />
    <link:definitionArc xlink:type="arc" xlink:arcrole="http://xbrl.org/int/dim/arcrole/domain-member" xlink:from="loc_country_CountryDomain" xlink:to="loc_country_SX" order="215.0" use="optional" />
    <link:loc xlink:type="locator" xlink:href="elts.xsd#country_SY" xlink:label="loc_country_SY" />
    <link:definitionArc xlink:type="arc" xlink:arcrole="http://xbrl.org/int/dim/arcrole/domain-member" xlink:from="loc_country_CountryDomain" xlink:to="loc_country_SY" order="216.0" use="optional" />
    <link:loc xlink:type="locator" xlink:href="elts.xsd#country_SZ" xlink:label="loc_country_SZ" />
    <link:definitionArc xlink:type="arc" xlink:arcrole="http://xbrl.org/int/dim/arcrole/domain-member" xlink:from="loc_country_CountryDomain" xlink:to="loc_country_SZ" order="217.0" use="optional" />
    <link:loc xlink:type="locator" xlink:href="elts.xsd#country_TC" xlink:label="loc_country_TC" />
    <link:definitionArc xlink:type="arc" xlink:arcrole="http://xbrl.org/int/dim/arcrole/domain-member" xlink:from="loc_country_CountryDomain" xlink:to="loc_country_TC" order="218.0" use="optional" />
    <link:loc xlink:type="locator" xlink:href="elts.xsd#country_TD" xlink:label="loc_country_TD" />
    <link:definitionArc xlink:type="arc" xlink:arcrole="http://xbrl.org/int/dim/arcrole/domain-member" xlink:from="loc_country_CountryDomain" xlink:to="loc_country_TD" order="219.0" use="optional" />
    <link:loc xlink:type="locator" xlink:href="elts.xsd#country_TF" xlink:label="loc_country_TF" />
    <link:definitionArc xlink:type="arc" xlink:arcrole="http://xbrl.org/int/dim/arcrole/domain-member" xlink:from="loc_country_CountryDomain" xlink:to="loc_country_TF" order="220.0" use="optional" />
    <link:loc xlink:type="locator" xlink:href="elts.xsd#country_TG" xlink:label="loc_country_TG" />
    <link:definitionArc xlink:type="arc" xlink:arcrole="http://xbrl.org/int/dim/arcrole/domain-member" xlink:from="loc_country_CountryDomain" xlink:to="loc_country_TG" order="221.0" use="optional" />
    <link:loc xlink:type="locator" xlink:href="elts.xsd#country_TH" xlink:label="loc_country_TH" />
    <link:definitionArc xlink:type="arc" xlink:arcrole="http://xbrl.org/int/dim/arcrole/domain-member" xlink:from="loc_country_CountryDomain" xlink:to="loc_country_TH" order="222.0" use="optional" />
    <link:loc xlink:type="locator" xlink:href="elts.xsd#country_TJ" xlink:label="loc_country_TJ" />
    <link:definitionArc xlink:type="arc" xlink:arcrole="http://xbrl.org/int/dim/arcrole/domain-member" xlink:from="loc_country_CountryDomain" xlink:to="loc_country_TJ" order="223.0" use="optional" />
    <link:loc xlink:type="locator" xlink:href="elts.xsd#country_TK" xlink:label="loc_country_TK" />
    <link:definitionArc xlink:type="arc" xlink:arcrole="http://xbrl.org/int/dim/arcrole/domain-member" xlink:from="loc_country_CountryDomain" xlink:to="loc_country_TK" order="224.0" use="optional" />
    <link:loc xlink:type="locator" xlink:href="elts.xsd#country_TL" xlink:label="loc_country_TL" />
    <link:definitionArc xlink:type="arc" xlink:arcrole="http://xbrl.org/int/dim/arcrole/domain-member" xlink:from="loc_country_CountryDomain" xlink:to="loc_country_TL" order="225.0" use="optional" />
    <link:loc xlink:type="locator" xlink:href="elts.xsd#country_TM" xlink:label="loc_country_TM" />
    <link:definitionArc xlink:type="arc" xlink:arcrole="http://xbrl.org/int/dim/arcrole/domain-member" xlink:from="loc_country_CountryDomain" xlink:to="loc_country_TM" order="226.0" use="optional" />
    <link:loc xlink:type="locator" xlink:href="elts.xsd#country_TN" xlink:label="loc_country_TN" />
    <link:definitionArc xlink:type="arc" xlink:arcrole="http://xbrl.org/int/dim/arcrole/domain-member" xlink:from="loc_country_CountryDomain" xlink:to="loc_country_TN" order="227.0" use="optional" />
    <link:loc xlink:type="locator" xlink:href="elts.xsd#country_TO" xlink:label="loc_country_TO" />
    <link:definitionArc xlink:type="arc" xlink:arcrole="http://xbrl.org/int/dim/arcrole/domain-member" xlink:from="loc_country_CountryDomain" xlink:to="loc_country_TO" order="228.0" use="optional" />
    <link:loc xlink:type="locator" xlink:href="elts.xsd#country_TP" xlink:label="loc_country_TP" />
    <link:definitionArc xlink:type="arc" xlink:arcrole="http://xbrl.org/int/dim/arcrole/domain-member" xlink:from="loc_country_CountryDomain" xlink:to="loc_country_TP" order="229.0" use="optional" />
    <link:loc xlink:type="locator" xlink:href="elts.xsd#country_TR" xlink:label="loc_country_TR" />
    <link:definitionArc xlink:type="arc" xlink:arcrole="http://xbrl.org/int/dim/arcrole/domain-member" xlink:from="loc_country_CountryDomain" xlink:to="loc_country_TR" order="230.0" use="optional" />
    <link:loc xlink:type="locator" xlink:href="elts.xsd#country_TT" xlink:label="loc_country_TT" />
    <link:definitionArc xlink:type="arc" xlink:arcrole="http://xbrl.org/int/dim/arcrole/domain-member" xlink:from="loc_country_CountryDomain" xlink:to="loc_country_TT" order="231.0" use="optional" />
    <link:loc xlink:type="locator" xlink:href="elts.xsd#country_TV" xlink:label="loc_country_TV" />
    <link:definitionArc xlink:type="arc" xlink:arcrole="http://xbrl.org/int/dim/arcrole/domain-member" xlink:from="loc_country_CountryDomain" xlink:to="loc_country_TV" order="232.0" use="optional" />
    <link:loc xlink:type="locator" xlink:href="elts.xsd#country_TW" xlink:label="loc_country_TW" />
    <link:definitionArc xlink:type="arc" xlink:arcrole="http://xbrl.org/int/dim/arcrole/domain-member" xlink:from="loc_country_CountryDomain" xlink:to="loc_country_TW" order="233.0" use="optional" />
    <link:loc xlink:type="locator" xlink:href="elts.xsd#country_TZ" xlink:label="loc_country_TZ" />
    <link:definitionArc xlink:type="arc" xlink:arcrole="http://xbrl.org/int/dim/arcrole/domain-member" xlink:from="loc_country_CountryDomain" xlink:to="loc_country_TZ" order="234.0" use="optional" />
    <link:loc xlink:type="locator" xlink:href="elts.xsd#country_UA" xlink:label="loc_country_UA" />
    <link:definitionArc xlink:type="arc" xlink:arcrole="http://xbrl.org/int/dim/arcrole/domain-member" xlink:from="loc_country_CountryDomain" xlink:to="loc_country_UA" order="235.0" use="optional" />
    <link:loc xlink:type="locator" xlink:href="elts.xsd#country_UG" xlink:label="loc_country_UG" />
    <link:definitionArc xlink:type="arc" xlink:arcrole="http://xbrl.org/int/dim/arcrole/domain-member" xlink:from="loc_country_CountryDomain" xlink:to="loc_country_UG" order="236.0" use="optional" />
    <link:loc xlink:type="locator" xlink:href="elts.xsd#country_UM" xlink:label="loc_country_UM" />
    <link:definitionArc xlink:type="arc" xlink:arcrole="http://xbrl.org/int/dim/arcrole/domain-member" xlink:from="loc_country_CountryDomain" xlink:to="loc_country_UM" order="237.0" use="optional" />
    <link:loc xlink:type="locator" xlink:href="elts.xsd#country_US" xlink:label="loc_country_US" />
    <link:definitionArc xlink:type="arc" xlink:arcrole="http://xbrl.org/int/dim/arcrole/domain-member" xlink:from="loc_country_CountryDomain" xlink:to="loc_country_US" order="238.0" use="optional" />
    <link:loc xlink:type="locator" xlink:href="elts.xsd#country_UY" xlink:label="loc_country_UY" />
    <link:definitionArc xlink:type="arc" xlink:arcrole="http://xbrl.org/int/dim/arcrole/domain-member" xlink:from="loc_country_CountryDomain" xlink:to="loc_country_UY" order="239.0" use="optional" />
    <link:loc xlink:type="locator" xlink:href="elts.xsd#country_UZ" xlink:label="loc_country_UZ" />
    <link:definitionArc xlink:type="arc" xlink:arcrole="http://xbrl.org/int/dim/arcrole/domain-member" xlink:from="loc_country_CountryDomain" xlink:to="loc_country_UZ" order="240.0" use="optional" />
    <link:loc xlink:type="locator" xlink:href="elts.xsd#country_VA" xlink:label="loc_country_VA" />
    <link:definitionArc xlink:type="arc" xlink:arcrole="http://xbrl.org/int/dim/arcrole/domain-member" xlink:from="loc_country_CountryDomain" xlink:to="loc_country_VA" order="241.0" use="optional" />
    <link:loc xlink:type="locator" xlink:href="elts.xsd#country_VC" xlink:label="loc_country_VC" />
    <link:definitionArc xlink:type="arc" xlink:arcrole="http://xbrl.org/int/dim/arcrole/domain-member" xlink:from="loc_country_CountryDomain" xlink:to="loc_country_VC" order="242.0" use="optional" />
    <link:loc xlink:type="locator" xlink:href="elts.xsd#country_VE" xlink:label="loc_country_VE" />
    <link:definitionArc xlink:type="arc" xlink:arcrole="http://xbrl.org/int/dim/arcrole/domain-member" xlink:from="loc_country_CountryDomain" xlink:to="loc_country_VE" order="243.0" use="optional" />
    <link:loc xlink:type="locator" xlink:href="elts.xsd#country_VG" xlink:label="loc_country_VG" />
    <link:definitionArc xlink:type="arc" xlink:arcrole="http://xbrl.org/int/dim/arcrole/domain-member" xlink:from="loc_country_CountryDomain" xlink:to="loc_country_VG" order="244.0" use="optional" />
    <link:loc xlink:type="locator" xlink:href="elts.xsd#country_VI" xlink:label="loc_country_VI" />
    <link:definitionArc xlink:type="arc" xlink:arcrole="http://xbrl.org/int/dim/arcrole/domain-member" xlink:from="loc_country_CountryDomain" xlink:to="loc_country_VI" order="245.0" use="optional" />
    <link:loc xlink:type="locator" xlink:href="elts.xsd#country_VN" xlink:label="loc_country_VN" />
    <link:definitionArc xlink:type="arc" xlink:arcrole="http://xbrl.org/int/dim/arcrole/domain-member" xlink:from="loc_country_CountryDomain" xlink:to="loc_country_VN" order="246.0" use="optional" />
    <link:loc xlink:type="locator" xlink:href="elts.xsd#country_VU" xlink:label="loc_country_VU" />
    <link:definitionArc xlink:type="arc" xlink:arcrole="http://xbrl.org/int/dim/arcrole/domain-member" xlink:from="loc_country_CountryDomain" xlink:to="loc_country_VU" order="247.0" use="optional" />
    <link:loc xlink:type="locator" xlink:href="elts.xsd#country_WF" xlink:label="loc_country_WF" />
    <link:definitionArc xlink:type="arc" xlink:arcrole="http://xbrl.org/int/dim/arcrole/domain-member" xlink:from="loc_country_CountryDomain" xlink:to="loc_country_WF" order="248.0" use="optional" />
    <link:loc xlink:type="locator" xlink:href="elts.xsd#country_WS" xlink:label="loc_country_WS" />
    <link:definitionArc xlink:type="arc" xlink:arcrole="http://xbrl.org/int/dim/arcrole/domain-member" xlink:from="loc_country_CountryDomain" xlink:to="loc_country_WS" order="249.0" use="optional" />
    <link:loc xlink:type="locator" xlink:href="elts.xsd#country_YE" xlink:label="loc_country_YE" />
    <link:definitionArc xlink:type="arc" xlink:arcrole="http://xbrl.org/int/dim/arcrole/domain-member" xlink:from="loc_country_CountryDomain" xlink:to="loc_country_YE" order="250.0" use="optional" />
    <link:loc xlink:type="locator" xlink:href="elts.xsd#country_YT" xlink:label="loc_country_YT" />
    <link:definitionArc xlink:type="arc" xlink:arcrole="http://xbrl.org/int/dim/arcrole/domain-member" xlink:from="loc_country_CountryDomain" xlink:to="loc_country_YT" order="251.0" use="optional" />
    <link:loc xlink:type="locator" xlink:href="elts.xsd#country_YU" xlink:label="loc_country_YU" />
    <link:definitionArc xlink:type="arc" xlink:arcrole="http://xbrl.org/int/dim/arcrole/domain-member" xlink:from="loc_country_CountryDomain" xlink:to="loc_country_YU" order="252.0" use="optional" />
    <link:loc xlink:type="locator" xlink:href="elts.xsd#country_ZA" xlink:label="loc_country_ZA" />
    <link:definitionArc xlink:type="arc" xlink:arcrole="http://xbrl.org/int/dim/arcrole/domain-member" xlink:from="loc_country_CountryDomain" xlink:to="loc_country_ZA" order="253.0" use="optional" />
    <link:loc xlink:type="locator" xlink:href="elts.xsd#country_ZM" xlink:label="loc_country_ZM" />
    <link:definitionArc xlink:type="arc" xlink:arcrole="http://xbrl.org/int/dim/arcrole/domain-member" xlink:from="loc_country_CountryDomain" xlink:to="loc_country_ZM" order="254.0" use="optional" />
    <link:loc xlink:type="locator" xlink:href="elts.xsd#country_ZR" xlink:label="loc_country_ZR" />
    <link:definitionArc xlink:type="arc" xlink:arcrole="http://xbrl.org/int/dim/arcrole/domain-member" xlink:from="loc_country_CountryDomain" xlink:to="loc_country_ZR" order="255.0" use="optional" />
    <link:loc xlink:type="locator" xlink:href="elts.xsd#country_ZW" xlink:label="loc_country_ZW" />
    <link:definitionArc xlink:type="arc" xlink:arcrole="http://xbrl.org/int/dim/arcrole/domain-member" xlink:from="loc_country_CountryDomain" xlink:to="loc_country_ZW" order="256.0" use="optional" />
  </link:definitionLink>
</link:linkbase>