﻿<?xml version="1.0" encoding="utf-8"?>
<!-- Generated by GRI Taxonomy Editor-->
<link:linkbase xsi:schemaLocation="http://www.xbrl.org/2003/linkbase http://www.xbrl.org/2003/xbrl-linkbase-2003-12-31.xsd http://xbrl.org/2005/xbrldt http://www.xbrl.org/2005/xbrldt-2005.xsd http://www.xbrl.org/2003/instance http://www.xbrl.org/2003/xbrl-instance-2003-12-31.xsd http://www.w3.org/1999/xlink http://www.xbrl.org/2003/xlink-2003-12-31.xsd " xmlns:link="http://www.xbrl.org/2003/linkbase" xmlns:xbrldt="http://xbrl.org/2005/xbrldt" xmlns:xbrli="http://www.xbrl.org/2003/instance" xmlns:xlink="http://www.w3.org/1999/xlink" xmlns:xsi="http://www.w3.org/2001/XMLSchema-instance">
  <!-- Role Ref -->
  <link:roleRef roleURI="https://taxonomy.globalreporting.org/gri-sustainability-taxonomy/gri_srs/gri_srs_role/role_gri_303_3" xlink:type="simple" xlink:href="role_gri_srs_2025-06-23.xsd#role_gri_303_3" />
  <link:roleRef roleURI="https://taxonomy.globalreporting.org/gri-sustainability-taxonomy/gri_srs/gri_srs_role/role_gri_303_3_b_v" xlink:type="simple" xlink:href="role_gri_srs_2025-06-23.xsd#role_gri_303_3_b_v" />
  <link:roleRef roleURI="https://taxonomy.globalreporting.org/gri-sustainability-taxonomy/gri_srs/gri_srs_role/role_gri_303_4" xlink:type="simple" xlink:href="role_gri_srs_2025-06-23.xsd#role_gri_303_4" />
  <link:roleRef roleURI="https://taxonomy.globalreporting.org/gri-sustainability-taxonomy/gri_srs/gri_srs_role/role_gri_303_4_BC" xlink:type="simple" xlink:href="role_gri_srs_2025-06-23.xsd#role_gri_303_4_BC" />
  <!-- ArcRole Ref -->
  <link:arcroleRef arcroleURI="http://xbrl.org/int/dim/arcrole/all" xlink:type="simple" xlink:href="http://www.xbrl.org/2005/xbrldt-2005.xsd#all" />
  <link:arcroleRef arcroleURI="http://xbrl.org/int/dim/arcrole/dimension-domain" xlink:type="simple" xlink:href="http://www.xbrl.org/2005/xbrldt-2005.xsd#dimension-domain" />
  <link:arcroleRef arcroleURI="http://xbrl.org/int/dim/arcrole/domain-member" xlink:type="simple" xlink:href="http://www.xbrl.org/2005/xbrldt-2005.xsd#domain-member" />
  <link:arcroleRef arcroleURI="http://xbrl.org/int/dim/arcrole/hypercube-dimension" xlink:type="simple" xlink:href="http://www.xbrl.org/2005/xbrldt-2005.xsd#hypercube-dimension" />
  <link:definitionLink xlink:type="extended" xlink:role="https://taxonomy.globalreporting.org/gri-sustainability-taxonomy/gri_srs/gri_srs_role/role_gri_303_3">
    <link:loc xlink:type="locator" xlink:href="../core/gri_srs_core_2025-06-23.xsd#gri_WaterWithdrawalBreakdownBySourcesOfWaterAbstract" xlink:label="loc_gri_WaterWithdrawalBreakdownBySourcesOfWaterAbstract" />
    <link:loc xlink:type="locator" xlink:href="../core/gri_srs_core_2025-06-23.xsd#gri_WaterWithdrawalTable" xlink:label="loc_gri_WaterWithdrawalTable" />
    <link:definitionArc xlink:type="arc" xlink:arcrole="http://xbrl.org/int/dim/arcrole/all" xlink:from="loc_gri_WaterWithdrawalBreakdownBySourcesOfWaterAbstract" xlink:to="loc_gri_WaterWithdrawalTable" order="1.0" xbrldt:contextElement="scenario" xbrldt:closed="false" use="optional" />
    <link:loc xlink:type="locator" xlink:href="../core/gri_srs_core_2025-06-23.xsd#gri_WaterWithdrawalBreakdownBySourcesOfWaterAxis" xlink:label="loc_gri_WaterWithdrawalBreakdownBySourcesOfWaterAxis" />
    <link:definitionArc xlink:type="arc" xlink:arcrole="http://xbrl.org/int/dim/arcrole/hypercube-dimension" xlink:from="loc_gri_WaterWithdrawalTable" xlink:to="loc_gri_WaterWithdrawalBreakdownBySourcesOfWaterAxis" order="1.0" use="optional" />
    <link:loc xlink:type="locator" xlink:href="../core/gri_srs_core_2025-06-23.xsd#gri_WaterWithdrawalBreakdownBySourcesOfWaterDomain" xlink:label="loc_gri_WaterWithdrawalBreakdownBySourcesOfWaterDomain" />
    <link:definitionArc xlink:type="arc" xlink:arcrole="http://xbrl.org/int/dim/arcrole/dimension-domain" xlink:from="loc_gri_WaterWithdrawalBreakdownBySourcesOfWaterAxis" xlink:to="loc_gri_WaterWithdrawalBreakdownBySourcesOfWaterDomain" order="1.0" use="optional" />
    <link:loc xlink:type="locator" xlink:href="../core/gri_srs_core_2025-06-23.xsd#gri_SurfaceWaterMember" xlink:label="loc_gri_SurfaceWaterMember" />
    <link:definitionArc xlink:type="arc" xlink:arcrole="http://xbrl.org/int/dim/arcrole/domain-member" xlink:from="loc_gri_WaterWithdrawalBreakdownBySourcesOfWaterDomain" xlink:to="loc_gri_SurfaceWaterMember" order="1.0" use="optional" />
    <link:loc xlink:type="locator" xlink:href="../core/gri_srs_core_2025-06-23.xsd#gri_GroundwaterMember" xlink:label="loc_gri_GroundwaterMember" />
    <link:definitionArc xlink:type="arc" xlink:arcrole="http://xbrl.org/int/dim/arcrole/domain-member" xlink:from="loc_gri_WaterWithdrawalBreakdownBySourcesOfWaterDomain" xlink:to="loc_gri_GroundwaterMember" order="2.0" use="optional" />
    <link:loc xlink:type="locator" xlink:href="../core/gri_srs_core_2025-06-23.xsd#gri_SeawaterMember" xlink:label="loc_gri_SeawaterMember" />
    <link:definitionArc xlink:type="arc" xlink:arcrole="http://xbrl.org/int/dim/arcrole/domain-member" xlink:from="loc_gri_WaterWithdrawalBreakdownBySourcesOfWaterDomain" xlink:to="loc_gri_SeawaterMember" order="3.0" use="optional" />
    <link:loc xlink:type="locator" xlink:href="../core/gri_srs_core_2025-06-23.xsd#gri_ProducedWaterMember" xlink:label="loc_gri_ProducedWaterMember" />
    <link:definitionArc xlink:type="arc" xlink:arcrole="http://xbrl.org/int/dim/arcrole/domain-member" xlink:from="loc_gri_WaterWithdrawalBreakdownBySourcesOfWaterDomain" xlink:to="loc_gri_ProducedWaterMember" order="4.0" use="optional" />
    <link:loc xlink:type="locator" xlink:href="../core/gri_srs_core_2025-06-23.xsd#gri_ThirdPartyWaterMember" xlink:label="loc_gri_ThirdPartyWaterMember" />
    <link:definitionArc xlink:type="arc" xlink:arcrole="http://xbrl.org/int/dim/arcrole/domain-member" xlink:from="loc_gri_WaterWithdrawalBreakdownBySourcesOfWaterDomain" xlink:to="loc_gri_ThirdPartyWaterMember" order="5.0" use="optional" />
    <link:loc xlink:type="locator" xlink:href="../core/gri_srs_core_2025-06-23.xsd#gri_WaterWithdrawalBreakdownByWaterCategoriesAxis" xlink:label="loc_gri_WaterWithdrawalBreakdownByWaterCategoriesAxis" />
    <link:definitionArc xlink:type="arc" xlink:arcrole="http://xbrl.org/int/dim/arcrole/hypercube-dimension" xlink:from="loc_gri_WaterWithdrawalTable" xlink:to="loc_gri_WaterWithdrawalBreakdownByWaterCategoriesAxis" order="2.0" use="optional" />
    <link:loc xlink:type="locator" xlink:href="../core/gri_srs_core_2025-06-23.xsd#gri_WaterWithdrawalBreakdownByWaterCategoriesDomain" xlink:label="loc_gri_WaterWithdrawalBreakdownByWaterCategoriesDomain" />
    <link:definitionArc xlink:type="arc" xlink:arcrole="http://xbrl.org/int/dim/arcrole/dimension-domain" xlink:from="loc_gri_WaterWithdrawalBreakdownByWaterCategoriesAxis" xlink:to="loc_gri_WaterWithdrawalBreakdownByWaterCategoriesDomain" order="1.0" use="optional" />
    <link:loc xlink:type="locator" xlink:href="../core/gri_srs_core_2025-06-23.xsd#gri_FreshwaterLessThanOrEqualTo1000MgPerLiterTotalDissolvedSolidsMember" xlink:label="loc_gri_FreshwaterLessThanOrEqualTo1000MgPerLiterTotalDissolvedSolidsMember" />
    <link:definitionArc xlink:type="arc" xlink:arcrole="http://xbrl.org/int/dim/arcrole/domain-member" xlink:from="loc_gri_WaterWithdrawalBreakdownByWaterCategoriesDomain" xlink:to="loc_gri_FreshwaterLessThanOrEqualTo1000MgPerLiterTotalDissolvedSolidsMember" order="1.0" use="optional" />
    <link:loc xlink:type="locator" xlink:href="../core/gri_srs_core_2025-06-23.xsd#gri_OtherWaterMoreThan1000MgPerLiterTotalDissolvedSolidsMember" xlink:label="loc_gri_OtherWaterMoreThan1000MgPerLiterTotalDissolvedSolidsMember" />
    <link:definitionArc xlink:type="arc" xlink:arcrole="http://xbrl.org/int/dim/arcrole/domain-member" xlink:from="loc_gri_WaterWithdrawalBreakdownByWaterCategoriesDomain" xlink:to="loc_gri_OtherWaterMoreThan1000MgPerLiterTotalDissolvedSolidsMember" order="2.0" use="optional" />
    <link:loc xlink:type="locator" xlink:href="../core/gri_srs_core_2025-06-23.xsd#gri_WaterWithdrawalLineItems" xlink:label="loc_gri_WaterWithdrawalLineItems" />
    <link:definitionArc xlink:type="arc" xlink:arcrole="http://xbrl.org/int/dim/arcrole/domain-member" xlink:from="loc_gri_WaterWithdrawalBreakdownBySourcesOfWaterAbstract" xlink:to="loc_gri_WaterWithdrawalLineItems" order="2.0" use="optional" />
    <link:loc xlink:type="locator" xlink:href="../core/gri_srs_core_2025-06-23.xsd#gri_TotalWaterWithdrawalFromAllAreas" xlink:label="loc_gri_TotalWaterWithdrawalFromAllAreas" />
    <link:definitionArc xlink:type="arc" xlink:arcrole="http://xbrl.org/int/dim/arcrole/domain-member" xlink:from="loc_gri_WaterWithdrawalLineItems" xlink:to="loc_gri_TotalWaterWithdrawalFromAllAreas" order="1.0" use="optional" />
    <link:loc xlink:type="locator" xlink:href="../core/gri_srs_core_2025-06-23.xsd#gri_ReasonForOmissionRelatedToTotalWaterWithdrawalFromAllAreas" xlink:label="loc_gri_ReasonForOmissionRelatedToTotalWaterWithdrawalFromAllAreas" />
    <link:definitionArc xlink:type="arc" xlink:arcrole="http://xbrl.org/int/dim/arcrole/domain-member" xlink:from="loc_gri_TotalWaterWithdrawalFromAllAreas" xlink:to="loc_gri_ReasonForOmissionRelatedToTotalWaterWithdrawalFromAllAreas" order="1.0" use="optional" />
    <link:loc xlink:type="locator" xlink:href="../core/gri_srs_core_2025-06-23.xsd#gri_ExplanationForReasonForOmissionRelatedToTotalWaterWithdrawalFromAllAreasTextBlock" xlink:label="loc_gri_ExplanationForReasonForOmissionRelatedToTotalWaterWithdrawalFromAllAreasTextBlock" />
    <link:definitionArc xlink:type="arc" xlink:arcrole="http://xbrl.org/int/dim/arcrole/domain-member" xlink:from="loc_gri_TotalWaterWithdrawalFromAllAreas" xlink:to="loc_gri_ExplanationForReasonForOmissionRelatedToTotalWaterWithdrawalFromAllAreasTextBlock" order="2.0" use="optional" />
    <link:loc xlink:type="locator" xlink:href="../core/gri_srs_core_2025-06-23.xsd#gri_TotalWaterWithdrawalFromAllAreasWithWaterStress" xlink:label="loc_gri_TotalWaterWithdrawalFromAllAreasWithWaterStress" />
    <link:definitionArc xlink:type="arc" xlink:arcrole="http://xbrl.org/int/dim/arcrole/domain-member" xlink:from="loc_gri_WaterWithdrawalLineItems" xlink:to="loc_gri_TotalWaterWithdrawalFromAllAreasWithWaterStress" order="2.0" use="optional" />
    <link:loc xlink:type="locator" xlink:href="../core/gri_srs_core_2025-06-23.xsd#gri_ReasonForOmissionRelatedToTotalWaterWithdrawalFromAllAreasWithWaterStress" xlink:label="loc_gri_ReasonForOmissionRelatedToTotalWaterWithdrawalFromAllAreasWithWaterStress" />
    <link:definitionArc xlink:type="arc" xlink:arcrole="http://xbrl.org/int/dim/arcrole/domain-member" xlink:from="loc_gri_TotalWaterWithdrawalFromAllAreasWithWaterStress" xlink:to="loc_gri_ReasonForOmissionRelatedToTotalWaterWithdrawalFromAllAreasWithWaterStress" order="1.0" use="optional" />
    <link:loc xlink:type="locator" xlink:href="../core/gri_srs_core_2025-06-23.xsd#gri_ExplanationForReasonForOmissionRelatedToTotalWaterWithdrawalFromAllAreasWithWaterStressTextBlock" xlink:label="loc_gri_ExplanationForReasonForOmissionRelatedToTotalWaterWithdrawalFromAllAreasWithWaterStressTextBlock" />
    <link:definitionArc xlink:type="arc" xlink:arcrole="http://xbrl.org/int/dim/arcrole/domain-member" xlink:from="loc_gri_TotalWaterWithdrawalFromAllAreasWithWaterStress" xlink:to="loc_gri_ExplanationForReasonForOmissionRelatedToTotalWaterWithdrawalFromAllAreasWithWaterStressTextBlock" order="2.0" use="optional" />
  </link:definitionLink>
  <link:definitionLink xlink:type="extended" xlink:role="https://taxonomy.globalreporting.org/gri-sustainability-taxonomy/gri_srs/gri_srs_role/role_gri_303_3_b_v">
    <link:loc xlink:type="locator" xlink:href="../core/gri_srs_core_2025-06-23.xsd#gri_ThirdPartyWaterWithdrawalBreakdownBySourcesOfWaterAbstract" xlink:label="loc_gri_ThirdPartyWaterWithdrawalBreakdownBySourcesOfWaterAbstract" />
    <link:loc xlink:type="locator" xlink:href="../core/gri_srs_core_2025-06-23.xsd#gri_ThirdPartyWaterWithdrawalBreakdownBySourcesOfWaterTable" xlink:label="loc_gri_ThirdPartyWaterWithdrawalBreakdownBySourcesOfWaterTable" />
    <link:definitionArc xlink:type="arc" xlink:arcrole="http://xbrl.org/int/dim/arcrole/all" xlink:from="loc_gri_ThirdPartyWaterWithdrawalBreakdownBySourcesOfWaterAbstract" xlink:to="loc_gri_ThirdPartyWaterWithdrawalBreakdownBySourcesOfWaterTable" order="1.0" xbrldt:contextElement="scenario" xbrldt:closed="false" use="optional" />
    <link:loc xlink:type="locator" xlink:href="../core/gri_srs_core_2025-06-23.xsd#gri_ThirdPartyWaterWithdrawalBreakdownBySourcesOfWaterAxis" xlink:label="loc_gri_ThirdPartyWaterWithdrawalBreakdownBySourcesOfWaterAxis" />
    <link:definitionArc xlink:type="arc" xlink:arcrole="http://xbrl.org/int/dim/arcrole/hypercube-dimension" xlink:from="loc_gri_ThirdPartyWaterWithdrawalBreakdownBySourcesOfWaterTable" xlink:to="loc_gri_ThirdPartyWaterWithdrawalBreakdownBySourcesOfWaterAxis" order="1.0" use="optional" />
    <link:loc xlink:type="locator" xlink:href="../core/gri_srs_core_2025-06-23.xsd#gri_ThirdPartyWaterWithdrawalBreakdownBySourcesOfWaterDomain" xlink:label="loc_gri_ThirdPartyWaterWithdrawalBreakdownBySourcesOfWaterDomain" />
    <link:definitionArc xlink:type="arc" xlink:arcrole="http://xbrl.org/int/dim/arcrole/dimension-domain" xlink:from="loc_gri_ThirdPartyWaterWithdrawalBreakdownBySourcesOfWaterAxis" xlink:to="loc_gri_ThirdPartyWaterWithdrawalBreakdownBySourcesOfWaterDomain" order="1.0" use="optional" />
    <link:loc xlink:type="locator" xlink:href="../core/gri_srs_core_2025-06-23.xsd#gri_SurfaceWaterMember" xlink:label="loc_gri_SurfaceWaterMember" />
    <link:definitionArc xlink:type="arc" xlink:arcrole="http://xbrl.org/int/dim/arcrole/domain-member" xlink:from="loc_gri_ThirdPartyWaterWithdrawalBreakdownBySourcesOfWaterDomain" xlink:to="loc_gri_SurfaceWaterMember" order="1.0" use="optional" />
    <link:loc xlink:type="locator" xlink:href="../core/gri_srs_core_2025-06-23.xsd#gri_GroundwaterMember" xlink:label="loc_gri_GroundwaterMember" />
    <link:definitionArc xlink:type="arc" xlink:arcrole="http://xbrl.org/int/dim/arcrole/domain-member" xlink:from="loc_gri_ThirdPartyWaterWithdrawalBreakdownBySourcesOfWaterDomain" xlink:to="loc_gri_GroundwaterMember" order="2.0" use="optional" />
    <link:loc xlink:type="locator" xlink:href="../core/gri_srs_core_2025-06-23.xsd#gri_SeawaterMember" xlink:label="loc_gri_SeawaterMember" />
    <link:definitionArc xlink:type="arc" xlink:arcrole="http://xbrl.org/int/dim/arcrole/domain-member" xlink:from="loc_gri_ThirdPartyWaterWithdrawalBreakdownBySourcesOfWaterDomain" xlink:to="loc_gri_SeawaterMember" order="3.0" use="optional" />
    <link:loc xlink:type="locator" xlink:href="../core/gri_srs_core_2025-06-23.xsd#gri_ProducedWaterMember" xlink:label="loc_gri_ProducedWaterMember" />
    <link:definitionArc xlink:type="arc" xlink:arcrole="http://xbrl.org/int/dim/arcrole/domain-member" xlink:from="loc_gri_ThirdPartyWaterWithdrawalBreakdownBySourcesOfWaterDomain" xlink:to="loc_gri_ProducedWaterMember" order="4.0" use="optional" />
    <link:loc xlink:type="locator" xlink:href="../core/gri_srs_core_2025-06-23.xsd#gri_ThirdPartyWaterWithdrawalBreakdownBySourcesOfWaterLineItems" xlink:label="loc_gri_ThirdPartyWaterWithdrawalBreakdownBySourcesOfWaterLineItems" />
    <link:definitionArc xlink:type="arc" xlink:arcrole="http://xbrl.org/int/dim/arcrole/domain-member" xlink:from="loc_gri_ThirdPartyWaterWithdrawalBreakdownBySourcesOfWaterAbstract" xlink:to="loc_gri_ThirdPartyWaterWithdrawalBreakdownBySourcesOfWaterLineItems" order="2.0" use="optional" />
    <link:loc xlink:type="locator" xlink:href="../core/gri_srs_core_2025-06-23.xsd#gri_TotalThirdPartyWaterWithdrawalFromAllAreasWithWaterStress" xlink:label="loc_gri_TotalThirdPartyWaterWithdrawalFromAllAreasWithWaterStress" />
    <link:definitionArc xlink:type="arc" xlink:arcrole="http://xbrl.org/int/dim/arcrole/domain-member" xlink:from="loc_gri_ThirdPartyWaterWithdrawalBreakdownBySourcesOfWaterLineItems" xlink:to="loc_gri_TotalThirdPartyWaterWithdrawalFromAllAreasWithWaterStress" order="1.0" use="optional" />
    <link:loc xlink:type="locator" xlink:href="../core/gri_srs_core_2025-06-23.xsd#gri_ReasonForOmissionRelatedToTotalThirdPartyWaterWithdrawalFromAllAreasWithWaterStress" xlink:label="loc_gri_ReasonForOmissionRelatedToTotalThirdPartyWaterWithdrawalFromAllAreasWithWaterStress" />
    <link:definitionArc xlink:type="arc" xlink:arcrole="http://xbrl.org/int/dim/arcrole/domain-member" xlink:from="loc_gri_TotalThirdPartyWaterWithdrawalFromAllAreasWithWaterStress" xlink:to="loc_gri_ReasonForOmissionRelatedToTotalThirdPartyWaterWithdrawalFromAllAreasWithWaterStress" order="1.0" use="optional" />
    <link:loc xlink:type="locator" xlink:href="../core/gri_srs_core_2025-06-23.xsd#gri_ExplanationForReasonForOmissionRelatedToTotalThirdPartyWaterWithdrawalFromAllAreasWithWaterStressTextBlock" xlink:label="loc_gri_ExplanationForReasonForOmissionRelatedToTotalThirdPartyWaterWithdrawalFromAllAreasWithWaterStressTextBlock" />
    <link:definitionArc xlink:type="arc" xlink:arcrole="http://xbrl.org/int/dim/arcrole/domain-member" xlink:from="loc_gri_TotalThirdPartyWaterWithdrawalFromAllAreasWithWaterStress" xlink:to="loc_gri_ExplanationForReasonForOmissionRelatedToTotalThirdPartyWaterWithdrawalFromAllAreasWithWaterStressTextBlock" order="2.0" use="optional" />
  </link:definitionLink>
  <link:definitionLink xlink:type="extended" xlink:role="https://taxonomy.globalreporting.org/gri-sustainability-taxonomy/gri_srs/gri_srs_role/role_gri_303_4">
    <link:loc xlink:type="locator" xlink:href="../core/gri_srs_core_2025-06-23.xsd#gri_WaterDischargeBreakdownByTypeOfDestinationAbstract" xlink:label="loc_gri_WaterDischargeBreakdownByTypeOfDestinationAbstract" />
    <link:loc xlink:type="locator" xlink:href="../core/gri_srs_core_2025-06-23.xsd#gri_WaterDischargeBreakdownByTypeOfDestinationTable" xlink:label="loc_gri_WaterDischargeBreakdownByTypeOfDestinationTable" />
    <link:definitionArc xlink:type="arc" xlink:arcrole="http://xbrl.org/int/dim/arcrole/all" xlink:from="loc_gri_WaterDischargeBreakdownByTypeOfDestinationAbstract" xlink:to="loc_gri_WaterDischargeBreakdownByTypeOfDestinationTable" order="1.0" xbrldt:contextElement="scenario" xbrldt:closed="false" use="optional" />
    <link:loc xlink:type="locator" xlink:href="../core/gri_srs_core_2025-06-23.xsd#gri_WaterDischargeBreakdownByTypeOfDestinationAxis" xlink:label="loc_gri_WaterDischargeBreakdownByTypeOfDestinationAxis" />
    <link:definitionArc xlink:type="arc" xlink:arcrole="http://xbrl.org/int/dim/arcrole/hypercube-dimension" xlink:from="loc_gri_WaterDischargeBreakdownByTypeOfDestinationTable" xlink:to="loc_gri_WaterDischargeBreakdownByTypeOfDestinationAxis" order="1.0" use="optional" />
    <link:loc xlink:type="locator" xlink:href="../core/gri_srs_core_2025-06-23.xsd#gri_WaterDischargeBreakdownByTypeOfDestinationDomain" xlink:label="loc_gri_WaterDischargeBreakdownByTypeOfDestinationDomain" />
    <link:definitionArc xlink:type="arc" xlink:arcrole="http://xbrl.org/int/dim/arcrole/dimension-domain" xlink:from="loc_gri_WaterDischargeBreakdownByTypeOfDestinationAxis" xlink:to="loc_gri_WaterDischargeBreakdownByTypeOfDestinationDomain" order="1.0" use="optional" />
    <link:loc xlink:type="locator" xlink:href="../core/gri_srs_core_2025-06-23.xsd#gri_SurfaceWaterMember" xlink:label="loc_gri_SurfaceWaterMember" />
    <link:definitionArc xlink:type="arc" xlink:arcrole="http://xbrl.org/int/dim/arcrole/domain-member" xlink:from="loc_gri_WaterDischargeBreakdownByTypeOfDestinationDomain" xlink:to="loc_gri_SurfaceWaterMember" order="1.0" use="optional" />
    <link:loc xlink:type="locator" xlink:href="../core/gri_srs_core_2025-06-23.xsd#gri_GroundwaterMember" xlink:label="loc_gri_GroundwaterMember" />
    <link:definitionArc xlink:type="arc" xlink:arcrole="http://xbrl.org/int/dim/arcrole/domain-member" xlink:from="loc_gri_WaterDischargeBreakdownByTypeOfDestinationDomain" xlink:to="loc_gri_GroundwaterMember" order="2.0" use="optional" />
    <link:loc xlink:type="locator" xlink:href="../core/gri_srs_core_2025-06-23.xsd#gri_SeawaterMember" xlink:label="loc_gri_SeawaterMember" />
    <link:definitionArc xlink:type="arc" xlink:arcrole="http://xbrl.org/int/dim/arcrole/domain-member" xlink:from="loc_gri_WaterDischargeBreakdownByTypeOfDestinationDomain" xlink:to="loc_gri_SeawaterMember" order="3.0" use="optional" />
    <link:loc xlink:type="locator" xlink:href="../core/gri_srs_core_2025-06-23.xsd#gri_ThirdPartyWaterMember" xlink:label="loc_gri_ThirdPartyWaterMember" />
    <link:definitionArc xlink:type="arc" xlink:arcrole="http://xbrl.org/int/dim/arcrole/domain-member" xlink:from="loc_gri_WaterDischargeBreakdownByTypeOfDestinationDomain" xlink:to="loc_gri_ThirdPartyWaterMember" order="4.0" use="optional" />
    <link:loc xlink:type="locator" xlink:href="../core/gri_srs_core_2025-06-23.xsd#gri_WaterDischargeLineItems" xlink:label="loc_gri_WaterDischargeLineItems" />
    <link:definitionArc xlink:type="arc" xlink:arcrole="http://xbrl.org/int/dim/arcrole/domain-member" xlink:from="loc_gri_WaterDischargeBreakdownByTypeOfDestinationAbstract" xlink:to="loc_gri_WaterDischargeLineItems" order="2.0" use="optional" />
    <link:loc xlink:type="locator" xlink:href="../core/gri_srs_core_2025-06-23.xsd#gri_TotalWaterDischargeToAllAreas" xlink:label="loc_gri_TotalWaterDischargeToAllAreas" />
    <link:definitionArc xlink:type="arc" xlink:arcrole="http://xbrl.org/int/dim/arcrole/domain-member" xlink:from="loc_gri_WaterDischargeLineItems" xlink:to="loc_gri_TotalWaterDischargeToAllAreas" order="1.0" use="optional" />
    <link:loc xlink:type="locator" xlink:href="../core/gri_srs_core_2025-06-23.xsd#gri_ReasonForOmissionRelatedToTotalWaterDischargeToAllAreas" xlink:label="loc_gri_ReasonForOmissionRelatedToTotalWaterDischargeToAllAreas" />
    <link:definitionArc xlink:type="arc" xlink:arcrole="http://xbrl.org/int/dim/arcrole/domain-member" xlink:from="loc_gri_TotalWaterDischargeToAllAreas" xlink:to="loc_gri_ReasonForOmissionRelatedToTotalWaterDischargeToAllAreas" order="1.0" use="optional" />
    <link:loc xlink:type="locator" xlink:href="../core/gri_srs_core_2025-06-23.xsd#gri_ExplanationForReasonForOmissionRelatedToTotalWaterDischargeToAllAreasTextBlock" xlink:label="loc_gri_ExplanationForReasonForOmissionRelatedToTotalWaterDischargeToAllAreasTextBlock" />
    <link:definitionArc xlink:type="arc" xlink:arcrole="http://xbrl.org/int/dim/arcrole/domain-member" xlink:from="loc_gri_TotalWaterDischargeToAllAreas" xlink:to="loc_gri_ExplanationForReasonForOmissionRelatedToTotalWaterDischargeToAllAreasTextBlock" order="2.0" use="optional" />
  </link:definitionLink>
  <link:definitionLink xlink:type="extended" xlink:role="https://taxonomy.globalreporting.org/gri-sustainability-taxonomy/gri_srs/gri_srs_role/role_gri_303_4_BC">
    <link:loc xlink:type="locator" xlink:href="../core/gri_srs_core_2025-06-23.xsd#gri_WaterDischargeBreakdownByCategoryAbstract" xlink:label="loc_gri_WaterDischargeBreakdownByCategoryAbstract" />
    <link:loc xlink:type="locator" xlink:href="../core/gri_srs_core_2025-06-23.xsd#gri_WaterDischargeBreakdownByCategoryTable" xlink:label="loc_gri_WaterDischargeBreakdownByCategoryTable" />
    <link:definitionArc xlink:type="arc" xlink:arcrole="http://xbrl.org/int/dim/arcrole/all" xlink:from="loc_gri_WaterDischargeBreakdownByCategoryAbstract" xlink:to="loc_gri_WaterDischargeBreakdownByCategoryTable" order="1.0" xbrldt:contextElement="scenario" xbrldt:closed="false" use="optional" />
    <link:loc xlink:type="locator" xlink:href="../core/gri_srs_core_2025-06-23.xsd#gri_WaterDischargeBreakdownByWaterCategoriesAxis" xlink:label="loc_gri_WaterDischargeBreakdownByWaterCategoriesAxis" />
    <link:definitionArc xlink:type="arc" xlink:arcrole="http://xbrl.org/int/dim/arcrole/hypercube-dimension" xlink:from="loc_gri_WaterDischargeBreakdownByCategoryTable" xlink:to="loc_gri_WaterDischargeBreakdownByWaterCategoriesAxis" order="1.0" use="optional" />
    <link:loc xlink:type="locator" xlink:href="../core/gri_srs_core_2025-06-23.xsd#gri_WaterDischargeBreakdownByWaterCategoriesDomain" xlink:label="loc_gri_WaterDischargeBreakdownByWaterCategoriesDomain" />
    <link:definitionArc xlink:type="arc" xlink:arcrole="http://xbrl.org/int/dim/arcrole/dimension-domain" xlink:from="loc_gri_WaterDischargeBreakdownByWaterCategoriesAxis" xlink:to="loc_gri_WaterDischargeBreakdownByWaterCategoriesDomain" order="1.0" use="optional" />
    <link:loc xlink:type="locator" xlink:href="../core/gri_srs_core_2025-06-23.xsd#gri_FreshwaterLessThanOrEqualTo1000MgPerLiterTotalDissolvedSolidsMember" xlink:label="loc_gri_FreshwaterLessThanOrEqualTo1000MgPerLiterTotalDissolvedSolidsMember" />
    <link:definitionArc xlink:type="arc" xlink:arcrole="http://xbrl.org/int/dim/arcrole/domain-member" xlink:from="loc_gri_WaterDischargeBreakdownByWaterCategoriesDomain" xlink:to="loc_gri_FreshwaterLessThanOrEqualTo1000MgPerLiterTotalDissolvedSolidsMember" order="1.0" use="optional" />
    <link:loc xlink:type="locator" xlink:href="../core/gri_srs_core_2025-06-23.xsd#gri_OtherWaterMoreThan1000MgPerLiterTotalDissolvedSolidsMember" xlink:label="loc_gri_OtherWaterMoreThan1000MgPerLiterTotalDissolvedSolidsMember" />
    <link:definitionArc xlink:type="arc" xlink:arcrole="http://xbrl.org/int/dim/arcrole/domain-member" xlink:from="loc_gri_WaterDischargeBreakdownByWaterCategoriesDomain" xlink:to="loc_gri_OtherWaterMoreThan1000MgPerLiterTotalDissolvedSolidsMember" order="2.0" use="optional" />
    <link:loc xlink:type="locator" xlink:href="../core/gri_srs_core_2025-06-23.xsd#gri_WaterDischargeBreakdownByCategoryLineItems" xlink:label="loc_gri_WaterDischargeBreakdownByCategoryLineItems" />
    <link:definitionArc xlink:type="arc" xlink:arcrole="http://xbrl.org/int/dim/arcrole/domain-member" xlink:from="loc_gri_WaterDischargeBreakdownByCategoryAbstract" xlink:to="loc_gri_WaterDischargeBreakdownByCategoryLineItems" order="2.0" use="optional" />
    <link:loc xlink:type="locator" xlink:href="../core/gri_srs_core_2025-06-23.xsd#gri_TotalWaterDischargeToAllAreas" xlink:label="loc_gri_TotalWaterDischargeToAllAreas" />
    <link:definitionArc xlink:type="arc" xlink:arcrole="http://xbrl.org/int/dim/arcrole/domain-member" xlink:from="loc_gri_WaterDischargeBreakdownByCategoryLineItems" xlink:to="loc_gri_TotalWaterDischargeToAllAreas" order="1.0" use="optional" />
    <link:loc xlink:type="locator" xlink:href="../core/gri_srs_core_2025-06-23.xsd#gri_ReasonForOmissionRelatedToTotalWaterDischargeToAllAreas" xlink:label="loc_gri_ReasonForOmissionRelatedToTotalWaterDischargeToAllAreas" />
    <link:definitionArc xlink:type="arc" xlink:arcrole="http://xbrl.org/int/dim/arcrole/domain-member" xlink:from="loc_gri_TotalWaterDischargeToAllAreas" xlink:to="loc_gri_ReasonForOmissionRelatedToTotalWaterDischargeToAllAreas" order="1.0" use="optional" />
    <link:loc xlink:type="locator" xlink:href="../core/gri_srs_core_2025-06-23.xsd#gri_ExplanationForReasonForOmissionRelatedToTotalWaterDischargeToAllAreasTextBlock" xlink:label="loc_gri_ExplanationForReasonForOmissionRelatedToTotalWaterDischargeToAllAreasTextBlock" />
    <link:definitionArc xlink:type="arc" xlink:arcrole="http://xbrl.org/int/dim/arcrole/domain-member" xlink:from="loc_gri_TotalWaterDischargeToAllAreas" xlink:to="loc_gri_ExplanationForReasonForOmissionRelatedToTotalWaterDischargeToAllAreasTextBlock" order="2.0" use="optional" />
    <link:loc xlink:type="locator" xlink:href="../core/gri_srs_core_2025-06-23.xsd#gri_TotalWaterDischargeToAllAreasWithWaterStress" xlink:label="loc_gri_TotalWaterDischargeToAllAreasWithWaterStress" />
    <link:definitionArc xlink:type="arc" xlink:arcrole="http://xbrl.org/int/dim/arcrole/domain-member" xlink:from="loc_gri_WaterDischargeBreakdownByCategoryLineItems" xlink:to="loc_gri_TotalWaterDischargeToAllAreasWithWaterStress" order="2.0" use="optional" />
    <link:loc xlink:type="locator" xlink:href="../core/gri_srs_core_2025-06-23.xsd#gri_ReasonForOmissionRelatedToTotalWaterDischargeToAllAreasWithWaterStress" xlink:label="loc_gri_ReasonForOmissionRelatedToTotalWaterDischargeToAllAreasWithWaterStress" />
    <link:definitionArc xlink:type="arc" xlink:arcrole="http://xbrl.org/int/dim/arcrole/domain-member" xlink:from="loc_gri_TotalWaterDischargeToAllAreasWithWaterStress" xlink:to="loc_gri_ReasonForOmissionRelatedToTotalWaterDischargeToAllAreasWithWaterStress" order="1.0" use="optional" />
    <link:loc xlink:type="locator" xlink:href="../core/gri_srs_core_2025-06-23.xsd#gri_ExplanationForReasonForOmissionRelatedToTotalWaterDischargeToAllAreasWithWaterStressTextBlock" xlink:label="loc_gri_ExplanationForReasonForOmissionRelatedToTotalWaterDischargeToAllAreasWithWaterStressTextBlock" />
    <link:definitionArc xlink:type="arc" xlink:arcrole="http://xbrl.org/int/dim/arcrole/domain-member" xlink:from="loc_gri_TotalWaterDischargeToAllAreasWithWaterStress" xlink:to="loc_gri_ExplanationForReasonForOmissionRelatedToTotalWaterDischargeToAllAreasWithWaterStressTextBlock" order="2.0" use="optional" />
  </link:definitionLink>
</link:linkbase>