﻿<?xml version="1.0" encoding="utf-8"?>
<!-- Generated by GRI Taxonomy Editor-->
<link:linkbase xsi:schemaLocation="http://www.xbrl.org/2003/linkbase http://www.xbrl.org/2003/xbrl-linkbase-2003-12-31.xsd http://xbrl.org/2005/xbrldt http://www.xbrl.org/2005/xbrldt-2005.xsd http://www.xbrl.org/2003/instance http://www.xbrl.org/2003/xbrl-instance-2003-12-31.xsd http://www.w3.org/1999/xlink http://www.xbrl.org/2003/xlink-2003-12-31.xsd " xmlns:link="http://www.xbrl.org/2003/linkbase" xmlns:xbrldt="http://xbrl.org/2005/xbrldt" xmlns:xbrli="http://www.xbrl.org/2003/instance" xmlns:xlink="http://www.w3.org/1999/xlink" xmlns:xsi="http://www.w3.org/2001/XMLSchema-instance">
  <!-- Role Ref -->
  <link:roleRef roleURI="https://taxonomy.globalreporting.org/gri-sustainability-taxonomy/gri_srs/gri_srs_role/role_gri_2_19" xlink:type="simple" xlink:href="role_gri_srs_2025-06-23.xsd#role_gri_2_19" />
  <link:roleRef roleURI="https://taxonomy.globalreporting.org/gri-sustainability-taxonomy/gri_srs/gri_srs_role/role_gri_2_4" xlink:type="simple" xlink:href="role_gri_srs_2025-06-23.xsd#role_gri_2_4" />
  <link:roleRef roleURI="https://taxonomy.globalreporting.org/gri-sustainability-taxonomy/gri_srs/gri_srs_role/role_gri_2_4_D" xlink:type="simple" xlink:href="role_gri_srs_2025-06-23.xsd#role_gri_2_4_D" />
  <link:roleRef roleURI="https://taxonomy.globalreporting.org/gri-sustainability-taxonomy/gri_srs/gri_srs_role/role_gri_2_7_A" xlink:type="simple" xlink:href="role_gri_srs_2025-06-23.xsd#role_gri_2_7_A" />
  <link:roleRef roleURI="https://taxonomy.globalreporting.org/gri-sustainability-taxonomy/gri_srs/gri_srs_role/role_gri_2_7_A_D" xlink:type="simple" xlink:href="role_gri_srs_2025-06-23.xsd#role_gri_2_7_A_D" />
  <link:roleRef roleURI="https://taxonomy.globalreporting.org/gri-sustainability-taxonomy/gri_srs/gri_srs_role/role_gri_2_7_B" xlink:type="simple" xlink:href="role_gri_srs_2025-06-23.xsd#role_gri_2_7_B" />
  <link:roleRef roleURI="https://taxonomy.globalreporting.org/gri-sustainability-taxonomy/gri_srs/gri_srs_role/role_gri_2_7_B_D" xlink:type="simple" xlink:href="role_gri_srs_2025-06-23.xsd#role_gri_2_7_B_D" />
  <!-- ArcRole Ref -->
  <link:arcroleRef arcroleURI="http://xbrl.org/int/dim/arcrole/all" xlink:type="simple" xlink:href="http://www.xbrl.org/2005/xbrldt-2005.xsd#all" />
  <link:arcroleRef arcroleURI="http://xbrl.org/int/dim/arcrole/dimension-domain" xlink:type="simple" xlink:href="http://www.xbrl.org/2005/xbrldt-2005.xsd#dimension-domain" />
  <link:arcroleRef arcroleURI="http://xbrl.org/int/dim/arcrole/domain-member" xlink:type="simple" xlink:href="http://www.xbrl.org/2005/xbrldt-2005.xsd#domain-member" />
  <link:arcroleRef arcroleURI="http://xbrl.org/int/dim/arcrole/hypercube-dimension" xlink:type="simple" xlink:href="http://www.xbrl.org/2005/xbrldt-2005.xsd#hypercube-dimension" />
  <link:definitionLink xlink:type="extended" xlink:role="https://taxonomy.globalreporting.org/gri-sustainability-taxonomy/gri_srs/gri_srs_role/role_gri_2_19">
    <link:loc xlink:type="locator" xlink:href="../core/gri_srs_core_2025-06-23.xsd#gri_DisclosureOfRemunerationPoliciesAbstract" xlink:label="loc_gri_DisclosureOfRemunerationPoliciesAbstract" />
    <link:loc xlink:type="locator" xlink:href="../core/gri_srs_core_2025-06-23.xsd#gri_RemunerationPoliciesTable" xlink:label="loc_gri_RemunerationPoliciesTable" />
    <link:definitionArc xlink:type="arc" xlink:arcrole="http://xbrl.org/int/dim/arcrole/all" xlink:from="loc_gri_DisclosureOfRemunerationPoliciesAbstract" xlink:to="loc_gri_RemunerationPoliciesTable" order="1.0" xbrldt:contextElement="scenario" xbrldt:closed="false" use="optional" />
    <link:loc xlink:type="locator" xlink:href="../core/gri_srs_core_2025-06-23.xsd#gri_AuthorityMembersAxis" xlink:label="loc_gri_AuthorityMembersAxis" />
    <link:definitionArc xlink:type="arc" xlink:arcrole="http://xbrl.org/int/dim/arcrole/hypercube-dimension" xlink:from="loc_gri_RemunerationPoliciesTable" xlink:to="loc_gri_AuthorityMembersAxis" order="1.0" use="optional" />
    <link:loc xlink:type="locator" xlink:href="../core/gri_srs_core_2025-06-23.xsd#gri_AuthorityMembersDomain" xlink:label="loc_gri_AuthorityMembersDomain" />
    <link:definitionArc xlink:type="arc" xlink:arcrole="http://xbrl.org/int/dim/arcrole/dimension-domain" xlink:from="loc_gri_AuthorityMembersAxis" xlink:to="loc_gri_AuthorityMembersDomain" order="1.0" use="optional" />
    <link:loc xlink:type="locator" xlink:href="../core/gri_srs_core_2025-06-23.xsd#gri_HighestGovernanceBodyMember" xlink:label="loc_gri_HighestGovernanceBodyMember" />
    <link:definitionArc xlink:type="arc" xlink:arcrole="http://xbrl.org/int/dim/arcrole/domain-member" xlink:from="loc_gri_AuthorityMembersDomain" xlink:to="loc_gri_HighestGovernanceBodyMember" order="1.0" use="optional" />
    <link:loc xlink:type="locator" xlink:href="../core/gri_srs_core_2025-06-23.xsd#gri_SeniorExecutivesMember" xlink:label="loc_gri_SeniorExecutivesMember" />
    <link:definitionArc xlink:type="arc" xlink:arcrole="http://xbrl.org/int/dim/arcrole/domain-member" xlink:from="loc_gri_AuthorityMembersDomain" xlink:to="loc_gri_SeniorExecutivesMember" order="2.0" use="optional" />
    <link:loc xlink:type="locator" xlink:href="../core/gri_srs_core_2025-06-23.xsd#gri_RemunerationPoliciesLineItems" xlink:label="loc_gri_RemunerationPoliciesLineItems" />
    <link:definitionArc xlink:type="arc" xlink:arcrole="http://xbrl.org/int/dim/arcrole/domain-member" xlink:from="loc_gri_DisclosureOfRemunerationPoliciesAbstract" xlink:to="loc_gri_RemunerationPoliciesLineItems" order="2.0" use="optional" />
    <link:loc xlink:type="locator" xlink:href="../core/gri_srs_core_2025-06-23.xsd#gri_DescriptionOfRemunerationPoliciesTextBlock" xlink:label="loc_gri_DescriptionOfRemunerationPoliciesTextBlock" />
    <link:definitionArc xlink:type="arc" xlink:arcrole="http://xbrl.org/int/dim/arcrole/domain-member" xlink:from="loc_gri_RemunerationPoliciesLineItems" xlink:to="loc_gri_DescriptionOfRemunerationPoliciesTextBlock" order="1.0" use="optional" />
    <link:loc xlink:type="locator" xlink:href="../core/gri_srs_core_2025-06-23.xsd#gri_ReasonForOmissionRelatedToDescriptionOfRemunerationPolicies" xlink:label="loc_gri_ReasonForOmissionRelatedToDescriptionOfRemunerationPolicies" />
    <link:definitionArc xlink:type="arc" xlink:arcrole="http://xbrl.org/int/dim/arcrole/domain-member" xlink:from="loc_gri_DescriptionOfRemunerationPoliciesTextBlock" xlink:to="loc_gri_ReasonForOmissionRelatedToDescriptionOfRemunerationPolicies" order="1.0" use="optional" />
    <link:loc xlink:type="locator" xlink:href="../core/gri_srs_core_2025-06-23.xsd#gri_ExplanationForReasonForOmissionRelatedToDescriptionOfRemunerationPoliciesTextBlock" xlink:label="loc_gri_ExplanationForReasonForOmissionRelatedToDescriptionOfRemunerationPoliciesTextBlock" />
    <link:definitionArc xlink:type="arc" xlink:arcrole="http://xbrl.org/int/dim/arcrole/domain-member" xlink:from="loc_gri_DescriptionOfRemunerationPoliciesTextBlock" xlink:to="loc_gri_ExplanationForReasonForOmissionRelatedToDescriptionOfRemunerationPoliciesTextBlock" order="2.0" use="optional" />
    <link:loc xlink:type="locator" xlink:href="../core/gri_srs_core_2025-06-23.xsd#gri_DescriptionOfRemunerationPoliciesForFixedPayAndVariablePayTextBlock" xlink:label="loc_gri_DescriptionOfRemunerationPoliciesForFixedPayAndVariablePayTextBlock" />
    <link:definitionArc xlink:type="arc" xlink:arcrole="http://xbrl.org/int/dim/arcrole/domain-member" xlink:from="loc_gri_DescriptionOfRemunerationPoliciesTextBlock" xlink:to="loc_gri_DescriptionOfRemunerationPoliciesForFixedPayAndVariablePayTextBlock" order="3.0" use="optional" />
    <link:loc xlink:type="locator" xlink:href="../core/gri_srs_core_2025-06-23.xsd#gri_ReasonForOmissionRelatedToDescriptionOfRemunerationPoliciesForFixedPayAndVariablePay" xlink:label="loc_gri_ReasonForOmissionRelatedToDescriptionOfRemunerationPoliciesForFixedPayAndVariablePay" />
    <link:definitionArc xlink:type="arc" xlink:arcrole="http://xbrl.org/int/dim/arcrole/domain-member" xlink:from="loc_gri_DescriptionOfRemunerationPoliciesForFixedPayAndVariablePayTextBlock" xlink:to="loc_gri_ReasonForOmissionRelatedToDescriptionOfRemunerationPoliciesForFixedPayAndVariablePay" order="1.0" use="optional" />
    <link:loc xlink:type="locator" xlink:href="../core/gri_srs_core_2025-06-23.xsd#gri_ExplanationForReasonForOmissionRelatedToDescriptionOfRemunerationPoliciesForFixedPayAndVariablePayTextBlock" xlink:label="loc_gri_ExplanationForReasonForOmissionRelatedToDescriptionOfRemunerationPoliciesForFixedPayAndVariablePayTextBlock" />
    <link:definitionArc xlink:type="arc" xlink:arcrole="http://xbrl.org/int/dim/arcrole/domain-member" xlink:from="loc_gri_DescriptionOfRemunerationPoliciesForFixedPayAndVariablePayTextBlock" xlink:to="loc_gri_ExplanationForReasonForOmissionRelatedToDescriptionOfRemunerationPoliciesForFixedPayAndVariablePayTextBlock" order="2.0" use="optional" />
    <link:loc xlink:type="locator" xlink:href="../core/gri_srs_core_2025-06-23.xsd#gri_DescriptionOfRemunerationPoliciesForSignOnBonusesOrRecruitmentIncentivePaymentsTextBlock" xlink:label="loc_gri_DescriptionOfRemunerationPoliciesForSignOnBonusesOrRecruitmentIncentivePaymentsTextBlock" />
    <link:definitionArc xlink:type="arc" xlink:arcrole="http://xbrl.org/int/dim/arcrole/domain-member" xlink:from="loc_gri_DescriptionOfRemunerationPoliciesTextBlock" xlink:to="loc_gri_DescriptionOfRemunerationPoliciesForSignOnBonusesOrRecruitmentIncentivePaymentsTextBlock" order="4.0" use="optional" />
    <link:loc xlink:type="locator" xlink:href="../core/gri_srs_core_2025-06-23.xsd#gri_ReasonForOmissionRelatedToDescriptionOfRemunerationPoliciesForSignOnBonusesOrRecruitmentIncentivePayments" xlink:label="loc_gri_ReasonForOmissionRelatedToDescriptionOfRemunerationPoliciesForSignOnBonusesOrRecruitmentIncentivePayments" />
    <link:definitionArc xlink:type="arc" xlink:arcrole="http://xbrl.org/int/dim/arcrole/domain-member" xlink:from="loc_gri_DescriptionOfRemunerationPoliciesForSignOnBonusesOrRecruitmentIncentivePaymentsTextBlock" xlink:to="loc_gri_ReasonForOmissionRelatedToDescriptionOfRemunerationPoliciesForSignOnBonusesOrRecruitmentIncentivePayments" order="1.0" use="optional" />
    <link:loc xlink:type="locator" xlink:href="../core/gri_srs_core_2025-06-23.xsd#gri_ExplanationForReasonForOmissionRelatedToDescriptionOfRemunerationPoliciesForSignOnBonusesOrRecruitmentIncentivePaymentsTextBlock" xlink:label="loc_gri_ExplanationForReasonForOmissionRelatedToDescriptionOfRemunerationPoliciesForSignOnBonusesOrRecruitmentIncentivePaymentsTextBlock" />
    <link:definitionArc xlink:type="arc" xlink:arcrole="http://xbrl.org/int/dim/arcrole/domain-member" xlink:from="loc_gri_DescriptionOfRemunerationPoliciesForSignOnBonusesOrRecruitmentIncentivePaymentsTextBlock" xlink:to="loc_gri_ExplanationForReasonForOmissionRelatedToDescriptionOfRemunerationPoliciesForSignOnBonusesOrRecruitmentIncentivePaymentsTextBlock" order="2.0" use="optional" />
    <link:loc xlink:type="locator" xlink:href="../core/gri_srs_core_2025-06-23.xsd#gri_DescriptionOfRemunerationPoliciesForTerminationPaymentsTextBlock" xlink:label="loc_gri_DescriptionOfRemunerationPoliciesForTerminationPaymentsTextBlock" />
    <link:definitionArc xlink:type="arc" xlink:arcrole="http://xbrl.org/int/dim/arcrole/domain-member" xlink:from="loc_gri_DescriptionOfRemunerationPoliciesTextBlock" xlink:to="loc_gri_DescriptionOfRemunerationPoliciesForTerminationPaymentsTextBlock" order="5.0" use="optional" />
    <link:loc xlink:type="locator" xlink:href="../core/gri_srs_core_2025-06-23.xsd#gri_ReasonForOmissionRelatedToDescriptionOfRemunerationPoliciesForTerminationPayments" xlink:label="loc_gri_ReasonForOmissionRelatedToDescriptionOfRemunerationPoliciesForTerminationPayments" />
    <link:definitionArc xlink:type="arc" xlink:arcrole="http://xbrl.org/int/dim/arcrole/domain-member" xlink:from="loc_gri_DescriptionOfRemunerationPoliciesForTerminationPaymentsTextBlock" xlink:to="loc_gri_ReasonForOmissionRelatedToDescriptionOfRemunerationPoliciesForTerminationPayments" order="1.0" use="optional" />
    <link:loc xlink:type="locator" xlink:href="../core/gri_srs_core_2025-06-23.xsd#gri_ExplanationForReasonForOmissionRelatedToDescriptionOfRemunerationPoliciesForTerminationPaymentsTextBlock" xlink:label="loc_gri_ExplanationForReasonForOmissionRelatedToDescriptionOfRemunerationPoliciesForTerminationPaymentsTextBlock" />
    <link:definitionArc xlink:type="arc" xlink:arcrole="http://xbrl.org/int/dim/arcrole/domain-member" xlink:from="loc_gri_DescriptionOfRemunerationPoliciesForTerminationPaymentsTextBlock" xlink:to="loc_gri_ExplanationForReasonForOmissionRelatedToDescriptionOfRemunerationPoliciesForTerminationPaymentsTextBlock" order="2.0" use="optional" />
    <link:loc xlink:type="locator" xlink:href="../core/gri_srs_core_2025-06-23.xsd#gri_DescriptionOfRemunerationPoliciesForClawbacksTextBlock" xlink:label="loc_gri_DescriptionOfRemunerationPoliciesForClawbacksTextBlock" />
    <link:definitionArc xlink:type="arc" xlink:arcrole="http://xbrl.org/int/dim/arcrole/domain-member" xlink:from="loc_gri_DescriptionOfRemunerationPoliciesTextBlock" xlink:to="loc_gri_DescriptionOfRemunerationPoliciesForClawbacksTextBlock" order="6.0" use="optional" />
    <link:loc xlink:type="locator" xlink:href="../core/gri_srs_core_2025-06-23.xsd#gri_ReasonForOmissionRelatedToDescriptionOfRemunerationPoliciesForClawbacks" xlink:label="loc_gri_ReasonForOmissionRelatedToDescriptionOfRemunerationPoliciesForClawbacks" />
    <link:definitionArc xlink:type="arc" xlink:arcrole="http://xbrl.org/int/dim/arcrole/domain-member" xlink:from="loc_gri_DescriptionOfRemunerationPoliciesForClawbacksTextBlock" xlink:to="loc_gri_ReasonForOmissionRelatedToDescriptionOfRemunerationPoliciesForClawbacks" order="1.0" use="optional" />
    <link:loc xlink:type="locator" xlink:href="../core/gri_srs_core_2025-06-23.xsd#gri_ExplanationForReasonForOmissionRelatedToDescriptionOfRemunerationPoliciesForClawbacksTextBlock" xlink:label="loc_gri_ExplanationForReasonForOmissionRelatedToDescriptionOfRemunerationPoliciesForClawbacksTextBlock" />
    <link:definitionArc xlink:type="arc" xlink:arcrole="http://xbrl.org/int/dim/arcrole/domain-member" xlink:from="loc_gri_DescriptionOfRemunerationPoliciesForClawbacksTextBlock" xlink:to="loc_gri_ExplanationForReasonForOmissionRelatedToDescriptionOfRemunerationPoliciesForClawbacksTextBlock" order="2.0" use="optional" />
    <link:loc xlink:type="locator" xlink:href="../core/gri_srs_core_2025-06-23.xsd#gri_DescriptionOfRemunerationPoliciesForRetirementBenefitsTextBlock" xlink:label="loc_gri_DescriptionOfRemunerationPoliciesForRetirementBenefitsTextBlock" />
    <link:definitionArc xlink:type="arc" xlink:arcrole="http://xbrl.org/int/dim/arcrole/domain-member" xlink:from="loc_gri_DescriptionOfRemunerationPoliciesTextBlock" xlink:to="loc_gri_DescriptionOfRemunerationPoliciesForRetirementBenefitsTextBlock" order="7.0" use="optional" />
    <link:loc xlink:type="locator" xlink:href="../core/gri_srs_core_2025-06-23.xsd#gri_ReasonForOmissionRelatedToDescriptionOfRemunerationPoliciesForRetirementBenefits" xlink:label="loc_gri_ReasonForOmissionRelatedToDescriptionOfRemunerationPoliciesForRetirementBenefits" />
    <link:definitionArc xlink:type="arc" xlink:arcrole="http://xbrl.org/int/dim/arcrole/domain-member" xlink:from="loc_gri_DescriptionOfRemunerationPoliciesForRetirementBenefitsTextBlock" xlink:to="loc_gri_ReasonForOmissionRelatedToDescriptionOfRemunerationPoliciesForRetirementBenefits" order="1.0" use="optional" />
    <link:loc xlink:type="locator" xlink:href="../core/gri_srs_core_2025-06-23.xsd#gri_ExplanationForReasonForOmissionRelatedToDescriptionOfRemunerationPoliciesForRetirementBenefitsTextBlock" xlink:label="loc_gri_ExplanationForReasonForOmissionRelatedToDescriptionOfRemunerationPoliciesForRetirementBenefitsTextBlock" />
    <link:definitionArc xlink:type="arc" xlink:arcrole="http://xbrl.org/int/dim/arcrole/domain-member" xlink:from="loc_gri_DescriptionOfRemunerationPoliciesForRetirementBenefitsTextBlock" xlink:to="loc_gri_ExplanationForReasonForOmissionRelatedToDescriptionOfRemunerationPoliciesForRetirementBenefitsTextBlock" order="2.0" use="optional" />
    <link:loc xlink:type="locator" xlink:href="../core/gri_srs_core_2025-06-23.xsd#gri_DescriptionOfHowRemunerationPoliciesRelateToTheirObjectivesAndPerformanceInRelationToManagementOfOrganizationsImpactsTextBlock" xlink:label="loc_gri_DescriptionOfHowRemunerationPoliciesRelateToTheirObjectivesAndPerformanceInRelationToManagementOfOrganizationsImpactsTextBlock" />
    <link:definitionArc xlink:type="arc" xlink:arcrole="http://xbrl.org/int/dim/arcrole/domain-member" xlink:from="loc_gri_RemunerationPoliciesLineItems" xlink:to="loc_gri_DescriptionOfHowRemunerationPoliciesRelateToTheirObjectivesAndPerformanceInRelationToManagementOfOrganizationsImpactsTextBlock" order="2.0" use="optional" />
    <link:loc xlink:type="locator" xlink:href="../core/gri_srs_core_2025-06-23.xsd#gri_ReasonForOmissionRelatedToDescriptionOfHowRemunerationPoliciesRelateToTheirObjectivesAndPerformanceInRelationToManagementOfOrganizationsImpacts" xlink:label="loc_gri_ReasonForOmissionRelatedToDescriptionOfHowRemunerationPoliciesRelateToTheirObjectivesAndPerformanceInRelationToManagementOfOrganizationsImpacts" />
    <link:definitionArc xlink:type="arc" xlink:arcrole="http://xbrl.org/int/dim/arcrole/domain-member" xlink:from="loc_gri_DescriptionOfHowRemunerationPoliciesRelateToTheirObjectivesAndPerformanceInRelationToManagementOfOrganizationsImpactsTextBlock" xlink:to="loc_gri_ReasonForOmissionRelatedToDescriptionOfHowRemunerationPoliciesRelateToTheirObjectivesAndPerformanceInRelationToManagementOfOrganizationsImpacts" order="1.0" use="optional" />
    <link:loc xlink:type="locator" xlink:href="../core/gri_srs_core_2025-06-23.xsd#gri_ExplanationForReasonForOmissionRelatedToDescriptionOfHowRemunerationPoliciesRelateToTheirObjectivesAndPerformanceInRelationToManagementOfOrganizationsImpactsTextBlock" xlink:label="loc_gri_ExplanationForReasonForOmissionRelatedToDescriptionOfHowRemunerationPoliciesRelateToTheirObjectivesAndPerformanceInRelationToManagementOfOrganizationsImpactsTextBlock" />
    <link:definitionArc xlink:type="arc" xlink:arcrole="http://xbrl.org/int/dim/arcrole/domain-member" xlink:from="loc_gri_DescriptionOfHowRemunerationPoliciesRelateToTheirObjectivesAndPerformanceInRelationToManagementOfOrganizationsImpactsTextBlock" xlink:to="loc_gri_ExplanationForReasonForOmissionRelatedToDescriptionOfHowRemunerationPoliciesRelateToTheirObjectivesAndPerformanceInRelationToManagementOfOrganizationsImpactsTextBlock" order="2.0" use="optional" />
  </link:definitionLink>
  <link:definitionLink xlink:type="extended" xlink:role="https://taxonomy.globalreporting.org/gri-sustainability-taxonomy/gri_srs/gri_srs_role/role_gri_2_4">
    <link:loc xlink:type="locator" xlink:href="../core/gri_srs_core_2025-06-23.xsd#gri_DisclosureOfRestatementsOfInformationAbstract" xlink:label="loc_gri_DisclosureOfRestatementsOfInformationAbstract" />
    <link:loc xlink:type="locator" xlink:href="../core/gri_srs_core_2025-06-23.xsd#gri_RestatementsOfInformationTable" xlink:label="loc_gri_RestatementsOfInformationTable" />
    <link:definitionArc xlink:type="arc" xlink:arcrole="http://xbrl.org/int/dim/arcrole/all" xlink:from="loc_gri_DisclosureOfRestatementsOfInformationAbstract" xlink:to="loc_gri_RestatementsOfInformationTable" order="1.0" xbrldt:contextElement="scenario" xbrldt:closed="false" use="optional" />
    <link:loc xlink:type="locator" xlink:href="../core/gri_srs_core_2025-06-23.xsd#gri_RestatementAxis" xlink:label="loc_gri_RestatementAxis" />
    <link:definitionArc xlink:type="arc" xlink:arcrole="http://xbrl.org/int/dim/arcrole/hypercube-dimension" xlink:from="loc_gri_RestatementsOfInformationTable" xlink:to="loc_gri_RestatementAxis" order="1.0" use="optional" />
    <link:loc xlink:type="locator" xlink:href="../core/gri_srs_core_2025-06-23.xsd#gri_RestatementsOfInformationLineItems" xlink:label="loc_gri_RestatementsOfInformationLineItems" />
    <link:definitionArc xlink:type="arc" xlink:arcrole="http://xbrl.org/int/dim/arcrole/domain-member" xlink:from="loc_gri_DisclosureOfRestatementsOfInformationAbstract" xlink:to="loc_gri_RestatementsOfInformationLineItems" order="2.0" use="optional" />
    <link:loc xlink:type="locator" xlink:href="../core/gri_srs_core_2025-06-23.xsd#gri_ExplanationOfRestatementsOfInformationMadeFromPreviousReportingPeriodsTextBlock" xlink:label="loc_gri_ExplanationOfRestatementsOfInformationMadeFromPreviousReportingPeriodsTextBlock" />
    <link:definitionArc xlink:type="arc" xlink:arcrole="http://xbrl.org/int/dim/arcrole/domain-member" xlink:from="loc_gri_RestatementsOfInformationLineItems" xlink:to="loc_gri_ExplanationOfRestatementsOfInformationMadeFromPreviousReportingPeriodsTextBlock" order="1.0" use="optional" />
    <link:loc xlink:type="locator" xlink:href="../core/gri_srs_core_2025-06-23.xsd#gri_ExplanationOfReasonsForRestatementsTextBlock" xlink:label="loc_gri_ExplanationOfReasonsForRestatementsTextBlock" />
    <link:definitionArc xlink:type="arc" xlink:arcrole="http://xbrl.org/int/dim/arcrole/domain-member" xlink:from="loc_gri_ExplanationOfRestatementsOfInformationMadeFromPreviousReportingPeriodsTextBlock" xlink:to="loc_gri_ExplanationOfReasonsForRestatementsTextBlock" order="1.0" use="optional" />
    <link:loc xlink:type="locator" xlink:href="../core/gri_srs_core_2025-06-23.xsd#gri_ExplanationOfEffectOfRestatementsTextBlock" xlink:label="loc_gri_ExplanationOfEffectOfRestatementsTextBlock" />
    <link:definitionArc xlink:type="arc" xlink:arcrole="http://xbrl.org/int/dim/arcrole/domain-member" xlink:from="loc_gri_ExplanationOfRestatementsOfInformationMadeFromPreviousReportingPeriodsTextBlock" xlink:to="loc_gri_ExplanationOfEffectOfRestatementsTextBlock" order="2.0" use="optional" />
  </link:definitionLink>
  <link:definitionLink xlink:type="extended" xlink:role="https://taxonomy.globalreporting.org/gri-sustainability-taxonomy/gri_srs/gri_srs_role/role_gri_2_4_D">
    <link:loc xlink:type="locator" xlink:href="../core/gri_srs_core_2025-06-23.xsd#gri_DisclosureOfRestatementsOfInformationAbstract" xlink:label="loc_gri_DisclosureOfRestatementsOfInformationAbstract" />
    <link:loc xlink:type="locator" xlink:href="../core/gri_srs_core_2025-06-23.xsd#gri_RestatementsOfInformationTable" xlink:label="loc_gri_RestatementsOfInformationTable" />
    <link:definitionArc xlink:type="arc" xlink:arcrole="http://xbrl.org/int/dim/arcrole/all" xlink:from="loc_gri_DisclosureOfRestatementsOfInformationAbstract" xlink:to="loc_gri_RestatementsOfInformationTable" order="1.0" xbrldt:contextElement="scenario" xbrldt:closed="false" use="optional" />
    <link:loc xlink:type="locator" xlink:href="../core/gri_srs_core_2025-06-23.xsd#gri_RestatementsOfInformationLineItems" xlink:label="loc_gri_RestatementsOfInformationLineItems" />
    <link:definitionArc xlink:type="arc" xlink:arcrole="http://xbrl.org/int/dim/arcrole/domain-member" xlink:from="loc_gri_DisclosureOfRestatementsOfInformationAbstract" xlink:to="loc_gri_RestatementsOfInformationLineItems" order="2.0" use="optional" />
    <link:loc xlink:type="locator" xlink:href="../core/gri_srs_core_2025-06-23.xsd#gri_ExplanationOfRestatementsOfInformationMadeFromPreviousReportingPeriodsTextBlock" xlink:label="loc_gri_ExplanationOfRestatementsOfInformationMadeFromPreviousReportingPeriodsTextBlock" />
    <link:definitionArc xlink:type="arc" xlink:arcrole="http://xbrl.org/int/dim/arcrole/domain-member" xlink:from="loc_gri_RestatementsOfInformationLineItems" xlink:to="loc_gri_ExplanationOfRestatementsOfInformationMadeFromPreviousReportingPeriodsTextBlock" order="1.0" use="optional" />
    <link:loc xlink:type="locator" xlink:href="../core/gri_srs_core_2025-06-23.xsd#gri_ExplanationOfReasonsForRestatementsTextBlock" xlink:label="loc_gri_ExplanationOfReasonsForRestatementsTextBlock" />
    <link:definitionArc xlink:type="arc" xlink:arcrole="http://xbrl.org/int/dim/arcrole/domain-member" xlink:from="loc_gri_ExplanationOfRestatementsOfInformationMadeFromPreviousReportingPeriodsTextBlock" xlink:to="loc_gri_ExplanationOfReasonsForRestatementsTextBlock" order="1.0" use="optional" />
    <link:loc xlink:type="locator" xlink:href="../core/gri_srs_core_2025-06-23.xsd#gri_ExplanationOfEffectOfRestatementsTextBlock" xlink:label="loc_gri_ExplanationOfEffectOfRestatementsTextBlock" />
    <link:definitionArc xlink:type="arc" xlink:arcrole="http://xbrl.org/int/dim/arcrole/domain-member" xlink:from="loc_gri_ExplanationOfRestatementsOfInformationMadeFromPreviousReportingPeriodsTextBlock" xlink:to="loc_gri_ExplanationOfEffectOfRestatementsTextBlock" order="2.0" use="optional" />
  </link:definitionLink>
  <link:definitionLink xlink:type="extended" xlink:role="https://taxonomy.globalreporting.org/gri-sustainability-taxonomy/gri_srs/gri_srs_role/role_gri_2_7_A">
    <link:loc xlink:type="locator" xlink:href="../core/gri_srs_core_2025-06-23.xsd#gri_DisclosureOfEmployeesBreakdownByGenderAbstract" xlink:label="loc_gri_DisclosureOfEmployeesBreakdownByGenderAbstract" />
    <link:loc xlink:type="locator" xlink:href="../core/gri_srs_core_2025-06-23.xsd#gri_EmployeesBreakdownByGenderTable" xlink:label="loc_gri_EmployeesBreakdownByGenderTable" />
    <link:definitionArc xlink:type="arc" xlink:arcrole="http://xbrl.org/int/dim/arcrole/all" xlink:from="loc_gri_DisclosureOfEmployeesBreakdownByGenderAbstract" xlink:to="loc_gri_EmployeesBreakdownByGenderTable" order="1.0" xbrldt:contextElement="scenario" xbrldt:closed="false" use="optional" />
    <link:loc xlink:type="locator" xlink:href="../core/gri_srs_core_2025-06-23.xsd#gri_GenderAxis" xlink:label="loc_gri_GenderAxis" />
    <link:definitionArc xlink:type="arc" xlink:arcrole="http://xbrl.org/int/dim/arcrole/hypercube-dimension" xlink:from="loc_gri_EmployeesBreakdownByGenderTable" xlink:to="loc_gri_GenderAxis" order="1.0" use="optional" />
    <link:loc xlink:type="locator" xlink:href="../core/gri_srs_core_2025-06-23.xsd#gri_EmployeesBreakdownByGenderLineItems" xlink:label="loc_gri_EmployeesBreakdownByGenderLineItems" />
    <link:definitionArc xlink:type="arc" xlink:arcrole="http://xbrl.org/int/dim/arcrole/domain-member" xlink:from="loc_gri_DisclosureOfEmployeesBreakdownByGenderAbstract" xlink:to="loc_gri_EmployeesBreakdownByGenderLineItems" order="2.0" use="optional" />
    <link:loc xlink:type="locator" xlink:href="../core/gri_srs_core_2025-06-23.xsd#gri_TotalNumberOfEmployees" xlink:label="loc_gri_TotalNumberOfEmployees" />
    <link:definitionArc xlink:type="arc" xlink:arcrole="http://xbrl.org/int/dim/arcrole/domain-member" xlink:from="loc_gri_EmployeesBreakdownByGenderLineItems" xlink:to="loc_gri_TotalNumberOfEmployees" order="1.0" use="optional" />
    <link:loc xlink:type="locator" xlink:href="../core/gri_srs_core_2025-06-23.xsd#gri_ReasonForOmissionRelatedToTotalNumberOfEmployees" xlink:label="loc_gri_ReasonForOmissionRelatedToTotalNumberOfEmployees" />
    <link:definitionArc xlink:type="arc" xlink:arcrole="http://xbrl.org/int/dim/arcrole/domain-member" xlink:from="loc_gri_TotalNumberOfEmployees" xlink:to="loc_gri_ReasonForOmissionRelatedToTotalNumberOfEmployees" order="1.0" use="optional" />
    <link:loc xlink:type="locator" xlink:href="../core/gri_srs_core_2025-06-23.xsd#gri_ExplanationForReasonForOmissionRelatedToTotalNumberOfEmployeesTextBlock" xlink:label="loc_gri_ExplanationForReasonForOmissionRelatedToTotalNumberOfEmployeesTextBlock" />
    <link:definitionArc xlink:type="arc" xlink:arcrole="http://xbrl.org/int/dim/arcrole/domain-member" xlink:from="loc_gri_TotalNumberOfEmployees" xlink:to="loc_gri_ExplanationForReasonForOmissionRelatedToTotalNumberOfEmployeesTextBlock" order="2.0" use="optional" />
    <link:loc xlink:type="locator" xlink:href="../core/gri_srs_core_2025-06-23.xsd#gri_TotalNumberOfPermanentEmployees" xlink:label="loc_gri_TotalNumberOfPermanentEmployees" />
    <link:definitionArc xlink:type="arc" xlink:arcrole="http://xbrl.org/int/dim/arcrole/domain-member" xlink:from="loc_gri_EmployeesBreakdownByGenderLineItems" xlink:to="loc_gri_TotalNumberOfPermanentEmployees" order="2.0" use="optional" />
    <link:loc xlink:type="locator" xlink:href="../core/gri_srs_core_2025-06-23.xsd#gri_ReasonForOmissionRelatedToTotalNumberOfPermanentEmployees" xlink:label="loc_gri_ReasonForOmissionRelatedToTotalNumberOfPermanentEmployees" />
    <link:definitionArc xlink:type="arc" xlink:arcrole="http://xbrl.org/int/dim/arcrole/domain-member" xlink:from="loc_gri_TotalNumberOfPermanentEmployees" xlink:to="loc_gri_ReasonForOmissionRelatedToTotalNumberOfPermanentEmployees" order="1.0" use="optional" />
    <link:loc xlink:type="locator" xlink:href="../core/gri_srs_core_2025-06-23.xsd#gri_ExplanationForReasonForOmissionRelatedToTotalNumberOfPermanentEmployeesTextBlock" xlink:label="loc_gri_ExplanationForReasonForOmissionRelatedToTotalNumberOfPermanentEmployeesTextBlock" />
    <link:definitionArc xlink:type="arc" xlink:arcrole="http://xbrl.org/int/dim/arcrole/domain-member" xlink:from="loc_gri_TotalNumberOfPermanentEmployees" xlink:to="loc_gri_ExplanationForReasonForOmissionRelatedToTotalNumberOfPermanentEmployeesTextBlock" order="2.0" use="optional" />
    <link:loc xlink:type="locator" xlink:href="../core/gri_srs_core_2025-06-23.xsd#gri_TotalNumberOfTemporaryEmployees" xlink:label="loc_gri_TotalNumberOfTemporaryEmployees" />
    <link:definitionArc xlink:type="arc" xlink:arcrole="http://xbrl.org/int/dim/arcrole/domain-member" xlink:from="loc_gri_EmployeesBreakdownByGenderLineItems" xlink:to="loc_gri_TotalNumberOfTemporaryEmployees" order="3.0" use="optional" />
    <link:loc xlink:type="locator" xlink:href="../core/gri_srs_core_2025-06-23.xsd#gri_ReasonForOmissionRelatedToTotalNumberOfTemporaryEmployees" xlink:label="loc_gri_ReasonForOmissionRelatedToTotalNumberOfTemporaryEmployees" />
    <link:definitionArc xlink:type="arc" xlink:arcrole="http://xbrl.org/int/dim/arcrole/domain-member" xlink:from="loc_gri_TotalNumberOfTemporaryEmployees" xlink:to="loc_gri_ReasonForOmissionRelatedToTotalNumberOfTemporaryEmployees" order="1.0" use="optional" />
    <link:loc xlink:type="locator" xlink:href="../core/gri_srs_core_2025-06-23.xsd#gri_ExplanationForReasonForOmissionRelatedToTotalNumberOfTemporaryEmployeesTextBlock" xlink:label="loc_gri_ExplanationForReasonForOmissionRelatedToTotalNumberOfTemporaryEmployeesTextBlock" />
    <link:definitionArc xlink:type="arc" xlink:arcrole="http://xbrl.org/int/dim/arcrole/domain-member" xlink:from="loc_gri_TotalNumberOfTemporaryEmployees" xlink:to="loc_gri_ExplanationForReasonForOmissionRelatedToTotalNumberOfTemporaryEmployeesTextBlock" order="2.0" use="optional" />
    <link:loc xlink:type="locator" xlink:href="../core/gri_srs_core_2025-06-23.xsd#gri_TotalNumberOfNonGuaranteedHoursEmployees" xlink:label="loc_gri_TotalNumberOfNonGuaranteedHoursEmployees" />
    <link:definitionArc xlink:type="arc" xlink:arcrole="http://xbrl.org/int/dim/arcrole/domain-member" xlink:from="loc_gri_EmployeesBreakdownByGenderLineItems" xlink:to="loc_gri_TotalNumberOfNonGuaranteedHoursEmployees" order="4.0" use="optional" />
    <link:loc xlink:type="locator" xlink:href="../core/gri_srs_core_2025-06-23.xsd#gri_ReasonForOmissionRelatedToTotalNumberOfNonGuaranteedHoursEmployees" xlink:label="loc_gri_ReasonForOmissionRelatedToTotalNumberOfNonGuaranteedHoursEmployees" />
    <link:definitionArc xlink:type="arc" xlink:arcrole="http://xbrl.org/int/dim/arcrole/domain-member" xlink:from="loc_gri_TotalNumberOfNonGuaranteedHoursEmployees" xlink:to="loc_gri_ReasonForOmissionRelatedToTotalNumberOfNonGuaranteedHoursEmployees" order="1.0" use="optional" />
    <link:loc xlink:type="locator" xlink:href="../core/gri_srs_core_2025-06-23.xsd#gri_ExplanationForReasonForOmissionRelatedToTotalNumberOfNonGuaranteedHoursEmployeesTextBlock" xlink:label="loc_gri_ExplanationForReasonForOmissionRelatedToTotalNumberOfNonGuaranteedHoursEmployeesTextBlock" />
    <link:definitionArc xlink:type="arc" xlink:arcrole="http://xbrl.org/int/dim/arcrole/domain-member" xlink:from="loc_gri_TotalNumberOfNonGuaranteedHoursEmployees" xlink:to="loc_gri_ExplanationForReasonForOmissionRelatedToTotalNumberOfNonGuaranteedHoursEmployeesTextBlock" order="2.0" use="optional" />
    <link:loc xlink:type="locator" xlink:href="../core/gri_srs_core_2025-06-23.xsd#gri_TotalNumberOfFullTimeEmployees" xlink:label="loc_gri_TotalNumberOfFullTimeEmployees" />
    <link:definitionArc xlink:type="arc" xlink:arcrole="http://xbrl.org/int/dim/arcrole/domain-member" xlink:from="loc_gri_EmployeesBreakdownByGenderLineItems" xlink:to="loc_gri_TotalNumberOfFullTimeEmployees" order="5.0" use="optional" />
    <link:loc xlink:type="locator" xlink:href="../core/gri_srs_core_2025-06-23.xsd#gri_ReasonForOmissionRelatedToTotalNumberOfFullTimeEmployees" xlink:label="loc_gri_ReasonForOmissionRelatedToTotalNumberOfFullTimeEmployees" />
    <link:definitionArc xlink:type="arc" xlink:arcrole="http://xbrl.org/int/dim/arcrole/domain-member" xlink:from="loc_gri_TotalNumberOfFullTimeEmployees" xlink:to="loc_gri_ReasonForOmissionRelatedToTotalNumberOfFullTimeEmployees" order="1.0" use="optional" />
    <link:loc xlink:type="locator" xlink:href="../core/gri_srs_core_2025-06-23.xsd#gri_ExplanationForReasonForOmissionRelatedToTotalNumberOfFullTimeEmployeesTextBlock" xlink:label="loc_gri_ExplanationForReasonForOmissionRelatedToTotalNumberOfFullTimeEmployeesTextBlock" />
    <link:definitionArc xlink:type="arc" xlink:arcrole="http://xbrl.org/int/dim/arcrole/domain-member" xlink:from="loc_gri_TotalNumberOfFullTimeEmployees" xlink:to="loc_gri_ExplanationForReasonForOmissionRelatedToTotalNumberOfFullTimeEmployeesTextBlock" order="2.0" use="optional" />
    <link:loc xlink:type="locator" xlink:href="../core/gri_srs_core_2025-06-23.xsd#gri_TotalNumberOfPartTimeEmployees" xlink:label="loc_gri_TotalNumberOfPartTimeEmployees" />
    <link:definitionArc xlink:type="arc" xlink:arcrole="http://xbrl.org/int/dim/arcrole/domain-member" xlink:from="loc_gri_EmployeesBreakdownByGenderLineItems" xlink:to="loc_gri_TotalNumberOfPartTimeEmployees" order="6.0" use="optional" />
    <link:loc xlink:type="locator" xlink:href="../core/gri_srs_core_2025-06-23.xsd#gri_ReasonForOmissionRelatedToTotalNumberOfPartTimeEmployees" xlink:label="loc_gri_ReasonForOmissionRelatedToTotalNumberOfPartTimeEmployees" />
    <link:definitionArc xlink:type="arc" xlink:arcrole="http://xbrl.org/int/dim/arcrole/domain-member" xlink:from="loc_gri_TotalNumberOfPartTimeEmployees" xlink:to="loc_gri_ReasonForOmissionRelatedToTotalNumberOfPartTimeEmployees" order="1.0" use="optional" />
    <link:loc xlink:type="locator" xlink:href="../core/gri_srs_core_2025-06-23.xsd#gri_ExplanationForReasonForOmissionRelatedToTotalNumberOfPartTimeEmployeesTextBlock" xlink:label="loc_gri_ExplanationForReasonForOmissionRelatedToTotalNumberOfPartTimeEmployeesTextBlock" />
    <link:definitionArc xlink:type="arc" xlink:arcrole="http://xbrl.org/int/dim/arcrole/domain-member" xlink:from="loc_gri_TotalNumberOfPartTimeEmployees" xlink:to="loc_gri_ExplanationForReasonForOmissionRelatedToTotalNumberOfPartTimeEmployeesTextBlock" order="2.0" use="optional" />
  </link:definitionLink>
  <link:definitionLink xlink:type="extended" xlink:role="https://taxonomy.globalreporting.org/gri-sustainability-taxonomy/gri_srs/gri_srs_role/role_gri_2_7_A_D">
    <link:loc xlink:type="locator" xlink:href="../core/gri_srs_core_2025-06-23.xsd#gri_DisclosureOfEmployeesBreakdownByGenderAbstract" xlink:label="loc_gri_DisclosureOfEmployeesBreakdownByGenderAbstract" />
    <link:loc xlink:type="locator" xlink:href="../core/gri_srs_core_2025-06-23.xsd#gri_EmployeesBreakdownByGenderTable" xlink:label="loc_gri_EmployeesBreakdownByGenderTable" />
    <link:definitionArc xlink:type="arc" xlink:arcrole="http://xbrl.org/int/dim/arcrole/all" xlink:from="loc_gri_DisclosureOfEmployeesBreakdownByGenderAbstract" xlink:to="loc_gri_EmployeesBreakdownByGenderTable" order="1.0" xbrldt:contextElement="scenario" xbrldt:closed="false" use="optional" />
    <link:loc xlink:type="locator" xlink:href="../core/gri_srs_core_2025-06-23.xsd#gri_EmployeesBreakdownByGenderLineItems" xlink:label="loc_gri_EmployeesBreakdownByGenderLineItems" />
    <link:definitionArc xlink:type="arc" xlink:arcrole="http://xbrl.org/int/dim/arcrole/domain-member" xlink:from="loc_gri_DisclosureOfEmployeesBreakdownByGenderAbstract" xlink:to="loc_gri_EmployeesBreakdownByGenderLineItems" order="2.0" use="optional" />
    <link:loc xlink:type="locator" xlink:href="../core/gri_srs_core_2025-06-23.xsd#gri_TotalNumberOfEmployees" xlink:label="loc_gri_TotalNumberOfEmployees" />
    <link:definitionArc xlink:type="arc" xlink:arcrole="http://xbrl.org/int/dim/arcrole/domain-member" xlink:from="loc_gri_EmployeesBreakdownByGenderLineItems" xlink:to="loc_gri_TotalNumberOfEmployees" order="1.0" use="optional" />
    <link:loc xlink:type="locator" xlink:href="../core/gri_srs_core_2025-06-23.xsd#gri_ReasonForOmissionRelatedToTotalNumberOfEmployees" xlink:label="loc_gri_ReasonForOmissionRelatedToTotalNumberOfEmployees" />
    <link:definitionArc xlink:type="arc" xlink:arcrole="http://xbrl.org/int/dim/arcrole/domain-member" xlink:from="loc_gri_TotalNumberOfEmployees" xlink:to="loc_gri_ReasonForOmissionRelatedToTotalNumberOfEmployees" order="1.0" use="optional" />
    <link:loc xlink:type="locator" xlink:href="../core/gri_srs_core_2025-06-23.xsd#gri_ExplanationForReasonForOmissionRelatedToTotalNumberOfEmployeesTextBlock" xlink:label="loc_gri_ExplanationForReasonForOmissionRelatedToTotalNumberOfEmployeesTextBlock" />
    <link:definitionArc xlink:type="arc" xlink:arcrole="http://xbrl.org/int/dim/arcrole/domain-member" xlink:from="loc_gri_TotalNumberOfEmployees" xlink:to="loc_gri_ExplanationForReasonForOmissionRelatedToTotalNumberOfEmployeesTextBlock" order="2.0" use="optional" />
    <link:loc xlink:type="locator" xlink:href="../core/gri_srs_core_2025-06-23.xsd#gri_TotalNumberOfPermanentEmployees" xlink:label="loc_gri_TotalNumberOfPermanentEmployees" />
    <link:definitionArc xlink:type="arc" xlink:arcrole="http://xbrl.org/int/dim/arcrole/domain-member" xlink:from="loc_gri_EmployeesBreakdownByGenderLineItems" xlink:to="loc_gri_TotalNumberOfPermanentEmployees" order="2.0" use="optional" />
    <link:loc xlink:type="locator" xlink:href="../core/gri_srs_core_2025-06-23.xsd#gri_ReasonForOmissionRelatedToTotalNumberOfPermanentEmployees" xlink:label="loc_gri_ReasonForOmissionRelatedToTotalNumberOfPermanentEmployees" />
    <link:definitionArc xlink:type="arc" xlink:arcrole="http://xbrl.org/int/dim/arcrole/domain-member" xlink:from="loc_gri_TotalNumberOfPermanentEmployees" xlink:to="loc_gri_ReasonForOmissionRelatedToTotalNumberOfPermanentEmployees" order="1.0" use="optional" />
    <link:loc xlink:type="locator" xlink:href="../core/gri_srs_core_2025-06-23.xsd#gri_ExplanationForReasonForOmissionRelatedToTotalNumberOfPermanentEmployeesTextBlock" xlink:label="loc_gri_ExplanationForReasonForOmissionRelatedToTotalNumberOfPermanentEmployeesTextBlock" />
    <link:definitionArc xlink:type="arc" xlink:arcrole="http://xbrl.org/int/dim/arcrole/domain-member" xlink:from="loc_gri_TotalNumberOfPermanentEmployees" xlink:to="loc_gri_ExplanationForReasonForOmissionRelatedToTotalNumberOfPermanentEmployeesTextBlock" order="2.0" use="optional" />
    <link:loc xlink:type="locator" xlink:href="../core/gri_srs_core_2025-06-23.xsd#gri_TotalNumberOfTemporaryEmployees" xlink:label="loc_gri_TotalNumberOfTemporaryEmployees" />
    <link:definitionArc xlink:type="arc" xlink:arcrole="http://xbrl.org/int/dim/arcrole/domain-member" xlink:from="loc_gri_EmployeesBreakdownByGenderLineItems" xlink:to="loc_gri_TotalNumberOfTemporaryEmployees" order="3.0" use="optional" />
    <link:loc xlink:type="locator" xlink:href="../core/gri_srs_core_2025-06-23.xsd#gri_ReasonForOmissionRelatedToTotalNumberOfTemporaryEmployees" xlink:label="loc_gri_ReasonForOmissionRelatedToTotalNumberOfTemporaryEmployees" />
    <link:definitionArc xlink:type="arc" xlink:arcrole="http://xbrl.org/int/dim/arcrole/domain-member" xlink:from="loc_gri_TotalNumberOfTemporaryEmployees" xlink:to="loc_gri_ReasonForOmissionRelatedToTotalNumberOfTemporaryEmployees" order="1.0" use="optional" />
    <link:loc xlink:type="locator" xlink:href="../core/gri_srs_core_2025-06-23.xsd#gri_ExplanationForReasonForOmissionRelatedToTotalNumberOfTemporaryEmployeesTextBlock" xlink:label="loc_gri_ExplanationForReasonForOmissionRelatedToTotalNumberOfTemporaryEmployeesTextBlock" />
    <link:definitionArc xlink:type="arc" xlink:arcrole="http://xbrl.org/int/dim/arcrole/domain-member" xlink:from="loc_gri_TotalNumberOfTemporaryEmployees" xlink:to="loc_gri_ExplanationForReasonForOmissionRelatedToTotalNumberOfTemporaryEmployeesTextBlock" order="2.0" use="optional" />
    <link:loc xlink:type="locator" xlink:href="../core/gri_srs_core_2025-06-23.xsd#gri_TotalNumberOfNonGuaranteedHoursEmployees" xlink:label="loc_gri_TotalNumberOfNonGuaranteedHoursEmployees" />
    <link:definitionArc xlink:type="arc" xlink:arcrole="http://xbrl.org/int/dim/arcrole/domain-member" xlink:from="loc_gri_EmployeesBreakdownByGenderLineItems" xlink:to="loc_gri_TotalNumberOfNonGuaranteedHoursEmployees" order="4.0" use="optional" />
    <link:loc xlink:type="locator" xlink:href="../core/gri_srs_core_2025-06-23.xsd#gri_ReasonForOmissionRelatedToTotalNumberOfNonGuaranteedHoursEmployees" xlink:label="loc_gri_ReasonForOmissionRelatedToTotalNumberOfNonGuaranteedHoursEmployees" />
    <link:definitionArc xlink:type="arc" xlink:arcrole="http://xbrl.org/int/dim/arcrole/domain-member" xlink:from="loc_gri_TotalNumberOfNonGuaranteedHoursEmployees" xlink:to="loc_gri_ReasonForOmissionRelatedToTotalNumberOfNonGuaranteedHoursEmployees" order="1.0" use="optional" />
    <link:loc xlink:type="locator" xlink:href="../core/gri_srs_core_2025-06-23.xsd#gri_ExplanationForReasonForOmissionRelatedToTotalNumberOfNonGuaranteedHoursEmployeesTextBlock" xlink:label="loc_gri_ExplanationForReasonForOmissionRelatedToTotalNumberOfNonGuaranteedHoursEmployeesTextBlock" />
    <link:definitionArc xlink:type="arc" xlink:arcrole="http://xbrl.org/int/dim/arcrole/domain-member" xlink:from="loc_gri_TotalNumberOfNonGuaranteedHoursEmployees" xlink:to="loc_gri_ExplanationForReasonForOmissionRelatedToTotalNumberOfNonGuaranteedHoursEmployeesTextBlock" order="2.0" use="optional" />
    <link:loc xlink:type="locator" xlink:href="../core/gri_srs_core_2025-06-23.xsd#gri_TotalNumberOfFullTimeEmployees" xlink:label="loc_gri_TotalNumberOfFullTimeEmployees" />
    <link:definitionArc xlink:type="arc" xlink:arcrole="http://xbrl.org/int/dim/arcrole/domain-member" xlink:from="loc_gri_EmployeesBreakdownByGenderLineItems" xlink:to="loc_gri_TotalNumberOfFullTimeEmployees" order="5.0" use="optional" />
    <link:loc xlink:type="locator" xlink:href="../core/gri_srs_core_2025-06-23.xsd#gri_ReasonForOmissionRelatedToTotalNumberOfFullTimeEmployees" xlink:label="loc_gri_ReasonForOmissionRelatedToTotalNumberOfFullTimeEmployees" />
    <link:definitionArc xlink:type="arc" xlink:arcrole="http://xbrl.org/int/dim/arcrole/domain-member" xlink:from="loc_gri_TotalNumberOfFullTimeEmployees" xlink:to="loc_gri_ReasonForOmissionRelatedToTotalNumberOfFullTimeEmployees" order="1.0" use="optional" />
    <link:loc xlink:type="locator" xlink:href="../core/gri_srs_core_2025-06-23.xsd#gri_ExplanationForReasonForOmissionRelatedToTotalNumberOfFullTimeEmployeesTextBlock" xlink:label="loc_gri_ExplanationForReasonForOmissionRelatedToTotalNumberOfFullTimeEmployeesTextBlock" />
    <link:definitionArc xlink:type="arc" xlink:arcrole="http://xbrl.org/int/dim/arcrole/domain-member" xlink:from="loc_gri_TotalNumberOfFullTimeEmployees" xlink:to="loc_gri_ExplanationForReasonForOmissionRelatedToTotalNumberOfFullTimeEmployeesTextBlock" order="2.0" use="optional" />
    <link:loc xlink:type="locator" xlink:href="../core/gri_srs_core_2025-06-23.xsd#gri_TotalNumberOfPartTimeEmployees" xlink:label="loc_gri_TotalNumberOfPartTimeEmployees" />
    <link:definitionArc xlink:type="arc" xlink:arcrole="http://xbrl.org/int/dim/arcrole/domain-member" xlink:from="loc_gri_EmployeesBreakdownByGenderLineItems" xlink:to="loc_gri_TotalNumberOfPartTimeEmployees" order="6.0" use="optional" />
    <link:loc xlink:type="locator" xlink:href="../core/gri_srs_core_2025-06-23.xsd#gri_ReasonForOmissionRelatedToTotalNumberOfPartTimeEmployees" xlink:label="loc_gri_ReasonForOmissionRelatedToTotalNumberOfPartTimeEmployees" />
    <link:definitionArc xlink:type="arc" xlink:arcrole="http://xbrl.org/int/dim/arcrole/domain-member" xlink:from="loc_gri_TotalNumberOfPartTimeEmployees" xlink:to="loc_gri_ReasonForOmissionRelatedToTotalNumberOfPartTimeEmployees" order="1.0" use="optional" />
    <link:loc xlink:type="locator" xlink:href="../core/gri_srs_core_2025-06-23.xsd#gri_ExplanationForReasonForOmissionRelatedToTotalNumberOfPartTimeEmployeesTextBlock" xlink:label="loc_gri_ExplanationForReasonForOmissionRelatedToTotalNumberOfPartTimeEmployeesTextBlock" />
    <link:definitionArc xlink:type="arc" xlink:arcrole="http://xbrl.org/int/dim/arcrole/domain-member" xlink:from="loc_gri_TotalNumberOfPartTimeEmployees" xlink:to="loc_gri_ExplanationForReasonForOmissionRelatedToTotalNumberOfPartTimeEmployeesTextBlock" order="2.0" use="optional" />
  </link:definitionLink>
  <link:definitionLink xlink:type="extended" xlink:role="https://taxonomy.globalreporting.org/gri-sustainability-taxonomy/gri_srs/gri_srs_role/role_gri_2_7_B">
    <link:loc xlink:type="locator" xlink:href="../core/gri_srs_core_2025-06-23.xsd#gri_DisclosureOfEmployeesBreakdownByRegionAbstract" xlink:label="loc_gri_DisclosureOfEmployeesBreakdownByRegionAbstract" />
    <link:loc xlink:type="locator" xlink:href="../core/gri_srs_core_2025-06-23.xsd#gri_EmployeesBreakdownByRegionTable" xlink:label="loc_gri_EmployeesBreakdownByRegionTable" />
    <link:definitionArc xlink:type="arc" xlink:arcrole="http://xbrl.org/int/dim/arcrole/all" xlink:from="loc_gri_DisclosureOfEmployeesBreakdownByRegionAbstract" xlink:to="loc_gri_EmployeesBreakdownByRegionTable" order="1.0" xbrldt:contextElement="scenario" xbrldt:closed="false" use="optional" />
    <link:loc xlink:type="locator" xlink:href="../core/gri_srs_core_2025-06-23.xsd#gri_RegionAxis" xlink:label="loc_gri_RegionAxis" />
    <link:definitionArc xlink:type="arc" xlink:arcrole="http://xbrl.org/int/dim/arcrole/hypercube-dimension" xlink:from="loc_gri_EmployeesBreakdownByRegionTable" xlink:to="loc_gri_RegionAxis" order="1.0" use="optional" />
    <link:loc xlink:type="locator" xlink:href="../core/gri_srs_core_2025-06-23.xsd#gri_EmployeesBreakdownByRegionLineItems" xlink:label="loc_gri_EmployeesBreakdownByRegionLineItems" />
    <link:definitionArc xlink:type="arc" xlink:arcrole="http://xbrl.org/int/dim/arcrole/domain-member" xlink:from="loc_gri_DisclosureOfEmployeesBreakdownByRegionAbstract" xlink:to="loc_gri_EmployeesBreakdownByRegionLineItems" order="2.0" use="optional" />
    <link:loc xlink:type="locator" xlink:href="../core/gri_srs_core_2025-06-23.xsd#gri_TotalNumberOfEmployees" xlink:label="loc_gri_TotalNumberOfEmployees" />
    <link:definitionArc xlink:type="arc" xlink:arcrole="http://xbrl.org/int/dim/arcrole/domain-member" xlink:from="loc_gri_EmployeesBreakdownByRegionLineItems" xlink:to="loc_gri_TotalNumberOfEmployees" order="1.0" use="optional" />
    <link:loc xlink:type="locator" xlink:href="../core/gri_srs_core_2025-06-23.xsd#gri_ReasonForOmissionRelatedToTotalNumberOfEmployees" xlink:label="loc_gri_ReasonForOmissionRelatedToTotalNumberOfEmployees" />
    <link:definitionArc xlink:type="arc" xlink:arcrole="http://xbrl.org/int/dim/arcrole/domain-member" xlink:from="loc_gri_TotalNumberOfEmployees" xlink:to="loc_gri_ReasonForOmissionRelatedToTotalNumberOfEmployees" order="1.0" use="optional" />
    <link:loc xlink:type="locator" xlink:href="../core/gri_srs_core_2025-06-23.xsd#gri_ExplanationForReasonForOmissionRelatedToTotalNumberOfEmployeesTextBlock" xlink:label="loc_gri_ExplanationForReasonForOmissionRelatedToTotalNumberOfEmployeesTextBlock" />
    <link:definitionArc xlink:type="arc" xlink:arcrole="http://xbrl.org/int/dim/arcrole/domain-member" xlink:from="loc_gri_TotalNumberOfEmployees" xlink:to="loc_gri_ExplanationForReasonForOmissionRelatedToTotalNumberOfEmployeesTextBlock" order="2.0" use="optional" />
    <link:loc xlink:type="locator" xlink:href="../core/gri_srs_core_2025-06-23.xsd#gri_TotalNumberOfPermanentEmployees" xlink:label="loc_gri_TotalNumberOfPermanentEmployees" />
    <link:definitionArc xlink:type="arc" xlink:arcrole="http://xbrl.org/int/dim/arcrole/domain-member" xlink:from="loc_gri_EmployeesBreakdownByRegionLineItems" xlink:to="loc_gri_TotalNumberOfPermanentEmployees" order="2.0" use="optional" />
    <link:loc xlink:type="locator" xlink:href="../core/gri_srs_core_2025-06-23.xsd#gri_ReasonForOmissionRelatedToTotalNumberOfPermanentEmployees" xlink:label="loc_gri_ReasonForOmissionRelatedToTotalNumberOfPermanentEmployees" />
    <link:definitionArc xlink:type="arc" xlink:arcrole="http://xbrl.org/int/dim/arcrole/domain-member" xlink:from="loc_gri_TotalNumberOfPermanentEmployees" xlink:to="loc_gri_ReasonForOmissionRelatedToTotalNumberOfPermanentEmployees" order="1.0" use="optional" />
    <link:loc xlink:type="locator" xlink:href="../core/gri_srs_core_2025-06-23.xsd#gri_ExplanationForReasonForOmissionRelatedToTotalNumberOfPermanentEmployeesTextBlock" xlink:label="loc_gri_ExplanationForReasonForOmissionRelatedToTotalNumberOfPermanentEmployeesTextBlock" />
    <link:definitionArc xlink:type="arc" xlink:arcrole="http://xbrl.org/int/dim/arcrole/domain-member" xlink:from="loc_gri_TotalNumberOfPermanentEmployees" xlink:to="loc_gri_ExplanationForReasonForOmissionRelatedToTotalNumberOfPermanentEmployeesTextBlock" order="2.0" use="optional" />
    <link:loc xlink:type="locator" xlink:href="../core/gri_srs_core_2025-06-23.xsd#gri_TotalNumberOfTemporaryEmployees" xlink:label="loc_gri_TotalNumberOfTemporaryEmployees" />
    <link:definitionArc xlink:type="arc" xlink:arcrole="http://xbrl.org/int/dim/arcrole/domain-member" xlink:from="loc_gri_EmployeesBreakdownByRegionLineItems" xlink:to="loc_gri_TotalNumberOfTemporaryEmployees" order="3.0" use="optional" />
    <link:loc xlink:type="locator" xlink:href="../core/gri_srs_core_2025-06-23.xsd#gri_ReasonForOmissionRelatedToTotalNumberOfTemporaryEmployees" xlink:label="loc_gri_ReasonForOmissionRelatedToTotalNumberOfTemporaryEmployees" />
    <link:definitionArc xlink:type="arc" xlink:arcrole="http://xbrl.org/int/dim/arcrole/domain-member" xlink:from="loc_gri_TotalNumberOfTemporaryEmployees" xlink:to="loc_gri_ReasonForOmissionRelatedToTotalNumberOfTemporaryEmployees" order="1.0" use="optional" />
    <link:loc xlink:type="locator" xlink:href="../core/gri_srs_core_2025-06-23.xsd#gri_ExplanationForReasonForOmissionRelatedToTotalNumberOfTemporaryEmployeesTextBlock" xlink:label="loc_gri_ExplanationForReasonForOmissionRelatedToTotalNumberOfTemporaryEmployeesTextBlock" />
    <link:definitionArc xlink:type="arc" xlink:arcrole="http://xbrl.org/int/dim/arcrole/domain-member" xlink:from="loc_gri_TotalNumberOfTemporaryEmployees" xlink:to="loc_gri_ExplanationForReasonForOmissionRelatedToTotalNumberOfTemporaryEmployeesTextBlock" order="2.0" use="optional" />
    <link:loc xlink:type="locator" xlink:href="../core/gri_srs_core_2025-06-23.xsd#gri_TotalNumberOfNonGuaranteedHoursEmployees" xlink:label="loc_gri_TotalNumberOfNonGuaranteedHoursEmployees" />
    <link:definitionArc xlink:type="arc" xlink:arcrole="http://xbrl.org/int/dim/arcrole/domain-member" xlink:from="loc_gri_EmployeesBreakdownByRegionLineItems" xlink:to="loc_gri_TotalNumberOfNonGuaranteedHoursEmployees" order="4.0" use="optional" />
    <link:loc xlink:type="locator" xlink:href="../core/gri_srs_core_2025-06-23.xsd#gri_ReasonForOmissionRelatedToTotalNumberOfNonGuaranteedHoursEmployees" xlink:label="loc_gri_ReasonForOmissionRelatedToTotalNumberOfNonGuaranteedHoursEmployees" />
    <link:definitionArc xlink:type="arc" xlink:arcrole="http://xbrl.org/int/dim/arcrole/domain-member" xlink:from="loc_gri_TotalNumberOfNonGuaranteedHoursEmployees" xlink:to="loc_gri_ReasonForOmissionRelatedToTotalNumberOfNonGuaranteedHoursEmployees" order="1.0" use="optional" />
    <link:loc xlink:type="locator" xlink:href="../core/gri_srs_core_2025-06-23.xsd#gri_ExplanationForReasonForOmissionRelatedToTotalNumberOfNonGuaranteedHoursEmployeesTextBlock" xlink:label="loc_gri_ExplanationForReasonForOmissionRelatedToTotalNumberOfNonGuaranteedHoursEmployeesTextBlock" />
    <link:definitionArc xlink:type="arc" xlink:arcrole="http://xbrl.org/int/dim/arcrole/domain-member" xlink:from="loc_gri_TotalNumberOfNonGuaranteedHoursEmployees" xlink:to="loc_gri_ExplanationForReasonForOmissionRelatedToTotalNumberOfNonGuaranteedHoursEmployeesTextBlock" order="2.0" use="optional" />
    <link:loc xlink:type="locator" xlink:href="../core/gri_srs_core_2025-06-23.xsd#gri_TotalNumberOfFullTimeEmployees" xlink:label="loc_gri_TotalNumberOfFullTimeEmployees" />
    <link:definitionArc xlink:type="arc" xlink:arcrole="http://xbrl.org/int/dim/arcrole/domain-member" xlink:from="loc_gri_EmployeesBreakdownByRegionLineItems" xlink:to="loc_gri_TotalNumberOfFullTimeEmployees" order="5.0" use="optional" />
    <link:loc xlink:type="locator" xlink:href="../core/gri_srs_core_2025-06-23.xsd#gri_ReasonForOmissionRelatedToTotalNumberOfFullTimeEmployees" xlink:label="loc_gri_ReasonForOmissionRelatedToTotalNumberOfFullTimeEmployees" />
    <link:definitionArc xlink:type="arc" xlink:arcrole="http://xbrl.org/int/dim/arcrole/domain-member" xlink:from="loc_gri_TotalNumberOfFullTimeEmployees" xlink:to="loc_gri_ReasonForOmissionRelatedToTotalNumberOfFullTimeEmployees" order="1.0" use="optional" />
    <link:loc xlink:type="locator" xlink:href="../core/gri_srs_core_2025-06-23.xsd#gri_ExplanationForReasonForOmissionRelatedToTotalNumberOfFullTimeEmployeesTextBlock" xlink:label="loc_gri_ExplanationForReasonForOmissionRelatedToTotalNumberOfFullTimeEmployeesTextBlock" />
    <link:definitionArc xlink:type="arc" xlink:arcrole="http://xbrl.org/int/dim/arcrole/domain-member" xlink:from="loc_gri_TotalNumberOfFullTimeEmployees" xlink:to="loc_gri_ExplanationForReasonForOmissionRelatedToTotalNumberOfFullTimeEmployeesTextBlock" order="2.0" use="optional" />
    <link:loc xlink:type="locator" xlink:href="../core/gri_srs_core_2025-06-23.xsd#gri_TotalNumberOfPartTimeEmployees" xlink:label="loc_gri_TotalNumberOfPartTimeEmployees" />
    <link:definitionArc xlink:type="arc" xlink:arcrole="http://xbrl.org/int/dim/arcrole/domain-member" xlink:from="loc_gri_EmployeesBreakdownByRegionLineItems" xlink:to="loc_gri_TotalNumberOfPartTimeEmployees" order="6.0" use="optional" />
    <link:loc xlink:type="locator" xlink:href="../core/gri_srs_core_2025-06-23.xsd#gri_ReasonForOmissionRelatedToTotalNumberOfPartTimeEmployees" xlink:label="loc_gri_ReasonForOmissionRelatedToTotalNumberOfPartTimeEmployees" />
    <link:definitionArc xlink:type="arc" xlink:arcrole="http://xbrl.org/int/dim/arcrole/domain-member" xlink:from="loc_gri_TotalNumberOfPartTimeEmployees" xlink:to="loc_gri_ReasonForOmissionRelatedToTotalNumberOfPartTimeEmployees" order="1.0" use="optional" />
    <link:loc xlink:type="locator" xlink:href="../core/gri_srs_core_2025-06-23.xsd#gri_ExplanationForReasonForOmissionRelatedToTotalNumberOfPartTimeEmployeesTextBlock" xlink:label="loc_gri_ExplanationForReasonForOmissionRelatedToTotalNumberOfPartTimeEmployeesTextBlock" />
    <link:definitionArc xlink:type="arc" xlink:arcrole="http://xbrl.org/int/dim/arcrole/domain-member" xlink:from="loc_gri_TotalNumberOfPartTimeEmployees" xlink:to="loc_gri_ExplanationForReasonForOmissionRelatedToTotalNumberOfPartTimeEmployeesTextBlock" order="2.0" use="optional" />
  </link:definitionLink>
  <link:definitionLink xlink:type="extended" xlink:role="https://taxonomy.globalreporting.org/gri-sustainability-taxonomy/gri_srs/gri_srs_role/role_gri_2_7_B_D">
    <link:loc xlink:type="locator" xlink:href="../core/gri_srs_core_2025-06-23.xsd#gri_DisclosureOfEmployeesBreakdownByRegionAbstract" xlink:label="loc_gri_DisclosureOfEmployeesBreakdownByRegionAbstract" />
    <link:loc xlink:type="locator" xlink:href="../core/gri_srs_core_2025-06-23.xsd#gri_EmployeesBreakdownByRegionTable" xlink:label="loc_gri_EmployeesBreakdownByRegionTable" />
    <link:definitionArc xlink:type="arc" xlink:arcrole="http://xbrl.org/int/dim/arcrole/all" xlink:from="loc_gri_DisclosureOfEmployeesBreakdownByRegionAbstract" xlink:to="loc_gri_EmployeesBreakdownByRegionTable" order="1.0" xbrldt:contextElement="scenario" xbrldt:closed="false" use="optional" />
    <link:loc xlink:type="locator" xlink:href="../core/gri_srs_core_2025-06-23.xsd#gri_EmployeesBreakdownByRegionLineItems" xlink:label="loc_gri_EmployeesBreakdownByRegionLineItems" />
    <link:definitionArc xlink:type="arc" xlink:arcrole="http://xbrl.org/int/dim/arcrole/domain-member" xlink:from="loc_gri_DisclosureOfEmployeesBreakdownByRegionAbstract" xlink:to="loc_gri_EmployeesBreakdownByRegionLineItems" order="2.0" use="optional" />
    <link:loc xlink:type="locator" xlink:href="../core/gri_srs_core_2025-06-23.xsd#gri_TotalNumberOfEmployees" xlink:label="loc_gri_TotalNumberOfEmployees" />
    <link:definitionArc xlink:type="arc" xlink:arcrole="http://xbrl.org/int/dim/arcrole/domain-member" xlink:from="loc_gri_EmployeesBreakdownByRegionLineItems" xlink:to="loc_gri_TotalNumberOfEmployees" order="1.0" use="optional" />
    <link:loc xlink:type="locator" xlink:href="../core/gri_srs_core_2025-06-23.xsd#gri_ReasonForOmissionRelatedToTotalNumberOfEmployees" xlink:label="loc_gri_ReasonForOmissionRelatedToTotalNumberOfEmployees" />
    <link:definitionArc xlink:type="arc" xlink:arcrole="http://xbrl.org/int/dim/arcrole/domain-member" xlink:from="loc_gri_TotalNumberOfEmployees" xlink:to="loc_gri_ReasonForOmissionRelatedToTotalNumberOfEmployees" order="1.0" use="optional" />
    <link:loc xlink:type="locator" xlink:href="../core/gri_srs_core_2025-06-23.xsd#gri_ExplanationForReasonForOmissionRelatedToTotalNumberOfEmployeesTextBlock" xlink:label="loc_gri_ExplanationForReasonForOmissionRelatedToTotalNumberOfEmployeesTextBlock" />
    <link:definitionArc xlink:type="arc" xlink:arcrole="http://xbrl.org/int/dim/arcrole/domain-member" xlink:from="loc_gri_TotalNumberOfEmployees" xlink:to="loc_gri_ExplanationForReasonForOmissionRelatedToTotalNumberOfEmployeesTextBlock" order="2.0" use="optional" />
    <link:loc xlink:type="locator" xlink:href="../core/gri_srs_core_2025-06-23.xsd#gri_TotalNumberOfPermanentEmployees" xlink:label="loc_gri_TotalNumberOfPermanentEmployees" />
    <link:definitionArc xlink:type="arc" xlink:arcrole="http://xbrl.org/int/dim/arcrole/domain-member" xlink:from="loc_gri_EmployeesBreakdownByRegionLineItems" xlink:to="loc_gri_TotalNumberOfPermanentEmployees" order="2.0" use="optional" />
    <link:loc xlink:type="locator" xlink:href="../core/gri_srs_core_2025-06-23.xsd#gri_ReasonForOmissionRelatedToTotalNumberOfPermanentEmployees" xlink:label="loc_gri_ReasonForOmissionRelatedToTotalNumberOfPermanentEmployees" />
    <link:definitionArc xlink:type="arc" xlink:arcrole="http://xbrl.org/int/dim/arcrole/domain-member" xlink:from="loc_gri_TotalNumberOfPermanentEmployees" xlink:to="loc_gri_ReasonForOmissionRelatedToTotalNumberOfPermanentEmployees" order="1.0" use="optional" />
    <link:loc xlink:type="locator" xlink:href="../core/gri_srs_core_2025-06-23.xsd#gri_ExplanationForReasonForOmissionRelatedToTotalNumberOfPermanentEmployeesTextBlock" xlink:label="loc_gri_ExplanationForReasonForOmissionRelatedToTotalNumberOfPermanentEmployeesTextBlock" />
    <link:definitionArc xlink:type="arc" xlink:arcrole="http://xbrl.org/int/dim/arcrole/domain-member" xlink:from="loc_gri_TotalNumberOfPermanentEmployees" xlink:to="loc_gri_ExplanationForReasonForOmissionRelatedToTotalNumberOfPermanentEmployeesTextBlock" order="2.0" use="optional" />
    <link:loc xlink:type="locator" xlink:href="../core/gri_srs_core_2025-06-23.xsd#gri_TotalNumberOfTemporaryEmployees" xlink:label="loc_gri_TotalNumberOfTemporaryEmployees" />
    <link:definitionArc xlink:type="arc" xlink:arcrole="http://xbrl.org/int/dim/arcrole/domain-member" xlink:from="loc_gri_EmployeesBreakdownByRegionLineItems" xlink:to="loc_gri_TotalNumberOfTemporaryEmployees" order="3.0" use="optional" />
    <link:loc xlink:type="locator" xlink:href="../core/gri_srs_core_2025-06-23.xsd#gri_ReasonForOmissionRelatedToTotalNumberOfTemporaryEmployees" xlink:label="loc_gri_ReasonForOmissionRelatedToTotalNumberOfTemporaryEmployees" />
    <link:definitionArc xlink:type="arc" xlink:arcrole="http://xbrl.org/int/dim/arcrole/domain-member" xlink:from="loc_gri_TotalNumberOfTemporaryEmployees" xlink:to="loc_gri_ReasonForOmissionRelatedToTotalNumberOfTemporaryEmployees" order="1.0" use="optional" />
    <link:loc xlink:type="locator" xlink:href="../core/gri_srs_core_2025-06-23.xsd#gri_ExplanationForReasonForOmissionRelatedToTotalNumberOfTemporaryEmployeesTextBlock" xlink:label="loc_gri_ExplanationForReasonForOmissionRelatedToTotalNumberOfTemporaryEmployeesTextBlock" />
    <link:definitionArc xlink:type="arc" xlink:arcrole="http://xbrl.org/int/dim/arcrole/domain-member" xlink:from="loc_gri_TotalNumberOfTemporaryEmployees" xlink:to="loc_gri_ExplanationForReasonForOmissionRelatedToTotalNumberOfTemporaryEmployeesTextBlock" order="2.0" use="optional" />
    <link:loc xlink:type="locator" xlink:href="../core/gri_srs_core_2025-06-23.xsd#gri_TotalNumberOfNonGuaranteedHoursEmployees" xlink:label="loc_gri_TotalNumberOfNonGuaranteedHoursEmployees" />
    <link:definitionArc xlink:type="arc" xlink:arcrole="http://xbrl.org/int/dim/arcrole/domain-member" xlink:from="loc_gri_EmployeesBreakdownByRegionLineItems" xlink:to="loc_gri_TotalNumberOfNonGuaranteedHoursEmployees" order="4.0" use="optional" />
    <link:loc xlink:type="locator" xlink:href="../core/gri_srs_core_2025-06-23.xsd#gri_ReasonForOmissionRelatedToTotalNumberOfNonGuaranteedHoursEmployees" xlink:label="loc_gri_ReasonForOmissionRelatedToTotalNumberOfNonGuaranteedHoursEmployees" />
    <link:definitionArc xlink:type="arc" xlink:arcrole="http://xbrl.org/int/dim/arcrole/domain-member" xlink:from="loc_gri_TotalNumberOfNonGuaranteedHoursEmployees" xlink:to="loc_gri_ReasonForOmissionRelatedToTotalNumberOfNonGuaranteedHoursEmployees" order="1.0" use="optional" />
    <link:loc xlink:type="locator" xlink:href="../core/gri_srs_core_2025-06-23.xsd#gri_ExplanationForReasonForOmissionRelatedToTotalNumberOfNonGuaranteedHoursEmployeesTextBlock" xlink:label="loc_gri_ExplanationForReasonForOmissionRelatedToTotalNumberOfNonGuaranteedHoursEmployeesTextBlock" />
    <link:definitionArc xlink:type="arc" xlink:arcrole="http://xbrl.org/int/dim/arcrole/domain-member" xlink:from="loc_gri_TotalNumberOfNonGuaranteedHoursEmployees" xlink:to="loc_gri_ExplanationForReasonForOmissionRelatedToTotalNumberOfNonGuaranteedHoursEmployeesTextBlock" order="2.0" use="optional" />
    <link:loc xlink:type="locator" xlink:href="../core/gri_srs_core_2025-06-23.xsd#gri_TotalNumberOfFullTimeEmployees" xlink:label="loc_gri_TotalNumberOfFullTimeEmployees" />
    <link:definitionArc xlink:type="arc" xlink:arcrole="http://xbrl.org/int/dim/arcrole/domain-member" xlink:from="loc_gri_EmployeesBreakdownByRegionLineItems" xlink:to="loc_gri_TotalNumberOfFullTimeEmployees" order="5.0" use="optional" />
    <link:loc xlink:type="locator" xlink:href="../core/gri_srs_core_2025-06-23.xsd#gri_ReasonForOmissionRelatedToTotalNumberOfFullTimeEmployees" xlink:label="loc_gri_ReasonForOmissionRelatedToTotalNumberOfFullTimeEmployees" />
    <link:definitionArc xlink:type="arc" xlink:arcrole="http://xbrl.org/int/dim/arcrole/domain-member" xlink:from="loc_gri_TotalNumberOfFullTimeEmployees" xlink:to="loc_gri_ReasonForOmissionRelatedToTotalNumberOfFullTimeEmployees" order="1.0" use="optional" />
    <link:loc xlink:type="locator" xlink:href="../core/gri_srs_core_2025-06-23.xsd#gri_ExplanationForReasonForOmissionRelatedToTotalNumberOfFullTimeEmployeesTextBlock" xlink:label="loc_gri_ExplanationForReasonForOmissionRelatedToTotalNumberOfFullTimeEmployeesTextBlock" />
    <link:definitionArc xlink:type="arc" xlink:arcrole="http://xbrl.org/int/dim/arcrole/domain-member" xlink:from="loc_gri_TotalNumberOfFullTimeEmployees" xlink:to="loc_gri_ExplanationForReasonForOmissionRelatedToTotalNumberOfFullTimeEmployeesTextBlock" order="2.0" use="optional" />
    <link:loc xlink:type="locator" xlink:href="../core/gri_srs_core_2025-06-23.xsd#gri_TotalNumberOfPartTimeEmployees" xlink:label="loc_gri_TotalNumberOfPartTimeEmployees" />
    <link:definitionArc xlink:type="arc" xlink:arcrole="http://xbrl.org/int/dim/arcrole/domain-member" xlink:from="loc_gri_EmployeesBreakdownByRegionLineItems" xlink:to="loc_gri_TotalNumberOfPartTimeEmployees" order="6.0" use="optional" />
    <link:loc xlink:type="locator" xlink:href="../core/gri_srs_core_2025-06-23.xsd#gri_ReasonForOmissionRelatedToTotalNumberOfPartTimeEmployees" xlink:label="loc_gri_ReasonForOmissionRelatedToTotalNumberOfPartTimeEmployees" />
    <link:definitionArc xlink:type="arc" xlink:arcrole="http://xbrl.org/int/dim/arcrole/domain-member" xlink:from="loc_gri_TotalNumberOfPartTimeEmployees" xlink:to="loc_gri_ReasonForOmissionRelatedToTotalNumberOfPartTimeEmployees" order="1.0" use="optional" />
    <link:loc xlink:type="locator" xlink:href="../core/gri_srs_core_2025-06-23.xsd#gri_ExplanationForReasonForOmissionRelatedToTotalNumberOfPartTimeEmployeesTextBlock" xlink:label="loc_gri_ExplanationForReasonForOmissionRelatedToTotalNumberOfPartTimeEmployeesTextBlock" />
    <link:definitionArc xlink:type="arc" xlink:arcrole="http://xbrl.org/int/dim/arcrole/domain-member" xlink:from="loc_gri_TotalNumberOfPartTimeEmployees" xlink:to="loc_gri_ExplanationForReasonForOmissionRelatedToTotalNumberOfPartTimeEmployeesTextBlock" order="2.0" use="optional" />
  </link:definitionLink>
</link:linkbase>