﻿<?xml version="1.0" encoding="utf-8"?>
<!-- Generated by GRI Taxonomy Editor-->
<link:linkbase xsi:schemaLocation="http://www.xbrl.org/2003/linkbase http://www.xbrl.org/2003/xbrl-linkbase-2003-12-31.xsd http://xbrl.org/2005/xbrldt http://www.xbrl.org/2005/xbrldt-2005.xsd http://www.xbrl.org/2003/instance http://www.xbrl.org/2003/xbrl-instance-2003-12-31.xsd http://www.w3.org/1999/xlink http://www.xbrl.org/2003/xlink-2003-12-31.xsd " xmlns:link="http://www.xbrl.org/2003/linkbase" xmlns:xbrldt="http://xbrl.org/2005/xbrldt" xmlns:xbrli="http://www.xbrl.org/2003/instance" xmlns:xlink="http://www.w3.org/1999/xlink" xmlns:xsi="http://www.w3.org/2001/XMLSchema-instance">
  <!-- Role Ref -->
  <link:roleRef roleURI="https://taxonomy.globalreporting.org/gri-sustainability-taxonomy/gri_srs/gri_srs_role/role_gri_306_2016_3" xlink:type="simple" xlink:href="role_gri_srs_2025-06-23.xsd#role_gri_306_2016_3" />
  <link:roleRef roleURI="https://taxonomy.globalreporting.org/gri-sustainability-taxonomy/gri_srs/gri_srs_role/role_gri_306_2016_3_D" xlink:type="simple" xlink:href="role_gri_srs_2025-06-23.xsd#role_gri_306_2016_3_D" />
  <!-- ArcRole Ref -->
  <link:arcroleRef arcroleURI="http://xbrl.org/int/dim/arcrole/all" xlink:type="simple" xlink:href="http://www.xbrl.org/2005/xbrldt-2005.xsd#all" />
  <link:arcroleRef arcroleURI="http://xbrl.org/int/dim/arcrole/domain-member" xlink:type="simple" xlink:href="http://www.xbrl.org/2005/xbrldt-2005.xsd#domain-member" />
  <link:arcroleRef arcroleURI="http://xbrl.org/int/dim/arcrole/hypercube-dimension" xlink:type="simple" xlink:href="http://www.xbrl.org/2005/xbrldt-2005.xsd#hypercube-dimension" />
  <link:definitionLink xlink:type="extended" xlink:role="https://taxonomy.globalreporting.org/gri-sustainability-taxonomy/gri_srs/gri_srs_role/role_gri_306_2016_3">
    <link:loc xlink:type="locator" xlink:href="../core/gri_srs_core_2025-06-23.xsd#gri_SpillThatWasReportedInOrganizationsFinancialStatementsAbstract" xlink:label="loc_gri_SpillThatWasReportedInOrganizationsFinancialStatementsAbstract" />
    <link:loc xlink:type="locator" xlink:href="../core/gri_srs_core_2025-06-23.xsd#gri_InformationForSpillThatWasReportedInOrganizationsFinancialStatementsTable" xlink:label="loc_gri_InformationForSpillThatWasReportedInOrganizationsFinancialStatementsTable" />
    <link:definitionArc xlink:type="arc" xlink:arcrole="http://xbrl.org/int/dim/arcrole/all" xlink:from="loc_gri_SpillThatWasReportedInOrganizationsFinancialStatementsAbstract" xlink:to="loc_gri_InformationForSpillThatWasReportedInOrganizationsFinancialStatementsTable" order="1.0" xbrldt:contextElement="scenario" xbrldt:closed="false" use="optional" />
    <link:loc xlink:type="locator" xlink:href="../core/gri_srs_core_2025-06-23.xsd#gri_InformationForSpillThatWasReportedInOrganizationsFinancialStatementsAxis" xlink:label="loc_gri_InformationForSpillThatWasReportedInOrganizationsFinancialStatementsAxis" />
    <link:definitionArc xlink:type="arc" xlink:arcrole="http://xbrl.org/int/dim/arcrole/hypercube-dimension" xlink:from="loc_gri_InformationForSpillThatWasReportedInOrganizationsFinancialStatementsTable" xlink:to="loc_gri_InformationForSpillThatWasReportedInOrganizationsFinancialStatementsAxis" order="1.0" use="optional" />
    <link:loc xlink:type="locator" xlink:href="../core/gri_srs_core_2025-06-23.xsd#gri_InformationForSpillThatWasReportedInOrganizationsFinancialStatementsLineItems" xlink:label="loc_gri_InformationForSpillThatWasReportedInOrganizationsFinancialStatementsLineItems" />
    <link:definitionArc xlink:type="arc" xlink:arcrole="http://xbrl.org/int/dim/arcrole/domain-member" xlink:from="loc_gri_SpillThatWasReportedInOrganizationsFinancialStatementsAbstract" xlink:to="loc_gri_InformationForSpillThatWasReportedInOrganizationsFinancialStatementsLineItems" order="2.0" use="optional" />
    <link:loc xlink:type="locator" xlink:href="../core/gri_srs_core_2025-06-23.xsd#gri_LocationOfSpill" xlink:label="loc_gri_LocationOfSpill" />
    <link:definitionArc xlink:type="arc" xlink:arcrole="http://xbrl.org/int/dim/arcrole/domain-member" xlink:from="loc_gri_InformationForSpillThatWasReportedInOrganizationsFinancialStatementsLineItems" xlink:to="loc_gri_LocationOfSpill" order="1.0" use="optional" />
    <link:loc xlink:type="locator" xlink:href="../core/gri_srs_core_2025-06-23.xsd#gri_ReasonForOmissionRelatedToLocationOfSpill" xlink:label="loc_gri_ReasonForOmissionRelatedToLocationOfSpill" />
    <link:definitionArc xlink:type="arc" xlink:arcrole="http://xbrl.org/int/dim/arcrole/domain-member" xlink:from="loc_gri_LocationOfSpill" xlink:to="loc_gri_ReasonForOmissionRelatedToLocationOfSpill" order="1.0" use="optional" />
    <link:loc xlink:type="locator" xlink:href="../core/gri_srs_core_2025-06-23.xsd#gri_ExplanationForReasonForOmissionRelatedToLocationOfSpillTextBlock" xlink:label="loc_gri_ExplanationForReasonForOmissionRelatedToLocationOfSpillTextBlock" />
    <link:definitionArc xlink:type="arc" xlink:arcrole="http://xbrl.org/int/dim/arcrole/domain-member" xlink:from="loc_gri_LocationOfSpill" xlink:to="loc_gri_ExplanationForReasonForOmissionRelatedToLocationOfSpillTextBlock" order="2.0" use="optional" />
    <link:loc xlink:type="locator" xlink:href="../core/gri_srs_core_2025-06-23.xsd#gri_VolumeOfSpill" xlink:label="loc_gri_VolumeOfSpill" />
    <link:definitionArc xlink:type="arc" xlink:arcrole="http://xbrl.org/int/dim/arcrole/domain-member" xlink:from="loc_gri_InformationForSpillThatWasReportedInOrganizationsFinancialStatementsLineItems" xlink:to="loc_gri_VolumeOfSpill" order="2.0" use="optional" />
    <link:loc xlink:type="locator" xlink:href="../core/gri_srs_core_2025-06-23.xsd#gri_ReasonForOmissionRelatedToVolumeOfSpill" xlink:label="loc_gri_ReasonForOmissionRelatedToVolumeOfSpill" />
    <link:definitionArc xlink:type="arc" xlink:arcrole="http://xbrl.org/int/dim/arcrole/domain-member" xlink:from="loc_gri_VolumeOfSpill" xlink:to="loc_gri_ReasonForOmissionRelatedToVolumeOfSpill" order="1.0" use="optional" />
    <link:loc xlink:type="locator" xlink:href="../core/gri_srs_core_2025-06-23.xsd#gri_ExplanationForReasonForOmissionRelatedToVolumeOfSpillTextBlock" xlink:label="loc_gri_ExplanationForReasonForOmissionRelatedToVolumeOfSpillTextBlock" />
    <link:definitionArc xlink:type="arc" xlink:arcrole="http://xbrl.org/int/dim/arcrole/domain-member" xlink:from="loc_gri_VolumeOfSpill" xlink:to="loc_gri_ExplanationForReasonForOmissionRelatedToVolumeOfSpillTextBlock" order="2.0" use="optional" />
    <link:loc xlink:type="locator" xlink:href="../core/gri_srs_core_2025-06-23.xsd#gri_MaterialOfSpill" xlink:label="loc_gri_MaterialOfSpill" />
    <link:definitionArc xlink:type="arc" xlink:arcrole="http://xbrl.org/int/dim/arcrole/domain-member" xlink:from="loc_gri_InformationForSpillThatWasReportedInOrganizationsFinancialStatementsLineItems" xlink:to="loc_gri_MaterialOfSpill" order="3.0" use="optional" />
    <link:loc xlink:type="locator" xlink:href="../core/gri_srs_core_2025-06-23.xsd#gri_ReasonForOmissionRelatedToMaterialOfSpill" xlink:label="loc_gri_ReasonForOmissionRelatedToMaterialOfSpill" />
    <link:definitionArc xlink:type="arc" xlink:arcrole="http://xbrl.org/int/dim/arcrole/domain-member" xlink:from="loc_gri_MaterialOfSpill" xlink:to="loc_gri_ReasonForOmissionRelatedToMaterialOfSpill" order="1.0" use="optional" />
    <link:loc xlink:type="locator" xlink:href="../core/gri_srs_core_2025-06-23.xsd#gri_ExplanationForReasonForOmissionRelatedToMaterialOfSpillTextBlock" xlink:label="loc_gri_ExplanationForReasonForOmissionRelatedToMaterialOfSpillTextBlock" />
    <link:definitionArc xlink:type="arc" xlink:arcrole="http://xbrl.org/int/dim/arcrole/domain-member" xlink:from="loc_gri_MaterialOfSpill" xlink:to="loc_gri_ExplanationForReasonForOmissionRelatedToMaterialOfSpillTextBlock" order="2.0" use="optional" />
    <link:loc xlink:type="locator" xlink:href="../core/gri_srs_core_2025-06-23.xsd#gri_DescriptionOfOtherMaterialOfSpill" xlink:label="loc_gri_DescriptionOfOtherMaterialOfSpill" />
    <link:definitionArc xlink:type="arc" xlink:arcrole="http://xbrl.org/int/dim/arcrole/domain-member" xlink:from="loc_gri_InformationForSpillThatWasReportedInOrganizationsFinancialStatementsLineItems" xlink:to="loc_gri_DescriptionOfOtherMaterialOfSpill" order="4.0" use="optional" />
    <link:loc xlink:type="locator" xlink:href="../core/gri_srs_core_2025-06-23.xsd#gri_ReasonForOmissionRelatedToDescriptionOfOtherMaterialOfSpill" xlink:label="loc_gri_ReasonForOmissionRelatedToDescriptionOfOtherMaterialOfSpill" />
    <link:definitionArc xlink:type="arc" xlink:arcrole="http://xbrl.org/int/dim/arcrole/domain-member" xlink:from="loc_gri_DescriptionOfOtherMaterialOfSpill" xlink:to="loc_gri_ReasonForOmissionRelatedToDescriptionOfOtherMaterialOfSpill" order="1.0" use="optional" />
    <link:loc xlink:type="locator" xlink:href="../core/gri_srs_core_2025-06-23.xsd#gri_ExplanationForReasonForOmissionRelatedToDescriptionOfOtherMaterialOfSpillTextBlock" xlink:label="loc_gri_ExplanationForReasonForOmissionRelatedToDescriptionOfOtherMaterialOfSpillTextBlock" />
    <link:definitionArc xlink:type="arc" xlink:arcrole="http://xbrl.org/int/dim/arcrole/domain-member" xlink:from="loc_gri_DescriptionOfOtherMaterialOfSpill" xlink:to="loc_gri_ExplanationForReasonForOmissionRelatedToDescriptionOfOtherMaterialOfSpillTextBlock" order="2.0" use="optional" />
  </link:definitionLink>
  <link:definitionLink xlink:type="extended" xlink:role="https://taxonomy.globalreporting.org/gri-sustainability-taxonomy/gri_srs/gri_srs_role/role_gri_306_2016_3_D">
    <link:loc xlink:type="locator" xlink:href="../core/gri_srs_core_2025-06-23.xsd#gri_SpillThatWasReportedInOrganizationsFinancialStatementsAbstract" xlink:label="loc_gri_SpillThatWasReportedInOrganizationsFinancialStatementsAbstract" />
    <link:loc xlink:type="locator" xlink:href="../core/gri_srs_core_2025-06-23.xsd#gri_InformationForSpillThatWasReportedInOrganizationsFinancialStatementsTable" xlink:label="loc_gri_InformationForSpillThatWasReportedInOrganizationsFinancialStatementsTable" />
    <link:definitionArc xlink:type="arc" xlink:arcrole="http://xbrl.org/int/dim/arcrole/all" xlink:from="loc_gri_SpillThatWasReportedInOrganizationsFinancialStatementsAbstract" xlink:to="loc_gri_InformationForSpillThatWasReportedInOrganizationsFinancialStatementsTable" order="1.0" xbrldt:contextElement="scenario" xbrldt:closed="false" use="optional" />
    <link:loc xlink:type="locator" xlink:href="../core/gri_srs_core_2025-06-23.xsd#gri_InformationForSpillThatWasReportedInOrganizationsFinancialStatementsLineItems" xlink:label="loc_gri_InformationForSpillThatWasReportedInOrganizationsFinancialStatementsLineItems" />
    <link:definitionArc xlink:type="arc" xlink:arcrole="http://xbrl.org/int/dim/arcrole/domain-member" xlink:from="loc_gri_SpillThatWasReportedInOrganizationsFinancialStatementsAbstract" xlink:to="loc_gri_InformationForSpillThatWasReportedInOrganizationsFinancialStatementsLineItems" order="2.0" use="optional" />
    <link:loc xlink:type="locator" xlink:href="../core/gri_srs_core_2025-06-23.xsd#gri_LocationOfSpill" xlink:label="loc_gri_LocationOfSpill" />
    <link:definitionArc xlink:type="arc" xlink:arcrole="http://xbrl.org/int/dim/arcrole/domain-member" xlink:from="loc_gri_InformationForSpillThatWasReportedInOrganizationsFinancialStatementsLineItems" xlink:to="loc_gri_LocationOfSpill" order="1.0" use="optional" />
    <link:loc xlink:type="locator" xlink:href="../core/gri_srs_core_2025-06-23.xsd#gri_ReasonForOmissionRelatedToLocationOfSpill" xlink:label="loc_gri_ReasonForOmissionRelatedToLocationOfSpill" />
    <link:definitionArc xlink:type="arc" xlink:arcrole="http://xbrl.org/int/dim/arcrole/domain-member" xlink:from="loc_gri_LocationOfSpill" xlink:to="loc_gri_ReasonForOmissionRelatedToLocationOfSpill" order="1.0" use="optional" />
    <link:loc xlink:type="locator" xlink:href="../core/gri_srs_core_2025-06-23.xsd#gri_ExplanationForReasonForOmissionRelatedToLocationOfSpillTextBlock" xlink:label="loc_gri_ExplanationForReasonForOmissionRelatedToLocationOfSpillTextBlock" />
    <link:definitionArc xlink:type="arc" xlink:arcrole="http://xbrl.org/int/dim/arcrole/domain-member" xlink:from="loc_gri_LocationOfSpill" xlink:to="loc_gri_ExplanationForReasonForOmissionRelatedToLocationOfSpillTextBlock" order="2.0" use="optional" />
    <link:loc xlink:type="locator" xlink:href="../core/gri_srs_core_2025-06-23.xsd#gri_VolumeOfSpill" xlink:label="loc_gri_VolumeOfSpill" />
    <link:definitionArc xlink:type="arc" xlink:arcrole="http://xbrl.org/int/dim/arcrole/domain-member" xlink:from="loc_gri_InformationForSpillThatWasReportedInOrganizationsFinancialStatementsLineItems" xlink:to="loc_gri_VolumeOfSpill" order="2.0" use="optional" />
    <link:loc xlink:type="locator" xlink:href="../core/gri_srs_core_2025-06-23.xsd#gri_ReasonForOmissionRelatedToVolumeOfSpill" xlink:label="loc_gri_ReasonForOmissionRelatedToVolumeOfSpill" />
    <link:definitionArc xlink:type="arc" xlink:arcrole="http://xbrl.org/int/dim/arcrole/domain-member" xlink:from="loc_gri_VolumeOfSpill" xlink:to="loc_gri_ReasonForOmissionRelatedToVolumeOfSpill" order="1.0" use="optional" />
    <link:loc xlink:type="locator" xlink:href="../core/gri_srs_core_2025-06-23.xsd#gri_ExplanationForReasonForOmissionRelatedToVolumeOfSpillTextBlock" xlink:label="loc_gri_ExplanationForReasonForOmissionRelatedToVolumeOfSpillTextBlock" />
    <link:definitionArc xlink:type="arc" xlink:arcrole="http://xbrl.org/int/dim/arcrole/domain-member" xlink:from="loc_gri_VolumeOfSpill" xlink:to="loc_gri_ExplanationForReasonForOmissionRelatedToVolumeOfSpillTextBlock" order="2.0" use="optional" />
    <link:loc xlink:type="locator" xlink:href="../core/gri_srs_core_2025-06-23.xsd#gri_MaterialOfSpill" xlink:label="loc_gri_MaterialOfSpill" />
    <link:definitionArc xlink:type="arc" xlink:arcrole="http://xbrl.org/int/dim/arcrole/domain-member" xlink:from="loc_gri_InformationForSpillThatWasReportedInOrganizationsFinancialStatementsLineItems" xlink:to="loc_gri_MaterialOfSpill" order="3.0" use="optional" />
    <link:loc xlink:type="locator" xlink:href="../core/gri_srs_core_2025-06-23.xsd#gri_ReasonForOmissionRelatedToMaterialOfSpill" xlink:label="loc_gri_ReasonForOmissionRelatedToMaterialOfSpill" />
    <link:definitionArc xlink:type="arc" xlink:arcrole="http://xbrl.org/int/dim/arcrole/domain-member" xlink:from="loc_gri_MaterialOfSpill" xlink:to="loc_gri_ReasonForOmissionRelatedToMaterialOfSpill" order="1.0" use="optional" />
    <link:loc xlink:type="locator" xlink:href="../core/gri_srs_core_2025-06-23.xsd#gri_ExplanationForReasonForOmissionRelatedToMaterialOfSpillTextBlock" xlink:label="loc_gri_ExplanationForReasonForOmissionRelatedToMaterialOfSpillTextBlock" />
    <link:definitionArc xlink:type="arc" xlink:arcrole="http://xbrl.org/int/dim/arcrole/domain-member" xlink:from="loc_gri_MaterialOfSpill" xlink:to="loc_gri_ExplanationForReasonForOmissionRelatedToMaterialOfSpillTextBlock" order="2.0" use="optional" />
    <link:loc xlink:type="locator" xlink:href="../core/gri_srs_core_2025-06-23.xsd#gri_DescriptionOfOtherMaterialOfSpill" xlink:label="loc_gri_DescriptionOfOtherMaterialOfSpill" />
    <link:definitionArc xlink:type="arc" xlink:arcrole="http://xbrl.org/int/dim/arcrole/domain-member" xlink:from="loc_gri_InformationForSpillThatWasReportedInOrganizationsFinancialStatementsLineItems" xlink:to="loc_gri_DescriptionOfOtherMaterialOfSpill" order="4.0" use="optional" />
    <link:loc xlink:type="locator" xlink:href="../core/gri_srs_core_2025-06-23.xsd#gri_ReasonForOmissionRelatedToDescriptionOfOtherMaterialOfSpill" xlink:label="loc_gri_ReasonForOmissionRelatedToDescriptionOfOtherMaterialOfSpill" />
    <link:definitionArc xlink:type="arc" xlink:arcrole="http://xbrl.org/int/dim/arcrole/domain-member" xlink:from="loc_gri_DescriptionOfOtherMaterialOfSpill" xlink:to="loc_gri_ReasonForOmissionRelatedToDescriptionOfOtherMaterialOfSpill" order="1.0" use="optional" />
    <link:loc xlink:type="locator" xlink:href="../core/gri_srs_core_2025-06-23.xsd#gri_ExplanationForReasonForOmissionRelatedToDescriptionOfOtherMaterialOfSpillTextBlock" xlink:label="loc_gri_ExplanationForReasonForOmissionRelatedToDescriptionOfOtherMaterialOfSpillTextBlock" />
    <link:definitionArc xlink:type="arc" xlink:arcrole="http://xbrl.org/int/dim/arcrole/domain-member" xlink:from="loc_gri_DescriptionOfOtherMaterialOfSpill" xlink:to="loc_gri_ExplanationForReasonForOmissionRelatedToDescriptionOfOtherMaterialOfSpillTextBlock" order="2.0" use="optional" />
  </link:definitionLink>
</link:linkbase>