﻿<?xml version="1.0" encoding="utf-8"?>
<!-- Generated by GRI Taxonomy Editor-->
<link:linkbase xsi:schemaLocation="http://www.xbrl.org/2003/linkbase http://www.xbrl.org/2003/xbrl-linkbase-2003-12-31.xsd http://xbrl.org/2005/xbrldt http://www.xbrl.org/2005/xbrldt-2005.xsd http://www.xbrl.org/2003/instance http://www.xbrl.org/2003/xbrl-instance-2003-12-31.xsd http://www.w3.org/1999/xlink http://www.xbrl.org/2003/xlink-2003-12-31.xsd " xmlns:link="http://www.xbrl.org/2003/linkbase" xmlns:xbrldt="http://xbrl.org/2005/xbrldt" xmlns:xbrli="http://www.xbrl.org/2003/instance" xmlns:xlink="http://www.w3.org/1999/xlink" xmlns:xsi="http://www.w3.org/2001/XMLSchema-instance">
  <!-- Role Ref -->
  <link:roleRef roleURI="https://taxonomy.globalreporting.org/gri-sustainability-taxonomy/gri_srs/gri_srs_role/role_gri_301_1" xlink:type="simple" xlink:href="role_gri_srs_2025-06-23.xsd#role_gri_301_1" />
  <link:roleRef roleURI="https://taxonomy.globalreporting.org/gri-sustainability-taxonomy/gri_srs/gri_srs_role/role_gri_301_3" xlink:type="simple" xlink:href="role_gri_srs_2025-06-23.xsd#role_gri_301_3" />
  <link:roleRef roleURI="https://taxonomy.globalreporting.org/gri-sustainability-taxonomy/gri_srs/gri_srs_role/role_gri_301_3_D" xlink:type="simple" xlink:href="role_gri_srs_2025-06-23.xsd#role_gri_301_3_D" />
  <!-- ArcRole Ref -->
  <link:arcroleRef arcroleURI="http://xbrl.org/int/dim/arcrole/all" xlink:type="simple" xlink:href="http://www.xbrl.org/2005/xbrldt-2005.xsd#all" />
  <link:arcroleRef arcroleURI="http://xbrl.org/int/dim/arcrole/dimension-domain" xlink:type="simple" xlink:href="http://www.xbrl.org/2005/xbrldt-2005.xsd#dimension-domain" />
  <link:arcroleRef arcroleURI="http://xbrl.org/int/dim/arcrole/domain-member" xlink:type="simple" xlink:href="http://www.xbrl.org/2005/xbrldt-2005.xsd#domain-member" />
  <link:arcroleRef arcroleURI="http://xbrl.org/int/dim/arcrole/hypercube-dimension" xlink:type="simple" xlink:href="http://www.xbrl.org/2005/xbrldt-2005.xsd#hypercube-dimension" />
  <link:definitionLink xlink:type="extended" xlink:role="https://taxonomy.globalreporting.org/gri-sustainability-taxonomy/gri_srs/gri_srs_role/role_gri_301_1">
    <link:loc xlink:type="locator" xlink:href="../core/gri_srs_core_2025-06-23.xsd#gri_DisclosureOfMaterialsUsedByWeightOrVolumeAbstract" xlink:label="loc_gri_DisclosureOfMaterialsUsedByWeightOrVolumeAbstract" />
    <link:loc xlink:type="locator" xlink:href="../core/gri_srs_core_2025-06-23.xsd#gri_MaterialsUsedByWeightOrVolumeTable" xlink:label="loc_gri_MaterialsUsedByWeightOrVolumeTable" />
    <link:definitionArc xlink:type="arc" xlink:arcrole="http://xbrl.org/int/dim/arcrole/all" xlink:from="loc_gri_DisclosureOfMaterialsUsedByWeightOrVolumeAbstract" xlink:to="loc_gri_MaterialsUsedByWeightOrVolumeTable" order="1.0" xbrldt:contextElement="scenario" xbrldt:closed="false" use="optional" />
    <link:loc xlink:type="locator" xlink:href="../core/gri_srs_core_2025-06-23.xsd#gri_MaterialResourceAxis" xlink:label="loc_gri_MaterialResourceAxis" />
    <link:definitionArc xlink:type="arc" xlink:arcrole="http://xbrl.org/int/dim/arcrole/hypercube-dimension" xlink:from="loc_gri_MaterialsUsedByWeightOrVolumeTable" xlink:to="loc_gri_MaterialResourceAxis" order="1.0" use="optional" />
    <link:loc xlink:type="locator" xlink:href="../core/gri_srs_core_2025-06-23.xsd#gri_MaterialResourceDomain" xlink:label="loc_gri_MaterialResourceDomain" />
    <link:definitionArc xlink:type="arc" xlink:arcrole="http://xbrl.org/int/dim/arcrole/dimension-domain" xlink:from="loc_gri_MaterialResourceAxis" xlink:to="loc_gri_MaterialResourceDomain" order="1.0" use="optional" />
    <link:loc xlink:type="locator" xlink:href="../core/gri_srs_core_2025-06-23.xsd#gri_NonRenewableMaterialMember" xlink:label="loc_gri_NonRenewableMaterialMember" />
    <link:definitionArc xlink:type="arc" xlink:arcrole="http://xbrl.org/int/dim/arcrole/domain-member" xlink:from="loc_gri_MaterialResourceDomain" xlink:to="loc_gri_NonRenewableMaterialMember" order="1.0" use="optional" />
    <link:loc xlink:type="locator" xlink:href="../core/gri_srs_core_2025-06-23.xsd#gri_RenewableMaterialMember" xlink:label="loc_gri_RenewableMaterialMember" />
    <link:definitionArc xlink:type="arc" xlink:arcrole="http://xbrl.org/int/dim/arcrole/domain-member" xlink:from="loc_gri_MaterialResourceDomain" xlink:to="loc_gri_RenewableMaterialMember" order="2.0" use="optional" />
    <link:loc xlink:type="locator" xlink:href="../core/gri_srs_core_2025-06-23.xsd#gri_MaterialsUsedByWeightOrVolumeLineItems" xlink:label="loc_gri_MaterialsUsedByWeightOrVolumeLineItems" />
    <link:definitionArc xlink:type="arc" xlink:arcrole="http://xbrl.org/int/dim/arcrole/domain-member" xlink:from="loc_gri_DisclosureOfMaterialsUsedByWeightOrVolumeAbstract" xlink:to="loc_gri_MaterialsUsedByWeightOrVolumeLineItems" order="2.0" use="optional" />
    <link:loc xlink:type="locator" xlink:href="../core/gri_srs_core_2025-06-23.xsd#gri_TotalWeightOfMaterialsUsedToProduceAndPackageOrganizationsPrimaryProductsAndServices" xlink:label="loc_gri_TotalWeightOfMaterialsUsedToProduceAndPackageOrganizationsPrimaryProductsAndServices" />
    <link:definitionArc xlink:type="arc" xlink:arcrole="http://xbrl.org/int/dim/arcrole/domain-member" xlink:from="loc_gri_MaterialsUsedByWeightOrVolumeLineItems" xlink:to="loc_gri_TotalWeightOfMaterialsUsedToProduceAndPackageOrganizationsPrimaryProductsAndServices" order="1.0" use="optional" />
    <link:loc xlink:type="locator" xlink:href="../core/gri_srs_core_2025-06-23.xsd#gri_ReasonForOmissionRelatedToTotalWeightOfMaterialsUsedToProduceAndPackageOrganizationsPrimaryProductsAndServices" xlink:label="loc_gri_ReasonForOmissionRelatedToTotalWeightOfMaterialsUsedToProduceAndPackageOrganizationsPrimaryProductsAndServices" />
    <link:definitionArc xlink:type="arc" xlink:arcrole="http://xbrl.org/int/dim/arcrole/domain-member" xlink:from="loc_gri_TotalWeightOfMaterialsUsedToProduceAndPackageOrganizationsPrimaryProductsAndServices" xlink:to="loc_gri_ReasonForOmissionRelatedToTotalWeightOfMaterialsUsedToProduceAndPackageOrganizationsPrimaryProductsAndServices" order="1.0" use="optional" />
    <link:loc xlink:type="locator" xlink:href="../core/gri_srs_core_2025-06-23.xsd#gri_ExplanationForReasonForOmissionRelatedToTotalWeightOfMaterialsUsedToProduceAndPackageOrganizationsPrimaryProductsAndServicesTextBlock" xlink:label="loc_gri_ExplanationForReasonForOmissionRelatedToTotalWeightOfMaterialsUsedToProduceAndPackageOrganizationsPrimaryProductsAndServicesTextBlock" />
    <link:definitionArc xlink:type="arc" xlink:arcrole="http://xbrl.org/int/dim/arcrole/domain-member" xlink:from="loc_gri_TotalWeightOfMaterialsUsedToProduceAndPackageOrganizationsPrimaryProductsAndServices" xlink:to="loc_gri_ExplanationForReasonForOmissionRelatedToTotalWeightOfMaterialsUsedToProduceAndPackageOrganizationsPrimaryProductsAndServicesTextBlock" order="2.0" use="optional" />
    <link:loc xlink:type="locator" xlink:href="../core/gri_srs_core_2025-06-23.xsd#gri_TotalVolumeOfMaterialsUsedToProduceAndPackageOrganizationsPrimaryProductsAndServices" xlink:label="loc_gri_TotalVolumeOfMaterialsUsedToProduceAndPackageOrganizationsPrimaryProductsAndServices" />
    <link:definitionArc xlink:type="arc" xlink:arcrole="http://xbrl.org/int/dim/arcrole/domain-member" xlink:from="loc_gri_MaterialsUsedByWeightOrVolumeLineItems" xlink:to="loc_gri_TotalVolumeOfMaterialsUsedToProduceAndPackageOrganizationsPrimaryProductsAndServices" order="2.0" use="optional" />
    <link:loc xlink:type="locator" xlink:href="../core/gri_srs_core_2025-06-23.xsd#gri_ReasonForOmissionRelatedToTotalVolumeOfMaterialsUsedToProduceAndPackageOrganizationsPrimaryProductsAndServices" xlink:label="loc_gri_ReasonForOmissionRelatedToTotalVolumeOfMaterialsUsedToProduceAndPackageOrganizationsPrimaryProductsAndServices" />
    <link:definitionArc xlink:type="arc" xlink:arcrole="http://xbrl.org/int/dim/arcrole/domain-member" xlink:from="loc_gri_TotalVolumeOfMaterialsUsedToProduceAndPackageOrganizationsPrimaryProductsAndServices" xlink:to="loc_gri_ReasonForOmissionRelatedToTotalVolumeOfMaterialsUsedToProduceAndPackageOrganizationsPrimaryProductsAndServices" order="1.0" use="optional" />
    <link:loc xlink:type="locator" xlink:href="../core/gri_srs_core_2025-06-23.xsd#gri_ExplanationForReasonForOmissionRelatedToTotalVolumeOfMaterialsUsedToProduceAndPackageOrganizationsPrimaryProductsAndServicesTextBlock" xlink:label="loc_gri_ExplanationForReasonForOmissionRelatedToTotalVolumeOfMaterialsUsedToProduceAndPackageOrganizationsPrimaryProductsAndServicesTextBlock" />
    <link:definitionArc xlink:type="arc" xlink:arcrole="http://xbrl.org/int/dim/arcrole/domain-member" xlink:from="loc_gri_TotalVolumeOfMaterialsUsedToProduceAndPackageOrganizationsPrimaryProductsAndServices" xlink:to="loc_gri_ExplanationForReasonForOmissionRelatedToTotalVolumeOfMaterialsUsedToProduceAndPackageOrganizationsPrimaryProductsAndServicesTextBlock" order="2.0" use="optional" />
  </link:definitionLink>
  <link:definitionLink xlink:type="extended" xlink:role="https://taxonomy.globalreporting.org/gri-sustainability-taxonomy/gri_srs/gri_srs_role/role_gri_301_3">
    <link:loc xlink:type="locator" xlink:href="../core/gri_srs_core_2025-06-23.xsd#gri_ProductCategoryAbstract" xlink:label="loc_gri_ProductCategoryAbstract" />
    <link:loc xlink:type="locator" xlink:href="../core/gri_srs_core_2025-06-23.xsd#gri_ProductCategoryTable" xlink:label="loc_gri_ProductCategoryTable" />
    <link:definitionArc xlink:type="arc" xlink:arcrole="http://xbrl.org/int/dim/arcrole/all" xlink:from="loc_gri_ProductCategoryAbstract" xlink:to="loc_gri_ProductCategoryTable" order="1.0" xbrldt:contextElement="scenario" xbrldt:closed="false" use="optional" />
    <link:loc xlink:type="locator" xlink:href="../core/gri_srs_core_2025-06-23.xsd#gri_ProductCategoryAxis" xlink:label="loc_gri_ProductCategoryAxis" />
    <link:definitionArc xlink:type="arc" xlink:arcrole="http://xbrl.org/int/dim/arcrole/hypercube-dimension" xlink:from="loc_gri_ProductCategoryTable" xlink:to="loc_gri_ProductCategoryAxis" order="1.0" use="optional" />
    <link:loc xlink:type="locator" xlink:href="../core/gri_srs_core_2025-06-23.xsd#gri_ProductCategoryLineItems" xlink:label="loc_gri_ProductCategoryLineItems" />
    <link:definitionArc xlink:type="arc" xlink:arcrole="http://xbrl.org/int/dim/arcrole/domain-member" xlink:from="loc_gri_ProductCategoryAbstract" xlink:to="loc_gri_ProductCategoryLineItems" order="2.0" use="optional" />
    <link:loc xlink:type="locator" xlink:href="../core/gri_srs_core_2025-06-23.xsd#gri_PercentageOfReclaimedProductsAndPackagingMaterials" xlink:label="loc_gri_PercentageOfReclaimedProductsAndPackagingMaterials" />
    <link:definitionArc xlink:type="arc" xlink:arcrole="http://xbrl.org/int/dim/arcrole/domain-member" xlink:from="loc_gri_ProductCategoryLineItems" xlink:to="loc_gri_PercentageOfReclaimedProductsAndPackagingMaterials" order="1.0" use="optional" />
    <link:loc xlink:type="locator" xlink:href="../core/gri_srs_core_2025-06-23.xsd#gri_ReasonForOmissionRelatedToPercentageOfReclaimedProductsAndPackagingMaterials" xlink:label="loc_gri_ReasonForOmissionRelatedToPercentageOfReclaimedProductsAndPackagingMaterials" />
    <link:definitionArc xlink:type="arc" xlink:arcrole="http://xbrl.org/int/dim/arcrole/domain-member" xlink:from="loc_gri_PercentageOfReclaimedProductsAndPackagingMaterials" xlink:to="loc_gri_ReasonForOmissionRelatedToPercentageOfReclaimedProductsAndPackagingMaterials" order="1.0" use="optional" />
    <link:loc xlink:type="locator" xlink:href="../core/gri_srs_core_2025-06-23.xsd#gri_ExplanationForReasonForOmissionRelatedToPercentageOfReclaimedProductsAndPackagingMaterialsTextBlock" xlink:label="loc_gri_ExplanationForReasonForOmissionRelatedToPercentageOfReclaimedProductsAndPackagingMaterialsTextBlock" />
    <link:definitionArc xlink:type="arc" xlink:arcrole="http://xbrl.org/int/dim/arcrole/domain-member" xlink:from="loc_gri_PercentageOfReclaimedProductsAndPackagingMaterials" xlink:to="loc_gri_ExplanationForReasonForOmissionRelatedToPercentageOfReclaimedProductsAndPackagingMaterialsTextBlock" order="2.0" use="optional" />
  </link:definitionLink>
  <link:definitionLink xlink:type="extended" xlink:role="https://taxonomy.globalreporting.org/gri-sustainability-taxonomy/gri_srs/gri_srs_role/role_gri_301_3_D">
    <link:loc xlink:type="locator" xlink:href="../core/gri_srs_core_2025-06-23.xsd#gri_ProductCategoryAbstract" xlink:label="loc_gri_ProductCategoryAbstract" />
    <link:loc xlink:type="locator" xlink:href="../core/gri_srs_core_2025-06-23.xsd#gri_ProductCategoryTable" xlink:label="loc_gri_ProductCategoryTable" />
    <link:definitionArc xlink:type="arc" xlink:arcrole="http://xbrl.org/int/dim/arcrole/all" xlink:from="loc_gri_ProductCategoryAbstract" xlink:to="loc_gri_ProductCategoryTable" order="1.0" xbrldt:contextElement="scenario" xbrldt:closed="false" use="optional" />
    <link:loc xlink:type="locator" xlink:href="../core/gri_srs_core_2025-06-23.xsd#gri_ProductCategoryLineItems" xlink:label="loc_gri_ProductCategoryLineItems" />
    <link:definitionArc xlink:type="arc" xlink:arcrole="http://xbrl.org/int/dim/arcrole/domain-member" xlink:from="loc_gri_ProductCategoryAbstract" xlink:to="loc_gri_ProductCategoryLineItems" order="2.0" use="optional" />
    <link:loc xlink:type="locator" xlink:href="../core/gri_srs_core_2025-06-23.xsd#gri_PercentageOfReclaimedProductsAndPackagingMaterials" xlink:label="loc_gri_PercentageOfReclaimedProductsAndPackagingMaterials" />
    <link:definitionArc xlink:type="arc" xlink:arcrole="http://xbrl.org/int/dim/arcrole/domain-member" xlink:from="loc_gri_ProductCategoryLineItems" xlink:to="loc_gri_PercentageOfReclaimedProductsAndPackagingMaterials" order="1.0" use="optional" />
    <link:loc xlink:type="locator" xlink:href="../core/gri_srs_core_2025-06-23.xsd#gri_ReasonForOmissionRelatedToPercentageOfReclaimedProductsAndPackagingMaterials" xlink:label="loc_gri_ReasonForOmissionRelatedToPercentageOfReclaimedProductsAndPackagingMaterials" />
    <link:definitionArc xlink:type="arc" xlink:arcrole="http://xbrl.org/int/dim/arcrole/domain-member" xlink:from="loc_gri_PercentageOfReclaimedProductsAndPackagingMaterials" xlink:to="loc_gri_ReasonForOmissionRelatedToPercentageOfReclaimedProductsAndPackagingMaterials" order="1.0" use="optional" />
    <link:loc xlink:type="locator" xlink:href="../core/gri_srs_core_2025-06-23.xsd#gri_ExplanationForReasonForOmissionRelatedToPercentageOfReclaimedProductsAndPackagingMaterialsTextBlock" xlink:label="loc_gri_ExplanationForReasonForOmissionRelatedToPercentageOfReclaimedProductsAndPackagingMaterialsTextBlock" />
    <link:definitionArc xlink:type="arc" xlink:arcrole="http://xbrl.org/int/dim/arcrole/domain-member" xlink:from="loc_gri_PercentageOfReclaimedProductsAndPackagingMaterials" xlink:to="loc_gri_ExplanationForReasonForOmissionRelatedToPercentageOfReclaimedProductsAndPackagingMaterialsTextBlock" order="2.0" use="optional" />
  </link:definitionLink>
</link:linkbase>