﻿<?xml version="1.0" encoding="utf-8"?>
<!-- Generated by GRI Taxonomy Editor-->
<link:linkbase xsi:schemaLocation="http://www.xbrl.org/2003/linkbase http://www.xbrl.org/2003/xbrl-linkbase-2003-12-31.xsd http://xbrl.org/2005/xbrldt http://www.xbrl.org/2005/xbrldt-2005.xsd http://www.xbrl.org/2003/instance http://www.xbrl.org/2003/xbrl-instance-2003-12-31.xsd http://www.w3.org/1999/xlink http://www.xbrl.org/2003/xlink-2003-12-31.xsd " xmlns:link="http://www.xbrl.org/2003/linkbase" xmlns:xbrldt="http://xbrl.org/2005/xbrldt" xmlns:xbrli="http://www.xbrl.org/2003/instance" xmlns:xlink="http://www.w3.org/1999/xlink" xmlns:xsi="http://www.w3.org/2001/XMLSchema-instance">
  <!-- Role Ref -->
  <link:roleRef roleURI="https://taxonomy.globalreporting.org/gri-sustainability-taxonomy/gri_srs/gri_srs_role/role_gri_418-1" xlink:type="simple" xlink:href="role_gri_srs_2025-06-23.xsd#role_gri_418-1" />
  <!-- ArcRole Ref -->
  <link:arcroleRef arcroleURI="http://xbrl.org/int/dim/arcrole/all" xlink:type="simple" xlink:href="http://www.xbrl.org/2005/xbrldt-2005.xsd#all" />
  <link:arcroleRef arcroleURI="http://xbrl.org/int/dim/arcrole/dimension-domain" xlink:type="simple" xlink:href="http://www.xbrl.org/2005/xbrldt-2005.xsd#dimension-domain" />
  <link:arcroleRef arcroleURI="http://xbrl.org/int/dim/arcrole/domain-member" xlink:type="simple" xlink:href="http://www.xbrl.org/2005/xbrldt-2005.xsd#domain-member" />
  <link:arcroleRef arcroleURI="http://xbrl.org/int/dim/arcrole/hypercube-dimension" xlink:type="simple" xlink:href="http://www.xbrl.org/2005/xbrldt-2005.xsd#hypercube-dimension" />
  <link:definitionLink xlink:type="extended" xlink:role="https://taxonomy.globalreporting.org/gri-sustainability-taxonomy/gri_srs/gri_srs_role/role_gri_418-1">
    <link:loc xlink:type="locator" xlink:href="../core/gri_srs_core_2025-06-23.xsd#gri_DisclosureOfSubstantiatedComplaintsConcerningBreachesOfCustomerPrivacyAndLossesOfCustomerDataAbstract" xlink:label="loc_gri_DisclosureOfSubstantiatedComplaintsConcerningBreachesOfCustomerPrivacyAndLossesOfCustomerDataAbstract" />
    <link:loc xlink:type="locator" xlink:href="../core/gri_srs_core_2025-06-23.xsd#gri_SubstantiatedComplaintsConcerningBreachesOfCustomerPrivacyTable" xlink:label="loc_gri_SubstantiatedComplaintsConcerningBreachesOfCustomerPrivacyTable" />
    <link:definitionArc xlink:type="arc" xlink:arcrole="http://xbrl.org/int/dim/arcrole/all" xlink:from="loc_gri_DisclosureOfSubstantiatedComplaintsConcerningBreachesOfCustomerPrivacyAndLossesOfCustomerDataAbstract" xlink:to="loc_gri_SubstantiatedComplaintsConcerningBreachesOfCustomerPrivacyTable" order="1.0" xbrldt:contextElement="scenario" xbrldt:closed="false" use="optional" />
    <link:loc xlink:type="locator" xlink:href="../core/gri_srs_core_2025-06-23.xsd#gri_TypeOfComplaintsAxis" xlink:label="loc_gri_TypeOfComplaintsAxis" />
    <link:definitionArc xlink:type="arc" xlink:arcrole="http://xbrl.org/int/dim/arcrole/hypercube-dimension" xlink:from="loc_gri_SubstantiatedComplaintsConcerningBreachesOfCustomerPrivacyTable" xlink:to="loc_gri_TypeOfComplaintsAxis" order="1.0" use="optional" />
    <link:loc xlink:type="locator" xlink:href="../core/gri_srs_core_2025-06-23.xsd#gri_TypeOfComplaintsDomain" xlink:label="loc_gri_TypeOfComplaintsDomain" />
    <link:definitionArc xlink:type="arc" xlink:arcrole="http://xbrl.org/int/dim/arcrole/dimension-domain" xlink:from="loc_gri_TypeOfComplaintsAxis" xlink:to="loc_gri_TypeOfComplaintsDomain" order="1.0" use="optional" />
    <link:loc xlink:type="locator" xlink:href="../core/gri_srs_core_2025-06-23.xsd#gri_ComplaintsReceivedFromOutsidePartiesAndSubstantiatedByOrganizationMember" xlink:label="loc_gri_ComplaintsReceivedFromOutsidePartiesAndSubstantiatedByOrganizationMember" />
    <link:definitionArc xlink:type="arc" xlink:arcrole="http://xbrl.org/int/dim/arcrole/domain-member" xlink:from="loc_gri_TypeOfComplaintsDomain" xlink:to="loc_gri_ComplaintsReceivedFromOutsidePartiesAndSubstantiatedByOrganizationMember" order="1.0" use="optional" />
    <link:loc xlink:type="locator" xlink:href="../core/gri_srs_core_2025-06-23.xsd#gri_ComplaintsFromRegulatoryBodiesMember" xlink:label="loc_gri_ComplaintsFromRegulatoryBodiesMember" />
    <link:definitionArc xlink:type="arc" xlink:arcrole="http://xbrl.org/int/dim/arcrole/domain-member" xlink:from="loc_gri_TypeOfComplaintsDomain" xlink:to="loc_gri_ComplaintsFromRegulatoryBodiesMember" order="2.0" use="optional" />
    <link:loc xlink:type="locator" xlink:href="../core/gri_srs_core_2025-06-23.xsd#gri_SubstantiatedComplaintsConcerningBreachesOfCustomerPrivacyLineItems" xlink:label="loc_gri_SubstantiatedComplaintsConcerningBreachesOfCustomerPrivacyLineItems" />
    <link:definitionArc xlink:type="arc" xlink:arcrole="http://xbrl.org/int/dim/arcrole/domain-member" xlink:from="loc_gri_DisclosureOfSubstantiatedComplaintsConcerningBreachesOfCustomerPrivacyAndLossesOfCustomerDataAbstract" xlink:to="loc_gri_SubstantiatedComplaintsConcerningBreachesOfCustomerPrivacyLineItems" order="2.0" use="optional" />
    <link:loc xlink:type="locator" xlink:href="../core/gri_srs_core_2025-06-23.xsd#gri_TotalNumberOfSubstantiatedComplaintsReceivedConcerningBreachesOfCustomerPrivacy" xlink:label="loc_gri_TotalNumberOfSubstantiatedComplaintsReceivedConcerningBreachesOfCustomerPrivacy" />
    <link:definitionArc xlink:type="arc" xlink:arcrole="http://xbrl.org/int/dim/arcrole/domain-member" xlink:from="loc_gri_SubstantiatedComplaintsConcerningBreachesOfCustomerPrivacyLineItems" xlink:to="loc_gri_TotalNumberOfSubstantiatedComplaintsReceivedConcerningBreachesOfCustomerPrivacy" order="1.0" use="optional" />
    <link:loc xlink:type="locator" xlink:href="../core/gri_srs_core_2025-06-23.xsd#gri_ReasonForOmissionRelatedToTotalNumberOfSubstantiatedComplaintsReceivedConcerningBreachesOfCustomerPrivacy" xlink:label="loc_gri_ReasonForOmissionRelatedToTotalNumberOfSubstantiatedComplaintsReceivedConcerningBreachesOfCustomerPrivacy" />
    <link:definitionArc xlink:type="arc" xlink:arcrole="http://xbrl.org/int/dim/arcrole/domain-member" xlink:from="loc_gri_TotalNumberOfSubstantiatedComplaintsReceivedConcerningBreachesOfCustomerPrivacy" xlink:to="loc_gri_ReasonForOmissionRelatedToTotalNumberOfSubstantiatedComplaintsReceivedConcerningBreachesOfCustomerPrivacy" order="1.0" use="optional" />
    <link:loc xlink:type="locator" xlink:href="../core/gri_srs_core_2025-06-23.xsd#gri_ExplanationForReasonForOmissionRelatedToTotalNumberOfSubstantiatedComplaintsReceivedConcerningBreachesOfCustomerPrivacyTextBlock" xlink:label="loc_gri_ExplanationForReasonForOmissionRelatedToTotalNumberOfSubstantiatedComplaintsReceivedConcerningBreachesOfCustomerPrivacyTextBlock" />
    <link:definitionArc xlink:type="arc" xlink:arcrole="http://xbrl.org/int/dim/arcrole/domain-member" xlink:from="loc_gri_TotalNumberOfSubstantiatedComplaintsReceivedConcerningBreachesOfCustomerPrivacy" xlink:to="loc_gri_ExplanationForReasonForOmissionRelatedToTotalNumberOfSubstantiatedComplaintsReceivedConcerningBreachesOfCustomerPrivacyTextBlock" order="2.0" use="optional" />
  </link:definitionLink>
</link:linkbase>