﻿<?xml version="1.0" encoding="utf-8"?>
<!-- Generated by GRI Taxonomy Editor-->
<link:linkbase xsi:schemaLocation="http://www.xbrl.org/2003/linkbase http://www.xbrl.org/2003/xbrl-linkbase-2003-12-31.xsd http://xbrl.org/2005/xbrldt http://www.xbrl.org/2005/xbrldt-2005.xsd http://www.xbrl.org/2003/instance http://www.xbrl.org/2003/xbrl-instance-2003-12-31.xsd http://www.w3.org/1999/xlink http://www.xbrl.org/2003/xlink-2003-12-31.xsd " xmlns:link="http://www.xbrl.org/2003/linkbase" xmlns:xbrldt="http://xbrl.org/2005/xbrldt" xmlns:xbrli="http://www.xbrl.org/2003/instance" xmlns:xlink="http://www.w3.org/1999/xlink" xmlns:xsi="http://www.w3.org/2001/XMLSchema-instance">
  <!-- Role Ref -->
  <link:roleRef roleURI="http://www.xbrl.org/taxonomy/int/country/roles/domain" xlink:type="simple" xlink:href="../core/country-current-PR-2024-01-31/elts.xsd#roleType_domain" />
  <link:roleRef roleURI="https://taxonomy.globalreporting.org/gri-sustainability-taxonomy/gri_srs/gri_srs_role/role_gri_415_1" xlink:type="simple" xlink:href="role_gri_srs_2025-06-23.xsd#role_gri_415_1" />
  <link:roleRef roleURI="https://taxonomy.globalreporting.org/gri-sustainability-taxonomy/gri_srs/gri_srs_role/role_gri_415_1_D" xlink:type="simple" xlink:href="role_gri_srs_2025-06-23.xsd#role_gri_415_1_D" />
  <!-- ArcRole Ref -->
  <link:arcroleRef arcroleURI="http://xbrl.org/int/dim/arcrole/all" xlink:type="simple" xlink:href="http://www.xbrl.org/2005/xbrldt-2005.xsd#all" />
  <link:arcroleRef arcroleURI="http://xbrl.org/int/dim/arcrole/dimension-domain" xlink:type="simple" xlink:href="http://www.xbrl.org/2005/xbrldt-2005.xsd#dimension-domain" />
  <link:arcroleRef arcroleURI="http://xbrl.org/int/dim/arcrole/domain-member" xlink:type="simple" xlink:href="http://www.xbrl.org/2005/xbrldt-2005.xsd#domain-member" />
  <link:arcroleRef arcroleURI="http://xbrl.org/int/dim/arcrole/hypercube-dimension" xlink:type="simple" xlink:href="http://www.xbrl.org/2005/xbrldt-2005.xsd#hypercube-dimension" />
  <link:definitionLink xlink:type="extended" xlink:role="https://taxonomy.globalreporting.org/gri-sustainability-taxonomy/gri_srs/gri_srs_role/role_gri_415_1">
    <link:loc xlink:type="locator" xlink:href="../core/gri_srs_core_2025-06-23.xsd#gri_DisclosureOfPoliticalContributionsAbstract" xlink:label="loc_gri_DisclosureOfPoliticalContributionsAbstract" />
    <link:loc xlink:type="locator" xlink:href="../core/gri_srs_core_2025-06-23.xsd#gri_PoliticalContributionsTable" xlink:label="loc_gri_PoliticalContributionsTable" />
    <link:definitionArc xlink:type="arc" xlink:arcrole="http://xbrl.org/int/dim/arcrole/all" xlink:from="loc_gri_DisclosureOfPoliticalContributionsAbstract" xlink:to="loc_gri_PoliticalContributionsTable" order="1.0" xbrldt:contextElement="scenario" xbrldt:closed="false" use="optional" />
    <link:loc xlink:type="locator" xlink:href="../core/gri_srs_core_2025-06-23.xsd#gri_CountryAxis" xlink:label="loc_gri_CountryAxis" />
    <link:definitionArc xlink:type="arc" xlink:arcrole="http://xbrl.org/int/dim/arcrole/hypercube-dimension" xlink:from="loc_gri_PoliticalContributionsTable" xlink:to="loc_gri_CountryAxis" order="1.0" use="optional" />
    <link:loc xlink:type="locator" xlink:href="../core/country-current-PR-2024-01-31/elts.xsd#country_CountryDomain" xlink:label="loc_country_CountryDomain" />
    <link:definitionArc xlink:type="arc" xlink:arcrole="http://xbrl.org/int/dim/arcrole/dimension-domain" xlink:from="loc_gri_CountryAxis" xlink:to="loc_country_CountryDomain" order="1.0" xbrldt:targetRole="http://www.xbrl.org/taxonomy/int/country/roles/domain" use="optional" />
    <link:loc xlink:type="locator" xlink:href="../core/gri_srs_core_2025-06-23.xsd#gri_RecipientOrBeneficiaryAxis" xlink:label="loc_gri_RecipientOrBeneficiaryAxis" />
    <link:definitionArc xlink:type="arc" xlink:arcrole="http://xbrl.org/int/dim/arcrole/hypercube-dimension" xlink:from="loc_gri_PoliticalContributionsTable" xlink:to="loc_gri_RecipientOrBeneficiaryAxis" order="2.0" use="optional" />
    <link:loc xlink:type="locator" xlink:href="../core/gri_srs_core_2025-06-23.xsd#gri_PoliticalContributionsLineItems" xlink:label="loc_gri_PoliticalContributionsLineItems" />
    <link:definitionArc xlink:type="arc" xlink:arcrole="http://xbrl.org/int/dim/arcrole/domain-member" xlink:from="loc_gri_DisclosureOfPoliticalContributionsAbstract" xlink:to="loc_gri_PoliticalContributionsLineItems" order="2.0" use="optional" />
    <link:loc xlink:type="locator" xlink:href="../core/gri_srs_core_2025-06-23.xsd#gri_TotalMonetaryValueOfFinancialAndInKindPoliticalContributionsMadeDirectlyAndIndirectly" xlink:label="loc_gri_TotalMonetaryValueOfFinancialAndInKindPoliticalContributionsMadeDirectlyAndIndirectly" />
    <link:definitionArc xlink:type="arc" xlink:arcrole="http://xbrl.org/int/dim/arcrole/domain-member" xlink:from="loc_gri_PoliticalContributionsLineItems" xlink:to="loc_gri_TotalMonetaryValueOfFinancialAndInKindPoliticalContributionsMadeDirectlyAndIndirectly" order="1.0" use="optional" />
    <link:loc xlink:type="locator" xlink:href="../core/gri_srs_core_2025-06-23.xsd#gri_ReasonForOmissionRelatedToTotalMonetaryValueOfFinancialAndInKindPoliticalContributionsMadeDirectlyAndIndirectly" xlink:label="loc_gri_ReasonForOmissionRelatedToTotalMonetaryValueOfFinancialAndInKindPoliticalContributionsMadeDirectlyAndIndirectly" />
    <link:definitionArc xlink:type="arc" xlink:arcrole="http://xbrl.org/int/dim/arcrole/domain-member" xlink:from="loc_gri_TotalMonetaryValueOfFinancialAndInKindPoliticalContributionsMadeDirectlyAndIndirectly" xlink:to="loc_gri_ReasonForOmissionRelatedToTotalMonetaryValueOfFinancialAndInKindPoliticalContributionsMadeDirectlyAndIndirectly" order="1.0" use="optional" />
    <link:loc xlink:type="locator" xlink:href="../core/gri_srs_core_2025-06-23.xsd#gri_ExplanationForReasonForOmissionRelatedToTotalMonetaryValueOfFinancialAndInKindPoliticalContributionsMadeDirectlyAndIndirectlyTextBlock" xlink:label="loc_gri_ExplanationForReasonForOmissionRelatedToTotalMonetaryValueOfFinancialAndInKindPoliticalContributionsMadeDirectlyAndIndirectlyTextBlock" />
    <link:definitionArc xlink:type="arc" xlink:arcrole="http://xbrl.org/int/dim/arcrole/domain-member" xlink:from="loc_gri_TotalMonetaryValueOfFinancialAndInKindPoliticalContributionsMadeDirectlyAndIndirectly" xlink:to="loc_gri_ExplanationForReasonForOmissionRelatedToTotalMonetaryValueOfFinancialAndInKindPoliticalContributionsMadeDirectlyAndIndirectlyTextBlock" order="2.0" use="optional" />
  </link:definitionLink>
  <link:definitionLink xlink:type="extended" xlink:role="https://taxonomy.globalreporting.org/gri-sustainability-taxonomy/gri_srs/gri_srs_role/role_gri_415_1_D">
    <link:loc xlink:type="locator" xlink:href="../core/gri_srs_core_2025-06-23.xsd#gri_DisclosureOfPoliticalContributionsAbstract" xlink:label="loc_gri_DisclosureOfPoliticalContributionsAbstract" />
    <link:loc xlink:type="locator" xlink:href="../core/gri_srs_core_2025-06-23.xsd#gri_PoliticalContributionsTable" xlink:label="loc_gri_PoliticalContributionsTable" />
    <link:definitionArc xlink:type="arc" xlink:arcrole="http://xbrl.org/int/dim/arcrole/all" xlink:from="loc_gri_DisclosureOfPoliticalContributionsAbstract" xlink:to="loc_gri_PoliticalContributionsTable" order="1.0" xbrldt:contextElement="scenario" xbrldt:closed="false" use="optional" />
    <link:loc xlink:type="locator" xlink:href="../core/gri_srs_core_2025-06-23.xsd#gri_PoliticalContributionsLineItems" xlink:label="loc_gri_PoliticalContributionsLineItems" />
    <link:definitionArc xlink:type="arc" xlink:arcrole="http://xbrl.org/int/dim/arcrole/domain-member" xlink:from="loc_gri_DisclosureOfPoliticalContributionsAbstract" xlink:to="loc_gri_PoliticalContributionsLineItems" order="2.0" use="optional" />
    <link:loc xlink:type="locator" xlink:href="../core/gri_srs_core_2025-06-23.xsd#gri_TotalMonetaryValueOfFinancialAndInKindPoliticalContributionsMadeDirectlyAndIndirectly" xlink:label="loc_gri_TotalMonetaryValueOfFinancialAndInKindPoliticalContributionsMadeDirectlyAndIndirectly" />
    <link:definitionArc xlink:type="arc" xlink:arcrole="http://xbrl.org/int/dim/arcrole/domain-member" xlink:from="loc_gri_PoliticalContributionsLineItems" xlink:to="loc_gri_TotalMonetaryValueOfFinancialAndInKindPoliticalContributionsMadeDirectlyAndIndirectly" order="1.0" use="optional" />
    <link:loc xlink:type="locator" xlink:href="../core/gri_srs_core_2025-06-23.xsd#gri_ReasonForOmissionRelatedToTotalMonetaryValueOfFinancialAndInKindPoliticalContributionsMadeDirectlyAndIndirectly" xlink:label="loc_gri_ReasonForOmissionRelatedToTotalMonetaryValueOfFinancialAndInKindPoliticalContributionsMadeDirectlyAndIndirectly" />
    <link:definitionArc xlink:type="arc" xlink:arcrole="http://xbrl.org/int/dim/arcrole/domain-member" xlink:from="loc_gri_TotalMonetaryValueOfFinancialAndInKindPoliticalContributionsMadeDirectlyAndIndirectly" xlink:to="loc_gri_ReasonForOmissionRelatedToTotalMonetaryValueOfFinancialAndInKindPoliticalContributionsMadeDirectlyAndIndirectly" order="1.0" use="optional" />
    <link:loc xlink:type="locator" xlink:href="../core/gri_srs_core_2025-06-23.xsd#gri_ExplanationForReasonForOmissionRelatedToTotalMonetaryValueOfFinancialAndInKindPoliticalContributionsMadeDirectlyAndIndirectlyTextBlock" xlink:label="loc_gri_ExplanationForReasonForOmissionRelatedToTotalMonetaryValueOfFinancialAndInKindPoliticalContributionsMadeDirectlyAndIndirectlyTextBlock" />
    <link:definitionArc xlink:type="arc" xlink:arcrole="http://xbrl.org/int/dim/arcrole/domain-member" xlink:from="loc_gri_TotalMonetaryValueOfFinancialAndInKindPoliticalContributionsMadeDirectlyAndIndirectly" xlink:to="loc_gri_ExplanationForReasonForOmissionRelatedToTotalMonetaryValueOfFinancialAndInKindPoliticalContributionsMadeDirectlyAndIndirectlyTextBlock" order="2.0" use="optional" />
  </link:definitionLink>
</link:linkbase>