﻿<?xml version="1.0" encoding="utf-8"?>
<!-- Generated by GRI Taxonomy Editor-->
<link:linkbase xsi:schemaLocation="http://www.xbrl.org/2003/linkbase http://www.xbrl.org/2003/xbrl-linkbase-2003-12-31.xsd http://xbrl.org/2005/xbrldt http://www.xbrl.org/2005/xbrldt-2005.xsd http://www.xbrl.org/2003/instance http://www.xbrl.org/2003/xbrl-instance-2003-12-31.xsd http://www.w3.org/1999/xlink http://www.xbrl.org/2003/xlink-2003-12-31.xsd " xmlns:link="http://www.xbrl.org/2003/linkbase" xmlns:xbrldt="http://xbrl.org/2005/xbrldt" xmlns:xbrli="http://www.xbrl.org/2003/instance" xmlns:xlink="http://www.w3.org/1999/xlink" xmlns:xsi="http://www.w3.org/2001/XMLSchema-instance">
  <!-- Role Ref -->
  <link:roleRef roleURI="https://taxonomy.globalreporting.org/gri-sustainability-taxonomy/gri_srs/gri_srs_role/role_gri_306_2020_3" xlink:type="simple" xlink:href="role_gri_srs_2025-06-23.xsd#role_gri_306_2020_3" />
  <link:roleRef roleURI="https://taxonomy.globalreporting.org/gri-sustainability-taxonomy/gri_srs/gri_srs_role/role_gri_306_2020_3_D" xlink:type="simple" xlink:href="role_gri_srs_2025-06-23.xsd#role_gri_306_2020_3_D" />
  <link:roleRef roleURI="https://taxonomy.globalreporting.org/gri-sustainability-taxonomy/gri_srs/gri_srs_role/role_gri_306_2020_4" xlink:type="simple" xlink:href="role_gri_srs_2025-06-23.xsd#role_gri_306_2020_4" />
  <link:roleRef roleURI="https://taxonomy.globalreporting.org/gri-sustainability-taxonomy/gri_srs/gri_srs_role/role_gri_306_2020_4_b" xlink:type="simple" xlink:href="role_gri_srs_2025-06-23.xsd#role_gri_306_2020_4_b" />
  <link:roleRef roleURI="https://taxonomy.globalreporting.org/gri-sustainability-taxonomy/gri_srs/gri_srs_role/role_gri_306_2020_4_D" xlink:type="simple" xlink:href="role_gri_srs_2025-06-23.xsd#role_gri_306_2020_4_D" />
  <link:roleRef roleURI="https://taxonomy.globalreporting.org/gri-sustainability-taxonomy/gri_srs/gri_srs_role/role_gri_306_2020_5" xlink:type="simple" xlink:href="role_gri_srs_2025-06-23.xsd#role_gri_306_2020_5" />
  <link:roleRef roleURI="https://taxonomy.globalreporting.org/gri-sustainability-taxonomy/gri_srs/gri_srs_role/role_gri_306_2020_5_b" xlink:type="simple" xlink:href="role_gri_srs_2025-06-23.xsd#role_gri_306_2020_5_b" />
  <link:roleRef roleURI="https://taxonomy.globalreporting.org/gri-sustainability-taxonomy/gri_srs/gri_srs_role/role_gri_306_2020_5_D" xlink:type="simple" xlink:href="role_gri_srs_2025-06-23.xsd#role_gri_306_2020_5_D" />
  <!-- ArcRole Ref -->
  <link:arcroleRef arcroleURI="http://xbrl.org/int/dim/arcrole/all" xlink:type="simple" xlink:href="http://www.xbrl.org/2005/xbrldt-2005.xsd#all" />
  <link:arcroleRef arcroleURI="http://xbrl.org/int/dim/arcrole/dimension-domain" xlink:type="simple" xlink:href="http://www.xbrl.org/2005/xbrldt-2005.xsd#dimension-domain" />
  <link:arcroleRef arcroleURI="http://xbrl.org/int/dim/arcrole/domain-member" xlink:type="simple" xlink:href="http://www.xbrl.org/2005/xbrldt-2005.xsd#domain-member" />
  <link:arcroleRef arcroleURI="http://xbrl.org/int/dim/arcrole/hypercube-dimension" xlink:type="simple" xlink:href="http://www.xbrl.org/2005/xbrldt-2005.xsd#hypercube-dimension" />
  <link:definitionLink xlink:type="extended" xlink:role="https://taxonomy.globalreporting.org/gri-sustainability-taxonomy/gri_srs/gri_srs_role/role_gri_306_2020_3">
    <link:loc xlink:type="locator" xlink:href="../core/gri_srs_core_2025-06-23.xsd#gri_CategoryOfWasteCompositionAbstract" xlink:label="loc_gri_CategoryOfWasteCompositionAbstract" />
    <link:loc xlink:type="locator" xlink:href="../core/gri_srs_core_2025-06-23.xsd#gri_CategoryOfWasteCompositionTable" xlink:label="loc_gri_CategoryOfWasteCompositionTable" />
    <link:definitionArc xlink:type="arc" xlink:arcrole="http://xbrl.org/int/dim/arcrole/all" xlink:from="loc_gri_CategoryOfWasteCompositionAbstract" xlink:to="loc_gri_CategoryOfWasteCompositionTable" order="1.0" xbrldt:contextElement="scenario" xbrldt:closed="false" use="optional" />
    <link:loc xlink:type="locator" xlink:href="../core/gri_srs_core_2025-06-23.xsd#gri_CategoryOfWasteCompositionAxis" xlink:label="loc_gri_CategoryOfWasteCompositionAxis" />
    <link:definitionArc xlink:type="arc" xlink:arcrole="http://xbrl.org/int/dim/arcrole/hypercube-dimension" xlink:from="loc_gri_CategoryOfWasteCompositionTable" xlink:to="loc_gri_CategoryOfWasteCompositionAxis" order="1.0" use="optional" />
    <link:loc xlink:type="locator" xlink:href="../core/gri_srs_core_2025-06-23.xsd#gri_CategoryOfWasteCompositionLineItems" xlink:label="loc_gri_CategoryOfWasteCompositionLineItems" />
    <link:definitionArc xlink:type="arc" xlink:arcrole="http://xbrl.org/int/dim/arcrole/domain-member" xlink:from="loc_gri_CategoryOfWasteCompositionAbstract" xlink:to="loc_gri_CategoryOfWasteCompositionLineItems" order="2.0" use="optional" />
    <link:loc xlink:type="locator" xlink:href="../core/gri_srs_core_2025-06-23.xsd#gri_WeightOfWasteGenerated" xlink:label="loc_gri_WeightOfWasteGenerated" />
    <link:definitionArc xlink:type="arc" xlink:arcrole="http://xbrl.org/int/dim/arcrole/domain-member" xlink:from="loc_gri_CategoryOfWasteCompositionLineItems" xlink:to="loc_gri_WeightOfWasteGenerated" order="1.0" use="optional" />
    <link:loc xlink:type="locator" xlink:href="../core/gri_srs_core_2025-06-23.xsd#gri_ReasonForOmissionRelatedToWeightOfWasteGenerated" xlink:label="loc_gri_ReasonForOmissionRelatedToWeightOfWasteGenerated" />
    <link:definitionArc xlink:type="arc" xlink:arcrole="http://xbrl.org/int/dim/arcrole/domain-member" xlink:from="loc_gri_WeightOfWasteGenerated" xlink:to="loc_gri_ReasonForOmissionRelatedToWeightOfWasteGenerated" order="1.0" use="optional" />
    <link:loc xlink:type="locator" xlink:href="../core/gri_srs_core_2025-06-23.xsd#gri_ExplanationForReasonForOmissionRelatedToWeightOfWasteGeneratedTextBlock" xlink:label="loc_gri_ExplanationForReasonForOmissionRelatedToWeightOfWasteGeneratedTextBlock" />
    <link:definitionArc xlink:type="arc" xlink:arcrole="http://xbrl.org/int/dim/arcrole/domain-member" xlink:from="loc_gri_WeightOfWasteGenerated" xlink:to="loc_gri_ExplanationForReasonForOmissionRelatedToWeightOfWasteGeneratedTextBlock" order="2.0" use="optional" />
  </link:definitionLink>
  <link:definitionLink xlink:type="extended" xlink:role="https://taxonomy.globalreporting.org/gri-sustainability-taxonomy/gri_srs/gri_srs_role/role_gri_306_2020_3_D">
    <link:loc xlink:type="locator" xlink:href="../core/gri_srs_core_2025-06-23.xsd#gri_CategoryOfWasteCompositionAbstract" xlink:label="loc_gri_CategoryOfWasteCompositionAbstract" />
    <link:loc xlink:type="locator" xlink:href="../core/gri_srs_core_2025-06-23.xsd#gri_CategoryOfWasteCompositionTable" xlink:label="loc_gri_CategoryOfWasteCompositionTable" />
    <link:definitionArc xlink:type="arc" xlink:arcrole="http://xbrl.org/int/dim/arcrole/all" xlink:from="loc_gri_CategoryOfWasteCompositionAbstract" xlink:to="loc_gri_CategoryOfWasteCompositionTable" order="1.0" xbrldt:contextElement="scenario" xbrldt:closed="false" use="optional" />
    <link:loc xlink:type="locator" xlink:href="../core/gri_srs_core_2025-06-23.xsd#gri_CategoryOfWasteCompositionLineItems" xlink:label="loc_gri_CategoryOfWasteCompositionLineItems" />
    <link:definitionArc xlink:type="arc" xlink:arcrole="http://xbrl.org/int/dim/arcrole/domain-member" xlink:from="loc_gri_CategoryOfWasteCompositionAbstract" xlink:to="loc_gri_CategoryOfWasteCompositionLineItems" order="2.0" use="optional" />
    <link:loc xlink:type="locator" xlink:href="../core/gri_srs_core_2025-06-23.xsd#gri_WeightOfWasteGenerated" xlink:label="loc_gri_WeightOfWasteGenerated" />
    <link:definitionArc xlink:type="arc" xlink:arcrole="http://xbrl.org/int/dim/arcrole/domain-member" xlink:from="loc_gri_CategoryOfWasteCompositionLineItems" xlink:to="loc_gri_WeightOfWasteGenerated" order="1.0" use="optional" />
    <link:loc xlink:type="locator" xlink:href="../core/gri_srs_core_2025-06-23.xsd#gri_ReasonForOmissionRelatedToWeightOfWasteGenerated" xlink:label="loc_gri_ReasonForOmissionRelatedToWeightOfWasteGenerated" />
    <link:definitionArc xlink:type="arc" xlink:arcrole="http://xbrl.org/int/dim/arcrole/domain-member" xlink:from="loc_gri_WeightOfWasteGenerated" xlink:to="loc_gri_ReasonForOmissionRelatedToWeightOfWasteGenerated" order="1.0" use="optional" />
    <link:loc xlink:type="locator" xlink:href="../core/gri_srs_core_2025-06-23.xsd#gri_ExplanationForReasonForOmissionRelatedToWeightOfWasteGeneratedTextBlock" xlink:label="loc_gri_ExplanationForReasonForOmissionRelatedToWeightOfWasteGeneratedTextBlock" />
    <link:definitionArc xlink:type="arc" xlink:arcrole="http://xbrl.org/int/dim/arcrole/domain-member" xlink:from="loc_gri_WeightOfWasteGenerated" xlink:to="loc_gri_ExplanationForReasonForOmissionRelatedToWeightOfWasteGeneratedTextBlock" order="2.0" use="optional" />
  </link:definitionLink>
  <link:definitionLink xlink:type="extended" xlink:role="https://taxonomy.globalreporting.org/gri-sustainability-taxonomy/gri_srs/gri_srs_role/role_gri_306_2020_4">
    <link:loc xlink:type="locator" xlink:href="../core/gri_srs_core_2025-06-23.xsd#gri_WasteDivertedFromDisposalBreakdownByCompositionOfWasteAbstract" xlink:label="loc_gri_WasteDivertedFromDisposalBreakdownByCompositionOfWasteAbstract" />
    <link:loc xlink:type="locator" xlink:href="../core/gri_srs_core_2025-06-23.xsd#gri_WasteDivertedFromDisposalBreakdownByCompositionOfWasteTable" xlink:label="loc_gri_WasteDivertedFromDisposalBreakdownByCompositionOfWasteTable" />
    <link:definitionArc xlink:type="arc" xlink:arcrole="http://xbrl.org/int/dim/arcrole/all" xlink:from="loc_gri_WasteDivertedFromDisposalBreakdownByCompositionOfWasteAbstract" xlink:to="loc_gri_WasteDivertedFromDisposalBreakdownByCompositionOfWasteTable" order="1.0" xbrldt:contextElement="scenario" xbrldt:closed="false" use="optional" />
    <link:loc xlink:type="locator" xlink:href="../core/gri_srs_core_2025-06-23.xsd#gri_CategoryOfWasteCompositionAxis" xlink:label="loc_gri_CategoryOfWasteCompositionAxis" />
    <link:definitionArc xlink:type="arc" xlink:arcrole="http://xbrl.org/int/dim/arcrole/hypercube-dimension" xlink:from="loc_gri_WasteDivertedFromDisposalBreakdownByCompositionOfWasteTable" xlink:to="loc_gri_CategoryOfWasteCompositionAxis" order="1.0" use="optional" />
    <link:loc xlink:type="locator" xlink:href="../core/gri_srs_core_2025-06-23.xsd#gri_WasteDivertedFromDisposalBreakdownByCompositionOfWasteLineItems" xlink:label="loc_gri_WasteDivertedFromDisposalBreakdownByCompositionOfWasteLineItems" />
    <link:definitionArc xlink:type="arc" xlink:arcrole="http://xbrl.org/int/dim/arcrole/domain-member" xlink:from="loc_gri_WasteDivertedFromDisposalBreakdownByCompositionOfWasteAbstract" xlink:to="loc_gri_WasteDivertedFromDisposalBreakdownByCompositionOfWasteLineItems" order="2.0" use="optional" />
    <link:loc xlink:type="locator" xlink:href="../core/gri_srs_core_2025-06-23.xsd#gri_WeightOfWasteDivertedFromDisposal" xlink:label="loc_gri_WeightOfWasteDivertedFromDisposal" />
    <link:definitionArc xlink:type="arc" xlink:arcrole="http://xbrl.org/int/dim/arcrole/domain-member" xlink:from="loc_gri_WasteDivertedFromDisposalBreakdownByCompositionOfWasteLineItems" xlink:to="loc_gri_WeightOfWasteDivertedFromDisposal" order="1.0" use="optional" />
    <link:loc xlink:type="locator" xlink:href="../core/gri_srs_core_2025-06-23.xsd#gri_ReasonForOmissionRelatedToWeightOfWasteDivertedFromDisposal" xlink:label="loc_gri_ReasonForOmissionRelatedToWeightOfWasteDivertedFromDisposal" />
    <link:definitionArc xlink:type="arc" xlink:arcrole="http://xbrl.org/int/dim/arcrole/domain-member" xlink:from="loc_gri_WeightOfWasteDivertedFromDisposal" xlink:to="loc_gri_ReasonForOmissionRelatedToWeightOfWasteDivertedFromDisposal" order="1.0" use="optional" />
    <link:loc xlink:type="locator" xlink:href="../core/gri_srs_core_2025-06-23.xsd#gri_ExplanationForReasonForOmissionRelatedToWeightOfWasteDivertedFromDisposalTextBlock" xlink:label="loc_gri_ExplanationForReasonForOmissionRelatedToWeightOfWasteDivertedFromDisposalTextBlock" />
    <link:definitionArc xlink:type="arc" xlink:arcrole="http://xbrl.org/int/dim/arcrole/domain-member" xlink:from="loc_gri_WeightOfWasteDivertedFromDisposal" xlink:to="loc_gri_ExplanationForReasonForOmissionRelatedToWeightOfWasteDivertedFromDisposalTextBlock" order="2.0" use="optional" />
  </link:definitionLink>
  <link:definitionLink xlink:type="extended" xlink:role="https://taxonomy.globalreporting.org/gri-sustainability-taxonomy/gri_srs/gri_srs_role/role_gri_306_2020_4_b">
    <link:loc xlink:type="locator" xlink:href="../core/gri_srs_core_2025-06-23.xsd#gri_WasteDivertedFromDisposalBreakdownByRecoveryOperationAbstract" xlink:label="loc_gri_WasteDivertedFromDisposalBreakdownByRecoveryOperationAbstract" />
    <link:loc xlink:type="locator" xlink:href="../core/gri_srs_core_2025-06-23.xsd#gri_WasteDivertedFromDisposalBreakdownByRecoveryOperationTable" xlink:label="loc_gri_WasteDivertedFromDisposalBreakdownByRecoveryOperationTable" />
    <link:definitionArc xlink:type="arc" xlink:arcrole="http://xbrl.org/int/dim/arcrole/all" xlink:from="loc_gri_WasteDivertedFromDisposalBreakdownByRecoveryOperationAbstract" xlink:to="loc_gri_WasteDivertedFromDisposalBreakdownByRecoveryOperationTable" order="1.0" xbrldt:contextElement="scenario" xbrldt:closed="false" use="optional" />
    <link:loc xlink:type="locator" xlink:href="../core/gri_srs_core_2025-06-23.xsd#gri_WasteDivertedFromDisposalBreakdownByRecoveryOperationsAxis" xlink:label="loc_gri_WasteDivertedFromDisposalBreakdownByRecoveryOperationsAxis" />
    <link:definitionArc xlink:type="arc" xlink:arcrole="http://xbrl.org/int/dim/arcrole/hypercube-dimension" xlink:from="loc_gri_WasteDivertedFromDisposalBreakdownByRecoveryOperationTable" xlink:to="loc_gri_WasteDivertedFromDisposalBreakdownByRecoveryOperationsAxis" order="1.0" use="optional" />
    <link:loc xlink:type="locator" xlink:href="../core/gri_srs_core_2025-06-23.xsd#gri_WasteDivertedFromDisposalBreakdownByRecoveryOperationsDomain" xlink:label="loc_gri_WasteDivertedFromDisposalBreakdownByRecoveryOperationsDomain" />
    <link:definitionArc xlink:type="arc" xlink:arcrole="http://xbrl.org/int/dim/arcrole/dimension-domain" xlink:from="loc_gri_WasteDivertedFromDisposalBreakdownByRecoveryOperationsAxis" xlink:to="loc_gri_WasteDivertedFromDisposalBreakdownByRecoveryOperationsDomain" order="1.0" use="optional" />
    <link:loc xlink:type="locator" xlink:href="../core/gri_srs_core_2025-06-23.xsd#gri_PreparationForReuseMember" xlink:label="loc_gri_PreparationForReuseMember" />
    <link:definitionArc xlink:type="arc" xlink:arcrole="http://xbrl.org/int/dim/arcrole/domain-member" xlink:from="loc_gri_WasteDivertedFromDisposalBreakdownByRecoveryOperationsDomain" xlink:to="loc_gri_PreparationForReuseMember" order="1.0" use="optional" />
    <link:loc xlink:type="locator" xlink:href="../core/gri_srs_core_2025-06-23.xsd#gri_RecyclingMember" xlink:label="loc_gri_RecyclingMember" />
    <link:definitionArc xlink:type="arc" xlink:arcrole="http://xbrl.org/int/dim/arcrole/domain-member" xlink:from="loc_gri_WasteDivertedFromDisposalBreakdownByRecoveryOperationsDomain" xlink:to="loc_gri_RecyclingMember" order="2.0" use="optional" />
    <link:loc xlink:type="locator" xlink:href="../core/gri_srs_core_2025-06-23.xsd#gri_OtherRecoveryOperationsMember" xlink:label="loc_gri_OtherRecoveryOperationsMember" />
    <link:definitionArc xlink:type="arc" xlink:arcrole="http://xbrl.org/int/dim/arcrole/domain-member" xlink:from="loc_gri_WasteDivertedFromDisposalBreakdownByRecoveryOperationsDomain" xlink:to="loc_gri_OtherRecoveryOperationsMember" order="3.0" use="optional" />
    <link:loc xlink:type="locator" xlink:href="../core/gri_srs_core_2025-06-23.xsd#gri_WasteDivertedFromDisposalBreakdownByLocationAxis" xlink:label="loc_gri_WasteDivertedFromDisposalBreakdownByLocationAxis" />
    <link:definitionArc xlink:type="arc" xlink:arcrole="http://xbrl.org/int/dim/arcrole/hypercube-dimension" xlink:from="loc_gri_WasteDivertedFromDisposalBreakdownByRecoveryOperationTable" xlink:to="loc_gri_WasteDivertedFromDisposalBreakdownByLocationAxis" order="2.0" use="optional" />
    <link:loc xlink:type="locator" xlink:href="../core/gri_srs_core_2025-06-23.xsd#gri_WasteDivertedFromDisposalBreakdownByLocationDomain" xlink:label="loc_gri_WasteDivertedFromDisposalBreakdownByLocationDomain" />
    <link:definitionArc xlink:type="arc" xlink:arcrole="http://xbrl.org/int/dim/arcrole/dimension-domain" xlink:from="loc_gri_WasteDivertedFromDisposalBreakdownByLocationAxis" xlink:to="loc_gri_WasteDivertedFromDisposalBreakdownByLocationDomain" order="1.0" use="optional" />
    <link:loc xlink:type="locator" xlink:href="../core/gri_srs_core_2025-06-23.xsd#gri_OnsiteMember" xlink:label="loc_gri_OnsiteMember" />
    <link:definitionArc xlink:type="arc" xlink:arcrole="http://xbrl.org/int/dim/arcrole/domain-member" xlink:from="loc_gri_WasteDivertedFromDisposalBreakdownByLocationDomain" xlink:to="loc_gri_OnsiteMember" order="1.0" use="optional" />
    <link:loc xlink:type="locator" xlink:href="../core/gri_srs_core_2025-06-23.xsd#gri_OffsiteMember" xlink:label="loc_gri_OffsiteMember" />
    <link:definitionArc xlink:type="arc" xlink:arcrole="http://xbrl.org/int/dim/arcrole/domain-member" xlink:from="loc_gri_WasteDivertedFromDisposalBreakdownByLocationDomain" xlink:to="loc_gri_OffsiteMember" order="2.0" use="optional" />
    <link:loc xlink:type="locator" xlink:href="../core/gri_srs_core_2025-06-23.xsd#gri_WasteDivertedFromDisposalBreakdownByRecoveryOperationLineItems" xlink:label="loc_gri_WasteDivertedFromDisposalBreakdownByRecoveryOperationLineItems" />
    <link:definitionArc xlink:type="arc" xlink:arcrole="http://xbrl.org/int/dim/arcrole/domain-member" xlink:from="loc_gri_WasteDivertedFromDisposalBreakdownByRecoveryOperationAbstract" xlink:to="loc_gri_WasteDivertedFromDisposalBreakdownByRecoveryOperationLineItems" order="2.0" use="optional" />
    <link:loc xlink:type="locator" xlink:href="../core/gri_srs_core_2025-06-23.xsd#gri_WeightOfHazardousWasteDivertedFromDisposal" xlink:label="loc_gri_WeightOfHazardousWasteDivertedFromDisposal" />
    <link:definitionArc xlink:type="arc" xlink:arcrole="http://xbrl.org/int/dim/arcrole/domain-member" xlink:from="loc_gri_WasteDivertedFromDisposalBreakdownByRecoveryOperationLineItems" xlink:to="loc_gri_WeightOfHazardousWasteDivertedFromDisposal" order="1.0" use="optional" />
    <link:loc xlink:type="locator" xlink:href="../core/gri_srs_core_2025-06-23.xsd#gri_ReasonForOmissionRelatedToWeightOfHazardousWasteDivertedFromDisposal" xlink:label="loc_gri_ReasonForOmissionRelatedToWeightOfHazardousWasteDivertedFromDisposal" />
    <link:definitionArc xlink:type="arc" xlink:arcrole="http://xbrl.org/int/dim/arcrole/domain-member" xlink:from="loc_gri_WeightOfHazardousWasteDivertedFromDisposal" xlink:to="loc_gri_ReasonForOmissionRelatedToWeightOfHazardousWasteDivertedFromDisposal" order="1.0" use="optional" />
    <link:loc xlink:type="locator" xlink:href="../core/gri_srs_core_2025-06-23.xsd#gri_ExplanationForReasonForOmissionRelatedToWeightOfHazardousWasteDivertedFromDisposalTextBlock" xlink:label="loc_gri_ExplanationForReasonForOmissionRelatedToWeightOfHazardousWasteDivertedFromDisposalTextBlock" />
    <link:definitionArc xlink:type="arc" xlink:arcrole="http://xbrl.org/int/dim/arcrole/domain-member" xlink:from="loc_gri_WeightOfHazardousWasteDivertedFromDisposal" xlink:to="loc_gri_ExplanationForReasonForOmissionRelatedToWeightOfHazardousWasteDivertedFromDisposalTextBlock" order="2.0" use="optional" />
    <link:loc xlink:type="locator" xlink:href="../core/gri_srs_core_2025-06-23.xsd#gri_WeightOfNonHazardousWasteDivertedFromDisposal" xlink:label="loc_gri_WeightOfNonHazardousWasteDivertedFromDisposal" />
    <link:definitionArc xlink:type="arc" xlink:arcrole="http://xbrl.org/int/dim/arcrole/domain-member" xlink:from="loc_gri_WasteDivertedFromDisposalBreakdownByRecoveryOperationLineItems" xlink:to="loc_gri_WeightOfNonHazardousWasteDivertedFromDisposal" order="2.0" use="optional" />
    <link:loc xlink:type="locator" xlink:href="../core/gri_srs_core_2025-06-23.xsd#gri_ReasonForOmissionRelatedToWeightOfNonHazardousWasteDivertedFromDisposal" xlink:label="loc_gri_ReasonForOmissionRelatedToWeightOfNonHazardousWasteDivertedFromDisposal" />
    <link:definitionArc xlink:type="arc" xlink:arcrole="http://xbrl.org/int/dim/arcrole/domain-member" xlink:from="loc_gri_WeightOfNonHazardousWasteDivertedFromDisposal" xlink:to="loc_gri_ReasonForOmissionRelatedToWeightOfNonHazardousWasteDivertedFromDisposal" order="1.0" use="optional" />
    <link:loc xlink:type="locator" xlink:href="../core/gri_srs_core_2025-06-23.xsd#gri_ExplanationForReasonForOmissionRelatedToWeightOfNonHazardousWasteDivertedFromDisposalTextBlock" xlink:label="loc_gri_ExplanationForReasonForOmissionRelatedToWeightOfNonHazardousWasteDivertedFromDisposalTextBlock" />
    <link:definitionArc xlink:type="arc" xlink:arcrole="http://xbrl.org/int/dim/arcrole/domain-member" xlink:from="loc_gri_WeightOfNonHazardousWasteDivertedFromDisposal" xlink:to="loc_gri_ExplanationForReasonForOmissionRelatedToWeightOfNonHazardousWasteDivertedFromDisposalTextBlock" order="2.0" use="optional" />
  </link:definitionLink>
  <link:definitionLink xlink:type="extended" xlink:role="https://taxonomy.globalreporting.org/gri-sustainability-taxonomy/gri_srs/gri_srs_role/role_gri_306_2020_4_D">
    <link:loc xlink:type="locator" xlink:href="../core/gri_srs_core_2025-06-23.xsd#gri_WasteDivertedFromDisposalBreakdownByCompositionOfWasteAbstract" xlink:label="loc_gri_WasteDivertedFromDisposalBreakdownByCompositionOfWasteAbstract" />
    <link:loc xlink:type="locator" xlink:href="../core/gri_srs_core_2025-06-23.xsd#gri_WasteDivertedFromDisposalBreakdownByCompositionOfWasteTable" xlink:label="loc_gri_WasteDivertedFromDisposalBreakdownByCompositionOfWasteTable" />
    <link:definitionArc xlink:type="arc" xlink:arcrole="http://xbrl.org/int/dim/arcrole/all" xlink:from="loc_gri_WasteDivertedFromDisposalBreakdownByCompositionOfWasteAbstract" xlink:to="loc_gri_WasteDivertedFromDisposalBreakdownByCompositionOfWasteTable" order="1.0" xbrldt:contextElement="scenario" xbrldt:closed="false" use="optional" />
    <link:loc xlink:type="locator" xlink:href="../core/gri_srs_core_2025-06-23.xsd#gri_WasteDivertedFromDisposalBreakdownByCompositionOfWasteLineItems" xlink:label="loc_gri_WasteDivertedFromDisposalBreakdownByCompositionOfWasteLineItems" />
    <link:definitionArc xlink:type="arc" xlink:arcrole="http://xbrl.org/int/dim/arcrole/domain-member" xlink:from="loc_gri_WasteDivertedFromDisposalBreakdownByCompositionOfWasteAbstract" xlink:to="loc_gri_WasteDivertedFromDisposalBreakdownByCompositionOfWasteLineItems" order="2.0" use="optional" />
    <link:loc xlink:type="locator" xlink:href="../core/gri_srs_core_2025-06-23.xsd#gri_WeightOfWasteDivertedFromDisposal" xlink:label="loc_gri_WeightOfWasteDivertedFromDisposal" />
    <link:definitionArc xlink:type="arc" xlink:arcrole="http://xbrl.org/int/dim/arcrole/domain-member" xlink:from="loc_gri_WasteDivertedFromDisposalBreakdownByCompositionOfWasteLineItems" xlink:to="loc_gri_WeightOfWasteDivertedFromDisposal" order="1.0" use="optional" />
    <link:loc xlink:type="locator" xlink:href="../core/gri_srs_core_2025-06-23.xsd#gri_ReasonForOmissionRelatedToWeightOfWasteDivertedFromDisposal" xlink:label="loc_gri_ReasonForOmissionRelatedToWeightOfWasteDivertedFromDisposal" />
    <link:definitionArc xlink:type="arc" xlink:arcrole="http://xbrl.org/int/dim/arcrole/domain-member" xlink:from="loc_gri_WeightOfWasteDivertedFromDisposal" xlink:to="loc_gri_ReasonForOmissionRelatedToWeightOfWasteDivertedFromDisposal" order="1.0" use="optional" />
    <link:loc xlink:type="locator" xlink:href="../core/gri_srs_core_2025-06-23.xsd#gri_ExplanationForReasonForOmissionRelatedToWeightOfWasteDivertedFromDisposalTextBlock" xlink:label="loc_gri_ExplanationForReasonForOmissionRelatedToWeightOfWasteDivertedFromDisposalTextBlock" />
    <link:definitionArc xlink:type="arc" xlink:arcrole="http://xbrl.org/int/dim/arcrole/domain-member" xlink:from="loc_gri_WeightOfWasteDivertedFromDisposal" xlink:to="loc_gri_ExplanationForReasonForOmissionRelatedToWeightOfWasteDivertedFromDisposalTextBlock" order="2.0" use="optional" />
  </link:definitionLink>
  <link:definitionLink xlink:type="extended" xlink:role="https://taxonomy.globalreporting.org/gri-sustainability-taxonomy/gri_srs/gri_srs_role/role_gri_306_2020_5">
    <link:loc xlink:type="locator" xlink:href="../core/gri_srs_core_2025-06-23.xsd#gri_WasteDirectedToDisposalBreakdownByCompositionOfWasteAbstract" xlink:label="loc_gri_WasteDirectedToDisposalBreakdownByCompositionOfWasteAbstract" />
    <link:loc xlink:type="locator" xlink:href="../core/gri_srs_core_2025-06-23.xsd#gri_WasteDirectedToDisposalBreakdownByCompositionOfWasteTable" xlink:label="loc_gri_WasteDirectedToDisposalBreakdownByCompositionOfWasteTable" />
    <link:definitionArc xlink:type="arc" xlink:arcrole="http://xbrl.org/int/dim/arcrole/all" xlink:from="loc_gri_WasteDirectedToDisposalBreakdownByCompositionOfWasteAbstract" xlink:to="loc_gri_WasteDirectedToDisposalBreakdownByCompositionOfWasteTable" order="1.0" xbrldt:contextElement="scenario" xbrldt:closed="false" use="optional" />
    <link:loc xlink:type="locator" xlink:href="../core/gri_srs_core_2025-06-23.xsd#gri_CategoryOfWasteCompositionAxis" xlink:label="loc_gri_CategoryOfWasteCompositionAxis" />
    <link:definitionArc xlink:type="arc" xlink:arcrole="http://xbrl.org/int/dim/arcrole/hypercube-dimension" xlink:from="loc_gri_WasteDirectedToDisposalBreakdownByCompositionOfWasteTable" xlink:to="loc_gri_CategoryOfWasteCompositionAxis" order="1.0" use="optional" />
    <link:loc xlink:type="locator" xlink:href="../core/gri_srs_core_2025-06-23.xsd#gri_WasteDirectedToDisposalBreakdownByCompositionOfWasteLineItems" xlink:label="loc_gri_WasteDirectedToDisposalBreakdownByCompositionOfWasteLineItems" />
    <link:definitionArc xlink:type="arc" xlink:arcrole="http://xbrl.org/int/dim/arcrole/domain-member" xlink:from="loc_gri_WasteDirectedToDisposalBreakdownByCompositionOfWasteAbstract" xlink:to="loc_gri_WasteDirectedToDisposalBreakdownByCompositionOfWasteLineItems" order="2.0" use="optional" />
    <link:loc xlink:type="locator" xlink:href="../core/gri_srs_core_2025-06-23.xsd#gri_WeightOfWasteDirectedToDisposal" xlink:label="loc_gri_WeightOfWasteDirectedToDisposal" />
    <link:definitionArc xlink:type="arc" xlink:arcrole="http://xbrl.org/int/dim/arcrole/domain-member" xlink:from="loc_gri_WasteDirectedToDisposalBreakdownByCompositionOfWasteLineItems" xlink:to="loc_gri_WeightOfWasteDirectedToDisposal" order="1.0" use="optional" />
    <link:loc xlink:type="locator" xlink:href="../core/gri_srs_core_2025-06-23.xsd#gri_ReasonForOmissionRelatedToWeightOfWasteDirectedToDisposal" xlink:label="loc_gri_ReasonForOmissionRelatedToWeightOfWasteDirectedToDisposal" />
    <link:definitionArc xlink:type="arc" xlink:arcrole="http://xbrl.org/int/dim/arcrole/domain-member" xlink:from="loc_gri_WeightOfWasteDirectedToDisposal" xlink:to="loc_gri_ReasonForOmissionRelatedToWeightOfWasteDirectedToDisposal" order="1.0" use="optional" />
    <link:loc xlink:type="locator" xlink:href="../core/gri_srs_core_2025-06-23.xsd#gri_ExplanationForReasonForOmissionRelatedToWeightOfWasteDirectedToDisposalTextBlock" xlink:label="loc_gri_ExplanationForReasonForOmissionRelatedToWeightOfWasteDirectedToDisposalTextBlock" />
    <link:definitionArc xlink:type="arc" xlink:arcrole="http://xbrl.org/int/dim/arcrole/domain-member" xlink:from="loc_gri_WeightOfWasteDirectedToDisposal" xlink:to="loc_gri_ExplanationForReasonForOmissionRelatedToWeightOfWasteDirectedToDisposalTextBlock" order="2.0" use="optional" />
  </link:definitionLink>
  <link:definitionLink xlink:type="extended" xlink:role="https://taxonomy.globalreporting.org/gri-sustainability-taxonomy/gri_srs/gri_srs_role/role_gri_306_2020_5_b">
    <link:loc xlink:type="locator" xlink:href="../core/gri_srs_core_2025-06-23.xsd#gri_WasteDirectedToDisposalBreakdownByDisposalOperationAbstract" xlink:label="loc_gri_WasteDirectedToDisposalBreakdownByDisposalOperationAbstract" />
    <link:loc xlink:type="locator" xlink:href="../core/gri_srs_core_2025-06-23.xsd#gri_WasteDirectedToDisposalBreakdownByDisposalOperationTable" xlink:label="loc_gri_WasteDirectedToDisposalBreakdownByDisposalOperationTable" />
    <link:definitionArc xlink:type="arc" xlink:arcrole="http://xbrl.org/int/dim/arcrole/all" xlink:from="loc_gri_WasteDirectedToDisposalBreakdownByDisposalOperationAbstract" xlink:to="loc_gri_WasteDirectedToDisposalBreakdownByDisposalOperationTable" order="1.0" xbrldt:contextElement="scenario" xbrldt:closed="false" use="optional" />
    <link:loc xlink:type="locator" xlink:href="../core/gri_srs_core_2025-06-23.xsd#gri_WasteDirectedToDisposalBreakdownByDisposalOperationsAxis" xlink:label="loc_gri_WasteDirectedToDisposalBreakdownByDisposalOperationsAxis" />
    <link:definitionArc xlink:type="arc" xlink:arcrole="http://xbrl.org/int/dim/arcrole/hypercube-dimension" xlink:from="loc_gri_WasteDirectedToDisposalBreakdownByDisposalOperationTable" xlink:to="loc_gri_WasteDirectedToDisposalBreakdownByDisposalOperationsAxis" order="1.0" use="optional" />
    <link:loc xlink:type="locator" xlink:href="../core/gri_srs_core_2025-06-23.xsd#gri_WasteDirectedToDisposalBreakdownByDisposalOperationsDomain" xlink:label="loc_gri_WasteDirectedToDisposalBreakdownByDisposalOperationsDomain" />
    <link:definitionArc xlink:type="arc" xlink:arcrole="http://xbrl.org/int/dim/arcrole/dimension-domain" xlink:from="loc_gri_WasteDirectedToDisposalBreakdownByDisposalOperationsAxis" xlink:to="loc_gri_WasteDirectedToDisposalBreakdownByDisposalOperationsDomain" order="1.0" use="optional" />
    <link:loc xlink:type="locator" xlink:href="../core/gri_srs_core_2025-06-23.xsd#gri_IncinerationWithEnergyRecoveryMember" xlink:label="loc_gri_IncinerationWithEnergyRecoveryMember" />
    <link:definitionArc xlink:type="arc" xlink:arcrole="http://xbrl.org/int/dim/arcrole/domain-member" xlink:from="loc_gri_WasteDirectedToDisposalBreakdownByDisposalOperationsDomain" xlink:to="loc_gri_IncinerationWithEnergyRecoveryMember" order="1.0" use="optional" />
    <link:loc xlink:type="locator" xlink:href="../core/gri_srs_core_2025-06-23.xsd#gri_IncinerationWithoutEnergyRecoveryMember" xlink:label="loc_gri_IncinerationWithoutEnergyRecoveryMember" />
    <link:definitionArc xlink:type="arc" xlink:arcrole="http://xbrl.org/int/dim/arcrole/domain-member" xlink:from="loc_gri_WasteDirectedToDisposalBreakdownByDisposalOperationsDomain" xlink:to="loc_gri_IncinerationWithoutEnergyRecoveryMember" order="2.0" use="optional" />
    <link:loc xlink:type="locator" xlink:href="../core/gri_srs_core_2025-06-23.xsd#gri_LandfillingMember" xlink:label="loc_gri_LandfillingMember" />
    <link:definitionArc xlink:type="arc" xlink:arcrole="http://xbrl.org/int/dim/arcrole/domain-member" xlink:from="loc_gri_WasteDirectedToDisposalBreakdownByDisposalOperationsDomain" xlink:to="loc_gri_LandfillingMember" order="3.0" use="optional" />
    <link:loc xlink:type="locator" xlink:href="../core/gri_srs_core_2025-06-23.xsd#gri_OtherDisposalOperationsMember" xlink:label="loc_gri_OtherDisposalOperationsMember" />
    <link:definitionArc xlink:type="arc" xlink:arcrole="http://xbrl.org/int/dim/arcrole/domain-member" xlink:from="loc_gri_WasteDirectedToDisposalBreakdownByDisposalOperationsDomain" xlink:to="loc_gri_OtherDisposalOperationsMember" order="4.0" use="optional" />
    <link:loc xlink:type="locator" xlink:href="../core/gri_srs_core_2025-06-23.xsd#gri_WasteDirectedToDisposalBreakdownByLocationAxis" xlink:label="loc_gri_WasteDirectedToDisposalBreakdownByLocationAxis" />
    <link:definitionArc xlink:type="arc" xlink:arcrole="http://xbrl.org/int/dim/arcrole/hypercube-dimension" xlink:from="loc_gri_WasteDirectedToDisposalBreakdownByDisposalOperationTable" xlink:to="loc_gri_WasteDirectedToDisposalBreakdownByLocationAxis" order="2.0" use="optional" />
    <link:loc xlink:type="locator" xlink:href="../core/gri_srs_core_2025-06-23.xsd#gri_WasteDirectedToDisposalBreakdownByLocationDomain" xlink:label="loc_gri_WasteDirectedToDisposalBreakdownByLocationDomain" />
    <link:definitionArc xlink:type="arc" xlink:arcrole="http://xbrl.org/int/dim/arcrole/dimension-domain" xlink:from="loc_gri_WasteDirectedToDisposalBreakdownByLocationAxis" xlink:to="loc_gri_WasteDirectedToDisposalBreakdownByLocationDomain" order="1.0" use="optional" />
    <link:loc xlink:type="locator" xlink:href="../core/gri_srs_core_2025-06-23.xsd#gri_OnsiteMember" xlink:label="loc_gri_OnsiteMember" />
    <link:definitionArc xlink:type="arc" xlink:arcrole="http://xbrl.org/int/dim/arcrole/domain-member" xlink:from="loc_gri_WasteDirectedToDisposalBreakdownByLocationDomain" xlink:to="loc_gri_OnsiteMember" order="1.0" use="optional" />
    <link:loc xlink:type="locator" xlink:href="../core/gri_srs_core_2025-06-23.xsd#gri_OffsiteMember" xlink:label="loc_gri_OffsiteMember" />
    <link:definitionArc xlink:type="arc" xlink:arcrole="http://xbrl.org/int/dim/arcrole/domain-member" xlink:from="loc_gri_WasteDirectedToDisposalBreakdownByLocationDomain" xlink:to="loc_gri_OffsiteMember" order="2.0" use="optional" />
    <link:loc xlink:type="locator" xlink:href="../core/gri_srs_core_2025-06-23.xsd#gri_WasteDirectedToDisposalBreakdownByDisposalOperationLineItems" xlink:label="loc_gri_WasteDirectedToDisposalBreakdownByDisposalOperationLineItems" />
    <link:definitionArc xlink:type="arc" xlink:arcrole="http://xbrl.org/int/dim/arcrole/domain-member" xlink:from="loc_gri_WasteDirectedToDisposalBreakdownByDisposalOperationAbstract" xlink:to="loc_gri_WasteDirectedToDisposalBreakdownByDisposalOperationLineItems" order="2.0" use="optional" />
    <link:loc xlink:type="locator" xlink:href="../core/gri_srs_core_2025-06-23.xsd#gri_WeightOfHazardousWasteDirectedToDisposal" xlink:label="loc_gri_WeightOfHazardousWasteDirectedToDisposal" />
    <link:definitionArc xlink:type="arc" xlink:arcrole="http://xbrl.org/int/dim/arcrole/domain-member" xlink:from="loc_gri_WasteDirectedToDisposalBreakdownByDisposalOperationLineItems" xlink:to="loc_gri_WeightOfHazardousWasteDirectedToDisposal" order="1.0" use="optional" />
    <link:loc xlink:type="locator" xlink:href="../core/gri_srs_core_2025-06-23.xsd#gri_ReasonForOmissionRelatedToWeightOfHazardousWasteDirectedToDisposal" xlink:label="loc_gri_ReasonForOmissionRelatedToWeightOfHazardousWasteDirectedToDisposal" />
    <link:definitionArc xlink:type="arc" xlink:arcrole="http://xbrl.org/int/dim/arcrole/domain-member" xlink:from="loc_gri_WeightOfHazardousWasteDirectedToDisposal" xlink:to="loc_gri_ReasonForOmissionRelatedToWeightOfHazardousWasteDirectedToDisposal" order="1.0" use="optional" />
    <link:loc xlink:type="locator" xlink:href="../core/gri_srs_core_2025-06-23.xsd#gri_ExplanationForReasonForOmissionRelatedToWeightOfHazardousWasteDirectedToDisposalTextBlock" xlink:label="loc_gri_ExplanationForReasonForOmissionRelatedToWeightOfHazardousWasteDirectedToDisposalTextBlock" />
    <link:definitionArc xlink:type="arc" xlink:arcrole="http://xbrl.org/int/dim/arcrole/domain-member" xlink:from="loc_gri_WeightOfHazardousWasteDirectedToDisposal" xlink:to="loc_gri_ExplanationForReasonForOmissionRelatedToWeightOfHazardousWasteDirectedToDisposalTextBlock" order="2.0" use="optional" />
    <link:loc xlink:type="locator" xlink:href="../core/gri_srs_core_2025-06-23.xsd#gri_WeightOfNonHazardousWasteDirectedToDisposal" xlink:label="loc_gri_WeightOfNonHazardousWasteDirectedToDisposal" />
    <link:definitionArc xlink:type="arc" xlink:arcrole="http://xbrl.org/int/dim/arcrole/domain-member" xlink:from="loc_gri_WasteDirectedToDisposalBreakdownByDisposalOperationLineItems" xlink:to="loc_gri_WeightOfNonHazardousWasteDirectedToDisposal" order="2.0" use="optional" />
    <link:loc xlink:type="locator" xlink:href="../core/gri_srs_core_2025-06-23.xsd#gri_ReasonForOmissionRelatedToWeightOfNonHazardousWasteDirectedToDisposal" xlink:label="loc_gri_ReasonForOmissionRelatedToWeightOfNonHazardousWasteDirectedToDisposal" />
    <link:definitionArc xlink:type="arc" xlink:arcrole="http://xbrl.org/int/dim/arcrole/domain-member" xlink:from="loc_gri_WeightOfNonHazardousWasteDirectedToDisposal" xlink:to="loc_gri_ReasonForOmissionRelatedToWeightOfNonHazardousWasteDirectedToDisposal" order="1.0" use="optional" />
    <link:loc xlink:type="locator" xlink:href="../core/gri_srs_core_2025-06-23.xsd#gri_ExplanationForReasonForOmissionRelatedToWeightOfNonHazardousWasteDirectedToDisposalTextBlock" xlink:label="loc_gri_ExplanationForReasonForOmissionRelatedToWeightOfNonHazardousWasteDirectedToDisposalTextBlock" />
    <link:definitionArc xlink:type="arc" xlink:arcrole="http://xbrl.org/int/dim/arcrole/domain-member" xlink:from="loc_gri_WeightOfNonHazardousWasteDirectedToDisposal" xlink:to="loc_gri_ExplanationForReasonForOmissionRelatedToWeightOfNonHazardousWasteDirectedToDisposalTextBlock" order="2.0" use="optional" />
  </link:definitionLink>
  <link:definitionLink xlink:type="extended" xlink:role="https://taxonomy.globalreporting.org/gri-sustainability-taxonomy/gri_srs/gri_srs_role/role_gri_306_2020_5_D">
    <link:loc xlink:type="locator" xlink:href="../core/gri_srs_core_2025-06-23.xsd#gri_WasteDirectedToDisposalBreakdownByCompositionOfWasteAbstract" xlink:label="loc_gri_WasteDirectedToDisposalBreakdownByCompositionOfWasteAbstract" />
    <link:loc xlink:type="locator" xlink:href="../core/gri_srs_core_2025-06-23.xsd#gri_WasteDirectedToDisposalBreakdownByCompositionOfWasteTable" xlink:label="loc_gri_WasteDirectedToDisposalBreakdownByCompositionOfWasteTable" />
    <link:definitionArc xlink:type="arc" xlink:arcrole="http://xbrl.org/int/dim/arcrole/all" xlink:from="loc_gri_WasteDirectedToDisposalBreakdownByCompositionOfWasteAbstract" xlink:to="loc_gri_WasteDirectedToDisposalBreakdownByCompositionOfWasteTable" order="1.0" xbrldt:contextElement="scenario" xbrldt:closed="false" use="optional" />
    <link:loc xlink:type="locator" xlink:href="../core/gri_srs_core_2025-06-23.xsd#gri_WasteDirectedToDisposalBreakdownByCompositionOfWasteLineItems" xlink:label="loc_gri_WasteDirectedToDisposalBreakdownByCompositionOfWasteLineItems" />
    <link:definitionArc xlink:type="arc" xlink:arcrole="http://xbrl.org/int/dim/arcrole/domain-member" xlink:from="loc_gri_WasteDirectedToDisposalBreakdownByCompositionOfWasteAbstract" xlink:to="loc_gri_WasteDirectedToDisposalBreakdownByCompositionOfWasteLineItems" order="2.0" use="optional" />
    <link:loc xlink:type="locator" xlink:href="../core/gri_srs_core_2025-06-23.xsd#gri_WeightOfWasteDirectedToDisposal" xlink:label="loc_gri_WeightOfWasteDirectedToDisposal" />
    <link:definitionArc xlink:type="arc" xlink:arcrole="http://xbrl.org/int/dim/arcrole/domain-member" xlink:from="loc_gri_WasteDirectedToDisposalBreakdownByCompositionOfWasteLineItems" xlink:to="loc_gri_WeightOfWasteDirectedToDisposal" order="1.0" use="optional" />
    <link:loc xlink:type="locator" xlink:href="../core/gri_srs_core_2025-06-23.xsd#gri_ReasonForOmissionRelatedToWeightOfWasteDirectedToDisposal" xlink:label="loc_gri_ReasonForOmissionRelatedToWeightOfWasteDirectedToDisposal" />
    <link:definitionArc xlink:type="arc" xlink:arcrole="http://xbrl.org/int/dim/arcrole/domain-member" xlink:from="loc_gri_WeightOfWasteDirectedToDisposal" xlink:to="loc_gri_ReasonForOmissionRelatedToWeightOfWasteDirectedToDisposal" order="1.0" use="optional" />
    <link:loc xlink:type="locator" xlink:href="../core/gri_srs_core_2025-06-23.xsd#gri_ExplanationForReasonForOmissionRelatedToWeightOfWasteDirectedToDisposalTextBlock" xlink:label="loc_gri_ExplanationForReasonForOmissionRelatedToWeightOfWasteDirectedToDisposalTextBlock" />
    <link:definitionArc xlink:type="arc" xlink:arcrole="http://xbrl.org/int/dim/arcrole/domain-member" xlink:from="loc_gri_WeightOfWasteDirectedToDisposal" xlink:to="loc_gri_ExplanationForReasonForOmissionRelatedToWeightOfWasteDirectedToDisposalTextBlock" order="2.0" use="optional" />
  </link:definitionLink>
</link:linkbase>