﻿<?xml version="1.0" encoding="utf-8"?>
<!-- Generated by GRI Taxonomy Editor-->
<link:linkbase xsi:schemaLocation="http://www.xbrl.org/2003/linkbase http://www.xbrl.org/2003/xbrl-linkbase-2003-12-31.xsd http://xbrl.org/2005/xbrldt http://www.xbrl.org/2005/xbrldt-2005.xsd http://www.xbrl.org/2003/instance http://www.xbrl.org/2003/xbrl-instance-2003-12-31.xsd http://www.w3.org/1999/xlink http://www.xbrl.org/2003/xlink-2003-12-31.xsd " xmlns:link="http://www.xbrl.org/2003/linkbase" xmlns:xbrldt="http://xbrl.org/2005/xbrldt" xmlns:xbrli="http://www.xbrl.org/2003/instance" xmlns:xlink="http://www.w3.org/1999/xlink" xmlns:xsi="http://www.w3.org/2001/XMLSchema-instance">
  <!-- Role Ref -->
  <link:roleRef roleURI="https://taxonomy.globalreporting.org/gri-sustainability-taxonomy/gri_srs/gri_srs_role/role_gri_401_1" xlink:type="simple" xlink:href="role_gri_srs_2025-06-23.xsd#role_gri_401_1" />
  <link:roleRef roleURI="https://taxonomy.globalreporting.org/gri-sustainability-taxonomy/gri_srs/gri_srs_role/role_gri_401_1_G" xlink:type="simple" xlink:href="role_gri_srs_2025-06-23.xsd#role_gri_401_1_G" />
  <link:roleRef roleURI="https://taxonomy.globalreporting.org/gri-sustainability-taxonomy/gri_srs/gri_srs_role/role_gri_401_1_G_D" xlink:type="simple" xlink:href="role_gri_srs_2025-06-23.xsd#role_gri_401_1_G_D" />
  <link:roleRef roleURI="https://taxonomy.globalreporting.org/gri-sustainability-taxonomy/gri_srs/gri_srs_role/role_gri_401_1_R" xlink:type="simple" xlink:href="role_gri_srs_2025-06-23.xsd#role_gri_401_1_R" />
  <link:roleRef roleURI="https://taxonomy.globalreporting.org/gri-sustainability-taxonomy/gri_srs/gri_srs_role/role_gri_401_1_R_D" xlink:type="simple" xlink:href="role_gri_srs_2025-06-23.xsd#role_gri_401_1_R_D" />
  <link:roleRef roleURI="https://taxonomy.globalreporting.org/gri-sustainability-taxonomy/gri_srs/gri_srs_role/role_gri_401_2" xlink:type="simple" xlink:href="role_gri_srs_2025-06-23.xsd#role_gri_401_2" />
  <link:roleRef roleURI="https://taxonomy.globalreporting.org/gri-sustainability-taxonomy/gri_srs/gri_srs_role/role_gri_401_2_D" xlink:type="simple" xlink:href="role_gri_srs_2025-06-23.xsd#role_gri_401_2_D" />
  <link:roleRef roleURI="https://taxonomy.globalreporting.org/gri-sustainability-taxonomy/gri_srs/gri_srs_role/role_gri_401_3" xlink:type="simple" xlink:href="role_gri_srs_2025-06-23.xsd#role_gri_401_3" />
  <link:roleRef roleURI="https://taxonomy.globalreporting.org/gri-sustainability-taxonomy/gri_srs/gri_srs_role/role_gri_401_3_D" xlink:type="simple" xlink:href="role_gri_srs_2025-06-23.xsd#role_gri_401_3_D" />
  <!-- ArcRole Ref -->
  <link:arcroleRef arcroleURI="http://xbrl.org/int/dim/arcrole/all" xlink:type="simple" xlink:href="http://www.xbrl.org/2005/xbrldt-2005.xsd#all" />
  <link:arcroleRef arcroleURI="http://xbrl.org/int/dim/arcrole/dimension-domain" xlink:type="simple" xlink:href="http://www.xbrl.org/2005/xbrldt-2005.xsd#dimension-domain" />
  <link:arcroleRef arcroleURI="http://xbrl.org/int/dim/arcrole/domain-member" xlink:type="simple" xlink:href="http://www.xbrl.org/2005/xbrldt-2005.xsd#domain-member" />
  <link:arcroleRef arcroleURI="http://xbrl.org/int/dim/arcrole/hypercube-dimension" xlink:type="simple" xlink:href="http://www.xbrl.org/2005/xbrldt-2005.xsd#hypercube-dimension" />
  <link:definitionLink xlink:type="extended" xlink:role="https://taxonomy.globalreporting.org/gri-sustainability-taxonomy/gri_srs/gri_srs_role/role_gri_401_1">
    <link:loc xlink:type="locator" xlink:href="../core/gri_srs_core_2025-06-23.xsd#gri_NewEmployeeHiresAndEmployeeTurnoverByAgeGroupAbstract" xlink:label="loc_gri_NewEmployeeHiresAndEmployeeTurnoverByAgeGroupAbstract" />
    <link:loc xlink:type="locator" xlink:href="../core/gri_srs_core_2025-06-23.xsd#gri_NewEmployeeHiresAndEmployeeTurnoverByAgeGroupTable" xlink:label="loc_gri_NewEmployeeHiresAndEmployeeTurnoverByAgeGroupTable" />
    <link:definitionArc xlink:type="arc" xlink:arcrole="http://xbrl.org/int/dim/arcrole/all" xlink:from="loc_gri_NewEmployeeHiresAndEmployeeTurnoverByAgeGroupAbstract" xlink:to="loc_gri_NewEmployeeHiresAndEmployeeTurnoverByAgeGroupTable" order="1.0" xbrldt:contextElement="scenario" xbrldt:closed="false" use="optional" />
    <link:loc xlink:type="locator" xlink:href="../core/gri_srs_core_2025-06-23.xsd#gri_AgeGroupAxis" xlink:label="loc_gri_AgeGroupAxis" />
    <link:definitionArc xlink:type="arc" xlink:arcrole="http://xbrl.org/int/dim/arcrole/hypercube-dimension" xlink:from="loc_gri_NewEmployeeHiresAndEmployeeTurnoverByAgeGroupTable" xlink:to="loc_gri_AgeGroupAxis" order="1.0" use="optional" />
    <link:loc xlink:type="locator" xlink:href="../core/gri_srs_core_2025-06-23.xsd#gri_AgeGroupDomain" xlink:label="loc_gri_AgeGroupDomain" />
    <link:definitionArc xlink:type="arc" xlink:arcrole="http://xbrl.org/int/dim/arcrole/dimension-domain" xlink:from="loc_gri_AgeGroupAxis" xlink:to="loc_gri_AgeGroupDomain" order="1.0" use="optional" />
    <link:loc xlink:type="locator" xlink:href="../core/gri_srs_core_2025-06-23.xsd#gri_AgeUnder30YearsMember" xlink:label="loc_gri_AgeUnder30YearsMember" />
    <link:definitionArc xlink:type="arc" xlink:arcrole="http://xbrl.org/int/dim/arcrole/domain-member" xlink:from="loc_gri_AgeGroupDomain" xlink:to="loc_gri_AgeUnder30YearsMember" order="1.0" use="optional" />
    <link:loc xlink:type="locator" xlink:href="../core/gri_srs_core_2025-06-23.xsd#gri_Age30To50YearsMember" xlink:label="loc_gri_Age30To50YearsMember" />
    <link:definitionArc xlink:type="arc" xlink:arcrole="http://xbrl.org/int/dim/arcrole/domain-member" xlink:from="loc_gri_AgeGroupDomain" xlink:to="loc_gri_Age30To50YearsMember" order="2.0" use="optional" />
    <link:loc xlink:type="locator" xlink:href="../core/gri_srs_core_2025-06-23.xsd#gri_AgeOver50YearsMember" xlink:label="loc_gri_AgeOver50YearsMember" />
    <link:definitionArc xlink:type="arc" xlink:arcrole="http://xbrl.org/int/dim/arcrole/domain-member" xlink:from="loc_gri_AgeGroupDomain" xlink:to="loc_gri_AgeOver50YearsMember" order="3.0" use="optional" />
    <link:loc xlink:type="locator" xlink:href="../core/gri_srs_core_2025-06-23.xsd#gri_NewEmployeeHiresAndEmployeeTurnoverByAgeGroupLineItems" xlink:label="loc_gri_NewEmployeeHiresAndEmployeeTurnoverByAgeGroupLineItems" />
    <link:definitionArc xlink:type="arc" xlink:arcrole="http://xbrl.org/int/dim/arcrole/domain-member" xlink:from="loc_gri_NewEmployeeHiresAndEmployeeTurnoverByAgeGroupAbstract" xlink:to="loc_gri_NewEmployeeHiresAndEmployeeTurnoverByAgeGroupLineItems" order="2.0" use="optional" />
    <link:loc xlink:type="locator" xlink:href="../core/gri_srs_core_2025-06-23.xsd#gri_TotalNumberOfNewEmployeeHiresDuringReportingPeriod" xlink:label="loc_gri_TotalNumberOfNewEmployeeHiresDuringReportingPeriod" />
    <link:definitionArc xlink:type="arc" xlink:arcrole="http://xbrl.org/int/dim/arcrole/domain-member" xlink:from="loc_gri_NewEmployeeHiresAndEmployeeTurnoverByAgeGroupLineItems" xlink:to="loc_gri_TotalNumberOfNewEmployeeHiresDuringReportingPeriod" order="1.0" use="optional" />
    <link:loc xlink:type="locator" xlink:href="../core/gri_srs_core_2025-06-23.xsd#gri_ReasonForOmissionRelatedToTotalNumberOfNewEmployeeHiresDuringReportingPeriod" xlink:label="loc_gri_ReasonForOmissionRelatedToTotalNumberOfNewEmployeeHiresDuringReportingPeriod" />
    <link:definitionArc xlink:type="arc" xlink:arcrole="http://xbrl.org/int/dim/arcrole/domain-member" xlink:from="loc_gri_TotalNumberOfNewEmployeeHiresDuringReportingPeriod" xlink:to="loc_gri_ReasonForOmissionRelatedToTotalNumberOfNewEmployeeHiresDuringReportingPeriod" order="1.0" use="optional" />
    <link:loc xlink:type="locator" xlink:href="../core/gri_srs_core_2025-06-23.xsd#gri_ExplanationForReasonForOmissionRelatedToTotalNumberOfNewEmployeeHiresDuringReportingPeriodTextBlock" xlink:label="loc_gri_ExplanationForReasonForOmissionRelatedToTotalNumberOfNewEmployeeHiresDuringReportingPeriodTextBlock" />
    <link:definitionArc xlink:type="arc" xlink:arcrole="http://xbrl.org/int/dim/arcrole/domain-member" xlink:from="loc_gri_TotalNumberOfNewEmployeeHiresDuringReportingPeriod" xlink:to="loc_gri_ExplanationForReasonForOmissionRelatedToTotalNumberOfNewEmployeeHiresDuringReportingPeriodTextBlock" order="2.0" use="optional" />
    <link:loc xlink:type="locator" xlink:href="../core/gri_srs_core_2025-06-23.xsd#gri_TotalRateOfNewEmployeeHiresDuringReportingPeriod" xlink:label="loc_gri_TotalRateOfNewEmployeeHiresDuringReportingPeriod" />
    <link:definitionArc xlink:type="arc" xlink:arcrole="http://xbrl.org/int/dim/arcrole/domain-member" xlink:from="loc_gri_NewEmployeeHiresAndEmployeeTurnoverByAgeGroupLineItems" xlink:to="loc_gri_TotalRateOfNewEmployeeHiresDuringReportingPeriod" order="2.0" use="optional" />
    <link:loc xlink:type="locator" xlink:href="../core/gri_srs_core_2025-06-23.xsd#gri_ReasonForOmissionRelatedToTotalRateOfNewEmployeeHiresDuringReportingPeriod" xlink:label="loc_gri_ReasonForOmissionRelatedToTotalRateOfNewEmployeeHiresDuringReportingPeriod" />
    <link:definitionArc xlink:type="arc" xlink:arcrole="http://xbrl.org/int/dim/arcrole/domain-member" xlink:from="loc_gri_TotalRateOfNewEmployeeHiresDuringReportingPeriod" xlink:to="loc_gri_ReasonForOmissionRelatedToTotalRateOfNewEmployeeHiresDuringReportingPeriod" order="1.0" use="optional" />
    <link:loc xlink:type="locator" xlink:href="../core/gri_srs_core_2025-06-23.xsd#gri_ExplanationForReasonForOmissionRelatedToTotalRateOfNewEmployeeHiresDuringReportingPeriodTextBlock" xlink:label="loc_gri_ExplanationForReasonForOmissionRelatedToTotalRateOfNewEmployeeHiresDuringReportingPeriodTextBlock" />
    <link:definitionArc xlink:type="arc" xlink:arcrole="http://xbrl.org/int/dim/arcrole/domain-member" xlink:from="loc_gri_TotalRateOfNewEmployeeHiresDuringReportingPeriod" xlink:to="loc_gri_ExplanationForReasonForOmissionRelatedToTotalRateOfNewEmployeeHiresDuringReportingPeriodTextBlock" order="2.0" use="optional" />
    <link:loc xlink:type="locator" xlink:href="../core/gri_srs_core_2025-06-23.xsd#gri_TotalNumberOfEmployeeTurnoverDuringReportingPeriod" xlink:label="loc_gri_TotalNumberOfEmployeeTurnoverDuringReportingPeriod" />
    <link:definitionArc xlink:type="arc" xlink:arcrole="http://xbrl.org/int/dim/arcrole/domain-member" xlink:from="loc_gri_NewEmployeeHiresAndEmployeeTurnoverByAgeGroupLineItems" xlink:to="loc_gri_TotalNumberOfEmployeeTurnoverDuringReportingPeriod" order="3.0" use="optional" />
    <link:loc xlink:type="locator" xlink:href="../core/gri_srs_core_2025-06-23.xsd#gri_ReasonForOmissionRelatedToTotalNumberOfEmployeeTurnoverDuringReportingPeriod" xlink:label="loc_gri_ReasonForOmissionRelatedToTotalNumberOfEmployeeTurnoverDuringReportingPeriod" />
    <link:definitionArc xlink:type="arc" xlink:arcrole="http://xbrl.org/int/dim/arcrole/domain-member" xlink:from="loc_gri_TotalNumberOfEmployeeTurnoverDuringReportingPeriod" xlink:to="loc_gri_ReasonForOmissionRelatedToTotalNumberOfEmployeeTurnoverDuringReportingPeriod" order="1.0" use="optional" />
    <link:loc xlink:type="locator" xlink:href="../core/gri_srs_core_2025-06-23.xsd#gri_ExplanationForReasonForOmissionRelatedToTotalNumberOfEmployeeTurnoverDuringReportingPeriodTextBlock" xlink:label="loc_gri_ExplanationForReasonForOmissionRelatedToTotalNumberOfEmployeeTurnoverDuringReportingPeriodTextBlock" />
    <link:definitionArc xlink:type="arc" xlink:arcrole="http://xbrl.org/int/dim/arcrole/domain-member" xlink:from="loc_gri_TotalNumberOfEmployeeTurnoverDuringReportingPeriod" xlink:to="loc_gri_ExplanationForReasonForOmissionRelatedToTotalNumberOfEmployeeTurnoverDuringReportingPeriodTextBlock" order="2.0" use="optional" />
    <link:loc xlink:type="locator" xlink:href="../core/gri_srs_core_2025-06-23.xsd#gri_TotalRateOfEmployeeTurnoverDuringReportingPeriod" xlink:label="loc_gri_TotalRateOfEmployeeTurnoverDuringReportingPeriod" />
    <link:definitionArc xlink:type="arc" xlink:arcrole="http://xbrl.org/int/dim/arcrole/domain-member" xlink:from="loc_gri_NewEmployeeHiresAndEmployeeTurnoverByAgeGroupLineItems" xlink:to="loc_gri_TotalRateOfEmployeeTurnoverDuringReportingPeriod" order="4.0" use="optional" />
    <link:loc xlink:type="locator" xlink:href="../core/gri_srs_core_2025-06-23.xsd#gri_ReasonForOmissionRelatedToTotalRateOfEmployeeTurnoverDuringReportingPeriod" xlink:label="loc_gri_ReasonForOmissionRelatedToTotalRateOfEmployeeTurnoverDuringReportingPeriod" />
    <link:definitionArc xlink:type="arc" xlink:arcrole="http://xbrl.org/int/dim/arcrole/domain-member" xlink:from="loc_gri_TotalRateOfEmployeeTurnoverDuringReportingPeriod" xlink:to="loc_gri_ReasonForOmissionRelatedToTotalRateOfEmployeeTurnoverDuringReportingPeriod" order="1.0" use="optional" />
    <link:loc xlink:type="locator" xlink:href="../core/gri_srs_core_2025-06-23.xsd#gri_ExplanationForReasonForOmissionRelatedToTotalRateOfEmployeeTurnoverDuringReportingPeriodTextBlock" xlink:label="loc_gri_ExplanationForReasonForOmissionRelatedToTotalRateOfEmployeeTurnoverDuringReportingPeriodTextBlock" />
    <link:definitionArc xlink:type="arc" xlink:arcrole="http://xbrl.org/int/dim/arcrole/domain-member" xlink:from="loc_gri_TotalRateOfEmployeeTurnoverDuringReportingPeriod" xlink:to="loc_gri_ExplanationForReasonForOmissionRelatedToTotalRateOfEmployeeTurnoverDuringReportingPeriodTextBlock" order="2.0" use="optional" />
  </link:definitionLink>
  <link:definitionLink xlink:type="extended" xlink:role="https://taxonomy.globalreporting.org/gri-sustainability-taxonomy/gri_srs/gri_srs_role/role_gri_401_1_G">
    <link:loc xlink:type="locator" xlink:href="../core/gri_srs_core_2025-06-23.xsd#gri_NewEmployeeHiresAndEmployeeTurnoverByGenderAbstract" xlink:label="loc_gri_NewEmployeeHiresAndEmployeeTurnoverByGenderAbstract" />
    <link:loc xlink:type="locator" xlink:href="../core/gri_srs_core_2025-06-23.xsd#gri_NewEmployeeHiresAndEmployeeTurnoverByGenderTable" xlink:label="loc_gri_NewEmployeeHiresAndEmployeeTurnoverByGenderTable" />
    <link:definitionArc xlink:type="arc" xlink:arcrole="http://xbrl.org/int/dim/arcrole/all" xlink:from="loc_gri_NewEmployeeHiresAndEmployeeTurnoverByGenderAbstract" xlink:to="loc_gri_NewEmployeeHiresAndEmployeeTurnoverByGenderTable" order="1.0" xbrldt:contextElement="scenario" xbrldt:closed="false" use="optional" />
    <link:loc xlink:type="locator" xlink:href="../core/gri_srs_core_2025-06-23.xsd#gri_GenderAxis" xlink:label="loc_gri_GenderAxis" />
    <link:definitionArc xlink:type="arc" xlink:arcrole="http://xbrl.org/int/dim/arcrole/hypercube-dimension" xlink:from="loc_gri_NewEmployeeHiresAndEmployeeTurnoverByGenderTable" xlink:to="loc_gri_GenderAxis" order="1.0" use="optional" />
    <link:loc xlink:type="locator" xlink:href="../core/gri_srs_core_2025-06-23.xsd#gri_NewEmployeeHiresAndEmployeeTurnoverByGenderLineItems" xlink:label="loc_gri_NewEmployeeHiresAndEmployeeTurnoverByGenderLineItems" />
    <link:definitionArc xlink:type="arc" xlink:arcrole="http://xbrl.org/int/dim/arcrole/domain-member" xlink:from="loc_gri_NewEmployeeHiresAndEmployeeTurnoverByGenderAbstract" xlink:to="loc_gri_NewEmployeeHiresAndEmployeeTurnoverByGenderLineItems" order="2.0" use="optional" />
    <link:loc xlink:type="locator" xlink:href="../core/gri_srs_core_2025-06-23.xsd#gri_TotalNumberOfNewEmployeeHiresDuringReportingPeriod" xlink:label="loc_gri_TotalNumberOfNewEmployeeHiresDuringReportingPeriod" />
    <link:definitionArc xlink:type="arc" xlink:arcrole="http://xbrl.org/int/dim/arcrole/domain-member" xlink:from="loc_gri_NewEmployeeHiresAndEmployeeTurnoverByGenderLineItems" xlink:to="loc_gri_TotalNumberOfNewEmployeeHiresDuringReportingPeriod" order="1.0" use="optional" />
    <link:loc xlink:type="locator" xlink:href="../core/gri_srs_core_2025-06-23.xsd#gri_ReasonForOmissionRelatedToTotalNumberOfNewEmployeeHiresDuringReportingPeriod" xlink:label="loc_gri_ReasonForOmissionRelatedToTotalNumberOfNewEmployeeHiresDuringReportingPeriod" />
    <link:definitionArc xlink:type="arc" xlink:arcrole="http://xbrl.org/int/dim/arcrole/domain-member" xlink:from="loc_gri_TotalNumberOfNewEmployeeHiresDuringReportingPeriod" xlink:to="loc_gri_ReasonForOmissionRelatedToTotalNumberOfNewEmployeeHiresDuringReportingPeriod" order="1.0" use="optional" />
    <link:loc xlink:type="locator" xlink:href="../core/gri_srs_core_2025-06-23.xsd#gri_ExplanationForReasonForOmissionRelatedToTotalNumberOfNewEmployeeHiresDuringReportingPeriodTextBlock" xlink:label="loc_gri_ExplanationForReasonForOmissionRelatedToTotalNumberOfNewEmployeeHiresDuringReportingPeriodTextBlock" />
    <link:definitionArc xlink:type="arc" xlink:arcrole="http://xbrl.org/int/dim/arcrole/domain-member" xlink:from="loc_gri_TotalNumberOfNewEmployeeHiresDuringReportingPeriod" xlink:to="loc_gri_ExplanationForReasonForOmissionRelatedToTotalNumberOfNewEmployeeHiresDuringReportingPeriodTextBlock" order="2.0" use="optional" />
    <link:loc xlink:type="locator" xlink:href="../core/gri_srs_core_2025-06-23.xsd#gri_TotalRateOfNewEmployeeHiresDuringReportingPeriod" xlink:label="loc_gri_TotalRateOfNewEmployeeHiresDuringReportingPeriod" />
    <link:definitionArc xlink:type="arc" xlink:arcrole="http://xbrl.org/int/dim/arcrole/domain-member" xlink:from="loc_gri_NewEmployeeHiresAndEmployeeTurnoverByGenderLineItems" xlink:to="loc_gri_TotalRateOfNewEmployeeHiresDuringReportingPeriod" order="2.0" use="optional" />
    <link:loc xlink:type="locator" xlink:href="../core/gri_srs_core_2025-06-23.xsd#gri_ReasonForOmissionRelatedToTotalRateOfNewEmployeeHiresDuringReportingPeriod" xlink:label="loc_gri_ReasonForOmissionRelatedToTotalRateOfNewEmployeeHiresDuringReportingPeriod" />
    <link:definitionArc xlink:type="arc" xlink:arcrole="http://xbrl.org/int/dim/arcrole/domain-member" xlink:from="loc_gri_TotalRateOfNewEmployeeHiresDuringReportingPeriod" xlink:to="loc_gri_ReasonForOmissionRelatedToTotalRateOfNewEmployeeHiresDuringReportingPeriod" order="1.0" use="optional" />
    <link:loc xlink:type="locator" xlink:href="../core/gri_srs_core_2025-06-23.xsd#gri_ExplanationForReasonForOmissionRelatedToTotalRateOfNewEmployeeHiresDuringReportingPeriodTextBlock" xlink:label="loc_gri_ExplanationForReasonForOmissionRelatedToTotalRateOfNewEmployeeHiresDuringReportingPeriodTextBlock" />
    <link:definitionArc xlink:type="arc" xlink:arcrole="http://xbrl.org/int/dim/arcrole/domain-member" xlink:from="loc_gri_TotalRateOfNewEmployeeHiresDuringReportingPeriod" xlink:to="loc_gri_ExplanationForReasonForOmissionRelatedToTotalRateOfNewEmployeeHiresDuringReportingPeriodTextBlock" order="2.0" use="optional" />
    <link:loc xlink:type="locator" xlink:href="../core/gri_srs_core_2025-06-23.xsd#gri_TotalNumberOfEmployeeTurnoverDuringReportingPeriod" xlink:label="loc_gri_TotalNumberOfEmployeeTurnoverDuringReportingPeriod" />
    <link:definitionArc xlink:type="arc" xlink:arcrole="http://xbrl.org/int/dim/arcrole/domain-member" xlink:from="loc_gri_NewEmployeeHiresAndEmployeeTurnoverByGenderLineItems" xlink:to="loc_gri_TotalNumberOfEmployeeTurnoverDuringReportingPeriod" order="3.0" use="optional" />
    <link:loc xlink:type="locator" xlink:href="../core/gri_srs_core_2025-06-23.xsd#gri_ReasonForOmissionRelatedToTotalNumberOfEmployeeTurnoverDuringReportingPeriod" xlink:label="loc_gri_ReasonForOmissionRelatedToTotalNumberOfEmployeeTurnoverDuringReportingPeriod" />
    <link:definitionArc xlink:type="arc" xlink:arcrole="http://xbrl.org/int/dim/arcrole/domain-member" xlink:from="loc_gri_TotalNumberOfEmployeeTurnoverDuringReportingPeriod" xlink:to="loc_gri_ReasonForOmissionRelatedToTotalNumberOfEmployeeTurnoverDuringReportingPeriod" order="1.0" use="optional" />
    <link:loc xlink:type="locator" xlink:href="../core/gri_srs_core_2025-06-23.xsd#gri_ExplanationForReasonForOmissionRelatedToTotalNumberOfEmployeeTurnoverDuringReportingPeriodTextBlock" xlink:label="loc_gri_ExplanationForReasonForOmissionRelatedToTotalNumberOfEmployeeTurnoverDuringReportingPeriodTextBlock" />
    <link:definitionArc xlink:type="arc" xlink:arcrole="http://xbrl.org/int/dim/arcrole/domain-member" xlink:from="loc_gri_TotalNumberOfEmployeeTurnoverDuringReportingPeriod" xlink:to="loc_gri_ExplanationForReasonForOmissionRelatedToTotalNumberOfEmployeeTurnoverDuringReportingPeriodTextBlock" order="2.0" use="optional" />
    <link:loc xlink:type="locator" xlink:href="../core/gri_srs_core_2025-06-23.xsd#gri_TotalRateOfEmployeeTurnoverDuringReportingPeriod" xlink:label="loc_gri_TotalRateOfEmployeeTurnoverDuringReportingPeriod" />
    <link:definitionArc xlink:type="arc" xlink:arcrole="http://xbrl.org/int/dim/arcrole/domain-member" xlink:from="loc_gri_NewEmployeeHiresAndEmployeeTurnoverByGenderLineItems" xlink:to="loc_gri_TotalRateOfEmployeeTurnoverDuringReportingPeriod" order="4.0" use="optional" />
    <link:loc xlink:type="locator" xlink:href="../core/gri_srs_core_2025-06-23.xsd#gri_ReasonForOmissionRelatedToTotalRateOfEmployeeTurnoverDuringReportingPeriod" xlink:label="loc_gri_ReasonForOmissionRelatedToTotalRateOfEmployeeTurnoverDuringReportingPeriod" />
    <link:definitionArc xlink:type="arc" xlink:arcrole="http://xbrl.org/int/dim/arcrole/domain-member" xlink:from="loc_gri_TotalRateOfEmployeeTurnoverDuringReportingPeriod" xlink:to="loc_gri_ReasonForOmissionRelatedToTotalRateOfEmployeeTurnoverDuringReportingPeriod" order="1.0" use="optional" />
    <link:loc xlink:type="locator" xlink:href="../core/gri_srs_core_2025-06-23.xsd#gri_ExplanationForReasonForOmissionRelatedToTotalRateOfEmployeeTurnoverDuringReportingPeriodTextBlock" xlink:label="loc_gri_ExplanationForReasonForOmissionRelatedToTotalRateOfEmployeeTurnoverDuringReportingPeriodTextBlock" />
    <link:definitionArc xlink:type="arc" xlink:arcrole="http://xbrl.org/int/dim/arcrole/domain-member" xlink:from="loc_gri_TotalRateOfEmployeeTurnoverDuringReportingPeriod" xlink:to="loc_gri_ExplanationForReasonForOmissionRelatedToTotalRateOfEmployeeTurnoverDuringReportingPeriodTextBlock" order="2.0" use="optional" />
  </link:definitionLink>
  <link:definitionLink xlink:type="extended" xlink:role="https://taxonomy.globalreporting.org/gri-sustainability-taxonomy/gri_srs/gri_srs_role/role_gri_401_1_G_D">
    <link:loc xlink:type="locator" xlink:href="../core/gri_srs_core_2025-06-23.xsd#gri_NewEmployeeHiresAndEmployeeTurnoverByGenderAbstract" xlink:label="loc_gri_NewEmployeeHiresAndEmployeeTurnoverByGenderAbstract" />
    <link:loc xlink:type="locator" xlink:href="../core/gri_srs_core_2025-06-23.xsd#gri_NewEmployeeHiresAndEmployeeTurnoverByGenderTable" xlink:label="loc_gri_NewEmployeeHiresAndEmployeeTurnoverByGenderTable" />
    <link:definitionArc xlink:type="arc" xlink:arcrole="http://xbrl.org/int/dim/arcrole/all" xlink:from="loc_gri_NewEmployeeHiresAndEmployeeTurnoverByGenderAbstract" xlink:to="loc_gri_NewEmployeeHiresAndEmployeeTurnoverByGenderTable" order="1.0" xbrldt:contextElement="scenario" xbrldt:closed="false" use="optional" />
    <link:loc xlink:type="locator" xlink:href="../core/gri_srs_core_2025-06-23.xsd#gri_NewEmployeeHiresAndEmployeeTurnoverByGenderLineItems" xlink:label="loc_gri_NewEmployeeHiresAndEmployeeTurnoverByGenderLineItems" />
    <link:definitionArc xlink:type="arc" xlink:arcrole="http://xbrl.org/int/dim/arcrole/domain-member" xlink:from="loc_gri_NewEmployeeHiresAndEmployeeTurnoverByGenderAbstract" xlink:to="loc_gri_NewEmployeeHiresAndEmployeeTurnoverByGenderLineItems" order="2.0" use="optional" />
    <link:loc xlink:type="locator" xlink:href="../core/gri_srs_core_2025-06-23.xsd#gri_TotalNumberOfNewEmployeeHiresDuringReportingPeriod" xlink:label="loc_gri_TotalNumberOfNewEmployeeHiresDuringReportingPeriod" />
    <link:definitionArc xlink:type="arc" xlink:arcrole="http://xbrl.org/int/dim/arcrole/domain-member" xlink:from="loc_gri_NewEmployeeHiresAndEmployeeTurnoverByGenderLineItems" xlink:to="loc_gri_TotalNumberOfNewEmployeeHiresDuringReportingPeriod" order="1.0" use="optional" />
    <link:loc xlink:type="locator" xlink:href="../core/gri_srs_core_2025-06-23.xsd#gri_ReasonForOmissionRelatedToTotalNumberOfNewEmployeeHiresDuringReportingPeriod" xlink:label="loc_gri_ReasonForOmissionRelatedToTotalNumberOfNewEmployeeHiresDuringReportingPeriod" />
    <link:definitionArc xlink:type="arc" xlink:arcrole="http://xbrl.org/int/dim/arcrole/domain-member" xlink:from="loc_gri_TotalNumberOfNewEmployeeHiresDuringReportingPeriod" xlink:to="loc_gri_ReasonForOmissionRelatedToTotalNumberOfNewEmployeeHiresDuringReportingPeriod" order="1.0" use="optional" />
    <link:loc xlink:type="locator" xlink:href="../core/gri_srs_core_2025-06-23.xsd#gri_ExplanationForReasonForOmissionRelatedToTotalNumberOfNewEmployeeHiresDuringReportingPeriodTextBlock" xlink:label="loc_gri_ExplanationForReasonForOmissionRelatedToTotalNumberOfNewEmployeeHiresDuringReportingPeriodTextBlock" />
    <link:definitionArc xlink:type="arc" xlink:arcrole="http://xbrl.org/int/dim/arcrole/domain-member" xlink:from="loc_gri_TotalNumberOfNewEmployeeHiresDuringReportingPeriod" xlink:to="loc_gri_ExplanationForReasonForOmissionRelatedToTotalNumberOfNewEmployeeHiresDuringReportingPeriodTextBlock" order="2.0" use="optional" />
    <link:loc xlink:type="locator" xlink:href="../core/gri_srs_core_2025-06-23.xsd#gri_TotalRateOfNewEmployeeHiresDuringReportingPeriod" xlink:label="loc_gri_TotalRateOfNewEmployeeHiresDuringReportingPeriod" />
    <link:definitionArc xlink:type="arc" xlink:arcrole="http://xbrl.org/int/dim/arcrole/domain-member" xlink:from="loc_gri_NewEmployeeHiresAndEmployeeTurnoverByGenderLineItems" xlink:to="loc_gri_TotalRateOfNewEmployeeHiresDuringReportingPeriod" order="2.0" use="optional" />
    <link:loc xlink:type="locator" xlink:href="../core/gri_srs_core_2025-06-23.xsd#gri_ReasonForOmissionRelatedToTotalRateOfNewEmployeeHiresDuringReportingPeriod" xlink:label="loc_gri_ReasonForOmissionRelatedToTotalRateOfNewEmployeeHiresDuringReportingPeriod" />
    <link:definitionArc xlink:type="arc" xlink:arcrole="http://xbrl.org/int/dim/arcrole/domain-member" xlink:from="loc_gri_TotalRateOfNewEmployeeHiresDuringReportingPeriod" xlink:to="loc_gri_ReasonForOmissionRelatedToTotalRateOfNewEmployeeHiresDuringReportingPeriod" order="1.0" use="optional" />
    <link:loc xlink:type="locator" xlink:href="../core/gri_srs_core_2025-06-23.xsd#gri_ExplanationForReasonForOmissionRelatedToTotalRateOfNewEmployeeHiresDuringReportingPeriodTextBlock" xlink:label="loc_gri_ExplanationForReasonForOmissionRelatedToTotalRateOfNewEmployeeHiresDuringReportingPeriodTextBlock" />
    <link:definitionArc xlink:type="arc" xlink:arcrole="http://xbrl.org/int/dim/arcrole/domain-member" xlink:from="loc_gri_TotalRateOfNewEmployeeHiresDuringReportingPeriod" xlink:to="loc_gri_ExplanationForReasonForOmissionRelatedToTotalRateOfNewEmployeeHiresDuringReportingPeriodTextBlock" order="2.0" use="optional" />
    <link:loc xlink:type="locator" xlink:href="../core/gri_srs_core_2025-06-23.xsd#gri_TotalNumberOfEmployeeTurnoverDuringReportingPeriod" xlink:label="loc_gri_TotalNumberOfEmployeeTurnoverDuringReportingPeriod" />
    <link:definitionArc xlink:type="arc" xlink:arcrole="http://xbrl.org/int/dim/arcrole/domain-member" xlink:from="loc_gri_NewEmployeeHiresAndEmployeeTurnoverByGenderLineItems" xlink:to="loc_gri_TotalNumberOfEmployeeTurnoverDuringReportingPeriod" order="3.0" use="optional" />
    <link:loc xlink:type="locator" xlink:href="../core/gri_srs_core_2025-06-23.xsd#gri_ReasonForOmissionRelatedToTotalNumberOfEmployeeTurnoverDuringReportingPeriod" xlink:label="loc_gri_ReasonForOmissionRelatedToTotalNumberOfEmployeeTurnoverDuringReportingPeriod" />
    <link:definitionArc xlink:type="arc" xlink:arcrole="http://xbrl.org/int/dim/arcrole/domain-member" xlink:from="loc_gri_TotalNumberOfEmployeeTurnoverDuringReportingPeriod" xlink:to="loc_gri_ReasonForOmissionRelatedToTotalNumberOfEmployeeTurnoverDuringReportingPeriod" order="1.0" use="optional" />
    <link:loc xlink:type="locator" xlink:href="../core/gri_srs_core_2025-06-23.xsd#gri_ExplanationForReasonForOmissionRelatedToTotalNumberOfEmployeeTurnoverDuringReportingPeriodTextBlock" xlink:label="loc_gri_ExplanationForReasonForOmissionRelatedToTotalNumberOfEmployeeTurnoverDuringReportingPeriodTextBlock" />
    <link:definitionArc xlink:type="arc" xlink:arcrole="http://xbrl.org/int/dim/arcrole/domain-member" xlink:from="loc_gri_TotalNumberOfEmployeeTurnoverDuringReportingPeriod" xlink:to="loc_gri_ExplanationForReasonForOmissionRelatedToTotalNumberOfEmployeeTurnoverDuringReportingPeriodTextBlock" order="2.0" use="optional" />
    <link:loc xlink:type="locator" xlink:href="../core/gri_srs_core_2025-06-23.xsd#gri_TotalRateOfEmployeeTurnoverDuringReportingPeriod" xlink:label="loc_gri_TotalRateOfEmployeeTurnoverDuringReportingPeriod" />
    <link:definitionArc xlink:type="arc" xlink:arcrole="http://xbrl.org/int/dim/arcrole/domain-member" xlink:from="loc_gri_NewEmployeeHiresAndEmployeeTurnoverByGenderLineItems" xlink:to="loc_gri_TotalRateOfEmployeeTurnoverDuringReportingPeriod" order="4.0" use="optional" />
    <link:loc xlink:type="locator" xlink:href="../core/gri_srs_core_2025-06-23.xsd#gri_ReasonForOmissionRelatedToTotalRateOfEmployeeTurnoverDuringReportingPeriod" xlink:label="loc_gri_ReasonForOmissionRelatedToTotalRateOfEmployeeTurnoverDuringReportingPeriod" />
    <link:definitionArc xlink:type="arc" xlink:arcrole="http://xbrl.org/int/dim/arcrole/domain-member" xlink:from="loc_gri_TotalRateOfEmployeeTurnoverDuringReportingPeriod" xlink:to="loc_gri_ReasonForOmissionRelatedToTotalRateOfEmployeeTurnoverDuringReportingPeriod" order="1.0" use="optional" />
    <link:loc xlink:type="locator" xlink:href="../core/gri_srs_core_2025-06-23.xsd#gri_ExplanationForReasonForOmissionRelatedToTotalRateOfEmployeeTurnoverDuringReportingPeriodTextBlock" xlink:label="loc_gri_ExplanationForReasonForOmissionRelatedToTotalRateOfEmployeeTurnoverDuringReportingPeriodTextBlock" />
    <link:definitionArc xlink:type="arc" xlink:arcrole="http://xbrl.org/int/dim/arcrole/domain-member" xlink:from="loc_gri_TotalRateOfEmployeeTurnoverDuringReportingPeriod" xlink:to="loc_gri_ExplanationForReasonForOmissionRelatedToTotalRateOfEmployeeTurnoverDuringReportingPeriodTextBlock" order="2.0" use="optional" />
  </link:definitionLink>
  <link:definitionLink xlink:type="extended" xlink:role="https://taxonomy.globalreporting.org/gri-sustainability-taxonomy/gri_srs/gri_srs_role/role_gri_401_1_R">
    <link:loc xlink:type="locator" xlink:href="../core/gri_srs_core_2025-06-23.xsd#gri_NewEmployeeHiresAndEmployeeTurnoverByRegionAbstract" xlink:label="loc_gri_NewEmployeeHiresAndEmployeeTurnoverByRegionAbstract" />
    <link:loc xlink:type="locator" xlink:href="../core/gri_srs_core_2025-06-23.xsd#gri_NewEmployeeHiresAndEmployeeTurnoverByRegionTable" xlink:label="loc_gri_NewEmployeeHiresAndEmployeeTurnoverByRegionTable" />
    <link:definitionArc xlink:type="arc" xlink:arcrole="http://xbrl.org/int/dim/arcrole/all" xlink:from="loc_gri_NewEmployeeHiresAndEmployeeTurnoverByRegionAbstract" xlink:to="loc_gri_NewEmployeeHiresAndEmployeeTurnoverByRegionTable" order="1.0" xbrldt:contextElement="scenario" xbrldt:closed="false" use="optional" />
    <link:loc xlink:type="locator" xlink:href="../core/gri_srs_core_2025-06-23.xsd#gri_RegionAxis" xlink:label="loc_gri_RegionAxis" />
    <link:definitionArc xlink:type="arc" xlink:arcrole="http://xbrl.org/int/dim/arcrole/hypercube-dimension" xlink:from="loc_gri_NewEmployeeHiresAndEmployeeTurnoverByRegionTable" xlink:to="loc_gri_RegionAxis" order="1.0" use="optional" />
    <link:loc xlink:type="locator" xlink:href="../core/gri_srs_core_2025-06-23.xsd#gri_NewEmployeeHiresAndEmployeeTurnoverByRegionLineItems" xlink:label="loc_gri_NewEmployeeHiresAndEmployeeTurnoverByRegionLineItems" />
    <link:definitionArc xlink:type="arc" xlink:arcrole="http://xbrl.org/int/dim/arcrole/domain-member" xlink:from="loc_gri_NewEmployeeHiresAndEmployeeTurnoverByRegionAbstract" xlink:to="loc_gri_NewEmployeeHiresAndEmployeeTurnoverByRegionLineItems" order="2.0" use="optional" />
    <link:loc xlink:type="locator" xlink:href="../core/gri_srs_core_2025-06-23.xsd#gri_TotalNumberOfNewEmployeeHiresDuringReportingPeriod" xlink:label="loc_gri_TotalNumberOfNewEmployeeHiresDuringReportingPeriod" />
    <link:definitionArc xlink:type="arc" xlink:arcrole="http://xbrl.org/int/dim/arcrole/domain-member" xlink:from="loc_gri_NewEmployeeHiresAndEmployeeTurnoverByRegionLineItems" xlink:to="loc_gri_TotalNumberOfNewEmployeeHiresDuringReportingPeriod" order="1.0" use="optional" />
    <link:loc xlink:type="locator" xlink:href="../core/gri_srs_core_2025-06-23.xsd#gri_ReasonForOmissionRelatedToTotalNumberOfNewEmployeeHiresDuringReportingPeriod" xlink:label="loc_gri_ReasonForOmissionRelatedToTotalNumberOfNewEmployeeHiresDuringReportingPeriod" />
    <link:definitionArc xlink:type="arc" xlink:arcrole="http://xbrl.org/int/dim/arcrole/domain-member" xlink:from="loc_gri_TotalNumberOfNewEmployeeHiresDuringReportingPeriod" xlink:to="loc_gri_ReasonForOmissionRelatedToTotalNumberOfNewEmployeeHiresDuringReportingPeriod" order="1.0" use="optional" />
    <link:loc xlink:type="locator" xlink:href="../core/gri_srs_core_2025-06-23.xsd#gri_ExplanationForReasonForOmissionRelatedToTotalNumberOfNewEmployeeHiresDuringReportingPeriodTextBlock" xlink:label="loc_gri_ExplanationForReasonForOmissionRelatedToTotalNumberOfNewEmployeeHiresDuringReportingPeriodTextBlock" />
    <link:definitionArc xlink:type="arc" xlink:arcrole="http://xbrl.org/int/dim/arcrole/domain-member" xlink:from="loc_gri_TotalNumberOfNewEmployeeHiresDuringReportingPeriod" xlink:to="loc_gri_ExplanationForReasonForOmissionRelatedToTotalNumberOfNewEmployeeHiresDuringReportingPeriodTextBlock" order="2.0" use="optional" />
    <link:loc xlink:type="locator" xlink:href="../core/gri_srs_core_2025-06-23.xsd#gri_TotalRateOfNewEmployeeHiresDuringReportingPeriod" xlink:label="loc_gri_TotalRateOfNewEmployeeHiresDuringReportingPeriod" />
    <link:definitionArc xlink:type="arc" xlink:arcrole="http://xbrl.org/int/dim/arcrole/domain-member" xlink:from="loc_gri_NewEmployeeHiresAndEmployeeTurnoverByRegionLineItems" xlink:to="loc_gri_TotalRateOfNewEmployeeHiresDuringReportingPeriod" order="2.0" use="optional" />
    <link:loc xlink:type="locator" xlink:href="../core/gri_srs_core_2025-06-23.xsd#gri_ReasonForOmissionRelatedToTotalRateOfNewEmployeeHiresDuringReportingPeriod" xlink:label="loc_gri_ReasonForOmissionRelatedToTotalRateOfNewEmployeeHiresDuringReportingPeriod" />
    <link:definitionArc xlink:type="arc" xlink:arcrole="http://xbrl.org/int/dim/arcrole/domain-member" xlink:from="loc_gri_TotalRateOfNewEmployeeHiresDuringReportingPeriod" xlink:to="loc_gri_ReasonForOmissionRelatedToTotalRateOfNewEmployeeHiresDuringReportingPeriod" order="1.0" use="optional" />
    <link:loc xlink:type="locator" xlink:href="../core/gri_srs_core_2025-06-23.xsd#gri_ExplanationForReasonForOmissionRelatedToTotalRateOfNewEmployeeHiresDuringReportingPeriodTextBlock" xlink:label="loc_gri_ExplanationForReasonForOmissionRelatedToTotalRateOfNewEmployeeHiresDuringReportingPeriodTextBlock" />
    <link:definitionArc xlink:type="arc" xlink:arcrole="http://xbrl.org/int/dim/arcrole/domain-member" xlink:from="loc_gri_TotalRateOfNewEmployeeHiresDuringReportingPeriod" xlink:to="loc_gri_ExplanationForReasonForOmissionRelatedToTotalRateOfNewEmployeeHiresDuringReportingPeriodTextBlock" order="2.0" use="optional" />
    <link:loc xlink:type="locator" xlink:href="../core/gri_srs_core_2025-06-23.xsd#gri_TotalNumberOfEmployeeTurnoverDuringReportingPeriod" xlink:label="loc_gri_TotalNumberOfEmployeeTurnoverDuringReportingPeriod" />
    <link:definitionArc xlink:type="arc" xlink:arcrole="http://xbrl.org/int/dim/arcrole/domain-member" xlink:from="loc_gri_NewEmployeeHiresAndEmployeeTurnoverByRegionLineItems" xlink:to="loc_gri_TotalNumberOfEmployeeTurnoverDuringReportingPeriod" order="3.0" use="optional" />
    <link:loc xlink:type="locator" xlink:href="../core/gri_srs_core_2025-06-23.xsd#gri_ReasonForOmissionRelatedToTotalNumberOfEmployeeTurnoverDuringReportingPeriod" xlink:label="loc_gri_ReasonForOmissionRelatedToTotalNumberOfEmployeeTurnoverDuringReportingPeriod" />
    <link:definitionArc xlink:type="arc" xlink:arcrole="http://xbrl.org/int/dim/arcrole/domain-member" xlink:from="loc_gri_TotalNumberOfEmployeeTurnoverDuringReportingPeriod" xlink:to="loc_gri_ReasonForOmissionRelatedToTotalNumberOfEmployeeTurnoverDuringReportingPeriod" order="1.0" use="optional" />
    <link:loc xlink:type="locator" xlink:href="../core/gri_srs_core_2025-06-23.xsd#gri_ExplanationForReasonForOmissionRelatedToTotalNumberOfEmployeeTurnoverDuringReportingPeriodTextBlock" xlink:label="loc_gri_ExplanationForReasonForOmissionRelatedToTotalNumberOfEmployeeTurnoverDuringReportingPeriodTextBlock" />
    <link:definitionArc xlink:type="arc" xlink:arcrole="http://xbrl.org/int/dim/arcrole/domain-member" xlink:from="loc_gri_TotalNumberOfEmployeeTurnoverDuringReportingPeriod" xlink:to="loc_gri_ExplanationForReasonForOmissionRelatedToTotalNumberOfEmployeeTurnoverDuringReportingPeriodTextBlock" order="2.0" use="optional" />
    <link:loc xlink:type="locator" xlink:href="../core/gri_srs_core_2025-06-23.xsd#gri_TotalRateOfEmployeeTurnoverDuringReportingPeriod" xlink:label="loc_gri_TotalRateOfEmployeeTurnoverDuringReportingPeriod" />
    <link:definitionArc xlink:type="arc" xlink:arcrole="http://xbrl.org/int/dim/arcrole/domain-member" xlink:from="loc_gri_NewEmployeeHiresAndEmployeeTurnoverByRegionLineItems" xlink:to="loc_gri_TotalRateOfEmployeeTurnoverDuringReportingPeriod" order="4.0" use="optional" />
    <link:loc xlink:type="locator" xlink:href="../core/gri_srs_core_2025-06-23.xsd#gri_ReasonForOmissionRelatedToTotalRateOfEmployeeTurnoverDuringReportingPeriod" xlink:label="loc_gri_ReasonForOmissionRelatedToTotalRateOfEmployeeTurnoverDuringReportingPeriod" />
    <link:definitionArc xlink:type="arc" xlink:arcrole="http://xbrl.org/int/dim/arcrole/domain-member" xlink:from="loc_gri_TotalRateOfEmployeeTurnoverDuringReportingPeriod" xlink:to="loc_gri_ReasonForOmissionRelatedToTotalRateOfEmployeeTurnoverDuringReportingPeriod" order="1.0" use="optional" />
    <link:loc xlink:type="locator" xlink:href="../core/gri_srs_core_2025-06-23.xsd#gri_ExplanationForReasonForOmissionRelatedToTotalRateOfEmployeeTurnoverDuringReportingPeriodTextBlock" xlink:label="loc_gri_ExplanationForReasonForOmissionRelatedToTotalRateOfEmployeeTurnoverDuringReportingPeriodTextBlock" />
    <link:definitionArc xlink:type="arc" xlink:arcrole="http://xbrl.org/int/dim/arcrole/domain-member" xlink:from="loc_gri_TotalRateOfEmployeeTurnoverDuringReportingPeriod" xlink:to="loc_gri_ExplanationForReasonForOmissionRelatedToTotalRateOfEmployeeTurnoverDuringReportingPeriodTextBlock" order="2.0" use="optional" />
  </link:definitionLink>
  <link:definitionLink xlink:type="extended" xlink:role="https://taxonomy.globalreporting.org/gri-sustainability-taxonomy/gri_srs/gri_srs_role/role_gri_401_1_R_D">
    <link:loc xlink:type="locator" xlink:href="../core/gri_srs_core_2025-06-23.xsd#gri_NewEmployeeHiresAndEmployeeTurnoverByRegionAbstract" xlink:label="loc_gri_NewEmployeeHiresAndEmployeeTurnoverByRegionAbstract" />
    <link:loc xlink:type="locator" xlink:href="../core/gri_srs_core_2025-06-23.xsd#gri_NewEmployeeHiresAndEmployeeTurnoverByRegionTable" xlink:label="loc_gri_NewEmployeeHiresAndEmployeeTurnoverByRegionTable" />
    <link:definitionArc xlink:type="arc" xlink:arcrole="http://xbrl.org/int/dim/arcrole/all" xlink:from="loc_gri_NewEmployeeHiresAndEmployeeTurnoverByRegionAbstract" xlink:to="loc_gri_NewEmployeeHiresAndEmployeeTurnoverByRegionTable" order="1.0" xbrldt:contextElement="scenario" xbrldt:closed="false" use="optional" />
    <link:loc xlink:type="locator" xlink:href="../core/gri_srs_core_2025-06-23.xsd#gri_NewEmployeeHiresAndEmployeeTurnoverByRegionLineItems" xlink:label="loc_gri_NewEmployeeHiresAndEmployeeTurnoverByRegionLineItems" />
    <link:definitionArc xlink:type="arc" xlink:arcrole="http://xbrl.org/int/dim/arcrole/domain-member" xlink:from="loc_gri_NewEmployeeHiresAndEmployeeTurnoverByRegionAbstract" xlink:to="loc_gri_NewEmployeeHiresAndEmployeeTurnoverByRegionLineItems" order="2.0" use="optional" />
    <link:loc xlink:type="locator" xlink:href="../core/gri_srs_core_2025-06-23.xsd#gri_TotalNumberOfNewEmployeeHiresDuringReportingPeriod" xlink:label="loc_gri_TotalNumberOfNewEmployeeHiresDuringReportingPeriod" />
    <link:definitionArc xlink:type="arc" xlink:arcrole="http://xbrl.org/int/dim/arcrole/domain-member" xlink:from="loc_gri_NewEmployeeHiresAndEmployeeTurnoverByRegionLineItems" xlink:to="loc_gri_TotalNumberOfNewEmployeeHiresDuringReportingPeriod" order="1.0" use="optional" />
    <link:loc xlink:type="locator" xlink:href="../core/gri_srs_core_2025-06-23.xsd#gri_ReasonForOmissionRelatedToTotalNumberOfNewEmployeeHiresDuringReportingPeriod" xlink:label="loc_gri_ReasonForOmissionRelatedToTotalNumberOfNewEmployeeHiresDuringReportingPeriod" />
    <link:definitionArc xlink:type="arc" xlink:arcrole="http://xbrl.org/int/dim/arcrole/domain-member" xlink:from="loc_gri_TotalNumberOfNewEmployeeHiresDuringReportingPeriod" xlink:to="loc_gri_ReasonForOmissionRelatedToTotalNumberOfNewEmployeeHiresDuringReportingPeriod" order="1.0" use="optional" />
    <link:loc xlink:type="locator" xlink:href="../core/gri_srs_core_2025-06-23.xsd#gri_ExplanationForReasonForOmissionRelatedToTotalNumberOfNewEmployeeHiresDuringReportingPeriodTextBlock" xlink:label="loc_gri_ExplanationForReasonForOmissionRelatedToTotalNumberOfNewEmployeeHiresDuringReportingPeriodTextBlock" />
    <link:definitionArc xlink:type="arc" xlink:arcrole="http://xbrl.org/int/dim/arcrole/domain-member" xlink:from="loc_gri_TotalNumberOfNewEmployeeHiresDuringReportingPeriod" xlink:to="loc_gri_ExplanationForReasonForOmissionRelatedToTotalNumberOfNewEmployeeHiresDuringReportingPeriodTextBlock" order="2.0" use="optional" />
    <link:loc xlink:type="locator" xlink:href="../core/gri_srs_core_2025-06-23.xsd#gri_TotalRateOfNewEmployeeHiresDuringReportingPeriod" xlink:label="loc_gri_TotalRateOfNewEmployeeHiresDuringReportingPeriod" />
    <link:definitionArc xlink:type="arc" xlink:arcrole="http://xbrl.org/int/dim/arcrole/domain-member" xlink:from="loc_gri_NewEmployeeHiresAndEmployeeTurnoverByRegionLineItems" xlink:to="loc_gri_TotalRateOfNewEmployeeHiresDuringReportingPeriod" order="2.0" use="optional" />
    <link:loc xlink:type="locator" xlink:href="../core/gri_srs_core_2025-06-23.xsd#gri_ReasonForOmissionRelatedToTotalRateOfNewEmployeeHiresDuringReportingPeriod" xlink:label="loc_gri_ReasonForOmissionRelatedToTotalRateOfNewEmployeeHiresDuringReportingPeriod" />
    <link:definitionArc xlink:type="arc" xlink:arcrole="http://xbrl.org/int/dim/arcrole/domain-member" xlink:from="loc_gri_TotalRateOfNewEmployeeHiresDuringReportingPeriod" xlink:to="loc_gri_ReasonForOmissionRelatedToTotalRateOfNewEmployeeHiresDuringReportingPeriod" order="1.0" use="optional" />
    <link:loc xlink:type="locator" xlink:href="../core/gri_srs_core_2025-06-23.xsd#gri_ExplanationForReasonForOmissionRelatedToTotalRateOfNewEmployeeHiresDuringReportingPeriodTextBlock" xlink:label="loc_gri_ExplanationForReasonForOmissionRelatedToTotalRateOfNewEmployeeHiresDuringReportingPeriodTextBlock" />
    <link:definitionArc xlink:type="arc" xlink:arcrole="http://xbrl.org/int/dim/arcrole/domain-member" xlink:from="loc_gri_TotalRateOfNewEmployeeHiresDuringReportingPeriod" xlink:to="loc_gri_ExplanationForReasonForOmissionRelatedToTotalRateOfNewEmployeeHiresDuringReportingPeriodTextBlock" order="2.0" use="optional" />
    <link:loc xlink:type="locator" xlink:href="../core/gri_srs_core_2025-06-23.xsd#gri_TotalNumberOfEmployeeTurnoverDuringReportingPeriod" xlink:label="loc_gri_TotalNumberOfEmployeeTurnoverDuringReportingPeriod" />
    <link:definitionArc xlink:type="arc" xlink:arcrole="http://xbrl.org/int/dim/arcrole/domain-member" xlink:from="loc_gri_NewEmployeeHiresAndEmployeeTurnoverByRegionLineItems" xlink:to="loc_gri_TotalNumberOfEmployeeTurnoverDuringReportingPeriod" order="3.0" use="optional" />
    <link:loc xlink:type="locator" xlink:href="../core/gri_srs_core_2025-06-23.xsd#gri_ReasonForOmissionRelatedToTotalNumberOfEmployeeTurnoverDuringReportingPeriod" xlink:label="loc_gri_ReasonForOmissionRelatedToTotalNumberOfEmployeeTurnoverDuringReportingPeriod" />
    <link:definitionArc xlink:type="arc" xlink:arcrole="http://xbrl.org/int/dim/arcrole/domain-member" xlink:from="loc_gri_TotalNumberOfEmployeeTurnoverDuringReportingPeriod" xlink:to="loc_gri_ReasonForOmissionRelatedToTotalNumberOfEmployeeTurnoverDuringReportingPeriod" order="1.0" use="optional" />
    <link:loc xlink:type="locator" xlink:href="../core/gri_srs_core_2025-06-23.xsd#gri_ExplanationForReasonForOmissionRelatedToTotalNumberOfEmployeeTurnoverDuringReportingPeriodTextBlock" xlink:label="loc_gri_ExplanationForReasonForOmissionRelatedToTotalNumberOfEmployeeTurnoverDuringReportingPeriodTextBlock" />
    <link:definitionArc xlink:type="arc" xlink:arcrole="http://xbrl.org/int/dim/arcrole/domain-member" xlink:from="loc_gri_TotalNumberOfEmployeeTurnoverDuringReportingPeriod" xlink:to="loc_gri_ExplanationForReasonForOmissionRelatedToTotalNumberOfEmployeeTurnoverDuringReportingPeriodTextBlock" order="2.0" use="optional" />
    <link:loc xlink:type="locator" xlink:href="../core/gri_srs_core_2025-06-23.xsd#gri_TotalRateOfEmployeeTurnoverDuringReportingPeriod" xlink:label="loc_gri_TotalRateOfEmployeeTurnoverDuringReportingPeriod" />
    <link:definitionArc xlink:type="arc" xlink:arcrole="http://xbrl.org/int/dim/arcrole/domain-member" xlink:from="loc_gri_NewEmployeeHiresAndEmployeeTurnoverByRegionLineItems" xlink:to="loc_gri_TotalRateOfEmployeeTurnoverDuringReportingPeriod" order="4.0" use="optional" />
    <link:loc xlink:type="locator" xlink:href="../core/gri_srs_core_2025-06-23.xsd#gri_ReasonForOmissionRelatedToTotalRateOfEmployeeTurnoverDuringReportingPeriod" xlink:label="loc_gri_ReasonForOmissionRelatedToTotalRateOfEmployeeTurnoverDuringReportingPeriod" />
    <link:definitionArc xlink:type="arc" xlink:arcrole="http://xbrl.org/int/dim/arcrole/domain-member" xlink:from="loc_gri_TotalRateOfEmployeeTurnoverDuringReportingPeriod" xlink:to="loc_gri_ReasonForOmissionRelatedToTotalRateOfEmployeeTurnoverDuringReportingPeriod" order="1.0" use="optional" />
    <link:loc xlink:type="locator" xlink:href="../core/gri_srs_core_2025-06-23.xsd#gri_ExplanationForReasonForOmissionRelatedToTotalRateOfEmployeeTurnoverDuringReportingPeriodTextBlock" xlink:label="loc_gri_ExplanationForReasonForOmissionRelatedToTotalRateOfEmployeeTurnoverDuringReportingPeriodTextBlock" />
    <link:definitionArc xlink:type="arc" xlink:arcrole="http://xbrl.org/int/dim/arcrole/domain-member" xlink:from="loc_gri_TotalRateOfEmployeeTurnoverDuringReportingPeriod" xlink:to="loc_gri_ExplanationForReasonForOmissionRelatedToTotalRateOfEmployeeTurnoverDuringReportingPeriodTextBlock" order="2.0" use="optional" />
  </link:definitionLink>
  <link:definitionLink xlink:type="extended" xlink:role="https://taxonomy.globalreporting.org/gri-sustainability-taxonomy/gri_srs/gri_srs_role/role_gri_401_2">
    <link:loc xlink:type="locator" xlink:href="../core/gri_srs_core_2025-06-23.xsd#gri_DisclosureOfBenefitsProvidedToFullTimeEmployeesThatAreNotProvidedToTemporaryOrPartTimeEmployeesAbstract" xlink:label="loc_gri_DisclosureOfBenefitsProvidedToFullTimeEmployeesThatAreNotProvidedToTemporaryOrPartTimeEmployeesAbstract" />
    <link:loc xlink:type="locator" xlink:href="../core/gri_srs_core_2025-06-23.xsd#gri_BenefitsProvidedToFullTimeEmployeesThatAreNotProvidedToTemporaryOrPartTimeEmployeesTable" xlink:label="loc_gri_BenefitsProvidedToFullTimeEmployeesThatAreNotProvidedToTemporaryOrPartTimeEmployeesTable" />
    <link:definitionArc xlink:type="arc" xlink:arcrole="http://xbrl.org/int/dim/arcrole/all" xlink:from="loc_gri_DisclosureOfBenefitsProvidedToFullTimeEmployeesThatAreNotProvidedToTemporaryOrPartTimeEmployeesAbstract" xlink:to="loc_gri_BenefitsProvidedToFullTimeEmployeesThatAreNotProvidedToTemporaryOrPartTimeEmployeesTable" order="1.0" xbrldt:contextElement="scenario" xbrldt:closed="false" use="optional" />
    <link:loc xlink:type="locator" xlink:href="../core/gri_srs_core_2025-06-23.xsd#gri_SignificantLocationOfOperationAxis" xlink:label="loc_gri_SignificantLocationOfOperationAxis" />
    <link:definitionArc xlink:type="arc" xlink:arcrole="http://xbrl.org/int/dim/arcrole/hypercube-dimension" xlink:from="loc_gri_BenefitsProvidedToFullTimeEmployeesThatAreNotProvidedToTemporaryOrPartTimeEmployeesTable" xlink:to="loc_gri_SignificantLocationOfOperationAxis" order="1.0" use="optional" />
    <link:loc xlink:type="locator" xlink:href="../core/gri_srs_core_2025-06-23.xsd#gri_BenefitsProvidedToFullTimeEmployeesThatAreNotProvidedToTemporaryOrPartTimeEmployeesLineItems" xlink:label="loc_gri_BenefitsProvidedToFullTimeEmployeesThatAreNotProvidedToTemporaryOrPartTimeEmployeesLineItems" />
    <link:definitionArc xlink:type="arc" xlink:arcrole="http://xbrl.org/int/dim/arcrole/domain-member" xlink:from="loc_gri_DisclosureOfBenefitsProvidedToFullTimeEmployeesThatAreNotProvidedToTemporaryOrPartTimeEmployeesAbstract" xlink:to="loc_gri_BenefitsProvidedToFullTimeEmployeesThatAreNotProvidedToTemporaryOrPartTimeEmployeesLineItems" order="2.0" use="optional" />
    <link:loc xlink:type="locator" xlink:href="../core/gri_srs_core_2025-06-23.xsd#gri_BenefitsWhichAreStandardForFullTimeEmployeesOfOrganizationButAreNotProvidedToTemporaryOrPartTimeEmployees" xlink:label="loc_gri_BenefitsWhichAreStandardForFullTimeEmployeesOfOrganizationButAreNotProvidedToTemporaryOrPartTimeEmployees" />
    <link:definitionArc xlink:type="arc" xlink:arcrole="http://xbrl.org/int/dim/arcrole/domain-member" xlink:from="loc_gri_BenefitsProvidedToFullTimeEmployeesThatAreNotProvidedToTemporaryOrPartTimeEmployeesLineItems" xlink:to="loc_gri_BenefitsWhichAreStandardForFullTimeEmployeesOfOrganizationButAreNotProvidedToTemporaryOrPartTimeEmployees" order="1.0" use="optional" />
    <link:loc xlink:type="locator" xlink:href="../core/gri_srs_core_2025-06-23.xsd#gri_ReasonForOmissionRelatedToBenefitsWhichAreStandardForFullTimeEmployeesOfOrganizationButAreNotProvidedToTemporaryOrPartTimeEmployees" xlink:label="loc_gri_ReasonForOmissionRelatedToBenefitsWhichAreStandardForFullTimeEmployeesOfOrganizationButAreNotProvidedToTemporaryOrPartTimeEmployees" />
    <link:definitionArc xlink:type="arc" xlink:arcrole="http://xbrl.org/int/dim/arcrole/domain-member" xlink:from="loc_gri_BenefitsWhichAreStandardForFullTimeEmployeesOfOrganizationButAreNotProvidedToTemporaryOrPartTimeEmployees" xlink:to="loc_gri_ReasonForOmissionRelatedToBenefitsWhichAreStandardForFullTimeEmployeesOfOrganizationButAreNotProvidedToTemporaryOrPartTimeEmployees" order="1.0" use="optional" />
    <link:loc xlink:type="locator" xlink:href="../core/gri_srs_core_2025-06-23.xsd#gri_ExplanationForReasonForOmissionRelatedToBenefitsWhichAreStandardForFullTimeEmployeesOfOrganizationButAreNotProvidedToTemporaryOrPartTimeEmployeesTextBlock" xlink:label="loc_gri_ExplanationForReasonForOmissionRelatedToBenefitsWhichAreStandardForFullTimeEmployeesOfOrganizationButAreNotProvidedToTemporaryOrPartTimeEmployeesTextBlock" />
    <link:definitionArc xlink:type="arc" xlink:arcrole="http://xbrl.org/int/dim/arcrole/domain-member" xlink:from="loc_gri_BenefitsWhichAreStandardForFullTimeEmployeesOfOrganizationButAreNotProvidedToTemporaryOrPartTimeEmployees" xlink:to="loc_gri_ExplanationForReasonForOmissionRelatedToBenefitsWhichAreStandardForFullTimeEmployeesOfOrganizationButAreNotProvidedToTemporaryOrPartTimeEmployeesTextBlock" order="2.0" use="optional" />
    <link:loc xlink:type="locator" xlink:href="../core/gri_srs_core_2025-06-23.xsd#gri_DescriptionOfOtherBenefits" xlink:label="loc_gri_DescriptionOfOtherBenefits" />
    <link:definitionArc xlink:type="arc" xlink:arcrole="http://xbrl.org/int/dim/arcrole/domain-member" xlink:from="loc_gri_BenefitsWhichAreStandardForFullTimeEmployeesOfOrganizationButAreNotProvidedToTemporaryOrPartTimeEmployees" xlink:to="loc_gri_DescriptionOfOtherBenefits" order="3.0" use="optional" />
  </link:definitionLink>
  <link:definitionLink xlink:type="extended" xlink:role="https://taxonomy.globalreporting.org/gri-sustainability-taxonomy/gri_srs/gri_srs_role/role_gri_401_2_D">
    <link:loc xlink:type="locator" xlink:href="../core/gri_srs_core_2025-06-23.xsd#gri_DisclosureOfBenefitsProvidedToFullTimeEmployeesThatAreNotProvidedToTemporaryOrPartTimeEmployeesAbstract" xlink:label="loc_gri_DisclosureOfBenefitsProvidedToFullTimeEmployeesThatAreNotProvidedToTemporaryOrPartTimeEmployeesAbstract" />
    <link:loc xlink:type="locator" xlink:href="../core/gri_srs_core_2025-06-23.xsd#gri_BenefitsProvidedToFullTimeEmployeesThatAreNotProvidedToTemporaryOrPartTimeEmployeesTable" xlink:label="loc_gri_BenefitsProvidedToFullTimeEmployeesThatAreNotProvidedToTemporaryOrPartTimeEmployeesTable" />
    <link:definitionArc xlink:type="arc" xlink:arcrole="http://xbrl.org/int/dim/arcrole/all" xlink:from="loc_gri_DisclosureOfBenefitsProvidedToFullTimeEmployeesThatAreNotProvidedToTemporaryOrPartTimeEmployeesAbstract" xlink:to="loc_gri_BenefitsProvidedToFullTimeEmployeesThatAreNotProvidedToTemporaryOrPartTimeEmployeesTable" order="1.0" xbrldt:contextElement="scenario" xbrldt:closed="false" use="optional" />
    <link:loc xlink:type="locator" xlink:href="../core/gri_srs_core_2025-06-23.xsd#gri_BenefitsProvidedToFullTimeEmployeesThatAreNotProvidedToTemporaryOrPartTimeEmployeesLineItems" xlink:label="loc_gri_BenefitsProvidedToFullTimeEmployeesThatAreNotProvidedToTemporaryOrPartTimeEmployeesLineItems" />
    <link:definitionArc xlink:type="arc" xlink:arcrole="http://xbrl.org/int/dim/arcrole/domain-member" xlink:from="loc_gri_DisclosureOfBenefitsProvidedToFullTimeEmployeesThatAreNotProvidedToTemporaryOrPartTimeEmployeesAbstract" xlink:to="loc_gri_BenefitsProvidedToFullTimeEmployeesThatAreNotProvidedToTemporaryOrPartTimeEmployeesLineItems" order="2.0" use="optional" />
    <link:loc xlink:type="locator" xlink:href="../core/gri_srs_core_2025-06-23.xsd#gri_BenefitsWhichAreStandardForFullTimeEmployeesOfOrganizationButAreNotProvidedToTemporaryOrPartTimeEmployees" xlink:label="loc_gri_BenefitsWhichAreStandardForFullTimeEmployeesOfOrganizationButAreNotProvidedToTemporaryOrPartTimeEmployees" />
    <link:definitionArc xlink:type="arc" xlink:arcrole="http://xbrl.org/int/dim/arcrole/domain-member" xlink:from="loc_gri_BenefitsProvidedToFullTimeEmployeesThatAreNotProvidedToTemporaryOrPartTimeEmployeesLineItems" xlink:to="loc_gri_BenefitsWhichAreStandardForFullTimeEmployeesOfOrganizationButAreNotProvidedToTemporaryOrPartTimeEmployees" order="1.0" use="optional" />
    <link:loc xlink:type="locator" xlink:href="../core/gri_srs_core_2025-06-23.xsd#gri_ReasonForOmissionRelatedToBenefitsWhichAreStandardForFullTimeEmployeesOfOrganizationButAreNotProvidedToTemporaryOrPartTimeEmployees" xlink:label="loc_gri_ReasonForOmissionRelatedToBenefitsWhichAreStandardForFullTimeEmployeesOfOrganizationButAreNotProvidedToTemporaryOrPartTimeEmployees" />
    <link:definitionArc xlink:type="arc" xlink:arcrole="http://xbrl.org/int/dim/arcrole/domain-member" xlink:from="loc_gri_BenefitsWhichAreStandardForFullTimeEmployeesOfOrganizationButAreNotProvidedToTemporaryOrPartTimeEmployees" xlink:to="loc_gri_ReasonForOmissionRelatedToBenefitsWhichAreStandardForFullTimeEmployeesOfOrganizationButAreNotProvidedToTemporaryOrPartTimeEmployees" order="1.0" use="optional" />
    <link:loc xlink:type="locator" xlink:href="../core/gri_srs_core_2025-06-23.xsd#gri_ExplanationForReasonForOmissionRelatedToBenefitsWhichAreStandardForFullTimeEmployeesOfOrganizationButAreNotProvidedToTemporaryOrPartTimeEmployeesTextBlock" xlink:label="loc_gri_ExplanationForReasonForOmissionRelatedToBenefitsWhichAreStandardForFullTimeEmployeesOfOrganizationButAreNotProvidedToTemporaryOrPartTimeEmployeesTextBlock" />
    <link:definitionArc xlink:type="arc" xlink:arcrole="http://xbrl.org/int/dim/arcrole/domain-member" xlink:from="loc_gri_BenefitsWhichAreStandardForFullTimeEmployeesOfOrganizationButAreNotProvidedToTemporaryOrPartTimeEmployees" xlink:to="loc_gri_ExplanationForReasonForOmissionRelatedToBenefitsWhichAreStandardForFullTimeEmployeesOfOrganizationButAreNotProvidedToTemporaryOrPartTimeEmployeesTextBlock" order="2.0" use="optional" />
    <link:loc xlink:type="locator" xlink:href="../core/gri_srs_core_2025-06-23.xsd#gri_DescriptionOfOtherBenefits" xlink:label="loc_gri_DescriptionOfOtherBenefits" />
    <link:definitionArc xlink:type="arc" xlink:arcrole="http://xbrl.org/int/dim/arcrole/domain-member" xlink:from="loc_gri_BenefitsWhichAreStandardForFullTimeEmployeesOfOrganizationButAreNotProvidedToTemporaryOrPartTimeEmployees" xlink:to="loc_gri_DescriptionOfOtherBenefits" order="3.0" use="optional" />
  </link:definitionLink>
  <link:definitionLink xlink:type="extended" xlink:role="https://taxonomy.globalreporting.org/gri-sustainability-taxonomy/gri_srs/gri_srs_role/role_gri_401_3">
    <link:loc xlink:type="locator" xlink:href="../core/gri_srs_core_2025-06-23.xsd#gri_DisclosureOfParentalLeaveAbstract" xlink:label="loc_gri_DisclosureOfParentalLeaveAbstract" />
    <link:loc xlink:type="locator" xlink:href="../core/gri_srs_core_2025-06-23.xsd#gri_ParentalLeaveTable" xlink:label="loc_gri_ParentalLeaveTable" />
    <link:definitionArc xlink:type="arc" xlink:arcrole="http://xbrl.org/int/dim/arcrole/all" xlink:from="loc_gri_DisclosureOfParentalLeaveAbstract" xlink:to="loc_gri_ParentalLeaveTable" order="1.0" xbrldt:contextElement="scenario" xbrldt:closed="false" use="optional" />
    <link:loc xlink:type="locator" xlink:href="../core/gri_srs_core_2025-06-23.xsd#gri_GenderAxis" xlink:label="loc_gri_GenderAxis" />
    <link:definitionArc xlink:type="arc" xlink:arcrole="http://xbrl.org/int/dim/arcrole/hypercube-dimension" xlink:from="loc_gri_ParentalLeaveTable" xlink:to="loc_gri_GenderAxis" order="1.0" use="optional" />
    <link:loc xlink:type="locator" xlink:href="../core/gri_srs_core_2025-06-23.xsd#gri_ParentalLeaveLineItems" xlink:label="loc_gri_ParentalLeaveLineItems" />
    <link:definitionArc xlink:type="arc" xlink:arcrole="http://xbrl.org/int/dim/arcrole/domain-member" xlink:from="loc_gri_DisclosureOfParentalLeaveAbstract" xlink:to="loc_gri_ParentalLeaveLineItems" order="2.0" use="optional" />
    <link:loc xlink:type="locator" xlink:href="../core/gri_srs_core_2025-06-23.xsd#gri_TotalNumberOfEmployeesEntitledToParentalLeave" xlink:label="loc_gri_TotalNumberOfEmployeesEntitledToParentalLeave" />
    <link:definitionArc xlink:type="arc" xlink:arcrole="http://xbrl.org/int/dim/arcrole/domain-member" xlink:from="loc_gri_ParentalLeaveLineItems" xlink:to="loc_gri_TotalNumberOfEmployeesEntitledToParentalLeave" order="1.0" use="optional" />
    <link:loc xlink:type="locator" xlink:href="../core/gri_srs_core_2025-06-23.xsd#gri_ReasonForOmissionRelatedToTotalNumberOfEmployeesEntitledToParentalLeave" xlink:label="loc_gri_ReasonForOmissionRelatedToTotalNumberOfEmployeesEntitledToParentalLeave" />
    <link:definitionArc xlink:type="arc" xlink:arcrole="http://xbrl.org/int/dim/arcrole/domain-member" xlink:from="loc_gri_TotalNumberOfEmployeesEntitledToParentalLeave" xlink:to="loc_gri_ReasonForOmissionRelatedToTotalNumberOfEmployeesEntitledToParentalLeave" order="1.0" use="optional" />
    <link:loc xlink:type="locator" xlink:href="../core/gri_srs_core_2025-06-23.xsd#gri_ExplanationForReasonForOmissionRelatedToTotalNumberOfEmployeesEntitledToParentalLeaveTextBlock" xlink:label="loc_gri_ExplanationForReasonForOmissionRelatedToTotalNumberOfEmployeesEntitledToParentalLeaveTextBlock" />
    <link:definitionArc xlink:type="arc" xlink:arcrole="http://xbrl.org/int/dim/arcrole/domain-member" xlink:from="loc_gri_TotalNumberOfEmployeesEntitledToParentalLeave" xlink:to="loc_gri_ExplanationForReasonForOmissionRelatedToTotalNumberOfEmployeesEntitledToParentalLeaveTextBlock" order="2.0" use="optional" />
    <link:loc xlink:type="locator" xlink:href="../core/gri_srs_core_2025-06-23.xsd#gri_TotalNumberOfEmployeesThatTookParentalLeave" xlink:label="loc_gri_TotalNumberOfEmployeesThatTookParentalLeave" />
    <link:definitionArc xlink:type="arc" xlink:arcrole="http://xbrl.org/int/dim/arcrole/domain-member" xlink:from="loc_gri_ParentalLeaveLineItems" xlink:to="loc_gri_TotalNumberOfEmployeesThatTookParentalLeave" order="2.0" use="optional" />
    <link:loc xlink:type="locator" xlink:href="../core/gri_srs_core_2025-06-23.xsd#gri_ReasonForOmissionRelatedToTotalNumberOfEmployeesThatTookParentalLeave" xlink:label="loc_gri_ReasonForOmissionRelatedToTotalNumberOfEmployeesThatTookParentalLeave" />
    <link:definitionArc xlink:type="arc" xlink:arcrole="http://xbrl.org/int/dim/arcrole/domain-member" xlink:from="loc_gri_TotalNumberOfEmployeesThatTookParentalLeave" xlink:to="loc_gri_ReasonForOmissionRelatedToTotalNumberOfEmployeesThatTookParentalLeave" order="1.0" use="optional" />
    <link:loc xlink:type="locator" xlink:href="../core/gri_srs_core_2025-06-23.xsd#gri_ExplanationForReasonForOmissionRelatedToTotalNumberOfEmployeesThatTookParentalLeaveTextBlock" xlink:label="loc_gri_ExplanationForReasonForOmissionRelatedToTotalNumberOfEmployeesThatTookParentalLeaveTextBlock" />
    <link:definitionArc xlink:type="arc" xlink:arcrole="http://xbrl.org/int/dim/arcrole/domain-member" xlink:from="loc_gri_TotalNumberOfEmployeesThatTookParentalLeave" xlink:to="loc_gri_ExplanationForReasonForOmissionRelatedToTotalNumberOfEmployeesThatTookParentalLeaveTextBlock" order="2.0" use="optional" />
    <link:loc xlink:type="locator" xlink:href="../core/gri_srs_core_2025-06-23.xsd#gri_TotalNumberOfEmployeesThatReturnedToWorkInReportingPeriodAfterParentalLeaveEnded" xlink:label="loc_gri_TotalNumberOfEmployeesThatReturnedToWorkInReportingPeriodAfterParentalLeaveEnded" />
    <link:definitionArc xlink:type="arc" xlink:arcrole="http://xbrl.org/int/dim/arcrole/domain-member" xlink:from="loc_gri_ParentalLeaveLineItems" xlink:to="loc_gri_TotalNumberOfEmployeesThatReturnedToWorkInReportingPeriodAfterParentalLeaveEnded" order="3.0" use="optional" />
    <link:loc xlink:type="locator" xlink:href="../core/gri_srs_core_2025-06-23.xsd#gri_ReasonForOmissionRelatedToTotalNumberOfEmployeesThatReturnedToWorkInReportingPeriodAfterParentalLeaveEnded" xlink:label="loc_gri_ReasonForOmissionRelatedToTotalNumberOfEmployeesThatReturnedToWorkInReportingPeriodAfterParentalLeaveEnded" />
    <link:definitionArc xlink:type="arc" xlink:arcrole="http://xbrl.org/int/dim/arcrole/domain-member" xlink:from="loc_gri_TotalNumberOfEmployeesThatReturnedToWorkInReportingPeriodAfterParentalLeaveEnded" xlink:to="loc_gri_ReasonForOmissionRelatedToTotalNumberOfEmployeesThatReturnedToWorkInReportingPeriodAfterParentalLeaveEnded" order="1.0" use="optional" />
    <link:loc xlink:type="locator" xlink:href="../core/gri_srs_core_2025-06-23.xsd#gri_ExplanationForReasonForOmissionRelatedToTotalNumberOfEmployeesThatReturnedToWorkInReportingPeriodAfterParentalLeaveEndedTextBlock" xlink:label="loc_gri_ExplanationForReasonForOmissionRelatedToTotalNumberOfEmployeesThatReturnedToWorkInReportingPeriodAfterParentalLeaveEndedTextBlock" />
    <link:definitionArc xlink:type="arc" xlink:arcrole="http://xbrl.org/int/dim/arcrole/domain-member" xlink:from="loc_gri_TotalNumberOfEmployeesThatReturnedToWorkInReportingPeriodAfterParentalLeaveEnded" xlink:to="loc_gri_ExplanationForReasonForOmissionRelatedToTotalNumberOfEmployeesThatReturnedToWorkInReportingPeriodAfterParentalLeaveEndedTextBlock" order="2.0" use="optional" />
    <link:loc xlink:type="locator" xlink:href="../core/gri_srs_core_2025-06-23.xsd#gri_TotalNumberOfEmployeesThatReturnedToWorkAfterParentalLeaveEndedThatWereStillEmployed12MonthsAfterTheirReturnToWork" xlink:label="loc_gri_TotalNumberOfEmployeesThatReturnedToWorkAfterParentalLeaveEndedThatWereStillEmployed12MonthsAfterTheirReturnToWork" />
    <link:definitionArc xlink:type="arc" xlink:arcrole="http://xbrl.org/int/dim/arcrole/domain-member" xlink:from="loc_gri_ParentalLeaveLineItems" xlink:to="loc_gri_TotalNumberOfEmployeesThatReturnedToWorkAfterParentalLeaveEndedThatWereStillEmployed12MonthsAfterTheirReturnToWork" order="4.0" use="optional" />
    <link:loc xlink:type="locator" xlink:href="../core/gri_srs_core_2025-06-23.xsd#gri_ReasonForOmissionRelatedToTotalNumberOfEmployeesThatReturnedToWorkAfterParentalLeaveEndedThatWereStillEmployed12MonthsAfterTheirReturnToWork" xlink:label="loc_gri_ReasonForOmissionRelatedToTotalNumberOfEmployeesThatReturnedToWorkAfterParentalLeaveEndedThatWereStillEmployed12MonthsAfterTheirReturnToWork" />
    <link:definitionArc xlink:type="arc" xlink:arcrole="http://xbrl.org/int/dim/arcrole/domain-member" xlink:from="loc_gri_TotalNumberOfEmployeesThatReturnedToWorkAfterParentalLeaveEndedThatWereStillEmployed12MonthsAfterTheirReturnToWork" xlink:to="loc_gri_ReasonForOmissionRelatedToTotalNumberOfEmployeesThatReturnedToWorkAfterParentalLeaveEndedThatWereStillEmployed12MonthsAfterTheirReturnToWork" order="1.0" use="optional" />
    <link:loc xlink:type="locator" xlink:href="../core/gri_srs_core_2025-06-23.xsd#gri_ExplanationForReasonForOmissionRelatedToTotalNumberOfEmployeesThatReturnedToWorkAfterParentalLeaveEndedThatWereStillEmployed12MonthsAfterTheirReturnToWorkTextBlock" xlink:label="loc_gri_ExplanationForReasonForOmissionRelatedToTotalNumberOfEmployeesThatReturnedToWorkAfterParentalLeaveEndedThatWereStillEmployed12MonthsAfterTheirReturnToWorkTextBlock" />
    <link:definitionArc xlink:type="arc" xlink:arcrole="http://xbrl.org/int/dim/arcrole/domain-member" xlink:from="loc_gri_TotalNumberOfEmployeesThatReturnedToWorkAfterParentalLeaveEndedThatWereStillEmployed12MonthsAfterTheirReturnToWork" xlink:to="loc_gri_ExplanationForReasonForOmissionRelatedToTotalNumberOfEmployeesThatReturnedToWorkAfterParentalLeaveEndedThatWereStillEmployed12MonthsAfterTheirReturnToWorkTextBlock" order="2.0" use="optional" />
    <link:loc xlink:type="locator" xlink:href="../core/gri_srs_core_2025-06-23.xsd#gri_ReturnToWorkRateOfEmployeesThatTookParentalLeave" xlink:label="loc_gri_ReturnToWorkRateOfEmployeesThatTookParentalLeave" />
    <link:definitionArc xlink:type="arc" xlink:arcrole="http://xbrl.org/int/dim/arcrole/domain-member" xlink:from="loc_gri_ParentalLeaveLineItems" xlink:to="loc_gri_ReturnToWorkRateOfEmployeesThatTookParentalLeave" order="5.0" use="optional" />
    <link:loc xlink:type="locator" xlink:href="../core/gri_srs_core_2025-06-23.xsd#gri_ReasonForOmissionRelatedToReturnToWorkRateOfEmployeesThatTookParentalLeave" xlink:label="loc_gri_ReasonForOmissionRelatedToReturnToWorkRateOfEmployeesThatTookParentalLeave" />
    <link:definitionArc xlink:type="arc" xlink:arcrole="http://xbrl.org/int/dim/arcrole/domain-member" xlink:from="loc_gri_ReturnToWorkRateOfEmployeesThatTookParentalLeave" xlink:to="loc_gri_ReasonForOmissionRelatedToReturnToWorkRateOfEmployeesThatTookParentalLeave" order="1.0" use="optional" />
    <link:loc xlink:type="locator" xlink:href="../core/gri_srs_core_2025-06-23.xsd#gri_ExplanationForReasonForOmissionRelatedToReturnToWorkRateOfEmployeesThatTookParentalLeaveTextBlock" xlink:label="loc_gri_ExplanationForReasonForOmissionRelatedToReturnToWorkRateOfEmployeesThatTookParentalLeaveTextBlock" />
    <link:definitionArc xlink:type="arc" xlink:arcrole="http://xbrl.org/int/dim/arcrole/domain-member" xlink:from="loc_gri_ReturnToWorkRateOfEmployeesThatTookParentalLeave" xlink:to="loc_gri_ExplanationForReasonForOmissionRelatedToReturnToWorkRateOfEmployeesThatTookParentalLeaveTextBlock" order="2.0" use="optional" />
    <link:loc xlink:type="locator" xlink:href="../core/gri_srs_core_2025-06-23.xsd#gri_RetentionRateOfEmployeesThatTookParentalLeave" xlink:label="loc_gri_RetentionRateOfEmployeesThatTookParentalLeave" />
    <link:definitionArc xlink:type="arc" xlink:arcrole="http://xbrl.org/int/dim/arcrole/domain-member" xlink:from="loc_gri_ParentalLeaveLineItems" xlink:to="loc_gri_RetentionRateOfEmployeesThatTookParentalLeave" order="6.0" use="optional" />
    <link:loc xlink:type="locator" xlink:href="../core/gri_srs_core_2025-06-23.xsd#gri_ReasonForOmissionRelatedToRetentionRateOfEmployeesThatTookParentalLeave" xlink:label="loc_gri_ReasonForOmissionRelatedToRetentionRateOfEmployeesThatTookParentalLeave" />
    <link:definitionArc xlink:type="arc" xlink:arcrole="http://xbrl.org/int/dim/arcrole/domain-member" xlink:from="loc_gri_RetentionRateOfEmployeesThatTookParentalLeave" xlink:to="loc_gri_ReasonForOmissionRelatedToRetentionRateOfEmployeesThatTookParentalLeave" order="1.0" use="optional" />
    <link:loc xlink:type="locator" xlink:href="../core/gri_srs_core_2025-06-23.xsd#gri_ExplanationForReasonForOmissionRelatedToRetentionRateOfEmployeesThatTookParentalLeaveTextBlock" xlink:label="loc_gri_ExplanationForReasonForOmissionRelatedToRetentionRateOfEmployeesThatTookParentalLeaveTextBlock" />
    <link:definitionArc xlink:type="arc" xlink:arcrole="http://xbrl.org/int/dim/arcrole/domain-member" xlink:from="loc_gri_RetentionRateOfEmployeesThatTookParentalLeave" xlink:to="loc_gri_ExplanationForReasonForOmissionRelatedToRetentionRateOfEmployeesThatTookParentalLeaveTextBlock" order="2.0" use="optional" />
  </link:definitionLink>
  <link:definitionLink xlink:type="extended" xlink:role="https://taxonomy.globalreporting.org/gri-sustainability-taxonomy/gri_srs/gri_srs_role/role_gri_401_3_D">
    <link:loc xlink:type="locator" xlink:href="../core/gri_srs_core_2025-06-23.xsd#gri_DisclosureOfParentalLeaveAbstract" xlink:label="loc_gri_DisclosureOfParentalLeaveAbstract" />
    <link:loc xlink:type="locator" xlink:href="../core/gri_srs_core_2025-06-23.xsd#gri_ParentalLeaveTable" xlink:label="loc_gri_ParentalLeaveTable" />
    <link:definitionArc xlink:type="arc" xlink:arcrole="http://xbrl.org/int/dim/arcrole/all" xlink:from="loc_gri_DisclosureOfParentalLeaveAbstract" xlink:to="loc_gri_ParentalLeaveTable" order="1.0" xbrldt:contextElement="scenario" xbrldt:closed="false" use="optional" />
    <link:loc xlink:type="locator" xlink:href="../core/gri_srs_core_2025-06-23.xsd#gri_ParentalLeaveLineItems" xlink:label="loc_gri_ParentalLeaveLineItems" />
    <link:definitionArc xlink:type="arc" xlink:arcrole="http://xbrl.org/int/dim/arcrole/domain-member" xlink:from="loc_gri_DisclosureOfParentalLeaveAbstract" xlink:to="loc_gri_ParentalLeaveLineItems" order="2.0" use="optional" />
    <link:loc xlink:type="locator" xlink:href="../core/gri_srs_core_2025-06-23.xsd#gri_TotalNumberOfEmployeesEntitledToParentalLeave" xlink:label="loc_gri_TotalNumberOfEmployeesEntitledToParentalLeave" />
    <link:definitionArc xlink:type="arc" xlink:arcrole="http://xbrl.org/int/dim/arcrole/domain-member" xlink:from="loc_gri_ParentalLeaveLineItems" xlink:to="loc_gri_TotalNumberOfEmployeesEntitledToParentalLeave" order="1.0" use="optional" />
    <link:loc xlink:type="locator" xlink:href="../core/gri_srs_core_2025-06-23.xsd#gri_ReasonForOmissionRelatedToTotalNumberOfEmployeesEntitledToParentalLeave" xlink:label="loc_gri_ReasonForOmissionRelatedToTotalNumberOfEmployeesEntitledToParentalLeave" />
    <link:definitionArc xlink:type="arc" xlink:arcrole="http://xbrl.org/int/dim/arcrole/domain-member" xlink:from="loc_gri_TotalNumberOfEmployeesEntitledToParentalLeave" xlink:to="loc_gri_ReasonForOmissionRelatedToTotalNumberOfEmployeesEntitledToParentalLeave" order="1.0" use="optional" />
    <link:loc xlink:type="locator" xlink:href="../core/gri_srs_core_2025-06-23.xsd#gri_ExplanationForReasonForOmissionRelatedToTotalNumberOfEmployeesEntitledToParentalLeaveTextBlock" xlink:label="loc_gri_ExplanationForReasonForOmissionRelatedToTotalNumberOfEmployeesEntitledToParentalLeaveTextBlock" />
    <link:definitionArc xlink:type="arc" xlink:arcrole="http://xbrl.org/int/dim/arcrole/domain-member" xlink:from="loc_gri_TotalNumberOfEmployeesEntitledToParentalLeave" xlink:to="loc_gri_ExplanationForReasonForOmissionRelatedToTotalNumberOfEmployeesEntitledToParentalLeaveTextBlock" order="2.0" use="optional" />
    <link:loc xlink:type="locator" xlink:href="../core/gri_srs_core_2025-06-23.xsd#gri_TotalNumberOfEmployeesThatTookParentalLeave" xlink:label="loc_gri_TotalNumberOfEmployeesThatTookParentalLeave" />
    <link:definitionArc xlink:type="arc" xlink:arcrole="http://xbrl.org/int/dim/arcrole/domain-member" xlink:from="loc_gri_ParentalLeaveLineItems" xlink:to="loc_gri_TotalNumberOfEmployeesThatTookParentalLeave" order="2.0" use="optional" />
    <link:loc xlink:type="locator" xlink:href="../core/gri_srs_core_2025-06-23.xsd#gri_ReasonForOmissionRelatedToTotalNumberOfEmployeesThatTookParentalLeave" xlink:label="loc_gri_ReasonForOmissionRelatedToTotalNumberOfEmployeesThatTookParentalLeave" />
    <link:definitionArc xlink:type="arc" xlink:arcrole="http://xbrl.org/int/dim/arcrole/domain-member" xlink:from="loc_gri_TotalNumberOfEmployeesThatTookParentalLeave" xlink:to="loc_gri_ReasonForOmissionRelatedToTotalNumberOfEmployeesThatTookParentalLeave" order="1.0" use="optional" />
    <link:loc xlink:type="locator" xlink:href="../core/gri_srs_core_2025-06-23.xsd#gri_ExplanationForReasonForOmissionRelatedToTotalNumberOfEmployeesThatTookParentalLeaveTextBlock" xlink:label="loc_gri_ExplanationForReasonForOmissionRelatedToTotalNumberOfEmployeesThatTookParentalLeaveTextBlock" />
    <link:definitionArc xlink:type="arc" xlink:arcrole="http://xbrl.org/int/dim/arcrole/domain-member" xlink:from="loc_gri_TotalNumberOfEmployeesThatTookParentalLeave" xlink:to="loc_gri_ExplanationForReasonForOmissionRelatedToTotalNumberOfEmployeesThatTookParentalLeaveTextBlock" order="2.0" use="optional" />
    <link:loc xlink:type="locator" xlink:href="../core/gri_srs_core_2025-06-23.xsd#gri_TotalNumberOfEmployeesThatReturnedToWorkInReportingPeriodAfterParentalLeaveEnded" xlink:label="loc_gri_TotalNumberOfEmployeesThatReturnedToWorkInReportingPeriodAfterParentalLeaveEnded" />
    <link:definitionArc xlink:type="arc" xlink:arcrole="http://xbrl.org/int/dim/arcrole/domain-member" xlink:from="loc_gri_ParentalLeaveLineItems" xlink:to="loc_gri_TotalNumberOfEmployeesThatReturnedToWorkInReportingPeriodAfterParentalLeaveEnded" order="3.0" use="optional" />
    <link:loc xlink:type="locator" xlink:href="../core/gri_srs_core_2025-06-23.xsd#gri_ReasonForOmissionRelatedToTotalNumberOfEmployeesThatReturnedToWorkInReportingPeriodAfterParentalLeaveEnded" xlink:label="loc_gri_ReasonForOmissionRelatedToTotalNumberOfEmployeesThatReturnedToWorkInReportingPeriodAfterParentalLeaveEnded" />
    <link:definitionArc xlink:type="arc" xlink:arcrole="http://xbrl.org/int/dim/arcrole/domain-member" xlink:from="loc_gri_TotalNumberOfEmployeesThatReturnedToWorkInReportingPeriodAfterParentalLeaveEnded" xlink:to="loc_gri_ReasonForOmissionRelatedToTotalNumberOfEmployeesThatReturnedToWorkInReportingPeriodAfterParentalLeaveEnded" order="1.0" use="optional" />
    <link:loc xlink:type="locator" xlink:href="../core/gri_srs_core_2025-06-23.xsd#gri_ExplanationForReasonForOmissionRelatedToTotalNumberOfEmployeesThatReturnedToWorkInReportingPeriodAfterParentalLeaveEndedTextBlock" xlink:label="loc_gri_ExplanationForReasonForOmissionRelatedToTotalNumberOfEmployeesThatReturnedToWorkInReportingPeriodAfterParentalLeaveEndedTextBlock" />
    <link:definitionArc xlink:type="arc" xlink:arcrole="http://xbrl.org/int/dim/arcrole/domain-member" xlink:from="loc_gri_TotalNumberOfEmployeesThatReturnedToWorkInReportingPeriodAfterParentalLeaveEnded" xlink:to="loc_gri_ExplanationForReasonForOmissionRelatedToTotalNumberOfEmployeesThatReturnedToWorkInReportingPeriodAfterParentalLeaveEndedTextBlock" order="2.0" use="optional" />
    <link:loc xlink:type="locator" xlink:href="../core/gri_srs_core_2025-06-23.xsd#gri_TotalNumberOfEmployeesThatReturnedToWorkAfterParentalLeaveEndedThatWereStillEmployed12MonthsAfterTheirReturnToWork" xlink:label="loc_gri_TotalNumberOfEmployeesThatReturnedToWorkAfterParentalLeaveEndedThatWereStillEmployed12MonthsAfterTheirReturnToWork" />
    <link:definitionArc xlink:type="arc" xlink:arcrole="http://xbrl.org/int/dim/arcrole/domain-member" xlink:from="loc_gri_ParentalLeaveLineItems" xlink:to="loc_gri_TotalNumberOfEmployeesThatReturnedToWorkAfterParentalLeaveEndedThatWereStillEmployed12MonthsAfterTheirReturnToWork" order="4.0" use="optional" />
    <link:loc xlink:type="locator" xlink:href="../core/gri_srs_core_2025-06-23.xsd#gri_ReasonForOmissionRelatedToTotalNumberOfEmployeesThatReturnedToWorkAfterParentalLeaveEndedThatWereStillEmployed12MonthsAfterTheirReturnToWork" xlink:label="loc_gri_ReasonForOmissionRelatedToTotalNumberOfEmployeesThatReturnedToWorkAfterParentalLeaveEndedThatWereStillEmployed12MonthsAfterTheirReturnToWork" />
    <link:definitionArc xlink:type="arc" xlink:arcrole="http://xbrl.org/int/dim/arcrole/domain-member" xlink:from="loc_gri_TotalNumberOfEmployeesThatReturnedToWorkAfterParentalLeaveEndedThatWereStillEmployed12MonthsAfterTheirReturnToWork" xlink:to="loc_gri_ReasonForOmissionRelatedToTotalNumberOfEmployeesThatReturnedToWorkAfterParentalLeaveEndedThatWereStillEmployed12MonthsAfterTheirReturnToWork" order="1.0" use="optional" />
    <link:loc xlink:type="locator" xlink:href="../core/gri_srs_core_2025-06-23.xsd#gri_ExplanationForReasonForOmissionRelatedToTotalNumberOfEmployeesThatReturnedToWorkAfterParentalLeaveEndedThatWereStillEmployed12MonthsAfterTheirReturnToWorkTextBlock" xlink:label="loc_gri_ExplanationForReasonForOmissionRelatedToTotalNumberOfEmployeesThatReturnedToWorkAfterParentalLeaveEndedThatWereStillEmployed12MonthsAfterTheirReturnToWorkTextBlock" />
    <link:definitionArc xlink:type="arc" xlink:arcrole="http://xbrl.org/int/dim/arcrole/domain-member" xlink:from="loc_gri_TotalNumberOfEmployeesThatReturnedToWorkAfterParentalLeaveEndedThatWereStillEmployed12MonthsAfterTheirReturnToWork" xlink:to="loc_gri_ExplanationForReasonForOmissionRelatedToTotalNumberOfEmployeesThatReturnedToWorkAfterParentalLeaveEndedThatWereStillEmployed12MonthsAfterTheirReturnToWorkTextBlock" order="2.0" use="optional" />
    <link:loc xlink:type="locator" xlink:href="../core/gri_srs_core_2025-06-23.xsd#gri_ReturnToWorkRateOfEmployeesThatTookParentalLeave" xlink:label="loc_gri_ReturnToWorkRateOfEmployeesThatTookParentalLeave" />
    <link:definitionArc xlink:type="arc" xlink:arcrole="http://xbrl.org/int/dim/arcrole/domain-member" xlink:from="loc_gri_ParentalLeaveLineItems" xlink:to="loc_gri_ReturnToWorkRateOfEmployeesThatTookParentalLeave" order="5.0" use="optional" />
    <link:loc xlink:type="locator" xlink:href="../core/gri_srs_core_2025-06-23.xsd#gri_ReasonForOmissionRelatedToReturnToWorkRateOfEmployeesThatTookParentalLeave" xlink:label="loc_gri_ReasonForOmissionRelatedToReturnToWorkRateOfEmployeesThatTookParentalLeave" />
    <link:definitionArc xlink:type="arc" xlink:arcrole="http://xbrl.org/int/dim/arcrole/domain-member" xlink:from="loc_gri_ReturnToWorkRateOfEmployeesThatTookParentalLeave" xlink:to="loc_gri_ReasonForOmissionRelatedToReturnToWorkRateOfEmployeesThatTookParentalLeave" order="1.0" use="optional" />
    <link:loc xlink:type="locator" xlink:href="../core/gri_srs_core_2025-06-23.xsd#gri_ExplanationForReasonForOmissionRelatedToReturnToWorkRateOfEmployeesThatTookParentalLeaveTextBlock" xlink:label="loc_gri_ExplanationForReasonForOmissionRelatedToReturnToWorkRateOfEmployeesThatTookParentalLeaveTextBlock" />
    <link:definitionArc xlink:type="arc" xlink:arcrole="http://xbrl.org/int/dim/arcrole/domain-member" xlink:from="loc_gri_ReturnToWorkRateOfEmployeesThatTookParentalLeave" xlink:to="loc_gri_ExplanationForReasonForOmissionRelatedToReturnToWorkRateOfEmployeesThatTookParentalLeaveTextBlock" order="2.0" use="optional" />
    <link:loc xlink:type="locator" xlink:href="../core/gri_srs_core_2025-06-23.xsd#gri_RetentionRateOfEmployeesThatTookParentalLeave" xlink:label="loc_gri_RetentionRateOfEmployeesThatTookParentalLeave" />
    <link:definitionArc xlink:type="arc" xlink:arcrole="http://xbrl.org/int/dim/arcrole/domain-member" xlink:from="loc_gri_ParentalLeaveLineItems" xlink:to="loc_gri_RetentionRateOfEmployeesThatTookParentalLeave" order="6.0" use="optional" />
    <link:loc xlink:type="locator" xlink:href="../core/gri_srs_core_2025-06-23.xsd#gri_ReasonForOmissionRelatedToRetentionRateOfEmployeesThatTookParentalLeave" xlink:label="loc_gri_ReasonForOmissionRelatedToRetentionRateOfEmployeesThatTookParentalLeave" />
    <link:definitionArc xlink:type="arc" xlink:arcrole="http://xbrl.org/int/dim/arcrole/domain-member" xlink:from="loc_gri_RetentionRateOfEmployeesThatTookParentalLeave" xlink:to="loc_gri_ReasonForOmissionRelatedToRetentionRateOfEmployeesThatTookParentalLeave" order="1.0" use="optional" />
    <link:loc xlink:type="locator" xlink:href="../core/gri_srs_core_2025-06-23.xsd#gri_ExplanationForReasonForOmissionRelatedToRetentionRateOfEmployeesThatTookParentalLeaveTextBlock" xlink:label="loc_gri_ExplanationForReasonForOmissionRelatedToRetentionRateOfEmployeesThatTookParentalLeaveTextBlock" />
    <link:definitionArc xlink:type="arc" xlink:arcrole="http://xbrl.org/int/dim/arcrole/domain-member" xlink:from="loc_gri_RetentionRateOfEmployeesThatTookParentalLeave" xlink:to="loc_gri_ExplanationForReasonForOmissionRelatedToRetentionRateOfEmployeesThatTookParentalLeaveTextBlock" order="2.0" use="optional" />
  </link:definitionLink>
</link:linkbase>