﻿<?xml version="1.0" encoding="utf-8"?>
<!-- Generated by GRI Taxonomy Editor-->
<link:linkbase xsi:schemaLocation="http://www.xbrl.org/2003/linkbase http://www.xbrl.org/2003/xbrl-linkbase-2003-12-31.xsd http://xbrl.org/2005/xbrldt http://www.xbrl.org/2005/xbrldt-2005.xsd http://www.xbrl.org/2003/instance http://www.xbrl.org/2003/xbrl-instance-2003-12-31.xsd http://www.w3.org/1999/xlink http://www.xbrl.org/2003/xlink-2003-12-31.xsd " xmlns:link="http://www.xbrl.org/2003/linkbase" xmlns:xbrldt="http://xbrl.org/2005/xbrldt" xmlns:xbrli="http://www.xbrl.org/2003/instance" xmlns:xlink="http://www.w3.org/1999/xlink" xmlns:xsi="http://www.w3.org/2001/XMLSchema-instance">
  <!-- Role Ref -->
  <link:roleRef roleURI="https://taxonomy.globalreporting.org/gri-sustainability-taxonomy/gri_srs/gri_srs_role/role_gri_304_1" xlink:type="simple" xlink:href="role_gri_srs_2025-06-23.xsd#role_gri_304_1" />
  <link:roleRef roleURI="https://taxonomy.globalreporting.org/gri-sustainability-taxonomy/gri_srs/gri_srs_role/role_gri_304_1_D" xlink:type="simple" xlink:href="role_gri_srs_2025-06-23.xsd#role_gri_304_1_D" />
  <link:roleRef roleURI="https://taxonomy.globalreporting.org/gri-sustainability-taxonomy/gri_srs/gri_srs_role/role_gri_304_4" xlink:type="simple" xlink:href="role_gri_srs_2025-06-23.xsd#role_gri_304_4" />
  <!-- ArcRole Ref -->
  <link:arcroleRef arcroleURI="http://xbrl.org/int/dim/arcrole/all" xlink:type="simple" xlink:href="http://www.xbrl.org/2005/xbrldt-2005.xsd#all" />
  <link:arcroleRef arcroleURI="http://xbrl.org/int/dim/arcrole/dimension-domain" xlink:type="simple" xlink:href="http://www.xbrl.org/2005/xbrldt-2005.xsd#dimension-domain" />
  <link:arcroleRef arcroleURI="http://xbrl.org/int/dim/arcrole/domain-member" xlink:type="simple" xlink:href="http://www.xbrl.org/2005/xbrldt-2005.xsd#domain-member" />
  <link:arcroleRef arcroleURI="http://xbrl.org/int/dim/arcrole/hypercube-dimension" xlink:type="simple" xlink:href="http://www.xbrl.org/2005/xbrldt-2005.xsd#hypercube-dimension" />
  <link:definitionLink xlink:type="extended" xlink:role="https://taxonomy.globalreporting.org/gri-sustainability-taxonomy/gri_srs/gri_srs_role/role_gri_304_1">
    <link:loc xlink:type="locator" xlink:href="../core/gri_srs_core_2025-06-23.xsd#gri_DisclosureOfOperationalSitesOwnedLeasedManagedInOrAdjacentToProtectedAreasAndAreasOfHighBiodiversityValueOutsideProtectedAreasAbstract" xlink:label="loc_gri_DisclosureOfOperationalSitesOwnedLeasedManagedInOrAdjacentToProtectedAreasAndAreasOfHighBiodiversityValueOutsideProtectedAreasAbstract" />
    <link:loc xlink:type="locator" xlink:href="../core/gri_srs_core_2025-06-23.xsd#gri_OperationalSitesOwnedLeasedManagedInOrAdjacentToProtectedAreasAndAreasOfHighBiodiversityValueOutsideProtectedAreasTable" xlink:label="loc_gri_OperationalSitesOwnedLeasedManagedInOrAdjacentToProtectedAreasAndAreasOfHighBiodiversityValueOutsideProtectedAreasTable" />
    <link:definitionArc xlink:type="arc" xlink:arcrole="http://xbrl.org/int/dim/arcrole/all" xlink:from="loc_gri_DisclosureOfOperationalSitesOwnedLeasedManagedInOrAdjacentToProtectedAreasAndAreasOfHighBiodiversityValueOutsideProtectedAreasAbstract" xlink:to="loc_gri_OperationalSitesOwnedLeasedManagedInOrAdjacentToProtectedAreasAndAreasOfHighBiodiversityValueOutsideProtectedAreasTable" order="1.0" xbrldt:contextElement="scenario" xbrldt:closed="false" use="optional" />
    <link:loc xlink:type="locator" xlink:href="../core/gri_srs_core_2025-06-23.xsd#gri_OperationalSiteOwnedLeasedManagedInOrAdjacentToProtectedAreasAndAreasOfHighBiodiversityValueOutsideProtectedAreasAxis" xlink:label="loc_gri_OperationalSiteOwnedLeasedManagedInOrAdjacentToProtectedAreasAndAreasOfHighBiodiversityValueOutsideProtectedAreasAxis" />
    <link:definitionArc xlink:type="arc" xlink:arcrole="http://xbrl.org/int/dim/arcrole/hypercube-dimension" xlink:from="loc_gri_OperationalSitesOwnedLeasedManagedInOrAdjacentToProtectedAreasAndAreasOfHighBiodiversityValueOutsideProtectedAreasTable" xlink:to="loc_gri_OperationalSiteOwnedLeasedManagedInOrAdjacentToProtectedAreasAndAreasOfHighBiodiversityValueOutsideProtectedAreasAxis" order="1.0" use="optional" />
    <link:loc xlink:type="locator" xlink:href="../core/gri_srs_core_2025-06-23.xsd#gri_OperationalSitesOwnedLeasedManagedInOrAdjacentToProtectedAreasAndAreasOfHighBiodiversityValueOutsideProtectedAreasLineItems" xlink:label="loc_gri_OperationalSitesOwnedLeasedManagedInOrAdjacentToProtectedAreasAndAreasOfHighBiodiversityValueOutsideProtectedAreasLineItems" />
    <link:definitionArc xlink:type="arc" xlink:arcrole="http://xbrl.org/int/dim/arcrole/domain-member" xlink:from="loc_gri_DisclosureOfOperationalSitesOwnedLeasedManagedInOrAdjacentToProtectedAreasAndAreasOfHighBiodiversityValueOutsideProtectedAreasAbstract" xlink:to="loc_gri_OperationalSitesOwnedLeasedManagedInOrAdjacentToProtectedAreasAndAreasOfHighBiodiversityValueOutsideProtectedAreasLineItems" order="2.0" use="optional" />
    <link:loc xlink:type="locator" xlink:href="../core/gri_srs_core_2025-06-23.xsd#gri_GeographicLocation" xlink:label="loc_gri_GeographicLocation" />
    <link:definitionArc xlink:type="arc" xlink:arcrole="http://xbrl.org/int/dim/arcrole/domain-member" xlink:from="loc_gri_OperationalSitesOwnedLeasedManagedInOrAdjacentToProtectedAreasAndAreasOfHighBiodiversityValueOutsideProtectedAreasLineItems" xlink:to="loc_gri_GeographicLocation" order="1.0" use="optional" />
    <link:loc xlink:type="locator" xlink:href="../core/gri_srs_core_2025-06-23.xsd#gri_ReasonForOmissionRelatedToGeographicLocation" xlink:label="loc_gri_ReasonForOmissionRelatedToGeographicLocation" />
    <link:definitionArc xlink:type="arc" xlink:arcrole="http://xbrl.org/int/dim/arcrole/domain-member" xlink:from="loc_gri_GeographicLocation" xlink:to="loc_gri_ReasonForOmissionRelatedToGeographicLocation" order="1.0" use="optional" />
    <link:loc xlink:type="locator" xlink:href="../core/gri_srs_core_2025-06-23.xsd#gri_ExplanationForReasonForOmissionRelatedToGeographicLocationTextBlock" xlink:label="loc_gri_ExplanationForReasonForOmissionRelatedToGeographicLocationTextBlock" />
    <link:definitionArc xlink:type="arc" xlink:arcrole="http://xbrl.org/int/dim/arcrole/domain-member" xlink:from="loc_gri_GeographicLocation" xlink:to="loc_gri_ExplanationForReasonForOmissionRelatedToGeographicLocationTextBlock" order="2.0" use="optional" />
    <link:loc xlink:type="locator" xlink:href="../core/gri_srs_core_2025-06-23.xsd#gri_DescriptionOfSubsurfaceAndUndergroundLandThatMayBeOwnedLeasedOrManagedTextBlock" xlink:label="loc_gri_DescriptionOfSubsurfaceAndUndergroundLandThatMayBeOwnedLeasedOrManagedTextBlock" />
    <link:definitionArc xlink:type="arc" xlink:arcrole="http://xbrl.org/int/dim/arcrole/domain-member" xlink:from="loc_gri_OperationalSitesOwnedLeasedManagedInOrAdjacentToProtectedAreasAndAreasOfHighBiodiversityValueOutsideProtectedAreasLineItems" xlink:to="loc_gri_DescriptionOfSubsurfaceAndUndergroundLandThatMayBeOwnedLeasedOrManagedTextBlock" order="2.0" use="optional" />
    <link:loc xlink:type="locator" xlink:href="../core/gri_srs_core_2025-06-23.xsd#gri_ReasonForOmissionRelatedToDescriptionOfSubsurfaceAndUndergroundLandThatMayBeOwnedLeasedOrManaged" xlink:label="loc_gri_ReasonForOmissionRelatedToDescriptionOfSubsurfaceAndUndergroundLandThatMayBeOwnedLeasedOrManaged" />
    <link:definitionArc xlink:type="arc" xlink:arcrole="http://xbrl.org/int/dim/arcrole/domain-member" xlink:from="loc_gri_DescriptionOfSubsurfaceAndUndergroundLandThatMayBeOwnedLeasedOrManagedTextBlock" xlink:to="loc_gri_ReasonForOmissionRelatedToDescriptionOfSubsurfaceAndUndergroundLandThatMayBeOwnedLeasedOrManaged" order="1.0" use="optional" />
    <link:loc xlink:type="locator" xlink:href="../core/gri_srs_core_2025-06-23.xsd#gri_ExplanationForReasonForOmissionRelatedToDescriptionOfSubsurfaceAndUndergroundLandThatMayBeOwnedLeasedOrManagedTextBlock" xlink:label="loc_gri_ExplanationForReasonForOmissionRelatedToDescriptionOfSubsurfaceAndUndergroundLandThatMayBeOwnedLeasedOrManagedTextBlock" />
    <link:definitionArc xlink:type="arc" xlink:arcrole="http://xbrl.org/int/dim/arcrole/domain-member" xlink:from="loc_gri_DescriptionOfSubsurfaceAndUndergroundLandThatMayBeOwnedLeasedOrManagedTextBlock" xlink:to="loc_gri_ExplanationForReasonForOmissionRelatedToDescriptionOfSubsurfaceAndUndergroundLandThatMayBeOwnedLeasedOrManagedTextBlock" order="2.0" use="optional" />
    <link:loc xlink:type="locator" xlink:href="../core/gri_srs_core_2025-06-23.xsd#gri_PositionInRelationToProtectedAreaOrHighBiodiversityValueAreaOutsideProtectedAreasSite" xlink:label="loc_gri_PositionInRelationToProtectedAreaOrHighBiodiversityValueAreaOutsideProtectedAreasSite" />
    <link:definitionArc xlink:type="arc" xlink:arcrole="http://xbrl.org/int/dim/arcrole/domain-member" xlink:from="loc_gri_OperationalSitesOwnedLeasedManagedInOrAdjacentToProtectedAreasAndAreasOfHighBiodiversityValueOutsideProtectedAreasLineItems" xlink:to="loc_gri_PositionInRelationToProtectedAreaOrHighBiodiversityValueAreaOutsideProtectedAreasSite" order="3.0" use="optional" />
    <link:loc xlink:type="locator" xlink:href="../core/gri_srs_core_2025-06-23.xsd#gri_ReasonForOmissionRelatedToPositionInRelationToProtectedAreaOrHighBiodiversityValueAreaOutsideProtectedAreasSite" xlink:label="loc_gri_ReasonForOmissionRelatedToPositionInRelationToProtectedAreaOrHighBiodiversityValueAreaOutsideProtectedAreasSite" />
    <link:definitionArc xlink:type="arc" xlink:arcrole="http://xbrl.org/int/dim/arcrole/domain-member" xlink:from="loc_gri_PositionInRelationToProtectedAreaOrHighBiodiversityValueAreaOutsideProtectedAreasSite" xlink:to="loc_gri_ReasonForOmissionRelatedToPositionInRelationToProtectedAreaOrHighBiodiversityValueAreaOutsideProtectedAreasSite" order="1.0" use="optional" />
    <link:loc xlink:type="locator" xlink:href="../core/gri_srs_core_2025-06-23.xsd#gri_ExplanationForReasonForOmissionRelatedToPositionInRelationToProtectedAreaOrHighBiodiversityValueAreaOutsideProtectedAreasSiteTextBlock" xlink:label="loc_gri_ExplanationForReasonForOmissionRelatedToPositionInRelationToProtectedAreaOrHighBiodiversityValueAreaOutsideProtectedAreasSiteTextBlock" />
    <link:definitionArc xlink:type="arc" xlink:arcrole="http://xbrl.org/int/dim/arcrole/domain-member" xlink:from="loc_gri_PositionInRelationToProtectedAreaOrHighBiodiversityValueAreaOutsideProtectedAreasSite" xlink:to="loc_gri_ExplanationForReasonForOmissionRelatedToPositionInRelationToProtectedAreaOrHighBiodiversityValueAreaOutsideProtectedAreasSiteTextBlock" order="2.0" use="optional" />
    <link:loc xlink:type="locator" xlink:href="../core/gri_srs_core_2025-06-23.xsd#gri_TypeOfOperation" xlink:label="loc_gri_TypeOfOperation" />
    <link:definitionArc xlink:type="arc" xlink:arcrole="http://xbrl.org/int/dim/arcrole/domain-member" xlink:from="loc_gri_OperationalSitesOwnedLeasedManagedInOrAdjacentToProtectedAreasAndAreasOfHighBiodiversityValueOutsideProtectedAreasLineItems" xlink:to="loc_gri_TypeOfOperation" order="4.0" use="optional" />
    <link:loc xlink:type="locator" xlink:href="../core/gri_srs_core_2025-06-23.xsd#gri_ReasonForOmissionRelatedToTypeOfOperation" xlink:label="loc_gri_ReasonForOmissionRelatedToTypeOfOperation" />
    <link:definitionArc xlink:type="arc" xlink:arcrole="http://xbrl.org/int/dim/arcrole/domain-member" xlink:from="loc_gri_TypeOfOperation" xlink:to="loc_gri_ReasonForOmissionRelatedToTypeOfOperation" order="1.0" use="optional" />
    <link:loc xlink:type="locator" xlink:href="../core/gri_srs_core_2025-06-23.xsd#gri_ExplanationForReasonForOmissionRelatedToTypeOfOperationTextBlock" xlink:label="loc_gri_ExplanationForReasonForOmissionRelatedToTypeOfOperationTextBlock" />
    <link:definitionArc xlink:type="arc" xlink:arcrole="http://xbrl.org/int/dim/arcrole/domain-member" xlink:from="loc_gri_TypeOfOperation" xlink:to="loc_gri_ExplanationForReasonForOmissionRelatedToTypeOfOperationTextBlock" order="2.0" use="optional" />
    <link:loc xlink:type="locator" xlink:href="../core/gri_srs_core_2025-06-23.xsd#gri_SizeOfOperationalSite" xlink:label="loc_gri_SizeOfOperationalSite" />
    <link:definitionArc xlink:type="arc" xlink:arcrole="http://xbrl.org/int/dim/arcrole/domain-member" xlink:from="loc_gri_OperationalSitesOwnedLeasedManagedInOrAdjacentToProtectedAreasAndAreasOfHighBiodiversityValueOutsideProtectedAreasLineItems" xlink:to="loc_gri_SizeOfOperationalSite" order="5.0" use="optional" />
    <link:loc xlink:type="locator" xlink:href="../core/gri_srs_core_2025-06-23.xsd#gri_ReasonForOmissionRelatedToSizeOfOperationalSite" xlink:label="loc_gri_ReasonForOmissionRelatedToSizeOfOperationalSite" />
    <link:definitionArc xlink:type="arc" xlink:arcrole="http://xbrl.org/int/dim/arcrole/domain-member" xlink:from="loc_gri_SizeOfOperationalSite" xlink:to="loc_gri_ReasonForOmissionRelatedToSizeOfOperationalSite" order="1.0" use="optional" />
    <link:loc xlink:type="locator" xlink:href="../core/gri_srs_core_2025-06-23.xsd#gri_ExplanationForReasonForOmissionRelatedToSizeOfOperationalSiteTextBlock" xlink:label="loc_gri_ExplanationForReasonForOmissionRelatedToSizeOfOperationalSiteTextBlock" />
    <link:definitionArc xlink:type="arc" xlink:arcrole="http://xbrl.org/int/dim/arcrole/domain-member" xlink:from="loc_gri_SizeOfOperationalSite" xlink:to="loc_gri_ExplanationForReasonForOmissionRelatedToSizeOfOperationalSiteTextBlock" order="2.0" use="optional" />
    <link:loc xlink:type="locator" xlink:href="../core/gri_srs_core_2025-06-23.xsd#gri_BiodiversityValueCharacterizedByAttributeOfProtectedAreaOrAreaOfHighBiodiversityValueOutsideProtectedArea" xlink:label="loc_gri_BiodiversityValueCharacterizedByAttributeOfProtectedAreaOrAreaOfHighBiodiversityValueOutsideProtectedArea" />
    <link:definitionArc xlink:type="arc" xlink:arcrole="http://xbrl.org/int/dim/arcrole/domain-member" xlink:from="loc_gri_OperationalSitesOwnedLeasedManagedInOrAdjacentToProtectedAreasAndAreasOfHighBiodiversityValueOutsideProtectedAreasLineItems" xlink:to="loc_gri_BiodiversityValueCharacterizedByAttributeOfProtectedAreaOrAreaOfHighBiodiversityValueOutsideProtectedArea" order="6.0" use="optional" />
    <link:loc xlink:type="locator" xlink:href="../core/gri_srs_core_2025-06-23.xsd#gri_ReasonForOmissionRelatedToBiodiversityValueCharacterizedByAttributeOfProtectedAreaOrAreaOfHighBiodiversityValueOutsideProtectedArea" xlink:label="loc_gri_ReasonForOmissionRelatedToBiodiversityValueCharacterizedByAttributeOfProtectedAreaOrAreaOfHighBiodiversityValueOutsideProtectedArea" />
    <link:definitionArc xlink:type="arc" xlink:arcrole="http://xbrl.org/int/dim/arcrole/domain-member" xlink:from="loc_gri_BiodiversityValueCharacterizedByAttributeOfProtectedAreaOrAreaOfHighBiodiversityValueOutsideProtectedArea" xlink:to="loc_gri_ReasonForOmissionRelatedToBiodiversityValueCharacterizedByAttributeOfProtectedAreaOrAreaOfHighBiodiversityValueOutsideProtectedArea" order="1.0" use="optional" />
    <link:loc xlink:type="locator" xlink:href="../core/gri_srs_core_2025-06-23.xsd#gri_ExplanationForReasonForOmissionRelatedToBiodiversityValueCharacterizedByAttributeOfProtectedAreaOrAreaOfHighBiodiversityValueOutsideProtectedAreaTextBlock" xlink:label="loc_gri_ExplanationForReasonForOmissionRelatedToBiodiversityValueCharacterizedByAttributeOfProtectedAreaOrAreaOfHighBiodiversityValueOutsideProtectedAreaTextBlock" />
    <link:definitionArc xlink:type="arc" xlink:arcrole="http://xbrl.org/int/dim/arcrole/domain-member" xlink:from="loc_gri_BiodiversityValueCharacterizedByAttributeOfProtectedAreaOrAreaOfHighBiodiversityValueOutsideProtectedArea" xlink:to="loc_gri_ExplanationForReasonForOmissionRelatedToBiodiversityValueCharacterizedByAttributeOfProtectedAreaOrAreaOfHighBiodiversityValueOutsideProtectedAreaTextBlock" order="2.0" use="optional" />
    <link:loc xlink:type="locator" xlink:href="../core/gri_srs_core_2025-06-23.xsd#gri_DescriptionOfBiodiversityValueCharacterizedByListingOfProtectedStatusTextBlock" xlink:label="loc_gri_DescriptionOfBiodiversityValueCharacterizedByListingOfProtectedStatusTextBlock" />
    <link:definitionArc xlink:type="arc" xlink:arcrole="http://xbrl.org/int/dim/arcrole/domain-member" xlink:from="loc_gri_OperationalSitesOwnedLeasedManagedInOrAdjacentToProtectedAreasAndAreasOfHighBiodiversityValueOutsideProtectedAreasLineItems" xlink:to="loc_gri_DescriptionOfBiodiversityValueCharacterizedByListingOfProtectedStatusTextBlock" order="7.0" use="optional" />
    <link:loc xlink:type="locator" xlink:href="../core/gri_srs_core_2025-06-23.xsd#gri_ReasonForOmissionRelatedToDescriptionOfBiodiversityValueCharacterizedByListingOfProtectedStatus" xlink:label="loc_gri_ReasonForOmissionRelatedToDescriptionOfBiodiversityValueCharacterizedByListingOfProtectedStatus" />
    <link:definitionArc xlink:type="arc" xlink:arcrole="http://xbrl.org/int/dim/arcrole/domain-member" xlink:from="loc_gri_DescriptionOfBiodiversityValueCharacterizedByListingOfProtectedStatusTextBlock" xlink:to="loc_gri_ReasonForOmissionRelatedToDescriptionOfBiodiversityValueCharacterizedByListingOfProtectedStatus" order="1.0" use="optional" />
    <link:loc xlink:type="locator" xlink:href="../core/gri_srs_core_2025-06-23.xsd#gri_ExplanationForReasonForOmissionRelatedToDescriptionOfBiodiversityValueCharacterizedByListingOfProtectedStatusTextBlock" xlink:label="loc_gri_ExplanationForReasonForOmissionRelatedToDescriptionOfBiodiversityValueCharacterizedByListingOfProtectedStatusTextBlock" />
    <link:definitionArc xlink:type="arc" xlink:arcrole="http://xbrl.org/int/dim/arcrole/domain-member" xlink:from="loc_gri_DescriptionOfBiodiversityValueCharacterizedByListingOfProtectedStatusTextBlock" xlink:to="loc_gri_ExplanationForReasonForOmissionRelatedToDescriptionOfBiodiversityValueCharacterizedByListingOfProtectedStatusTextBlock" order="2.0" use="optional" />
  </link:definitionLink>
  <link:definitionLink xlink:type="extended" xlink:role="https://taxonomy.globalreporting.org/gri-sustainability-taxonomy/gri_srs/gri_srs_role/role_gri_304_1_D">
    <link:loc xlink:type="locator" xlink:href="../core/gri_srs_core_2025-06-23.xsd#gri_DisclosureOfOperationalSitesOwnedLeasedManagedInOrAdjacentToProtectedAreasAndAreasOfHighBiodiversityValueOutsideProtectedAreasAbstract" xlink:label="loc_gri_DisclosureOfOperationalSitesOwnedLeasedManagedInOrAdjacentToProtectedAreasAndAreasOfHighBiodiversityValueOutsideProtectedAreasAbstract" />
    <link:loc xlink:type="locator" xlink:href="../core/gri_srs_core_2025-06-23.xsd#gri_OperationalSitesOwnedLeasedManagedInOrAdjacentToProtectedAreasAndAreasOfHighBiodiversityValueOutsideProtectedAreasTable" xlink:label="loc_gri_OperationalSitesOwnedLeasedManagedInOrAdjacentToProtectedAreasAndAreasOfHighBiodiversityValueOutsideProtectedAreasTable" />
    <link:definitionArc xlink:type="arc" xlink:arcrole="http://xbrl.org/int/dim/arcrole/all" xlink:from="loc_gri_DisclosureOfOperationalSitesOwnedLeasedManagedInOrAdjacentToProtectedAreasAndAreasOfHighBiodiversityValueOutsideProtectedAreasAbstract" xlink:to="loc_gri_OperationalSitesOwnedLeasedManagedInOrAdjacentToProtectedAreasAndAreasOfHighBiodiversityValueOutsideProtectedAreasTable" order="1.0" xbrldt:contextElement="scenario" xbrldt:closed="false" use="optional" />
    <link:loc xlink:type="locator" xlink:href="../core/gri_srs_core_2025-06-23.xsd#gri_OperationalSitesOwnedLeasedManagedInOrAdjacentToProtectedAreasAndAreasOfHighBiodiversityValueOutsideProtectedAreasLineItems" xlink:label="loc_gri_OperationalSitesOwnedLeasedManagedInOrAdjacentToProtectedAreasAndAreasOfHighBiodiversityValueOutsideProtectedAreasLineItems" />
    <link:loc xlink:type="locator" xlink:href="../core/gri_srs_core_2025-06-23.xsd#gri_GeographicLocation" xlink:label="loc_gri_GeographicLocation" />
    <link:definitionArc xlink:type="arc" xlink:arcrole="http://xbrl.org/int/dim/arcrole/domain-member" xlink:from="loc_gri_OperationalSitesOwnedLeasedManagedInOrAdjacentToProtectedAreasAndAreasOfHighBiodiversityValueOutsideProtectedAreasLineItems" xlink:to="loc_gri_GeographicLocation" order="1.0" use="optional" />
    <link:loc xlink:type="locator" xlink:href="../core/gri_srs_core_2025-06-23.xsd#gri_ReasonForOmissionRelatedToGeographicLocation" xlink:label="loc_gri_ReasonForOmissionRelatedToGeographicLocation" />
    <link:definitionArc xlink:type="arc" xlink:arcrole="http://xbrl.org/int/dim/arcrole/domain-member" xlink:from="loc_gri_GeographicLocation" xlink:to="loc_gri_ReasonForOmissionRelatedToGeographicLocation" order="1.0" use="optional" />
    <link:loc xlink:type="locator" xlink:href="../core/gri_srs_core_2025-06-23.xsd#gri_ExplanationForReasonForOmissionRelatedToGeographicLocationTextBlock" xlink:label="loc_gri_ExplanationForReasonForOmissionRelatedToGeographicLocationTextBlock" />
    <link:definitionArc xlink:type="arc" xlink:arcrole="http://xbrl.org/int/dim/arcrole/domain-member" xlink:from="loc_gri_GeographicLocation" xlink:to="loc_gri_ExplanationForReasonForOmissionRelatedToGeographicLocationTextBlock" order="2.0" use="optional" />
    <link:loc xlink:type="locator" xlink:href="../core/gri_srs_core_2025-06-23.xsd#gri_DescriptionOfSubsurfaceAndUndergroundLandThatMayBeOwnedLeasedOrManagedTextBlock" xlink:label="loc_gri_DescriptionOfSubsurfaceAndUndergroundLandThatMayBeOwnedLeasedOrManagedTextBlock" />
    <link:definitionArc xlink:type="arc" xlink:arcrole="http://xbrl.org/int/dim/arcrole/domain-member" xlink:from="loc_gri_OperationalSitesOwnedLeasedManagedInOrAdjacentToProtectedAreasAndAreasOfHighBiodiversityValueOutsideProtectedAreasLineItems" xlink:to="loc_gri_DescriptionOfSubsurfaceAndUndergroundLandThatMayBeOwnedLeasedOrManagedTextBlock" order="2.0" use="optional" />
    <link:loc xlink:type="locator" xlink:href="../core/gri_srs_core_2025-06-23.xsd#gri_ReasonForOmissionRelatedToDescriptionOfSubsurfaceAndUndergroundLandThatMayBeOwnedLeasedOrManaged" xlink:label="loc_gri_ReasonForOmissionRelatedToDescriptionOfSubsurfaceAndUndergroundLandThatMayBeOwnedLeasedOrManaged" />
    <link:definitionArc xlink:type="arc" xlink:arcrole="http://xbrl.org/int/dim/arcrole/domain-member" xlink:from="loc_gri_DescriptionOfSubsurfaceAndUndergroundLandThatMayBeOwnedLeasedOrManagedTextBlock" xlink:to="loc_gri_ReasonForOmissionRelatedToDescriptionOfSubsurfaceAndUndergroundLandThatMayBeOwnedLeasedOrManaged" order="1.0" use="optional" />
    <link:loc xlink:type="locator" xlink:href="../core/gri_srs_core_2025-06-23.xsd#gri_ExplanationForReasonForOmissionRelatedToDescriptionOfSubsurfaceAndUndergroundLandThatMayBeOwnedLeasedOrManagedTextBlock" xlink:label="loc_gri_ExplanationForReasonForOmissionRelatedToDescriptionOfSubsurfaceAndUndergroundLandThatMayBeOwnedLeasedOrManagedTextBlock" />
    <link:definitionArc xlink:type="arc" xlink:arcrole="http://xbrl.org/int/dim/arcrole/domain-member" xlink:from="loc_gri_DescriptionOfSubsurfaceAndUndergroundLandThatMayBeOwnedLeasedOrManagedTextBlock" xlink:to="loc_gri_ExplanationForReasonForOmissionRelatedToDescriptionOfSubsurfaceAndUndergroundLandThatMayBeOwnedLeasedOrManagedTextBlock" order="2.0" use="optional" />
    <link:loc xlink:type="locator" xlink:href="../core/gri_srs_core_2025-06-23.xsd#gri_PositionInRelationToProtectedAreaOrHighBiodiversityValueAreaOutsideProtectedAreasSite" xlink:label="loc_gri_PositionInRelationToProtectedAreaOrHighBiodiversityValueAreaOutsideProtectedAreasSite" />
    <link:definitionArc xlink:type="arc" xlink:arcrole="http://xbrl.org/int/dim/arcrole/domain-member" xlink:from="loc_gri_OperationalSitesOwnedLeasedManagedInOrAdjacentToProtectedAreasAndAreasOfHighBiodiversityValueOutsideProtectedAreasLineItems" xlink:to="loc_gri_PositionInRelationToProtectedAreaOrHighBiodiversityValueAreaOutsideProtectedAreasSite" order="3.0" use="optional" />
    <link:loc xlink:type="locator" xlink:href="../core/gri_srs_core_2025-06-23.xsd#gri_ReasonForOmissionRelatedToPositionInRelationToProtectedAreaOrHighBiodiversityValueAreaOutsideProtectedAreasSite" xlink:label="loc_gri_ReasonForOmissionRelatedToPositionInRelationToProtectedAreaOrHighBiodiversityValueAreaOutsideProtectedAreasSite" />
    <link:definitionArc xlink:type="arc" xlink:arcrole="http://xbrl.org/int/dim/arcrole/domain-member" xlink:from="loc_gri_PositionInRelationToProtectedAreaOrHighBiodiversityValueAreaOutsideProtectedAreasSite" xlink:to="loc_gri_ReasonForOmissionRelatedToPositionInRelationToProtectedAreaOrHighBiodiversityValueAreaOutsideProtectedAreasSite" order="1.0" use="optional" />
    <link:loc xlink:type="locator" xlink:href="../core/gri_srs_core_2025-06-23.xsd#gri_ExplanationForReasonForOmissionRelatedToPositionInRelationToProtectedAreaOrHighBiodiversityValueAreaOutsideProtectedAreasSiteTextBlock" xlink:label="loc_gri_ExplanationForReasonForOmissionRelatedToPositionInRelationToProtectedAreaOrHighBiodiversityValueAreaOutsideProtectedAreasSiteTextBlock" />
    <link:definitionArc xlink:type="arc" xlink:arcrole="http://xbrl.org/int/dim/arcrole/domain-member" xlink:from="loc_gri_PositionInRelationToProtectedAreaOrHighBiodiversityValueAreaOutsideProtectedAreasSite" xlink:to="loc_gri_ExplanationForReasonForOmissionRelatedToPositionInRelationToProtectedAreaOrHighBiodiversityValueAreaOutsideProtectedAreasSiteTextBlock" order="2.0" use="optional" />
    <link:loc xlink:type="locator" xlink:href="../core/gri_srs_core_2025-06-23.xsd#gri_TypeOfOperation" xlink:label="loc_gri_TypeOfOperation" />
    <link:definitionArc xlink:type="arc" xlink:arcrole="http://xbrl.org/int/dim/arcrole/domain-member" xlink:from="loc_gri_OperationalSitesOwnedLeasedManagedInOrAdjacentToProtectedAreasAndAreasOfHighBiodiversityValueOutsideProtectedAreasLineItems" xlink:to="loc_gri_TypeOfOperation" order="4.0" use="optional" />
    <link:loc xlink:type="locator" xlink:href="../core/gri_srs_core_2025-06-23.xsd#gri_ReasonForOmissionRelatedToTypeOfOperation" xlink:label="loc_gri_ReasonForOmissionRelatedToTypeOfOperation" />
    <link:definitionArc xlink:type="arc" xlink:arcrole="http://xbrl.org/int/dim/arcrole/domain-member" xlink:from="loc_gri_TypeOfOperation" xlink:to="loc_gri_ReasonForOmissionRelatedToTypeOfOperation" order="1.0" use="optional" />
    <link:loc xlink:type="locator" xlink:href="../core/gri_srs_core_2025-06-23.xsd#gri_ExplanationForReasonForOmissionRelatedToTypeOfOperationTextBlock" xlink:label="loc_gri_ExplanationForReasonForOmissionRelatedToTypeOfOperationTextBlock" />
    <link:definitionArc xlink:type="arc" xlink:arcrole="http://xbrl.org/int/dim/arcrole/domain-member" xlink:from="loc_gri_TypeOfOperation" xlink:to="loc_gri_ExplanationForReasonForOmissionRelatedToTypeOfOperationTextBlock" order="2.0" use="optional" />
    <link:loc xlink:type="locator" xlink:href="../core/gri_srs_core_2025-06-23.xsd#gri_SizeOfOperationalSite" xlink:label="loc_gri_SizeOfOperationalSite" />
    <link:definitionArc xlink:type="arc" xlink:arcrole="http://xbrl.org/int/dim/arcrole/domain-member" xlink:from="loc_gri_OperationalSitesOwnedLeasedManagedInOrAdjacentToProtectedAreasAndAreasOfHighBiodiversityValueOutsideProtectedAreasLineItems" xlink:to="loc_gri_SizeOfOperationalSite" order="5.0" use="optional" />
    <link:loc xlink:type="locator" xlink:href="../core/gri_srs_core_2025-06-23.xsd#gri_ReasonForOmissionRelatedToSizeOfOperationalSite" xlink:label="loc_gri_ReasonForOmissionRelatedToSizeOfOperationalSite" />
    <link:definitionArc xlink:type="arc" xlink:arcrole="http://xbrl.org/int/dim/arcrole/domain-member" xlink:from="loc_gri_SizeOfOperationalSite" xlink:to="loc_gri_ReasonForOmissionRelatedToSizeOfOperationalSite" order="1.0" use="optional" />
    <link:loc xlink:type="locator" xlink:href="../core/gri_srs_core_2025-06-23.xsd#gri_ExplanationForReasonForOmissionRelatedToSizeOfOperationalSiteTextBlock" xlink:label="loc_gri_ExplanationForReasonForOmissionRelatedToSizeOfOperationalSiteTextBlock" />
    <link:definitionArc xlink:type="arc" xlink:arcrole="http://xbrl.org/int/dim/arcrole/domain-member" xlink:from="loc_gri_SizeOfOperationalSite" xlink:to="loc_gri_ExplanationForReasonForOmissionRelatedToSizeOfOperationalSiteTextBlock" order="2.0" use="optional" />
    <link:loc xlink:type="locator" xlink:href="../core/gri_srs_core_2025-06-23.xsd#gri_BiodiversityValueCharacterizedByAttributeOfProtectedAreaOrAreaOfHighBiodiversityValueOutsideProtectedArea" xlink:label="loc_gri_BiodiversityValueCharacterizedByAttributeOfProtectedAreaOrAreaOfHighBiodiversityValueOutsideProtectedArea" />
    <link:definitionArc xlink:type="arc" xlink:arcrole="http://xbrl.org/int/dim/arcrole/domain-member" xlink:from="loc_gri_OperationalSitesOwnedLeasedManagedInOrAdjacentToProtectedAreasAndAreasOfHighBiodiversityValueOutsideProtectedAreasLineItems" xlink:to="loc_gri_BiodiversityValueCharacterizedByAttributeOfProtectedAreaOrAreaOfHighBiodiversityValueOutsideProtectedArea" order="6.0" use="optional" />
    <link:loc xlink:type="locator" xlink:href="../core/gri_srs_core_2025-06-23.xsd#gri_ReasonForOmissionRelatedToBiodiversityValueCharacterizedByAttributeOfProtectedAreaOrAreaOfHighBiodiversityValueOutsideProtectedArea" xlink:label="loc_gri_ReasonForOmissionRelatedToBiodiversityValueCharacterizedByAttributeOfProtectedAreaOrAreaOfHighBiodiversityValueOutsideProtectedArea" />
    <link:definitionArc xlink:type="arc" xlink:arcrole="http://xbrl.org/int/dim/arcrole/domain-member" xlink:from="loc_gri_BiodiversityValueCharacterizedByAttributeOfProtectedAreaOrAreaOfHighBiodiversityValueOutsideProtectedArea" xlink:to="loc_gri_ReasonForOmissionRelatedToBiodiversityValueCharacterizedByAttributeOfProtectedAreaOrAreaOfHighBiodiversityValueOutsideProtectedArea" order="1.0" use="optional" />
    <link:loc xlink:type="locator" xlink:href="../core/gri_srs_core_2025-06-23.xsd#gri_ExplanationForReasonForOmissionRelatedToBiodiversityValueCharacterizedByAttributeOfProtectedAreaOrAreaOfHighBiodiversityValueOutsideProtectedAreaTextBlock" xlink:label="loc_gri_ExplanationForReasonForOmissionRelatedToBiodiversityValueCharacterizedByAttributeOfProtectedAreaOrAreaOfHighBiodiversityValueOutsideProtectedAreaTextBlock" />
    <link:definitionArc xlink:type="arc" xlink:arcrole="http://xbrl.org/int/dim/arcrole/domain-member" xlink:from="loc_gri_BiodiversityValueCharacterizedByAttributeOfProtectedAreaOrAreaOfHighBiodiversityValueOutsideProtectedArea" xlink:to="loc_gri_ExplanationForReasonForOmissionRelatedToBiodiversityValueCharacterizedByAttributeOfProtectedAreaOrAreaOfHighBiodiversityValueOutsideProtectedAreaTextBlock" order="2.0" use="optional" />
    <link:loc xlink:type="locator" xlink:href="../core/gri_srs_core_2025-06-23.xsd#gri_DescriptionOfBiodiversityValueCharacterizedByListingOfProtectedStatusTextBlock" xlink:label="loc_gri_DescriptionOfBiodiversityValueCharacterizedByListingOfProtectedStatusTextBlock" />
    <link:definitionArc xlink:type="arc" xlink:arcrole="http://xbrl.org/int/dim/arcrole/domain-member" xlink:from="loc_gri_OperationalSitesOwnedLeasedManagedInOrAdjacentToProtectedAreasAndAreasOfHighBiodiversityValueOutsideProtectedAreasLineItems" xlink:to="loc_gri_DescriptionOfBiodiversityValueCharacterizedByListingOfProtectedStatusTextBlock" order="7.0" use="optional" />
    <link:loc xlink:type="locator" xlink:href="../core/gri_srs_core_2025-06-23.xsd#gri_ReasonForOmissionRelatedToDescriptionOfBiodiversityValueCharacterizedByListingOfProtectedStatus" xlink:label="loc_gri_ReasonForOmissionRelatedToDescriptionOfBiodiversityValueCharacterizedByListingOfProtectedStatus" />
    <link:definitionArc xlink:type="arc" xlink:arcrole="http://xbrl.org/int/dim/arcrole/domain-member" xlink:from="loc_gri_DescriptionOfBiodiversityValueCharacterizedByListingOfProtectedStatusTextBlock" xlink:to="loc_gri_ReasonForOmissionRelatedToDescriptionOfBiodiversityValueCharacterizedByListingOfProtectedStatus" order="1.0" use="optional" />
    <link:loc xlink:type="locator" xlink:href="../core/gri_srs_core_2025-06-23.xsd#gri_ExplanationForReasonForOmissionRelatedToDescriptionOfBiodiversityValueCharacterizedByListingOfProtectedStatusTextBlock" xlink:label="loc_gri_ExplanationForReasonForOmissionRelatedToDescriptionOfBiodiversityValueCharacterizedByListingOfProtectedStatusTextBlock" />
    <link:definitionArc xlink:type="arc" xlink:arcrole="http://xbrl.org/int/dim/arcrole/domain-member" xlink:from="loc_gri_DescriptionOfBiodiversityValueCharacterizedByListingOfProtectedStatusTextBlock" xlink:to="loc_gri_ExplanationForReasonForOmissionRelatedToDescriptionOfBiodiversityValueCharacterizedByListingOfProtectedStatusTextBlock" order="2.0" use="optional" />
  </link:definitionLink>
  <link:definitionLink xlink:type="extended" xlink:role="https://taxonomy.globalreporting.org/gri-sustainability-taxonomy/gri_srs/gri_srs_role/role_gri_304_4">
    <link:loc xlink:type="locator" xlink:href="../core/gri_srs_core_2025-06-23.xsd#gri_LevelOfExtinctionRiskAbstract" xlink:label="loc_gri_LevelOfExtinctionRiskAbstract" />
    <link:loc xlink:type="locator" xlink:href="../core/gri_srs_core_2025-06-23.xsd#gri_LevelOfExtinctionRiskTable" xlink:label="loc_gri_LevelOfExtinctionRiskTable" />
    <link:definitionArc xlink:type="arc" xlink:arcrole="http://xbrl.org/int/dim/arcrole/all" xlink:from="loc_gri_LevelOfExtinctionRiskAbstract" xlink:to="loc_gri_LevelOfExtinctionRiskTable" order="1.0" xbrldt:contextElement="scenario" xbrldt:closed="false" use="optional" />
    <link:loc xlink:type="locator" xlink:href="../core/gri_srs_core_2025-06-23.xsd#gri_LevelOfExtinctionRiskAxis" xlink:label="loc_gri_LevelOfExtinctionRiskAxis" />
    <link:definitionArc xlink:type="arc" xlink:arcrole="http://xbrl.org/int/dim/arcrole/hypercube-dimension" xlink:from="loc_gri_LevelOfExtinctionRiskTable" xlink:to="loc_gri_LevelOfExtinctionRiskAxis" order="1.0" use="optional" />
    <link:loc xlink:type="locator" xlink:href="../core/gri_srs_core_2025-06-23.xsd#gri_LevelOfExtinctionRiskDomain" xlink:label="loc_gri_LevelOfExtinctionRiskDomain" />
    <link:definitionArc xlink:type="arc" xlink:arcrole="http://xbrl.org/int/dim/arcrole/dimension-domain" xlink:from="loc_gri_LevelOfExtinctionRiskAxis" xlink:to="loc_gri_LevelOfExtinctionRiskDomain" order="1.0" use="optional" />
    <link:loc xlink:type="locator" xlink:href="../core/gri_srs_core_2025-06-23.xsd#gri_CriticallyEndangeredMember" xlink:label="loc_gri_CriticallyEndangeredMember" />
    <link:definitionArc xlink:type="arc" xlink:arcrole="http://xbrl.org/int/dim/arcrole/domain-member" xlink:from="loc_gri_LevelOfExtinctionRiskDomain" xlink:to="loc_gri_CriticallyEndangeredMember" order="1.0" use="optional" />
    <link:loc xlink:type="locator" xlink:href="../core/gri_srs_core_2025-06-23.xsd#gri_EndangeredMember" xlink:label="loc_gri_EndangeredMember" />
    <link:definitionArc xlink:type="arc" xlink:arcrole="http://xbrl.org/int/dim/arcrole/domain-member" xlink:from="loc_gri_LevelOfExtinctionRiskDomain" xlink:to="loc_gri_EndangeredMember" order="2.0" use="optional" />
    <link:loc xlink:type="locator" xlink:href="../core/gri_srs_core_2025-06-23.xsd#gri_VulnerableMember" xlink:label="loc_gri_VulnerableMember" />
    <link:definitionArc xlink:type="arc" xlink:arcrole="http://xbrl.org/int/dim/arcrole/domain-member" xlink:from="loc_gri_LevelOfExtinctionRiskDomain" xlink:to="loc_gri_VulnerableMember" order="3.0" use="optional" />
    <link:loc xlink:type="locator" xlink:href="../core/gri_srs_core_2025-06-23.xsd#gri_NearThreatenedMember" xlink:label="loc_gri_NearThreatenedMember" />
    <link:definitionArc xlink:type="arc" xlink:arcrole="http://xbrl.org/int/dim/arcrole/domain-member" xlink:from="loc_gri_LevelOfExtinctionRiskDomain" xlink:to="loc_gri_NearThreatenedMember" order="4.0" use="optional" />
    <link:loc xlink:type="locator" xlink:href="../core/gri_srs_core_2025-06-23.xsd#gri_LeastConcernMember" xlink:label="loc_gri_LeastConcernMember" />
    <link:definitionArc xlink:type="arc" xlink:arcrole="http://xbrl.org/int/dim/arcrole/domain-member" xlink:from="loc_gri_LevelOfExtinctionRiskDomain" xlink:to="loc_gri_LeastConcernMember" order="5.0" use="optional" />
    <link:loc xlink:type="locator" xlink:href="../core/gri_srs_core_2025-06-23.xsd#gri_LevelOfExtinctionRiskLineItems" xlink:label="loc_gri_LevelOfExtinctionRiskLineItems" />
    <link:definitionArc xlink:type="arc" xlink:arcrole="http://xbrl.org/int/dim/arcrole/domain-member" xlink:from="loc_gri_LevelOfExtinctionRiskAbstract" xlink:to="loc_gri_LevelOfExtinctionRiskLineItems" order="2.0" use="optional" />
    <link:loc xlink:type="locator" xlink:href="../core/gri_srs_core_2025-06-23.xsd#gri_TotalNumberOfIUCNRedListSpeciesAndNationalConservationListSpeciesWithHabitatsInAreasAffectedByOperationsOfOrganization" xlink:label="loc_gri_TotalNumberOfIUCNRedListSpeciesAndNationalConservationListSpeciesWithHabitatsInAreasAffectedByOperationsOfOrganization" />
    <link:definitionArc xlink:type="arc" xlink:arcrole="http://xbrl.org/int/dim/arcrole/domain-member" xlink:from="loc_gri_LevelOfExtinctionRiskLineItems" xlink:to="loc_gri_TotalNumberOfIUCNRedListSpeciesAndNationalConservationListSpeciesWithHabitatsInAreasAffectedByOperationsOfOrganization" order="1.0" use="optional" />
    <link:loc xlink:type="locator" xlink:href="../core/gri_srs_core_2025-06-23.xsd#gri_ReasonForOmissionRelatedToTotalNumberOfIUCNRedListSpeciesAndNationalConservationListSpeciesWithHabitatsInAreasAffectedByOperationsOfOrganization" xlink:label="loc_gri_ReasonForOmissionRelatedToTotalNumberOfIUCNRedListSpeciesAndNationalConservationListSpeciesWithHabitatsInAreasAffectedByOperationsOfOrganization" />
    <link:definitionArc xlink:type="arc" xlink:arcrole="http://xbrl.org/int/dim/arcrole/domain-member" xlink:from="loc_gri_TotalNumberOfIUCNRedListSpeciesAndNationalConservationListSpeciesWithHabitatsInAreasAffectedByOperationsOfOrganization" xlink:to="loc_gri_ReasonForOmissionRelatedToTotalNumberOfIUCNRedListSpeciesAndNationalConservationListSpeciesWithHabitatsInAreasAffectedByOperationsOfOrganization" order="1.0" use="optional" />
    <link:loc xlink:type="locator" xlink:href="../core/gri_srs_core_2025-06-23.xsd#gri_ExplanationForReasonForOmissionRelatedToTotalNumberOfIUCNRedListSpeciesAndNationalConservationListSpeciesWithHabitatsInAreasAffectedByOperationsOfOrganizationTextBlock" xlink:label="loc_gri_ExplanationForReasonForOmissionRelatedToTotalNumberOfIUCNRedListSpeciesAndNationalConservationListSpeciesWithHabitatsInAreasAffectedByOperationsOfOrganizationTextBlock" />
    <link:definitionArc xlink:type="arc" xlink:arcrole="http://xbrl.org/int/dim/arcrole/domain-member" xlink:from="loc_gri_TotalNumberOfIUCNRedListSpeciesAndNationalConservationListSpeciesWithHabitatsInAreasAffectedByOperationsOfOrganization" xlink:to="loc_gri_ExplanationForReasonForOmissionRelatedToTotalNumberOfIUCNRedListSpeciesAndNationalConservationListSpeciesWithHabitatsInAreasAffectedByOperationsOfOrganizationTextBlock" order="2.0" use="optional" />
  </link:definitionLink>
</link:linkbase>