﻿<?xml version="1.0" encoding="utf-8"?>
<!-- Generated by GRI Taxonomy Editor-->
<link:linkbase xsi:schemaLocation="http://www.xbrl.org/2003/linkbase http://www.xbrl.org/2003/xbrl-linkbase-2003-12-31.xsd http://xbrl.org/2005/xbrldt http://www.xbrl.org/2005/xbrldt-2005.xsd http://www.xbrl.org/2003/instance http://www.xbrl.org/2003/xbrl-instance-2003-12-31.xsd http://www.w3.org/1999/xlink http://www.xbrl.org/2003/xlink-2003-12-31.xsd " xmlns:link="http://www.xbrl.org/2003/linkbase" xmlns:xbrldt="http://xbrl.org/2005/xbrldt" xmlns:xbrli="http://www.xbrl.org/2003/instance" xmlns:xlink="http://www.w3.org/1999/xlink" xmlns:xsi="http://www.w3.org/2001/XMLSchema-instance">
  <!-- Role Ref -->
  <link:roleRef roleURI="https://taxonomy.globalreporting.org/gri-sustainability-taxonomy/gri_srs/gri_srs_role/role_gri_404_3_a_ii" xlink:type="simple" xlink:href="role_gri_srs_2025-06-23.xsd#role_gri_404_3_a_ii" />
  <link:roleRef roleURI="https://taxonomy.globalreporting.org/gri-sustainability-taxonomy/gri_srs/gri_srs_role/role_gri_404_3_a_iiI" xlink:type="simple" xlink:href="role_gri_srs_2025-06-23.xsd#role_gri_404_3_a_iiI" />
  <link:roleRef roleURI="https://taxonomy.globalreporting.org/gri-sustainability-taxonomy/gri_srs/gri_srs_role/role_gri_404_3_a_iii_D" xlink:type="simple" xlink:href="role_gri_srs_2025-06-23.xsd#role_gri_404_3_a_iii_D" />
  <link:roleRef roleURI="https://taxonomy.globalreporting.org/gri-sustainability-taxonomy/gri_srs/gri_srs_role/role_gri_404_3_b_i" xlink:type="simple" xlink:href="role_gri_srs_2025-06-23.xsd#role_gri_404_3_b_i" />
  <link:roleRef roleURI="https://taxonomy.globalreporting.org/gri-sustainability-taxonomy/gri_srs/gri_srs_role/role_gri_404_3_b_iii" xlink:type="simple" xlink:href="role_gri_srs_2025-06-23.xsd#role_gri_404_3_b_iii" />
  <link:roleRef roleURI="https://taxonomy.globalreporting.org/gri-sustainability-taxonomy/gri_srs/gri_srs_role/role_gri_404_3_b_iii_D" xlink:type="simple" xlink:href="role_gri_srs_2025-06-23.xsd#role_gri_404_3_b_iii_D" />
  <link:roleRef roleURI="https://taxonomy.globalreporting.org/gri-sustainability-taxonomy/gri_srs/gri_srs_role/role_gri_405_1_b_i" xlink:type="simple" xlink:href="role_gri_srs_2025-06-23.xsd#role_gri_405_1_b_i" />
  <link:roleRef roleURI="https://taxonomy.globalreporting.org/gri-sustainability-taxonomy/gri_srs/gri_srs_role/role_gri_405_1_b_i_D" xlink:type="simple" xlink:href="role_gri_srs_2025-06-23.xsd#role_gri_405_1_b_i_D" />
  <link:roleRef roleURI="https://taxonomy.globalreporting.org/gri-sustainability-taxonomy/gri_srs/gri_srs_role/role_gri_405_2" xlink:type="simple" xlink:href="role_gri_srs_2025-06-23.xsd#role_gri_405_2" />
  <link:roleRef roleURI="https://taxonomy.globalreporting.org/gri-sustainability-taxonomy/gri_srs/gri_srs_role/role_gri_405_2_D" xlink:type="simple" xlink:href="role_gri_srs_2025-06-23.xsd#role_gri_405_2_D" />
  <link:roleRef roleURI="https://taxonomy.globalreporting.org/gri-sustainability-taxonomy/gri_srs/gri_srs_role/role_gri_405_a_i" xlink:type="simple" xlink:href="role_gri_srs_2025-06-23.xsd#role_gri_405_a_i" />
  <link:roleRef roleURI="https://taxonomy.globalreporting.org/gri-sustainability-taxonomy/gri_srs/gri_srs_role/role_gri_405_a_i_D" xlink:type="simple" xlink:href="role_gri_srs_2025-06-23.xsd#role_gri_405_a_i_D" />
  <!-- ArcRole Ref -->
  <link:arcroleRef arcroleURI="http://xbrl.org/int/dim/arcrole/all" xlink:type="simple" xlink:href="http://www.xbrl.org/2005/xbrldt-2005.xsd#all" />
  <link:arcroleRef arcroleURI="http://xbrl.org/int/dim/arcrole/dimension-domain" xlink:type="simple" xlink:href="http://www.xbrl.org/2005/xbrldt-2005.xsd#dimension-domain" />
  <link:arcroleRef arcroleURI="http://xbrl.org/int/dim/arcrole/domain-member" xlink:type="simple" xlink:href="http://www.xbrl.org/2005/xbrldt-2005.xsd#domain-member" />
  <link:arcroleRef arcroleURI="http://xbrl.org/int/dim/arcrole/hypercube-dimension" xlink:type="simple" xlink:href="http://www.xbrl.org/2005/xbrldt-2005.xsd#hypercube-dimension" />
  <link:definitionLink xlink:type="extended" xlink:role="https://taxonomy.globalreporting.org/gri-sustainability-taxonomy/gri_srs/gri_srs_role/role_gri_404_3_a_ii">
    <link:loc xlink:type="locator" xlink:href="../core/gri_srs_core_2025-06-23.xsd#gri_DiversityOfGovernanceBodiesReportingByAgeGroupAbstract" xlink:label="loc_gri_DiversityOfGovernanceBodiesReportingByAgeGroupAbstract" />
    <link:loc xlink:type="locator" xlink:href="../core/gri_srs_core_2025-06-23.xsd#gri_DiversityOfGovernanceBodiesReportingByAgeGroupTable" xlink:label="loc_gri_DiversityOfGovernanceBodiesReportingByAgeGroupTable" />
    <link:definitionArc xlink:type="arc" xlink:arcrole="http://xbrl.org/int/dim/arcrole/all" xlink:from="loc_gri_DiversityOfGovernanceBodiesReportingByAgeGroupAbstract" xlink:to="loc_gri_DiversityOfGovernanceBodiesReportingByAgeGroupTable" order="1.0" xbrldt:contextElement="scenario" xbrldt:closed="false" use="optional" />
    <link:loc xlink:type="locator" xlink:href="../core/gri_srs_core_2025-06-23.xsd#gri_GovernanceBodyAxis" xlink:label="loc_gri_GovernanceBodyAxis" />
    <link:definitionArc xlink:type="arc" xlink:arcrole="http://xbrl.org/int/dim/arcrole/hypercube-dimension" xlink:from="loc_gri_DiversityOfGovernanceBodiesReportingByAgeGroupTable" xlink:to="loc_gri_GovernanceBodyAxis" order="1.0" use="optional" />
    <link:loc xlink:type="locator" xlink:href="../core/gri_srs_core_2025-06-23.xsd#gri_AgeGroupAxis" xlink:label="loc_gri_AgeGroupAxis" />
    <link:definitionArc xlink:type="arc" xlink:arcrole="http://xbrl.org/int/dim/arcrole/hypercube-dimension" xlink:from="loc_gri_DiversityOfGovernanceBodiesReportingByAgeGroupTable" xlink:to="loc_gri_AgeGroupAxis" order="2.0" use="optional" />
    <link:loc xlink:type="locator" xlink:href="../core/gri_srs_core_2025-06-23.xsd#gri_AgeGroupDomain" xlink:label="loc_gri_AgeGroupDomain" />
    <link:definitionArc xlink:type="arc" xlink:arcrole="http://xbrl.org/int/dim/arcrole/dimension-domain" xlink:from="loc_gri_AgeGroupAxis" xlink:to="loc_gri_AgeGroupDomain" order="1.0" use="optional" />
    <link:loc xlink:type="locator" xlink:href="../core/gri_srs_core_2025-06-23.xsd#gri_AgeUnder30YearsMember" xlink:label="loc_gri_AgeUnder30YearsMember" />
    <link:definitionArc xlink:type="arc" xlink:arcrole="http://xbrl.org/int/dim/arcrole/domain-member" xlink:from="loc_gri_AgeGroupDomain" xlink:to="loc_gri_AgeUnder30YearsMember" order="1.0" use="optional" />
    <link:loc xlink:type="locator" xlink:href="../core/gri_srs_core_2025-06-23.xsd#gri_Age30To50YearsMember" xlink:label="loc_gri_Age30To50YearsMember" />
    <link:definitionArc xlink:type="arc" xlink:arcrole="http://xbrl.org/int/dim/arcrole/domain-member" xlink:from="loc_gri_AgeGroupDomain" xlink:to="loc_gri_Age30To50YearsMember" order="2.0" use="optional" />
    <link:loc xlink:type="locator" xlink:href="../core/gri_srs_core_2025-06-23.xsd#gri_AgeOver50YearsMember" xlink:label="loc_gri_AgeOver50YearsMember" />
    <link:definitionArc xlink:type="arc" xlink:arcrole="http://xbrl.org/int/dim/arcrole/domain-member" xlink:from="loc_gri_AgeGroupDomain" xlink:to="loc_gri_AgeOver50YearsMember" order="3.0" use="optional" />
    <link:loc xlink:type="locator" xlink:href="../core/gri_srs_core_2025-06-23.xsd#gri_DiversityOfGovernanceBodiesReportingByAgeGroupLineItems" xlink:label="loc_gri_DiversityOfGovernanceBodiesReportingByAgeGroupLineItems" />
    <link:definitionArc xlink:type="arc" xlink:arcrole="http://xbrl.org/int/dim/arcrole/domain-member" xlink:from="loc_gri_DiversityOfGovernanceBodiesReportingByAgeGroupAbstract" xlink:to="loc_gri_DiversityOfGovernanceBodiesReportingByAgeGroupLineItems" order="2.0" use="optional" />
    <link:loc xlink:type="locator" xlink:href="../core/gri_srs_core_2025-06-23.xsd#gri_PercentageOfIndividualsWithinOrganizationsGovernanceBodiesReportingByAgeGroup" xlink:label="loc_gri_PercentageOfIndividualsWithinOrganizationsGovernanceBodiesReportingByAgeGroup" />
    <link:definitionArc xlink:type="arc" xlink:arcrole="http://xbrl.org/int/dim/arcrole/domain-member" xlink:from="loc_gri_DiversityOfGovernanceBodiesReportingByAgeGroupLineItems" xlink:to="loc_gri_PercentageOfIndividualsWithinOrganizationsGovernanceBodiesReportingByAgeGroup" order="1.0" use="optional" />
    <link:loc xlink:type="locator" xlink:href="../core/gri_srs_core_2025-06-23.xsd#gri_ReasonForOmissionRelatedToPercentageOfIndividualsWithinOrganizationsGovernanceBodiesReportingByAgeGroup" xlink:label="loc_gri_ReasonForOmissionRelatedToPercentageOfIndividualsWithinOrganizationsGovernanceBodiesReportingByAgeGroup" />
    <link:definitionArc xlink:type="arc" xlink:arcrole="http://xbrl.org/int/dim/arcrole/domain-member" xlink:from="loc_gri_PercentageOfIndividualsWithinOrganizationsGovernanceBodiesReportingByAgeGroup" xlink:to="loc_gri_ReasonForOmissionRelatedToPercentageOfIndividualsWithinOrganizationsGovernanceBodiesReportingByAgeGroup" order="1.0" use="optional" />
    <link:loc xlink:type="locator" xlink:href="../core/gri_srs_core_2025-06-23.xsd#gri_ExplanationForReasonForOmissionRelatedToPercentageOfIndividualsWithinOrganizationsGovernanceBodiesReportingByAgeGroupTextBlock" xlink:label="loc_gri_ExplanationForReasonForOmissionRelatedToPercentageOfIndividualsWithinOrganizationsGovernanceBodiesReportingByAgeGroupTextBlock" />
    <link:definitionArc xlink:type="arc" xlink:arcrole="http://xbrl.org/int/dim/arcrole/domain-member" xlink:from="loc_gri_PercentageOfIndividualsWithinOrganizationsGovernanceBodiesReportingByAgeGroup" xlink:to="loc_gri_ExplanationForReasonForOmissionRelatedToPercentageOfIndividualsWithinOrganizationsGovernanceBodiesReportingByAgeGroupTextBlock" order="2.0" use="optional" />
  </link:definitionLink>
  <link:definitionLink xlink:type="extended" xlink:role="https://taxonomy.globalreporting.org/gri-sustainability-taxonomy/gri_srs/gri_srs_role/role_gri_404_3_a_iiI">
    <link:loc xlink:type="locator" xlink:href="../core/gri_srs_core_2025-06-23.xsd#gri_DiversityOfGovernanceBodiesReportingByOtherIndicatorsOfDiversityAbstract" xlink:label="loc_gri_DiversityOfGovernanceBodiesReportingByOtherIndicatorsOfDiversityAbstract" />
    <link:loc xlink:type="locator" xlink:href="../core/gri_srs_core_2025-06-23.xsd#gri_DiversityOfGovernanceBodiesReportingByOtherIndicatorsOfDiversityTable" xlink:label="loc_gri_DiversityOfGovernanceBodiesReportingByOtherIndicatorsOfDiversityTable" />
    <link:definitionArc xlink:type="arc" xlink:arcrole="http://xbrl.org/int/dim/arcrole/all" xlink:from="loc_gri_DiversityOfGovernanceBodiesReportingByOtherIndicatorsOfDiversityAbstract" xlink:to="loc_gri_DiversityOfGovernanceBodiesReportingByOtherIndicatorsOfDiversityTable" order="1.0" xbrldt:contextElement="scenario" xbrldt:closed="false" use="optional" />
    <link:loc xlink:type="locator" xlink:href="../core/gri_srs_core_2025-06-23.xsd#gri_GovernanceBodyAxis" xlink:label="loc_gri_GovernanceBodyAxis" />
    <link:definitionArc xlink:type="arc" xlink:arcrole="http://xbrl.org/int/dim/arcrole/hypercube-dimension" xlink:from="loc_gri_DiversityOfGovernanceBodiesReportingByOtherIndicatorsOfDiversityTable" xlink:to="loc_gri_GovernanceBodyAxis" order="1.0" use="optional" />
    <link:loc xlink:type="locator" xlink:href="../core/gri_srs_core_2025-06-23.xsd#gri_OtherIndicatorOfDiversityAxis" xlink:label="loc_gri_OtherIndicatorOfDiversityAxis" />
    <link:definitionArc xlink:type="arc" xlink:arcrole="http://xbrl.org/int/dim/arcrole/hypercube-dimension" xlink:from="loc_gri_DiversityOfGovernanceBodiesReportingByOtherIndicatorsOfDiversityTable" xlink:to="loc_gri_OtherIndicatorOfDiversityAxis" order="2.0" use="optional" />
    <link:loc xlink:type="locator" xlink:href="../core/gri_srs_core_2025-06-23.xsd#gri_DiversityOfGovernanceBodiesReportingByOtherIndicatorsOfDiversityLineItems" xlink:label="loc_gri_DiversityOfGovernanceBodiesReportingByOtherIndicatorsOfDiversityLineItems" />
    <link:definitionArc xlink:type="arc" xlink:arcrole="http://xbrl.org/int/dim/arcrole/domain-member" xlink:from="loc_gri_DiversityOfGovernanceBodiesReportingByOtherIndicatorsOfDiversityAbstract" xlink:to="loc_gri_DiversityOfGovernanceBodiesReportingByOtherIndicatorsOfDiversityLineItems" order="2.0" use="optional" />
    <link:loc xlink:type="locator" xlink:href="../core/gri_srs_core_2025-06-23.xsd#gri_PercentageOfIndividualsWithinOrganizationsGovernanceBodiesReportingByOtherIndicatorOfDiversity" xlink:label="loc_gri_PercentageOfIndividualsWithinOrganizationsGovernanceBodiesReportingByOtherIndicatorOfDiversity" />
    <link:definitionArc xlink:type="arc" xlink:arcrole="http://xbrl.org/int/dim/arcrole/domain-member" xlink:from="loc_gri_DiversityOfGovernanceBodiesReportingByOtherIndicatorsOfDiversityLineItems" xlink:to="loc_gri_PercentageOfIndividualsWithinOrganizationsGovernanceBodiesReportingByOtherIndicatorOfDiversity" order="1.0" use="optional" />
    <link:loc xlink:type="locator" xlink:href="../core/gri_srs_core_2025-06-23.xsd#gri_ReasonForOmissionRelatedToPercentageOfIndividualsWithinOrganizationsGovernanceBodiesBreakdownByOtherIndicatorOfDiversity" xlink:label="loc_gri_ReasonForOmissionRelatedToPercentageOfIndividualsWithinOrganizationsGovernanceBodiesBreakdownByOtherIndicatorOfDiversity" />
    <link:definitionArc xlink:type="arc" xlink:arcrole="http://xbrl.org/int/dim/arcrole/domain-member" xlink:from="loc_gri_PercentageOfIndividualsWithinOrganizationsGovernanceBodiesReportingByOtherIndicatorOfDiversity" xlink:to="loc_gri_ReasonForOmissionRelatedToPercentageOfIndividualsWithinOrganizationsGovernanceBodiesBreakdownByOtherIndicatorOfDiversity" order="1.0" use="optional" />
    <link:loc xlink:type="locator" xlink:href="../core/gri_srs_core_2025-06-23.xsd#gri_ExplanationForReasonForOmissionRelatedToPercentageOfIndividualsWithinOrganizationsGovernanceBodiesBreakdownByOtherIndicatorOfDiversityTextBlock" xlink:label="loc_gri_ExplanationForReasonForOmissionRelatedToPercentageOfIndividualsWithinOrganizationsGovernanceBodiesBreakdownByOtherIndicatorOfDiversityTextBlock" />
    <link:definitionArc xlink:type="arc" xlink:arcrole="http://xbrl.org/int/dim/arcrole/domain-member" xlink:from="loc_gri_PercentageOfIndividualsWithinOrganizationsGovernanceBodiesReportingByOtherIndicatorOfDiversity" xlink:to="loc_gri_ExplanationForReasonForOmissionRelatedToPercentageOfIndividualsWithinOrganizationsGovernanceBodiesBreakdownByOtherIndicatorOfDiversityTextBlock" order="2.0" use="optional" />
  </link:definitionLink>
  <link:definitionLink xlink:type="extended" xlink:role="https://taxonomy.globalreporting.org/gri-sustainability-taxonomy/gri_srs/gri_srs_role/role_gri_404_3_a_iii_D">
    <link:loc xlink:type="locator" xlink:href="../core/gri_srs_core_2025-06-23.xsd#gri_DiversityOfGovernanceBodiesReportingByOtherIndicatorsOfDiversityAbstract" xlink:label="loc_gri_DiversityOfGovernanceBodiesReportingByOtherIndicatorsOfDiversityAbstract" />
    <link:loc xlink:type="locator" xlink:href="../core/gri_srs_core_2025-06-23.xsd#gri_DiversityOfGovernanceBodiesReportingByOtherIndicatorsOfDiversityTable" xlink:label="loc_gri_DiversityOfGovernanceBodiesReportingByOtherIndicatorsOfDiversityTable" />
    <link:definitionArc xlink:type="arc" xlink:arcrole="http://xbrl.org/int/dim/arcrole/all" xlink:from="loc_gri_DiversityOfGovernanceBodiesReportingByOtherIndicatorsOfDiversityAbstract" xlink:to="loc_gri_DiversityOfGovernanceBodiesReportingByOtherIndicatorsOfDiversityTable" order="1.0" xbrldt:contextElement="scenario" xbrldt:closed="false" use="optional" />
    <link:loc xlink:type="locator" xlink:href="../core/gri_srs_core_2025-06-23.xsd#gri_DiversityOfGovernanceBodiesReportingByOtherIndicatorsOfDiversityLineItems" xlink:label="loc_gri_DiversityOfGovernanceBodiesReportingByOtherIndicatorsOfDiversityLineItems" />
    <link:definitionArc xlink:type="arc" xlink:arcrole="http://xbrl.org/int/dim/arcrole/domain-member" xlink:from="loc_gri_DiversityOfGovernanceBodiesReportingByOtherIndicatorsOfDiversityAbstract" xlink:to="loc_gri_DiversityOfGovernanceBodiesReportingByOtherIndicatorsOfDiversityLineItems" order="2.0" use="optional" />
    <link:loc xlink:type="locator" xlink:href="../core/gri_srs_core_2025-06-23.xsd#gri_PercentageOfIndividualsWithinOrganizationsGovernanceBodiesReportingByOtherIndicatorOfDiversity" xlink:label="loc_gri_PercentageOfIndividualsWithinOrganizationsGovernanceBodiesReportingByOtherIndicatorOfDiversity" />
    <link:definitionArc xlink:type="arc" xlink:arcrole="http://xbrl.org/int/dim/arcrole/domain-member" xlink:from="loc_gri_DiversityOfGovernanceBodiesReportingByOtherIndicatorsOfDiversityLineItems" xlink:to="loc_gri_PercentageOfIndividualsWithinOrganizationsGovernanceBodiesReportingByOtherIndicatorOfDiversity" order="1.0" use="optional" />
    <link:loc xlink:type="locator" xlink:href="../core/gri_srs_core_2025-06-23.xsd#gri_ReasonForOmissionRelatedToPercentageOfIndividualsWithinOrganizationsGovernanceBodiesBreakdownByOtherIndicatorOfDiversity" xlink:label="loc_gri_ReasonForOmissionRelatedToPercentageOfIndividualsWithinOrganizationsGovernanceBodiesBreakdownByOtherIndicatorOfDiversity" />
    <link:definitionArc xlink:type="arc" xlink:arcrole="http://xbrl.org/int/dim/arcrole/domain-member" xlink:from="loc_gri_PercentageOfIndividualsWithinOrganizationsGovernanceBodiesReportingByOtherIndicatorOfDiversity" xlink:to="loc_gri_ReasonForOmissionRelatedToPercentageOfIndividualsWithinOrganizationsGovernanceBodiesBreakdownByOtherIndicatorOfDiversity" order="1.0" use="optional" />
    <link:loc xlink:type="locator" xlink:href="../core/gri_srs_core_2025-06-23.xsd#gri_ExplanationForReasonForOmissionRelatedToPercentageOfIndividualsWithinOrganizationsGovernanceBodiesBreakdownByOtherIndicatorOfDiversityTextBlock" xlink:label="loc_gri_ExplanationForReasonForOmissionRelatedToPercentageOfIndividualsWithinOrganizationsGovernanceBodiesBreakdownByOtherIndicatorOfDiversityTextBlock" />
    <link:definitionArc xlink:type="arc" xlink:arcrole="http://xbrl.org/int/dim/arcrole/domain-member" xlink:from="loc_gri_PercentageOfIndividualsWithinOrganizationsGovernanceBodiesReportingByOtherIndicatorOfDiversity" xlink:to="loc_gri_ExplanationForReasonForOmissionRelatedToPercentageOfIndividualsWithinOrganizationsGovernanceBodiesBreakdownByOtherIndicatorOfDiversityTextBlock" order="2.0" use="optional" />
  </link:definitionLink>
  <link:definitionLink xlink:type="extended" xlink:role="https://taxonomy.globalreporting.org/gri-sustainability-taxonomy/gri_srs/gri_srs_role/role_gri_404_3_b_i">
    <link:loc xlink:type="locator" xlink:href="../core/gri_srs_core_2025-06-23.xsd#gri_DiversityOfEmployeesReportingByAgeGroupAbstract" xlink:label="loc_gri_DiversityOfEmployeesReportingByAgeGroupAbstract" />
    <link:loc xlink:type="locator" xlink:href="../core/gri_srs_core_2025-06-23.xsd#gri_DiversityOfEmployeesReportingByAgeGroupTable" xlink:label="loc_gri_DiversityOfEmployeesReportingByAgeGroupTable" />
    <link:definitionArc xlink:type="arc" xlink:arcrole="http://xbrl.org/int/dim/arcrole/all" xlink:from="loc_gri_DiversityOfEmployeesReportingByAgeGroupAbstract" xlink:to="loc_gri_DiversityOfEmployeesReportingByAgeGroupTable" order="1.0" xbrldt:contextElement="scenario" xbrldt:closed="false" use="optional" />
    <link:loc xlink:type="locator" xlink:href="../core/gri_srs_core_2025-06-23.xsd#gri_EmployeeCategoryAxis" xlink:label="loc_gri_EmployeeCategoryAxis" />
    <link:definitionArc xlink:type="arc" xlink:arcrole="http://xbrl.org/int/dim/arcrole/hypercube-dimension" xlink:from="loc_gri_DiversityOfEmployeesReportingByAgeGroupTable" xlink:to="loc_gri_EmployeeCategoryAxis" order="1.0" use="optional" />
    <link:loc xlink:type="locator" xlink:href="../core/gri_srs_core_2025-06-23.xsd#gri_AgeGroupAxis" xlink:label="loc_gri_AgeGroupAxis" />
    <link:definitionArc xlink:type="arc" xlink:arcrole="http://xbrl.org/int/dim/arcrole/hypercube-dimension" xlink:from="loc_gri_DiversityOfEmployeesReportingByAgeGroupTable" xlink:to="loc_gri_AgeGroupAxis" order="2.0" use="optional" />
    <link:loc xlink:type="locator" xlink:href="../core/gri_srs_core_2025-06-23.xsd#gri_AgeGroupDomain" xlink:label="loc_gri_AgeGroupDomain" />
    <link:definitionArc xlink:type="arc" xlink:arcrole="http://xbrl.org/int/dim/arcrole/dimension-domain" xlink:from="loc_gri_AgeGroupAxis" xlink:to="loc_gri_AgeGroupDomain" order="1.0" use="optional" />
    <link:loc xlink:type="locator" xlink:href="../core/gri_srs_core_2025-06-23.xsd#gri_AgeUnder30YearsMember" xlink:label="loc_gri_AgeUnder30YearsMember" />
    <link:definitionArc xlink:type="arc" xlink:arcrole="http://xbrl.org/int/dim/arcrole/domain-member" xlink:from="loc_gri_AgeGroupDomain" xlink:to="loc_gri_AgeUnder30YearsMember" order="1.0" use="optional" />
    <link:loc xlink:type="locator" xlink:href="../core/gri_srs_core_2025-06-23.xsd#gri_Age30To50YearsMember" xlink:label="loc_gri_Age30To50YearsMember" />
    <link:definitionArc xlink:type="arc" xlink:arcrole="http://xbrl.org/int/dim/arcrole/domain-member" xlink:from="loc_gri_AgeGroupDomain" xlink:to="loc_gri_Age30To50YearsMember" order="2.0" use="optional" />
    <link:loc xlink:type="locator" xlink:href="../core/gri_srs_core_2025-06-23.xsd#gri_AgeOver50YearsMember" xlink:label="loc_gri_AgeOver50YearsMember" />
    <link:definitionArc xlink:type="arc" xlink:arcrole="http://xbrl.org/int/dim/arcrole/domain-member" xlink:from="loc_gri_AgeGroupDomain" xlink:to="loc_gri_AgeOver50YearsMember" order="3.0" use="optional" />
    <link:loc xlink:type="locator" xlink:href="../core/gri_srs_core_2025-06-23.xsd#gri_DiversityOfEmployeesReportingByAgeGroupLineItems" xlink:label="loc_gri_DiversityOfEmployeesReportingByAgeGroupLineItems" />
    <link:definitionArc xlink:type="arc" xlink:arcrole="http://xbrl.org/int/dim/arcrole/domain-member" xlink:from="loc_gri_DiversityOfEmployeesReportingByAgeGroupAbstract" xlink:to="loc_gri_DiversityOfEmployeesReportingByAgeGroupLineItems" order="2.0" use="optional" />
    <link:loc xlink:type="locator" xlink:href="../core/gri_srs_core_2025-06-23.xsd#gri_PercentageOfEmployeesPerEmployeeCategoryReportingByAgeGroup" xlink:label="loc_gri_PercentageOfEmployeesPerEmployeeCategoryReportingByAgeGroup" />
    <link:definitionArc xlink:type="arc" xlink:arcrole="http://xbrl.org/int/dim/arcrole/domain-member" xlink:from="loc_gri_DiversityOfEmployeesReportingByAgeGroupLineItems" xlink:to="loc_gri_PercentageOfEmployeesPerEmployeeCategoryReportingByAgeGroup" order="1.0" use="optional" />
    <link:loc xlink:type="locator" xlink:href="../core/gri_srs_core_2025-06-23.xsd#gri_ReasonForOmissionRelatedToPercentageOfEmployeesPerEmployeeCategoryReportingByAgeGroup" xlink:label="loc_gri_ReasonForOmissionRelatedToPercentageOfEmployeesPerEmployeeCategoryReportingByAgeGroup" />
    <link:definitionArc xlink:type="arc" xlink:arcrole="http://xbrl.org/int/dim/arcrole/domain-member" xlink:from="loc_gri_PercentageOfEmployeesPerEmployeeCategoryReportingByAgeGroup" xlink:to="loc_gri_ReasonForOmissionRelatedToPercentageOfEmployeesPerEmployeeCategoryReportingByAgeGroup" order="1.0" use="optional" />
    <link:loc xlink:type="locator" xlink:href="../core/gri_srs_core_2025-06-23.xsd#gri_ExplanationForReasonForOmissionRelatedToPercentageOfEmployeesPerEmployeeCategoryReportingByAgeGroupTextBlock" xlink:label="loc_gri_ExplanationForReasonForOmissionRelatedToPercentageOfEmployeesPerEmployeeCategoryReportingByAgeGroupTextBlock" />
    <link:definitionArc xlink:type="arc" xlink:arcrole="http://xbrl.org/int/dim/arcrole/domain-member" xlink:from="loc_gri_PercentageOfEmployeesPerEmployeeCategoryReportingByAgeGroup" xlink:to="loc_gri_ExplanationForReasonForOmissionRelatedToPercentageOfEmployeesPerEmployeeCategoryReportingByAgeGroupTextBlock" order="2.0" use="optional" />
  </link:definitionLink>
  <link:definitionLink xlink:type="extended" xlink:role="https://taxonomy.globalreporting.org/gri-sustainability-taxonomy/gri_srs/gri_srs_role/role_gri_404_3_b_iii">
    <link:loc xlink:type="locator" xlink:href="../core/gri_srs_core_2025-06-23.xsd#gri_DiversityOfEmployeesReportingByOtherIndicatorsOfDiversityAbstract" xlink:label="loc_gri_DiversityOfEmployeesReportingByOtherIndicatorsOfDiversityAbstract" />
    <link:loc xlink:type="locator" xlink:href="../core/gri_srs_core_2025-06-23.xsd#gri_DiversityOfEmployeesReportingByOtherIndicatorsOfDiversityTable" xlink:label="loc_gri_DiversityOfEmployeesReportingByOtherIndicatorsOfDiversityTable" />
    <link:definitionArc xlink:type="arc" xlink:arcrole="http://xbrl.org/int/dim/arcrole/all" xlink:from="loc_gri_DiversityOfEmployeesReportingByOtherIndicatorsOfDiversityAbstract" xlink:to="loc_gri_DiversityOfEmployeesReportingByOtherIndicatorsOfDiversityTable" order="1.0" xbrldt:contextElement="scenario" xbrldt:closed="false" use="optional" />
    <link:loc xlink:type="locator" xlink:href="../core/gri_srs_core_2025-06-23.xsd#gri_EmployeeCategoryAxis" xlink:label="loc_gri_EmployeeCategoryAxis" />
    <link:definitionArc xlink:type="arc" xlink:arcrole="http://xbrl.org/int/dim/arcrole/hypercube-dimension" xlink:from="loc_gri_DiversityOfEmployeesReportingByOtherIndicatorsOfDiversityTable" xlink:to="loc_gri_EmployeeCategoryAxis" order="1.0" use="optional" />
    <link:loc xlink:type="locator" xlink:href="../core/gri_srs_core_2025-06-23.xsd#gri_OtherIndicatorOfDiversityAxis" xlink:label="loc_gri_OtherIndicatorOfDiversityAxis" />
    <link:definitionArc xlink:type="arc" xlink:arcrole="http://xbrl.org/int/dim/arcrole/hypercube-dimension" xlink:from="loc_gri_DiversityOfEmployeesReportingByOtherIndicatorsOfDiversityTable" xlink:to="loc_gri_OtherIndicatorOfDiversityAxis" order="2.0" use="optional" />
    <link:loc xlink:type="locator" xlink:href="../core/gri_srs_core_2025-06-23.xsd#gri_DiversityOfEmployeesReportingByOtherIndicatorsOfDiversityLineItems" xlink:label="loc_gri_DiversityOfEmployeesReportingByOtherIndicatorsOfDiversityLineItems" />
    <link:definitionArc xlink:type="arc" xlink:arcrole="http://xbrl.org/int/dim/arcrole/domain-member" xlink:from="loc_gri_DiversityOfEmployeesReportingByOtherIndicatorsOfDiversityAbstract" xlink:to="loc_gri_DiversityOfEmployeesReportingByOtherIndicatorsOfDiversityLineItems" order="2.0" use="optional" />
    <link:loc xlink:type="locator" xlink:href="../core/gri_srs_core_2025-06-23.xsd#gri_PercentageOfEmployeesPerEmployeeCategoryReportingByOtherIndicatorOfDiversity" xlink:label="loc_gri_PercentageOfEmployeesPerEmployeeCategoryReportingByOtherIndicatorOfDiversity" />
    <link:definitionArc xlink:type="arc" xlink:arcrole="http://xbrl.org/int/dim/arcrole/domain-member" xlink:from="loc_gri_DiversityOfEmployeesReportingByOtherIndicatorsOfDiversityLineItems" xlink:to="loc_gri_PercentageOfEmployeesPerEmployeeCategoryReportingByOtherIndicatorOfDiversity" order="1.0" use="optional" />
    <link:loc xlink:type="locator" xlink:href="../core/gri_srs_core_2025-06-23.xsd#gri_ReasonForOmissionRelatedToPercentageOfEmployeesPerEmployeeCategoryReportingByOtherIndicatorOfDiversity" xlink:label="loc_gri_ReasonForOmissionRelatedToPercentageOfEmployeesPerEmployeeCategoryReportingByOtherIndicatorOfDiversity" />
    <link:definitionArc xlink:type="arc" xlink:arcrole="http://xbrl.org/int/dim/arcrole/domain-member" xlink:from="loc_gri_PercentageOfEmployeesPerEmployeeCategoryReportingByOtherIndicatorOfDiversity" xlink:to="loc_gri_ReasonForOmissionRelatedToPercentageOfEmployeesPerEmployeeCategoryReportingByOtherIndicatorOfDiversity" order="1.0" use="optional" />
    <link:loc xlink:type="locator" xlink:href="../core/gri_srs_core_2025-06-23.xsd#gri_ExplanationForReasonForOmissionRelatedToPercentageOfEmployeesPerEmployeeCategoryReportingByOtherIndicatorOfDiversityTextBlock" xlink:label="loc_gri_ExplanationForReasonForOmissionRelatedToPercentageOfEmployeesPerEmployeeCategoryReportingByOtherIndicatorOfDiversityTextBlock" />
    <link:definitionArc xlink:type="arc" xlink:arcrole="http://xbrl.org/int/dim/arcrole/domain-member" xlink:from="loc_gri_PercentageOfEmployeesPerEmployeeCategoryReportingByOtherIndicatorOfDiversity" xlink:to="loc_gri_ExplanationForReasonForOmissionRelatedToPercentageOfEmployeesPerEmployeeCategoryReportingByOtherIndicatorOfDiversityTextBlock" order="2.0" use="optional" />
  </link:definitionLink>
  <link:definitionLink xlink:type="extended" xlink:role="https://taxonomy.globalreporting.org/gri-sustainability-taxonomy/gri_srs/gri_srs_role/role_gri_404_3_b_iii_D">
    <link:loc xlink:type="locator" xlink:href="../core/gri_srs_core_2025-06-23.xsd#gri_DiversityOfEmployeesReportingByOtherIndicatorsOfDiversityAbstract" xlink:label="loc_gri_DiversityOfEmployeesReportingByOtherIndicatorsOfDiversityAbstract" />
    <link:loc xlink:type="locator" xlink:href="../core/gri_srs_core_2025-06-23.xsd#gri_DiversityOfEmployeesReportingByOtherIndicatorsOfDiversityTable" xlink:label="loc_gri_DiversityOfEmployeesReportingByOtherIndicatorsOfDiversityTable" />
    <link:definitionArc xlink:type="arc" xlink:arcrole="http://xbrl.org/int/dim/arcrole/all" xlink:from="loc_gri_DiversityOfEmployeesReportingByOtherIndicatorsOfDiversityAbstract" xlink:to="loc_gri_DiversityOfEmployeesReportingByOtherIndicatorsOfDiversityTable" order="1.0" xbrldt:contextElement="scenario" xbrldt:closed="false" use="optional" />
    <link:loc xlink:type="locator" xlink:href="../core/gri_srs_core_2025-06-23.xsd#gri_DiversityOfEmployeesReportingByOtherIndicatorsOfDiversityLineItems" xlink:label="loc_gri_DiversityOfEmployeesReportingByOtherIndicatorsOfDiversityLineItems" />
    <link:definitionArc xlink:type="arc" xlink:arcrole="http://xbrl.org/int/dim/arcrole/domain-member" xlink:from="loc_gri_DiversityOfEmployeesReportingByOtherIndicatorsOfDiversityAbstract" xlink:to="loc_gri_DiversityOfEmployeesReportingByOtherIndicatorsOfDiversityLineItems" order="2.0" use="optional" />
    <link:loc xlink:type="locator" xlink:href="../core/gri_srs_core_2025-06-23.xsd#gri_PercentageOfEmployeesPerEmployeeCategoryReportingByOtherIndicatorOfDiversity" xlink:label="loc_gri_PercentageOfEmployeesPerEmployeeCategoryReportingByOtherIndicatorOfDiversity" />
    <link:definitionArc xlink:type="arc" xlink:arcrole="http://xbrl.org/int/dim/arcrole/domain-member" xlink:from="loc_gri_DiversityOfEmployeesReportingByOtherIndicatorsOfDiversityLineItems" xlink:to="loc_gri_PercentageOfEmployeesPerEmployeeCategoryReportingByOtherIndicatorOfDiversity" order="1.0" use="optional" />
    <link:loc xlink:type="locator" xlink:href="../core/gri_srs_core_2025-06-23.xsd#gri_ReasonForOmissionRelatedToPercentageOfEmployeesPerEmployeeCategoryReportingByOtherIndicatorOfDiversity" xlink:label="loc_gri_ReasonForOmissionRelatedToPercentageOfEmployeesPerEmployeeCategoryReportingByOtherIndicatorOfDiversity" />
    <link:definitionArc xlink:type="arc" xlink:arcrole="http://xbrl.org/int/dim/arcrole/domain-member" xlink:from="loc_gri_PercentageOfEmployeesPerEmployeeCategoryReportingByOtherIndicatorOfDiversity" xlink:to="loc_gri_ReasonForOmissionRelatedToPercentageOfEmployeesPerEmployeeCategoryReportingByOtherIndicatorOfDiversity" order="1.0" use="optional" />
    <link:loc xlink:type="locator" xlink:href="../core/gri_srs_core_2025-06-23.xsd#gri_ExplanationForReasonForOmissionRelatedToPercentageOfEmployeesPerEmployeeCategoryReportingByOtherIndicatorOfDiversityTextBlock" xlink:label="loc_gri_ExplanationForReasonForOmissionRelatedToPercentageOfEmployeesPerEmployeeCategoryReportingByOtherIndicatorOfDiversityTextBlock" />
    <link:definitionArc xlink:type="arc" xlink:arcrole="http://xbrl.org/int/dim/arcrole/domain-member" xlink:from="loc_gri_PercentageOfEmployeesPerEmployeeCategoryReportingByOtherIndicatorOfDiversity" xlink:to="loc_gri_ExplanationForReasonForOmissionRelatedToPercentageOfEmployeesPerEmployeeCategoryReportingByOtherIndicatorOfDiversityTextBlock" order="2.0" use="optional" />
  </link:definitionLink>
  <link:definitionLink xlink:type="extended" xlink:role="https://taxonomy.globalreporting.org/gri-sustainability-taxonomy/gri_srs/gri_srs_role/role_gri_405_1_b_i">
    <link:loc xlink:type="locator" xlink:href="../core/gri_srs_core_2025-06-23.xsd#gri_DiversityOfEmployeesReportingByGenderAbstract" xlink:label="loc_gri_DiversityOfEmployeesReportingByGenderAbstract" />
    <link:loc xlink:type="locator" xlink:href="../core/gri_srs_core_2025-06-23.xsd#gri_DiversityOfEmployeesReportingByGenderTable" xlink:label="loc_gri_DiversityOfEmployeesReportingByGenderTable" />
    <link:definitionArc xlink:type="arc" xlink:arcrole="http://xbrl.org/int/dim/arcrole/all" xlink:from="loc_gri_DiversityOfEmployeesReportingByGenderAbstract" xlink:to="loc_gri_DiversityOfEmployeesReportingByGenderTable" order="1.0" xbrldt:contextElement="scenario" xbrldt:closed="false" use="optional" />
    <link:loc xlink:type="locator" xlink:href="../core/gri_srs_core_2025-06-23.xsd#gri_EmployeeCategoryAxis" xlink:label="loc_gri_EmployeeCategoryAxis" />
    <link:definitionArc xlink:type="arc" xlink:arcrole="http://xbrl.org/int/dim/arcrole/hypercube-dimension" xlink:from="loc_gri_DiversityOfEmployeesReportingByGenderTable" xlink:to="loc_gri_EmployeeCategoryAxis" order="1.0" use="optional" />
    <link:loc xlink:type="locator" xlink:href="../core/gri_srs_core_2025-06-23.xsd#gri_GenderAxis" xlink:label="loc_gri_GenderAxis" />
    <link:definitionArc xlink:type="arc" xlink:arcrole="http://xbrl.org/int/dim/arcrole/hypercube-dimension" xlink:from="loc_gri_DiversityOfEmployeesReportingByGenderTable" xlink:to="loc_gri_GenderAxis" order="2.0" use="optional" />
    <link:loc xlink:type="locator" xlink:href="../core/gri_srs_core_2025-06-23.xsd#gri_DiversityOfEmployeesReportingByGenderLineItems" xlink:label="loc_gri_DiversityOfEmployeesReportingByGenderLineItems" />
    <link:definitionArc xlink:type="arc" xlink:arcrole="http://xbrl.org/int/dim/arcrole/domain-member" xlink:from="loc_gri_DiversityOfEmployeesReportingByGenderAbstract" xlink:to="loc_gri_DiversityOfEmployeesReportingByGenderLineItems" order="2.0" use="optional" />
    <link:loc xlink:type="locator" xlink:href="../core/gri_srs_core_2025-06-23.xsd#gri_PercentageOfEmployeesPerEmployeeCategoryReportingByGender" xlink:label="loc_gri_PercentageOfEmployeesPerEmployeeCategoryReportingByGender" />
    <link:definitionArc xlink:type="arc" xlink:arcrole="http://xbrl.org/int/dim/arcrole/domain-member" xlink:from="loc_gri_DiversityOfEmployeesReportingByGenderLineItems" xlink:to="loc_gri_PercentageOfEmployeesPerEmployeeCategoryReportingByGender" order="1.0" use="optional" />
    <link:loc xlink:type="locator" xlink:href="../core/gri_srs_core_2025-06-23.xsd#gri_ReasonForOmissionRelatedToPercentageOfEmployeesPerEmployeeCategoryReportingByGender" xlink:label="loc_gri_ReasonForOmissionRelatedToPercentageOfEmployeesPerEmployeeCategoryReportingByGender" />
    <link:definitionArc xlink:type="arc" xlink:arcrole="http://xbrl.org/int/dim/arcrole/domain-member" xlink:from="loc_gri_PercentageOfEmployeesPerEmployeeCategoryReportingByGender" xlink:to="loc_gri_ReasonForOmissionRelatedToPercentageOfEmployeesPerEmployeeCategoryReportingByGender" order="1.0" use="optional" />
    <link:loc xlink:type="locator" xlink:href="../core/gri_srs_core_2025-06-23.xsd#gri_ExplanationForReasonForOmissionRelatedToPercentageOfEmployeesPerEmployeeCategoryReportingByGenderTextBlock" xlink:label="loc_gri_ExplanationForReasonForOmissionRelatedToPercentageOfEmployeesPerEmployeeCategoryReportingByGenderTextBlock" />
    <link:definitionArc xlink:type="arc" xlink:arcrole="http://xbrl.org/int/dim/arcrole/domain-member" xlink:from="loc_gri_PercentageOfEmployeesPerEmployeeCategoryReportingByGender" xlink:to="loc_gri_ExplanationForReasonForOmissionRelatedToPercentageOfEmployeesPerEmployeeCategoryReportingByGenderTextBlock" order="2.0" use="optional" />
  </link:definitionLink>
  <link:definitionLink xlink:type="extended" xlink:role="https://taxonomy.globalreporting.org/gri-sustainability-taxonomy/gri_srs/gri_srs_role/role_gri_405_1_b_i_D">
    <link:loc xlink:type="locator" xlink:href="../core/gri_srs_core_2025-06-23.xsd#gri_DiversityOfEmployeesReportingByGenderAbstract" xlink:label="loc_gri_DiversityOfEmployeesReportingByGenderAbstract" />
    <link:loc xlink:type="locator" xlink:href="../core/gri_srs_core_2025-06-23.xsd#gri_DiversityOfEmployeesReportingByGenderTable" xlink:label="loc_gri_DiversityOfEmployeesReportingByGenderTable" />
    <link:definitionArc xlink:type="arc" xlink:arcrole="http://xbrl.org/int/dim/arcrole/all" xlink:from="loc_gri_DiversityOfEmployeesReportingByGenderAbstract" xlink:to="loc_gri_DiversityOfEmployeesReportingByGenderTable" order="1.0" xbrldt:contextElement="scenario" xbrldt:closed="false" use="optional" />
    <link:loc xlink:type="locator" xlink:href="../core/gri_srs_core_2025-06-23.xsd#gri_DiversityOfEmployeesReportingByGenderLineItems" xlink:label="loc_gri_DiversityOfEmployeesReportingByGenderLineItems" />
    <link:definitionArc xlink:type="arc" xlink:arcrole="http://xbrl.org/int/dim/arcrole/domain-member" xlink:from="loc_gri_DiversityOfEmployeesReportingByGenderAbstract" xlink:to="loc_gri_DiversityOfEmployeesReportingByGenderLineItems" order="2.0" use="optional" />
    <link:loc xlink:type="locator" xlink:href="../core/gri_srs_core_2025-06-23.xsd#gri_PercentageOfEmployeesPerEmployeeCategoryReportingByGender" xlink:label="loc_gri_PercentageOfEmployeesPerEmployeeCategoryReportingByGender" />
    <link:definitionArc xlink:type="arc" xlink:arcrole="http://xbrl.org/int/dim/arcrole/domain-member" xlink:from="loc_gri_DiversityOfEmployeesReportingByGenderLineItems" xlink:to="loc_gri_PercentageOfEmployeesPerEmployeeCategoryReportingByGender" order="1.0" use="optional" />
    <link:loc xlink:type="locator" xlink:href="../core/gri_srs_core_2025-06-23.xsd#gri_ReasonForOmissionRelatedToPercentageOfEmployeesPerEmployeeCategoryReportingByGender" xlink:label="loc_gri_ReasonForOmissionRelatedToPercentageOfEmployeesPerEmployeeCategoryReportingByGender" />
    <link:definitionArc xlink:type="arc" xlink:arcrole="http://xbrl.org/int/dim/arcrole/domain-member" xlink:from="loc_gri_PercentageOfEmployeesPerEmployeeCategoryReportingByGender" xlink:to="loc_gri_ReasonForOmissionRelatedToPercentageOfEmployeesPerEmployeeCategoryReportingByGender" order="1.0" use="optional" />
    <link:loc xlink:type="locator" xlink:href="../core/gri_srs_core_2025-06-23.xsd#gri_ExplanationForReasonForOmissionRelatedToPercentageOfEmployeesPerEmployeeCategoryReportingByGenderTextBlock" xlink:label="loc_gri_ExplanationForReasonForOmissionRelatedToPercentageOfEmployeesPerEmployeeCategoryReportingByGenderTextBlock" />
    <link:definitionArc xlink:type="arc" xlink:arcrole="http://xbrl.org/int/dim/arcrole/domain-member" xlink:from="loc_gri_PercentageOfEmployeesPerEmployeeCategoryReportingByGender" xlink:to="loc_gri_ExplanationForReasonForOmissionRelatedToPercentageOfEmployeesPerEmployeeCategoryReportingByGenderTextBlock" order="2.0" use="optional" />
  </link:definitionLink>
  <link:definitionLink xlink:type="extended" xlink:role="https://taxonomy.globalreporting.org/gri-sustainability-taxonomy/gri_srs/gri_srs_role/role_gri_405_2">
    <link:loc xlink:type="locator" xlink:href="../core/gri_srs_core_2025-06-23.xsd#gri_DisclosureOfRatioOfBasicSalaryAndRemunerationOfWomenToMenAbstract" xlink:label="loc_gri_DisclosureOfRatioOfBasicSalaryAndRemunerationOfWomenToMenAbstract" />
    <link:loc xlink:type="locator" xlink:href="../core/gri_srs_core_2025-06-23.xsd#gri_RatioOfBasicSalaryAndRemunerationOfWomenToMenTable" xlink:label="loc_gri_RatioOfBasicSalaryAndRemunerationOfWomenToMenTable" />
    <link:definitionArc xlink:type="arc" xlink:arcrole="http://xbrl.org/int/dim/arcrole/all" xlink:from="loc_gri_DisclosureOfRatioOfBasicSalaryAndRemunerationOfWomenToMenAbstract" xlink:to="loc_gri_RatioOfBasicSalaryAndRemunerationOfWomenToMenTable" order="1.0" xbrldt:contextElement="scenario" xbrldt:closed="false" use="optional" />
    <link:loc xlink:type="locator" xlink:href="../core/gri_srs_core_2025-06-23.xsd#gri_SignificantLocationOfOperationAxis" xlink:label="loc_gri_SignificantLocationOfOperationAxis" />
    <link:definitionArc xlink:type="arc" xlink:arcrole="http://xbrl.org/int/dim/arcrole/hypercube-dimension" xlink:from="loc_gri_RatioOfBasicSalaryAndRemunerationOfWomenToMenTable" xlink:to="loc_gri_SignificantLocationOfOperationAxis" order="1.0" use="optional" />
    <link:loc xlink:type="locator" xlink:href="../core/gri_srs_core_2025-06-23.xsd#gri_EmployeeCategoryAxis" xlink:label="loc_gri_EmployeeCategoryAxis" />
    <link:definitionArc xlink:type="arc" xlink:arcrole="http://xbrl.org/int/dim/arcrole/hypercube-dimension" xlink:from="loc_gri_RatioOfBasicSalaryAndRemunerationOfWomenToMenTable" xlink:to="loc_gri_EmployeeCategoryAxis" order="2.0" use="optional" />
    <link:loc xlink:type="locator" xlink:href="../core/gri_srs_core_2025-06-23.xsd#gri_RatioOfBasicSalaryAndRemunerationOfWomenToMenLineItems" xlink:label="loc_gri_RatioOfBasicSalaryAndRemunerationOfWomenToMenLineItems" />
    <link:definitionArc xlink:type="arc" xlink:arcrole="http://xbrl.org/int/dim/arcrole/domain-member" xlink:from="loc_gri_DisclosureOfRatioOfBasicSalaryAndRemunerationOfWomenToMenAbstract" xlink:to="loc_gri_RatioOfBasicSalaryAndRemunerationOfWomenToMenLineItems" order="2.0" use="optional" />
    <link:loc xlink:type="locator" xlink:href="../core/gri_srs_core_2025-06-23.xsd#gri_RatioOfBasicSalaryOfWomenToMen" xlink:label="loc_gri_RatioOfBasicSalaryOfWomenToMen" />
    <link:definitionArc xlink:type="arc" xlink:arcrole="http://xbrl.org/int/dim/arcrole/domain-member" xlink:from="loc_gri_RatioOfBasicSalaryAndRemunerationOfWomenToMenLineItems" xlink:to="loc_gri_RatioOfBasicSalaryOfWomenToMen" order="1.0" use="optional" />
    <link:loc xlink:type="locator" xlink:href="../core/gri_srs_core_2025-06-23.xsd#gri_ReasonForOmissionRelatedToRatioOfBasicSalaryOfWomenToMen" xlink:label="loc_gri_ReasonForOmissionRelatedToRatioOfBasicSalaryOfWomenToMen" />
    <link:definitionArc xlink:type="arc" xlink:arcrole="http://xbrl.org/int/dim/arcrole/domain-member" xlink:from="loc_gri_RatioOfBasicSalaryOfWomenToMen" xlink:to="loc_gri_ReasonForOmissionRelatedToRatioOfBasicSalaryOfWomenToMen" order="1.0" use="optional" />
    <link:loc xlink:type="locator" xlink:href="../core/gri_srs_core_2025-06-23.xsd#gri_ExplanationForReasonForOmissionRelatedToRatioOfBasicSalaryOfWomenToMenTextBlock" xlink:label="loc_gri_ExplanationForReasonForOmissionRelatedToRatioOfBasicSalaryOfWomenToMenTextBlock" />
    <link:definitionArc xlink:type="arc" xlink:arcrole="http://xbrl.org/int/dim/arcrole/domain-member" xlink:from="loc_gri_RatioOfBasicSalaryOfWomenToMen" xlink:to="loc_gri_ExplanationForReasonForOmissionRelatedToRatioOfBasicSalaryOfWomenToMenTextBlock" order="2.0" use="optional" />
    <link:loc xlink:type="locator" xlink:href="../core/gri_srs_core_2025-06-23.xsd#gri_RatioOfRemunerationOfWomenToMen" xlink:label="loc_gri_RatioOfRemunerationOfWomenToMen" />
    <link:definitionArc xlink:type="arc" xlink:arcrole="http://xbrl.org/int/dim/arcrole/domain-member" xlink:from="loc_gri_RatioOfBasicSalaryAndRemunerationOfWomenToMenLineItems" xlink:to="loc_gri_RatioOfRemunerationOfWomenToMen" order="2.0" use="optional" />
    <link:loc xlink:type="locator" xlink:href="../core/gri_srs_core_2025-06-23.xsd#gri_ReasonForOmissionRelatedToRatioOfRemunerationOfWomenToMen" xlink:label="loc_gri_ReasonForOmissionRelatedToRatioOfRemunerationOfWomenToMen" />
    <link:definitionArc xlink:type="arc" xlink:arcrole="http://xbrl.org/int/dim/arcrole/domain-member" xlink:from="loc_gri_RatioOfRemunerationOfWomenToMen" xlink:to="loc_gri_ReasonForOmissionRelatedToRatioOfRemunerationOfWomenToMen" order="1.0" use="optional" />
    <link:loc xlink:type="locator" xlink:href="../core/gri_srs_core_2025-06-23.xsd#gri_ExplanationForReasonForOmissionRelatedToRatioOfRemunerationOfWomenToMenTextBlock" xlink:label="loc_gri_ExplanationForReasonForOmissionRelatedToRatioOfRemunerationOfWomenToMenTextBlock" />
    <link:definitionArc xlink:type="arc" xlink:arcrole="http://xbrl.org/int/dim/arcrole/domain-member" xlink:from="loc_gri_RatioOfRemunerationOfWomenToMen" xlink:to="loc_gri_ExplanationForReasonForOmissionRelatedToRatioOfRemunerationOfWomenToMenTextBlock" order="2.0" use="optional" />
  </link:definitionLink>
  <link:definitionLink xlink:type="extended" xlink:role="https://taxonomy.globalreporting.org/gri-sustainability-taxonomy/gri_srs/gri_srs_role/role_gri_405_2_D">
    <link:loc xlink:type="locator" xlink:href="../core/gri_srs_core_2025-06-23.xsd#gri_DisclosureOfRatioOfBasicSalaryAndRemunerationOfWomenToMenAbstract" xlink:label="loc_gri_DisclosureOfRatioOfBasicSalaryAndRemunerationOfWomenToMenAbstract" />
    <link:loc xlink:type="locator" xlink:href="../core/gri_srs_core_2025-06-23.xsd#gri_RatioOfBasicSalaryAndRemunerationOfWomenToMenTable" xlink:label="loc_gri_RatioOfBasicSalaryAndRemunerationOfWomenToMenTable" />
    <link:definitionArc xlink:type="arc" xlink:arcrole="http://xbrl.org/int/dim/arcrole/all" xlink:from="loc_gri_DisclosureOfRatioOfBasicSalaryAndRemunerationOfWomenToMenAbstract" xlink:to="loc_gri_RatioOfBasicSalaryAndRemunerationOfWomenToMenTable" order="1.0" xbrldt:contextElement="scenario" xbrldt:closed="false" use="optional" />
    <link:loc xlink:type="locator" xlink:href="../core/gri_srs_core_2025-06-23.xsd#gri_RatioOfBasicSalaryAndRemunerationOfWomenToMenLineItems" xlink:label="loc_gri_RatioOfBasicSalaryAndRemunerationOfWomenToMenLineItems" />
    <link:definitionArc xlink:type="arc" xlink:arcrole="http://xbrl.org/int/dim/arcrole/domain-member" xlink:from="loc_gri_DisclosureOfRatioOfBasicSalaryAndRemunerationOfWomenToMenAbstract" xlink:to="loc_gri_RatioOfBasicSalaryAndRemunerationOfWomenToMenLineItems" order="2.0" use="optional" />
    <link:loc xlink:type="locator" xlink:href="../core/gri_srs_core_2025-06-23.xsd#gri_RatioOfBasicSalaryOfWomenToMen" xlink:label="loc_gri_RatioOfBasicSalaryOfWomenToMen" />
    <link:definitionArc xlink:type="arc" xlink:arcrole="http://xbrl.org/int/dim/arcrole/domain-member" xlink:from="loc_gri_RatioOfBasicSalaryAndRemunerationOfWomenToMenLineItems" xlink:to="loc_gri_RatioOfBasicSalaryOfWomenToMen" order="1.0" use="optional" />
    <link:loc xlink:type="locator" xlink:href="../core/gri_srs_core_2025-06-23.xsd#gri_ReasonForOmissionRelatedToRatioOfBasicSalaryOfWomenToMen" xlink:label="loc_gri_ReasonForOmissionRelatedToRatioOfBasicSalaryOfWomenToMen" />
    <link:definitionArc xlink:type="arc" xlink:arcrole="http://xbrl.org/int/dim/arcrole/domain-member" xlink:from="loc_gri_RatioOfBasicSalaryOfWomenToMen" xlink:to="loc_gri_ReasonForOmissionRelatedToRatioOfBasicSalaryOfWomenToMen" order="1.0" use="optional" />
    <link:loc xlink:type="locator" xlink:href="../core/gri_srs_core_2025-06-23.xsd#gri_ExplanationForReasonForOmissionRelatedToRatioOfBasicSalaryOfWomenToMenTextBlock" xlink:label="loc_gri_ExplanationForReasonForOmissionRelatedToRatioOfBasicSalaryOfWomenToMenTextBlock" />
    <link:definitionArc xlink:type="arc" xlink:arcrole="http://xbrl.org/int/dim/arcrole/domain-member" xlink:from="loc_gri_RatioOfBasicSalaryOfWomenToMen" xlink:to="loc_gri_ExplanationForReasonForOmissionRelatedToRatioOfBasicSalaryOfWomenToMenTextBlock" order="2.0" use="optional" />
    <link:loc xlink:type="locator" xlink:href="../core/gri_srs_core_2025-06-23.xsd#gri_RatioOfRemunerationOfWomenToMen" xlink:label="loc_gri_RatioOfRemunerationOfWomenToMen" />
    <link:definitionArc xlink:type="arc" xlink:arcrole="http://xbrl.org/int/dim/arcrole/domain-member" xlink:from="loc_gri_RatioOfBasicSalaryAndRemunerationOfWomenToMenLineItems" xlink:to="loc_gri_RatioOfRemunerationOfWomenToMen" order="2.0" use="optional" />
    <link:loc xlink:type="locator" xlink:href="../core/gri_srs_core_2025-06-23.xsd#gri_ReasonForOmissionRelatedToRatioOfRemunerationOfWomenToMen" xlink:label="loc_gri_ReasonForOmissionRelatedToRatioOfRemunerationOfWomenToMen" />
    <link:definitionArc xlink:type="arc" xlink:arcrole="http://xbrl.org/int/dim/arcrole/domain-member" xlink:from="loc_gri_RatioOfRemunerationOfWomenToMen" xlink:to="loc_gri_ReasonForOmissionRelatedToRatioOfRemunerationOfWomenToMen" order="1.0" use="optional" />
    <link:loc xlink:type="locator" xlink:href="../core/gri_srs_core_2025-06-23.xsd#gri_ExplanationForReasonForOmissionRelatedToRatioOfRemunerationOfWomenToMenTextBlock" xlink:label="loc_gri_ExplanationForReasonForOmissionRelatedToRatioOfRemunerationOfWomenToMenTextBlock" />
    <link:definitionArc xlink:type="arc" xlink:arcrole="http://xbrl.org/int/dim/arcrole/domain-member" xlink:from="loc_gri_RatioOfRemunerationOfWomenToMen" xlink:to="loc_gri_ExplanationForReasonForOmissionRelatedToRatioOfRemunerationOfWomenToMenTextBlock" order="2.0" use="optional" />
  </link:definitionLink>
  <link:definitionLink xlink:type="extended" xlink:role="https://taxonomy.globalreporting.org/gri-sustainability-taxonomy/gri_srs/gri_srs_role/role_gri_405_a_i">
    <link:loc xlink:type="locator" xlink:href="../core/gri_srs_core_2025-06-23.xsd#gri_DiversityOfGovernanceBodiesReportingByGenderAbstract" xlink:label="loc_gri_DiversityOfGovernanceBodiesReportingByGenderAbstract" />
    <link:loc xlink:type="locator" xlink:href="../core/gri_srs_core_2025-06-23.xsd#gri_DiversityOfGovernanceBodiesReportingByGenderTable" xlink:label="loc_gri_DiversityOfGovernanceBodiesReportingByGenderTable" />
    <link:definitionArc xlink:type="arc" xlink:arcrole="http://xbrl.org/int/dim/arcrole/all" xlink:from="loc_gri_DiversityOfGovernanceBodiesReportingByGenderAbstract" xlink:to="loc_gri_DiversityOfGovernanceBodiesReportingByGenderTable" order="1.0" xbrldt:contextElement="scenario" xbrldt:closed="false" use="optional" />
    <link:loc xlink:type="locator" xlink:href="../core/gri_srs_core_2025-06-23.xsd#gri_GovernanceBodyAxis" xlink:label="loc_gri_GovernanceBodyAxis" />
    <link:definitionArc xlink:type="arc" xlink:arcrole="http://xbrl.org/int/dim/arcrole/hypercube-dimension" xlink:from="loc_gri_DiversityOfGovernanceBodiesReportingByGenderTable" xlink:to="loc_gri_GovernanceBodyAxis" order="1.0" use="optional" />
    <link:loc xlink:type="locator" xlink:href="../core/gri_srs_core_2025-06-23.xsd#gri_GenderAxis" xlink:label="loc_gri_GenderAxis" />
    <link:definitionArc xlink:type="arc" xlink:arcrole="http://xbrl.org/int/dim/arcrole/hypercube-dimension" xlink:from="loc_gri_DiversityOfGovernanceBodiesReportingByGenderTable" xlink:to="loc_gri_GenderAxis" order="2.0" use="optional" />
    <link:loc xlink:type="locator" xlink:href="../core/gri_srs_core_2025-06-23.xsd#gri_DiversityOfGovernanceBodiesReportingByGenderLineItems" xlink:label="loc_gri_DiversityOfGovernanceBodiesReportingByGenderLineItems" />
    <link:definitionArc xlink:type="arc" xlink:arcrole="http://xbrl.org/int/dim/arcrole/domain-member" xlink:from="loc_gri_DiversityOfGovernanceBodiesReportingByGenderAbstract" xlink:to="loc_gri_DiversityOfGovernanceBodiesReportingByGenderLineItems" order="2.0" use="optional" />
    <link:loc xlink:type="locator" xlink:href="../core/gri_srs_core_2025-06-23.xsd#gri_PercentageOfIndividualsWithinOrganizationsGovernanceBodiesReportingByGender" xlink:label="loc_gri_PercentageOfIndividualsWithinOrganizationsGovernanceBodiesReportingByGender" />
    <link:definitionArc xlink:type="arc" xlink:arcrole="http://xbrl.org/int/dim/arcrole/domain-member" xlink:from="loc_gri_DiversityOfGovernanceBodiesReportingByGenderLineItems" xlink:to="loc_gri_PercentageOfIndividualsWithinOrganizationsGovernanceBodiesReportingByGender" order="1.0" use="optional" />
    <link:loc xlink:type="locator" xlink:href="../core/gri_srs_core_2025-06-23.xsd#gri_ReasonForOmissionRelatedToPercentageOfIndividualsWithinOrganizationsGovernanceBodiesBreakdownByGender" xlink:label="loc_gri_ReasonForOmissionRelatedToPercentageOfIndividualsWithinOrganizationsGovernanceBodiesBreakdownByGender" />
    <link:definitionArc xlink:type="arc" xlink:arcrole="http://xbrl.org/int/dim/arcrole/domain-member" xlink:from="loc_gri_PercentageOfIndividualsWithinOrganizationsGovernanceBodiesReportingByGender" xlink:to="loc_gri_ReasonForOmissionRelatedToPercentageOfIndividualsWithinOrganizationsGovernanceBodiesBreakdownByGender" order="1.0" use="optional" />
    <link:loc xlink:type="locator" xlink:href="../core/gri_srs_core_2025-06-23.xsd#gri_ExplanationForReasonForOmissionRelatedToPercentageOfIndividualsWithinOrganizationsGovernanceBodiesBreakdownByGenderTextBlock" xlink:label="loc_gri_ExplanationForReasonForOmissionRelatedToPercentageOfIndividualsWithinOrganizationsGovernanceBodiesBreakdownByGenderTextBlock" />
    <link:definitionArc xlink:type="arc" xlink:arcrole="http://xbrl.org/int/dim/arcrole/domain-member" xlink:from="loc_gri_PercentageOfIndividualsWithinOrganizationsGovernanceBodiesReportingByGender" xlink:to="loc_gri_ExplanationForReasonForOmissionRelatedToPercentageOfIndividualsWithinOrganizationsGovernanceBodiesBreakdownByGenderTextBlock" order="2.0" use="optional" />
  </link:definitionLink>
  <link:definitionLink xlink:type="extended" xlink:role="https://taxonomy.globalreporting.org/gri-sustainability-taxonomy/gri_srs/gri_srs_role/role_gri_405_a_i_D">
    <link:loc xlink:type="locator" xlink:href="../core/gri_srs_core_2025-06-23.xsd#gri_DiversityOfGovernanceBodiesReportingByGenderAbstract" xlink:label="loc_gri_DiversityOfGovernanceBodiesReportingByGenderAbstract" />
    <link:loc xlink:type="locator" xlink:href="../core/gri_srs_core_2025-06-23.xsd#gri_DiversityOfGovernanceBodiesReportingByGenderTable" xlink:label="loc_gri_DiversityOfGovernanceBodiesReportingByGenderTable" />
    <link:definitionArc xlink:type="arc" xlink:arcrole="http://xbrl.org/int/dim/arcrole/all" xlink:from="loc_gri_DiversityOfGovernanceBodiesReportingByGenderAbstract" xlink:to="loc_gri_DiversityOfGovernanceBodiesReportingByGenderTable" order="1.0" xbrldt:contextElement="scenario" xbrldt:closed="false" use="optional" />
    <link:loc xlink:type="locator" xlink:href="../core/gri_srs_core_2025-06-23.xsd#gri_DiversityOfGovernanceBodiesReportingByGenderLineItems" xlink:label="loc_gri_DiversityOfGovernanceBodiesReportingByGenderLineItems" />
    <link:definitionArc xlink:type="arc" xlink:arcrole="http://xbrl.org/int/dim/arcrole/domain-member" xlink:from="loc_gri_DiversityOfGovernanceBodiesReportingByGenderAbstract" xlink:to="loc_gri_DiversityOfGovernanceBodiesReportingByGenderLineItems" order="2.0" use="optional" />
    <link:loc xlink:type="locator" xlink:href="../core/gri_srs_core_2025-06-23.xsd#gri_PercentageOfIndividualsWithinOrganizationsGovernanceBodiesReportingByGender" xlink:label="loc_gri_PercentageOfIndividualsWithinOrganizationsGovernanceBodiesReportingByGender" />
    <link:definitionArc xlink:type="arc" xlink:arcrole="http://xbrl.org/int/dim/arcrole/domain-member" xlink:from="loc_gri_DiversityOfGovernanceBodiesReportingByGenderLineItems" xlink:to="loc_gri_PercentageOfIndividualsWithinOrganizationsGovernanceBodiesReportingByGender" order="1.0" use="optional" />
    <link:loc xlink:type="locator" xlink:href="../core/gri_srs_core_2025-06-23.xsd#gri_ReasonForOmissionRelatedToPercentageOfIndividualsWithinOrganizationsGovernanceBodiesBreakdownByGender" xlink:label="loc_gri_ReasonForOmissionRelatedToPercentageOfIndividualsWithinOrganizationsGovernanceBodiesBreakdownByGender" />
    <link:definitionArc xlink:type="arc" xlink:arcrole="http://xbrl.org/int/dim/arcrole/domain-member" xlink:from="loc_gri_PercentageOfIndividualsWithinOrganizationsGovernanceBodiesReportingByGender" xlink:to="loc_gri_ReasonForOmissionRelatedToPercentageOfIndividualsWithinOrganizationsGovernanceBodiesBreakdownByGender" order="1.0" use="optional" />
    <link:loc xlink:type="locator" xlink:href="../core/gri_srs_core_2025-06-23.xsd#gri_ExplanationForReasonForOmissionRelatedToPercentageOfIndividualsWithinOrganizationsGovernanceBodiesBreakdownByGenderTextBlock" xlink:label="loc_gri_ExplanationForReasonForOmissionRelatedToPercentageOfIndividualsWithinOrganizationsGovernanceBodiesBreakdownByGenderTextBlock" />
    <link:definitionArc xlink:type="arc" xlink:arcrole="http://xbrl.org/int/dim/arcrole/domain-member" xlink:from="loc_gri_PercentageOfIndividualsWithinOrganizationsGovernanceBodiesReportingByGender" xlink:to="loc_gri_ExplanationForReasonForOmissionRelatedToPercentageOfIndividualsWithinOrganizationsGovernanceBodiesBreakdownByGenderTextBlock" order="2.0" use="optional" />
  </link:definitionLink>
</link:linkbase>