﻿<?xml version="1.0" encoding="utf-8"?>
<!-- Generated by GRI Taxonomy Editor-->
<link:linkbase xsi:schemaLocation="http://www.xbrl.org/2003/linkbase http://www.xbrl.org/2003/xbrl-linkbase-2003-12-31.xsd http://xbrl.org/2005/xbrldt http://www.xbrl.org/2005/xbrldt-2005.xsd http://www.xbrl.org/2003/instance http://www.xbrl.org/2003/xbrl-instance-2003-12-31.xsd http://www.w3.org/1999/xlink http://www.xbrl.org/2003/xlink-2003-12-31.xsd " xmlns:link="http://www.xbrl.org/2003/linkbase" xmlns:xbrldt="http://xbrl.org/2005/xbrldt" xmlns:xbrli="http://www.xbrl.org/2003/instance" xmlns:xlink="http://www.w3.org/1999/xlink" xmlns:xsi="http://www.w3.org/2001/XMLSchema-instance">
  <!-- Role Ref -->
  <link:roleRef roleURI="https://taxonomy.globalreporting.org/gri-sustainability-taxonomy/gri_srs/gri_srs_role/role_gri_416_2" xlink:type="simple" xlink:href="role_gri_srs_2025-06-23.xsd#role_gri_416_2" />
  <!-- ArcRole Ref -->
  <link:arcroleRef arcroleURI="http://xbrl.org/int/dim/arcrole/all" xlink:type="simple" xlink:href="http://www.xbrl.org/2005/xbrldt-2005.xsd#all" />
  <link:arcroleRef arcroleURI="http://xbrl.org/int/dim/arcrole/dimension-domain" xlink:type="simple" xlink:href="http://www.xbrl.org/2005/xbrldt-2005.xsd#dimension-domain" />
  <link:arcroleRef arcroleURI="http://xbrl.org/int/dim/arcrole/domain-member" xlink:type="simple" xlink:href="http://www.xbrl.org/2005/xbrldt-2005.xsd#domain-member" />
  <link:arcroleRef arcroleURI="http://xbrl.org/int/dim/arcrole/hypercube-dimension" xlink:type="simple" xlink:href="http://www.xbrl.org/2005/xbrldt-2005.xsd#hypercube-dimension" />
  <link:definitionLink xlink:type="extended" xlink:role="https://taxonomy.globalreporting.org/gri-sustainability-taxonomy/gri_srs/gri_srs_role/role_gri_416_2">
    <link:loc xlink:type="locator" xlink:href="../core/gri_srs_core_2025-06-23.xsd#gri_DisclosureOfIncidentsOfNonComplianceConcerningHealthAndSafetyImpactsOfProductsAndServicesAbstract" xlink:label="loc_gri_DisclosureOfIncidentsOfNonComplianceConcerningHealthAndSafetyImpactsOfProductsAndServicesAbstract" />
    <link:loc xlink:type="locator" xlink:href="../core/gri_srs_core_2025-06-23.xsd#gri_IncidentsOfNonComplianceConcerningHealthAndSafetyImpactsOfProductsAndServicesTable" xlink:label="loc_gri_IncidentsOfNonComplianceConcerningHealthAndSafetyImpactsOfProductsAndServicesTable" />
    <link:definitionArc xlink:type="arc" xlink:arcrole="http://xbrl.org/int/dim/arcrole/all" xlink:from="loc_gri_DisclosureOfIncidentsOfNonComplianceConcerningHealthAndSafetyImpactsOfProductsAndServicesAbstract" xlink:to="loc_gri_IncidentsOfNonComplianceConcerningHealthAndSafetyImpactsOfProductsAndServicesTable" order="1.0" xbrldt:contextElement="scenario" xbrldt:closed="false" use="optional" />
    <link:loc xlink:type="locator" xlink:href="../core/gri_srs_core_2025-06-23.xsd#gri_IncidentsOfNonComplianceAxis" xlink:label="loc_gri_IncidentsOfNonComplianceAxis" />
    <link:definitionArc xlink:type="arc" xlink:arcrole="http://xbrl.org/int/dim/arcrole/hypercube-dimension" xlink:from="loc_gri_IncidentsOfNonComplianceConcerningHealthAndSafetyImpactsOfProductsAndServicesTable" xlink:to="loc_gri_IncidentsOfNonComplianceAxis" order="1.0" use="optional" />
    <link:loc xlink:type="locator" xlink:href="../core/gri_srs_core_2025-06-23.xsd#gri_IncidentsOfNonComplianceDomain" xlink:label="loc_gri_IncidentsOfNonComplianceDomain" />
    <link:definitionArc xlink:type="arc" xlink:arcrole="http://xbrl.org/int/dim/arcrole/dimension-domain" xlink:from="loc_gri_IncidentsOfNonComplianceAxis" xlink:to="loc_gri_IncidentsOfNonComplianceDomain" order="1.0" use="optional" />
    <link:loc xlink:type="locator" xlink:href="../core/gri_srs_core_2025-06-23.xsd#gri_IncidentsOfNonComplianceWithRegulationsResultingInFineOrPenaltyMember" xlink:label="loc_gri_IncidentsOfNonComplianceWithRegulationsResultingInFineOrPenaltyMember" />
    <link:definitionArc xlink:type="arc" xlink:arcrole="http://xbrl.org/int/dim/arcrole/domain-member" xlink:from="loc_gri_IncidentsOfNonComplianceDomain" xlink:to="loc_gri_IncidentsOfNonComplianceWithRegulationsResultingInFineOrPenaltyMember" order="1.0" use="optional" />
    <link:loc xlink:type="locator" xlink:href="../core/gri_srs_core_2025-06-23.xsd#gri_IncidentsOfNonComplianceWithRegulationsResultingInWarningMember" xlink:label="loc_gri_IncidentsOfNonComplianceWithRegulationsResultingInWarningMember" />
    <link:definitionArc xlink:type="arc" xlink:arcrole="http://xbrl.org/int/dim/arcrole/domain-member" xlink:from="loc_gri_IncidentsOfNonComplianceDomain" xlink:to="loc_gri_IncidentsOfNonComplianceWithRegulationsResultingInWarningMember" order="2.0" use="optional" />
    <link:loc xlink:type="locator" xlink:href="../core/gri_srs_core_2025-06-23.xsd#gri_IncidentsOfNonComplianceWithVoluntaryCodesMember" xlink:label="loc_gri_IncidentsOfNonComplianceWithVoluntaryCodesMember" />
    <link:definitionArc xlink:type="arc" xlink:arcrole="http://xbrl.org/int/dim/arcrole/domain-member" xlink:from="loc_gri_IncidentsOfNonComplianceDomain" xlink:to="loc_gri_IncidentsOfNonComplianceWithVoluntaryCodesMember" order="3.0" use="optional" />
    <link:loc xlink:type="locator" xlink:href="../core/gri_srs_core_2025-06-23.xsd#gri_IncidentsOfNonComplianceConcerningHealthAndSafetyImpactsOfProductsAndServicesLineItems" xlink:label="loc_gri_IncidentsOfNonComplianceConcerningHealthAndSafetyImpactsOfProductsAndServicesLineItems" />
    <link:definitionArc xlink:type="arc" xlink:arcrole="http://xbrl.org/int/dim/arcrole/domain-member" xlink:from="loc_gri_DisclosureOfIncidentsOfNonComplianceConcerningHealthAndSafetyImpactsOfProductsAndServicesAbstract" xlink:to="loc_gri_IncidentsOfNonComplianceConcerningHealthAndSafetyImpactsOfProductsAndServicesLineItems" order="2.0" use="optional" />
    <link:loc xlink:type="locator" xlink:href="../core/gri_srs_core_2025-06-23.xsd#gri_TotalNumberOfIncidentsOfNonComplianceWithRegulationsAndOrVoluntaryCodesConcerningHealthAndSafetyImpactsOfProductsAndServices" xlink:label="loc_gri_TotalNumberOfIncidentsOfNonComplianceWithRegulationsAndOrVoluntaryCodesConcerningHealthAndSafetyImpactsOfProductsAndServices" />
    <link:definitionArc xlink:type="arc" xlink:arcrole="http://xbrl.org/int/dim/arcrole/domain-member" xlink:from="loc_gri_IncidentsOfNonComplianceConcerningHealthAndSafetyImpactsOfProductsAndServicesLineItems" xlink:to="loc_gri_TotalNumberOfIncidentsOfNonComplianceWithRegulationsAndOrVoluntaryCodesConcerningHealthAndSafetyImpactsOfProductsAndServices" order="1.0" use="optional" />
    <link:loc xlink:type="locator" xlink:href="../core/gri_srs_core_2025-06-23.xsd#gri_ReasonForOmissionRelatedToTotalNumberOfIncidentsOfNonComplianceWithRegulationsAndOrVoluntaryCodesConcerningHealthAndSafetyImpactsOfProductsAndServices" xlink:label="loc_gri_ReasonForOmissionRelatedToTotalNumberOfIncidentsOfNonComplianceWithRegulationsAndOrVoluntaryCodesConcerningHealthAndSafetyImpactsOfProductsAndServices" />
    <link:definitionArc xlink:type="arc" xlink:arcrole="http://xbrl.org/int/dim/arcrole/domain-member" xlink:from="loc_gri_TotalNumberOfIncidentsOfNonComplianceWithRegulationsAndOrVoluntaryCodesConcerningHealthAndSafetyImpactsOfProductsAndServices" xlink:to="loc_gri_ReasonForOmissionRelatedToTotalNumberOfIncidentsOfNonComplianceWithRegulationsAndOrVoluntaryCodesConcerningHealthAndSafetyImpactsOfProductsAndServices" order="1.0" use="optional" />
    <link:loc xlink:type="locator" xlink:href="../core/gri_srs_core_2025-06-23.xsd#gri_ExplanationForReasonForOmissionRelatedToTotalNumberOfIncidentsOfNonComplianceWithRegulationsAndOrVoluntaryCodesConcerningHealthAndSafetyImpactsOfProductsAndServicesTextBlock" xlink:label="loc_gri_ExplanationForReasonForOmissionRelatedToTotalNumberOfIncidentsOfNonComplianceWithRegulationsAndOrVoluntaryCodesConcerningHealthAndSafetyImpactsOfProductsAndServicesTextBlock" />
    <link:definitionArc xlink:type="arc" xlink:arcrole="http://xbrl.org/int/dim/arcrole/domain-member" xlink:from="loc_gri_TotalNumberOfIncidentsOfNonComplianceWithRegulationsAndOrVoluntaryCodesConcerningHealthAndSafetyImpactsOfProductsAndServices" xlink:to="loc_gri_ExplanationForReasonForOmissionRelatedToTotalNumberOfIncidentsOfNonComplianceWithRegulationsAndOrVoluntaryCodesConcerningHealthAndSafetyImpactsOfProductsAndServicesTextBlock" order="2.0" use="optional" />
  </link:definitionLink>
</link:linkbase>