﻿<?xml version="1.0" encoding="utf-8"?>
<!-- Generated by GRI Taxonomy Editor-->
<link:linkbase xsi:schemaLocation="http://www.xbrl.org/2003/linkbase http://www.xbrl.org/2003/xbrl-linkbase-2003-12-31.xsd http://xbrl.org/2005/xbrldt http://www.xbrl.org/2005/xbrldt-2005.xsd http://www.xbrl.org/2003/instance http://www.xbrl.org/2003/xbrl-instance-2003-12-31.xsd http://www.w3.org/1999/xlink http://www.xbrl.org/2003/xlink-2003-12-31.xsd " xmlns:link="http://www.xbrl.org/2003/linkbase" xmlns:xbrldt="http://xbrl.org/2005/xbrldt" xmlns:xbrli="http://www.xbrl.org/2003/instance" xmlns:xlink="http://www.w3.org/1999/xlink" xmlns:xsi="http://www.w3.org/2001/XMLSchema-instance">
  <!-- Role Ref -->
  <link:roleRef roleURI="https://taxonomy.globalreporting.org/gri-sustainability-taxonomy/gri_srs/gri_srs_role/role_gri_305_4" xlink:type="simple" xlink:href="role_gri_srs_2025-06-23.xsd#role_gri_305_4" />
  <link:roleRef roleURI="https://taxonomy.globalreporting.org/gri-sustainability-taxonomy/gri_srs/gri_srs_role/role_gri_305_4_D" xlink:type="simple" xlink:href="role_gri_srs_2025-06-23.xsd#role_gri_305_4_D" />
  <link:roleRef roleURI="https://taxonomy.globalreporting.org/gri-sustainability-taxonomy/gri_srs/gri_srs_role/role_gri_305_7" xlink:type="simple" xlink:href="role_gri_srs_2025-06-23.xsd#role_gri_305_7" />
  <!-- ArcRole Ref -->
  <link:arcroleRef arcroleURI="http://xbrl.org/int/dim/arcrole/all" xlink:type="simple" xlink:href="http://www.xbrl.org/2005/xbrldt-2005.xsd#all" />
  <link:arcroleRef arcroleURI="http://xbrl.org/int/dim/arcrole/dimension-domain" xlink:type="simple" xlink:href="http://www.xbrl.org/2005/xbrldt-2005.xsd#dimension-domain" />
  <link:arcroleRef arcroleURI="http://xbrl.org/int/dim/arcrole/domain-member" xlink:type="simple" xlink:href="http://www.xbrl.org/2005/xbrldt-2005.xsd#domain-member" />
  <link:arcroleRef arcroleURI="http://xbrl.org/int/dim/arcrole/hypercube-dimension" xlink:type="simple" xlink:href="http://www.xbrl.org/2005/xbrldt-2005.xsd#hypercube-dimension" />
  <link:definitionLink xlink:type="extended" xlink:role="https://taxonomy.globalreporting.org/gri-sustainability-taxonomy/gri_srs/gri_srs_role/role_gri_305_4">
    <link:loc xlink:type="locator" xlink:href="../core/gri_srs_core_2025-06-23.xsd#gri_DisclosureOfGHGEmissionsIntensityAbstract" xlink:label="loc_gri_DisclosureOfGHGEmissionsIntensityAbstract" />
    <link:loc xlink:type="locator" xlink:href="../core/gri_srs_core_2025-06-23.xsd#gri_GHGEmissionsIntensityReportingTable" xlink:label="loc_gri_GHGEmissionsIntensityReportingTable" />
    <link:definitionArc xlink:type="arc" xlink:arcrole="http://xbrl.org/int/dim/arcrole/all" xlink:from="loc_gri_DisclosureOfGHGEmissionsIntensityAbstract" xlink:to="loc_gri_GHGEmissionsIntensityReportingTable" order="1.0" xbrldt:contextElement="scenario" xbrldt:closed="false" use="optional" />
    <link:loc xlink:type="locator" xlink:href="../core/gri_srs_core_2025-06-23.xsd#gri_OrganizationSpecificMetricDenominatorChosenToCalculateGHGEmissionsIntensityRatioAxis" xlink:label="loc_gri_OrganizationSpecificMetricDenominatorChosenToCalculateGHGEmissionsIntensityRatioAxis" />
    <link:definitionArc xlink:type="arc" xlink:arcrole="http://xbrl.org/int/dim/arcrole/hypercube-dimension" xlink:from="loc_gri_GHGEmissionsIntensityReportingTable" xlink:to="loc_gri_OrganizationSpecificMetricDenominatorChosenToCalculateGHGEmissionsIntensityRatioAxis" order="1.0" use="optional" />
    <link:loc xlink:type="locator" xlink:href="../core/gri_srs_core_2025-06-23.xsd#gri_GHGEmissionsIntensityReportingLineItems" xlink:label="loc_gri_GHGEmissionsIntensityReportingLineItems" />
    <link:definitionArc xlink:type="arc" xlink:arcrole="http://xbrl.org/int/dim/arcrole/domain-member" xlink:from="loc_gri_DisclosureOfGHGEmissionsIntensityAbstract" xlink:to="loc_gri_GHGEmissionsIntensityReportingLineItems" order="2.0" use="optional" />
    <link:loc xlink:type="locator" xlink:href="../core/gri_srs_core_2025-06-23.xsd#gri_ValueOfOrganizationSpecificMetricDenominatorChosenToCalculateGHGEmissionsIntensityRatio" xlink:label="loc_gri_ValueOfOrganizationSpecificMetricDenominatorChosenToCalculateGHGEmissionsIntensityRatio" />
    <link:definitionArc xlink:type="arc" xlink:arcrole="http://xbrl.org/int/dim/arcrole/domain-member" xlink:from="loc_gri_GHGEmissionsIntensityReportingLineItems" xlink:to="loc_gri_ValueOfOrganizationSpecificMetricDenominatorChosenToCalculateGHGEmissionsIntensityRatio" order="1.0" use="optional" />
    <link:loc xlink:type="locator" xlink:href="../core/gri_srs_core_2025-06-23.xsd#gri_DirectScope1GHGEmissionsIntensityRatio" xlink:label="loc_gri_DirectScope1GHGEmissionsIntensityRatio" />
    <link:definitionArc xlink:type="arc" xlink:arcrole="http://xbrl.org/int/dim/arcrole/domain-member" xlink:from="loc_gri_GHGEmissionsIntensityReportingLineItems" xlink:to="loc_gri_DirectScope1GHGEmissionsIntensityRatio" order="2.0" use="optional" />
    <link:loc xlink:type="locator" xlink:href="../core/gri_srs_core_2025-06-23.xsd#gri_ReasonForOmissionRelatedToDirectScope1GHGEmissionsIntensityRatio" xlink:label="loc_gri_ReasonForOmissionRelatedToDirectScope1GHGEmissionsIntensityRatio" />
    <link:definitionArc xlink:type="arc" xlink:arcrole="http://xbrl.org/int/dim/arcrole/domain-member" xlink:from="loc_gri_DirectScope1GHGEmissionsIntensityRatio" xlink:to="loc_gri_ReasonForOmissionRelatedToDirectScope1GHGEmissionsIntensityRatio" order="1.0" use="optional" />
    <link:loc xlink:type="locator" xlink:href="../core/gri_srs_core_2025-06-23.xsd#gri_ExplanationForReasonForOmissionRelatedToDirectScope1GHGEmissionsIntensityRatioTextBlock" xlink:label="loc_gri_ExplanationForReasonForOmissionRelatedToDirectScope1GHGEmissionsIntensityRatioTextBlock" />
    <link:definitionArc xlink:type="arc" xlink:arcrole="http://xbrl.org/int/dim/arcrole/domain-member" xlink:from="loc_gri_DirectScope1GHGEmissionsIntensityRatio" xlink:to="loc_gri_ExplanationForReasonForOmissionRelatedToDirectScope1GHGEmissionsIntensityRatioTextBlock" order="2.0" use="optional" />
    <link:loc xlink:type="locator" xlink:href="../core/gri_srs_core_2025-06-23.xsd#gri_GasesIncludedInCalculationOfDirectScope1GHGEmissionsIntensityRatio" xlink:label="loc_gri_GasesIncludedInCalculationOfDirectScope1GHGEmissionsIntensityRatio" />
    <link:definitionArc xlink:type="arc" xlink:arcrole="http://xbrl.org/int/dim/arcrole/domain-member" xlink:from="loc_gri_GHGEmissionsIntensityReportingLineItems" xlink:to="loc_gri_GasesIncludedInCalculationOfDirectScope1GHGEmissionsIntensityRatio" order="3.0" use="optional" />
    <link:loc xlink:type="locator" xlink:href="../core/gri_srs_core_2025-06-23.xsd#gri_ReasonForOmissionRelatedToGasesIncludedInCalculationOfDirectScope1GHGEmissionsIntensityRatio" xlink:label="loc_gri_ReasonForOmissionRelatedToGasesIncludedInCalculationOfDirectScope1GHGEmissionsIntensityRatio" />
    <link:definitionArc xlink:type="arc" xlink:arcrole="http://xbrl.org/int/dim/arcrole/domain-member" xlink:from="loc_gri_GasesIncludedInCalculationOfDirectScope1GHGEmissionsIntensityRatio" xlink:to="loc_gri_ReasonForOmissionRelatedToGasesIncludedInCalculationOfDirectScope1GHGEmissionsIntensityRatio" order="1.0" use="optional" />
    <link:loc xlink:type="locator" xlink:href="../core/gri_srs_core_2025-06-23.xsd#gri_ExplanationForReasonForOmissionRelatedToGasesIncludedInCalculationOfDirectScope1GHGEmissionsIntensityRatioTextBlock" xlink:label="loc_gri_ExplanationForReasonForOmissionRelatedToGasesIncludedInCalculationOfDirectScope1GHGEmissionsIntensityRatioTextBlock" />
    <link:definitionArc xlink:type="arc" xlink:arcrole="http://xbrl.org/int/dim/arcrole/domain-member" xlink:from="loc_gri_GasesIncludedInCalculationOfDirectScope1GHGEmissionsIntensityRatio" xlink:to="loc_gri_ExplanationForReasonForOmissionRelatedToGasesIncludedInCalculationOfDirectScope1GHGEmissionsIntensityRatioTextBlock" order="2.0" use="optional" />
    <link:loc xlink:type="locator" xlink:href="../core/gri_srs_core_2025-06-23.xsd#gri_LocationBasedEnergyIndirectScope2GHGEmissionsIntensityRatio" xlink:label="loc_gri_LocationBasedEnergyIndirectScope2GHGEmissionsIntensityRatio" />
    <link:definitionArc xlink:type="arc" xlink:arcrole="http://xbrl.org/int/dim/arcrole/domain-member" xlink:from="loc_gri_GHGEmissionsIntensityReportingLineItems" xlink:to="loc_gri_LocationBasedEnergyIndirectScope2GHGEmissionsIntensityRatio" order="4.0" use="optional" />
    <link:loc xlink:type="locator" xlink:href="../core/gri_srs_core_2025-06-23.xsd#gri_ReasonForOmissionRelatedToLocationBasedEnergyIndirectScope2GHGEmissionsIntensityRatio" xlink:label="loc_gri_ReasonForOmissionRelatedToLocationBasedEnergyIndirectScope2GHGEmissionsIntensityRatio" />
    <link:definitionArc xlink:type="arc" xlink:arcrole="http://xbrl.org/int/dim/arcrole/domain-member" xlink:from="loc_gri_LocationBasedEnergyIndirectScope2GHGEmissionsIntensityRatio" xlink:to="loc_gri_ReasonForOmissionRelatedToLocationBasedEnergyIndirectScope2GHGEmissionsIntensityRatio" order="1.0" use="optional" />
    <link:loc xlink:type="locator" xlink:href="../core/gri_srs_core_2025-06-23.xsd#gri_ExplanationForReasonForOmissionRelatedToLocationBasedEnergyIndirectScope2GHGEmissionsIntensityRatioTextBlock" xlink:label="loc_gri_ExplanationForReasonForOmissionRelatedToLocationBasedEnergyIndirectScope2GHGEmissionsIntensityRatioTextBlock" />
    <link:definitionArc xlink:type="arc" xlink:arcrole="http://xbrl.org/int/dim/arcrole/domain-member" xlink:from="loc_gri_LocationBasedEnergyIndirectScope2GHGEmissionsIntensityRatio" xlink:to="loc_gri_ExplanationForReasonForOmissionRelatedToLocationBasedEnergyIndirectScope2GHGEmissionsIntensityRatioTextBlock" order="2.0" use="optional" />
    <link:loc xlink:type="locator" xlink:href="../core/gri_srs_core_2025-06-23.xsd#gri_GasesIncludedInCalculationOfLocationBasedEnergyIndirectScope2GHGEmissionsIntensityRatio" xlink:label="loc_gri_GasesIncludedInCalculationOfLocationBasedEnergyIndirectScope2GHGEmissionsIntensityRatio" />
    <link:definitionArc xlink:type="arc" xlink:arcrole="http://xbrl.org/int/dim/arcrole/domain-member" xlink:from="loc_gri_GHGEmissionsIntensityReportingLineItems" xlink:to="loc_gri_GasesIncludedInCalculationOfLocationBasedEnergyIndirectScope2GHGEmissionsIntensityRatio" order="5.0" use="optional" />
    <link:loc xlink:type="locator" xlink:href="../core/gri_srs_core_2025-06-23.xsd#gri_ReasonForOmissionRelatedToGasesIncludedInCalculationOfLocationBasedEnergyIndirectScope2GHGEmissionsIntensityRatio" xlink:label="loc_gri_ReasonForOmissionRelatedToGasesIncludedInCalculationOfLocationBasedEnergyIndirectScope2GHGEmissionsIntensityRatio" />
    <link:definitionArc xlink:type="arc" xlink:arcrole="http://xbrl.org/int/dim/arcrole/domain-member" xlink:from="loc_gri_GasesIncludedInCalculationOfLocationBasedEnergyIndirectScope2GHGEmissionsIntensityRatio" xlink:to="loc_gri_ReasonForOmissionRelatedToGasesIncludedInCalculationOfLocationBasedEnergyIndirectScope2GHGEmissionsIntensityRatio" order="1.0" use="optional" />
    <link:loc xlink:type="locator" xlink:href="../core/gri_srs_core_2025-06-23.xsd#gri_ExplanationForReasonForOmissionRelatedToGasesIncludedInCalculationOfLocationBasedEnergyIndirectScope2GHGEmissionsIntensityRatioTextBlock" xlink:label="loc_gri_ExplanationForReasonForOmissionRelatedToGasesIncludedInCalculationOfLocationBasedEnergyIndirectScope2GHGEmissionsIntensityRatioTextBlock" />
    <link:definitionArc xlink:type="arc" xlink:arcrole="http://xbrl.org/int/dim/arcrole/domain-member" xlink:from="loc_gri_GasesIncludedInCalculationOfLocationBasedEnergyIndirectScope2GHGEmissionsIntensityRatio" xlink:to="loc_gri_ExplanationForReasonForOmissionRelatedToGasesIncludedInCalculationOfLocationBasedEnergyIndirectScope2GHGEmissionsIntensityRatioTextBlock" order="2.0" use="optional" />
    <link:loc xlink:type="locator" xlink:href="../core/gri_srs_core_2025-06-23.xsd#gri_MarketBasedEnergyIndirectScope2GHGEmissionsIntensityRatio" xlink:label="loc_gri_MarketBasedEnergyIndirectScope2GHGEmissionsIntensityRatio" />
    <link:definitionArc xlink:type="arc" xlink:arcrole="http://xbrl.org/int/dim/arcrole/domain-member" xlink:from="loc_gri_GHGEmissionsIntensityReportingLineItems" xlink:to="loc_gri_MarketBasedEnergyIndirectScope2GHGEmissionsIntensityRatio" order="6.0" use="optional" />
    <link:loc xlink:type="locator" xlink:href="../core/gri_srs_core_2025-06-23.xsd#gri_ReasonForOmissionRelatedToMarketBasedEnergyIndirectScope2GHGEmissionsIntensityRatio" xlink:label="loc_gri_ReasonForOmissionRelatedToMarketBasedEnergyIndirectScope2GHGEmissionsIntensityRatio" />
    <link:definitionArc xlink:type="arc" xlink:arcrole="http://xbrl.org/int/dim/arcrole/domain-member" xlink:from="loc_gri_MarketBasedEnergyIndirectScope2GHGEmissionsIntensityRatio" xlink:to="loc_gri_ReasonForOmissionRelatedToMarketBasedEnergyIndirectScope2GHGEmissionsIntensityRatio" order="1.0" use="optional" />
    <link:loc xlink:type="locator" xlink:href="../core/gri_srs_core_2025-06-23.xsd#gri_ExplanationForReasonForOmissionRelatedToMarketBasedEnergyIndirectScope2GHGEmissionsIntensityRatioTextBlock" xlink:label="loc_gri_ExplanationForReasonForOmissionRelatedToMarketBasedEnergyIndirectScope2GHGEmissionsIntensityRatioTextBlock" />
    <link:definitionArc xlink:type="arc" xlink:arcrole="http://xbrl.org/int/dim/arcrole/domain-member" xlink:from="loc_gri_MarketBasedEnergyIndirectScope2GHGEmissionsIntensityRatio" xlink:to="loc_gri_ExplanationForReasonForOmissionRelatedToMarketBasedEnergyIndirectScope2GHGEmissionsIntensityRatioTextBlock" order="2.0" use="optional" />
    <link:loc xlink:type="locator" xlink:href="../core/gri_srs_core_2025-06-23.xsd#gri_GasesIncludedInCalculationOfMarketBasedEnergyIndirectScope2GHGEmissionsIntensityRatio" xlink:label="loc_gri_GasesIncludedInCalculationOfMarketBasedEnergyIndirectScope2GHGEmissionsIntensityRatio" />
    <link:definitionArc xlink:type="arc" xlink:arcrole="http://xbrl.org/int/dim/arcrole/domain-member" xlink:from="loc_gri_GHGEmissionsIntensityReportingLineItems" xlink:to="loc_gri_GasesIncludedInCalculationOfMarketBasedEnergyIndirectScope2GHGEmissionsIntensityRatio" order="7.0" use="optional" />
    <link:loc xlink:type="locator" xlink:href="../core/gri_srs_core_2025-06-23.xsd#gri_ReasonForOmissionRelatedToGasesIncludedInCalculationOfMarketBasedEnergyIndirectScope2GHGEmissionsIntensityRatio" xlink:label="loc_gri_ReasonForOmissionRelatedToGasesIncludedInCalculationOfMarketBasedEnergyIndirectScope2GHGEmissionsIntensityRatio" />
    <link:definitionArc xlink:type="arc" xlink:arcrole="http://xbrl.org/int/dim/arcrole/domain-member" xlink:from="loc_gri_GasesIncludedInCalculationOfMarketBasedEnergyIndirectScope2GHGEmissionsIntensityRatio" xlink:to="loc_gri_ReasonForOmissionRelatedToGasesIncludedInCalculationOfMarketBasedEnergyIndirectScope2GHGEmissionsIntensityRatio" order="1.0" use="optional" />
    <link:loc xlink:type="locator" xlink:href="../core/gri_srs_core_2025-06-23.xsd#gri_ExplanationForReasonForOmissionRelatedToGasesIncludedInCalculationOfMarketBasedEnergyIndirectScope2GHGEmissionsIntensityRatioTextBlock" xlink:label="loc_gri_ExplanationForReasonForOmissionRelatedToGasesIncludedInCalculationOfMarketBasedEnergyIndirectScope2GHGEmissionsIntensityRatioTextBlock" />
    <link:definitionArc xlink:type="arc" xlink:arcrole="http://xbrl.org/int/dim/arcrole/domain-member" xlink:from="loc_gri_GasesIncludedInCalculationOfMarketBasedEnergyIndirectScope2GHGEmissionsIntensityRatio" xlink:to="loc_gri_ExplanationForReasonForOmissionRelatedToGasesIncludedInCalculationOfMarketBasedEnergyIndirectScope2GHGEmissionsIntensityRatioTextBlock" order="2.0" use="optional" />
    <link:loc xlink:type="locator" xlink:href="../core/gri_srs_core_2025-06-23.xsd#gri_DirectScope1AndEnergyIndirectScope2GHGEmissionsIntensityRatio" xlink:label="loc_gri_DirectScope1AndEnergyIndirectScope2GHGEmissionsIntensityRatio" />
    <link:definitionArc xlink:type="arc" xlink:arcrole="http://xbrl.org/int/dim/arcrole/domain-member" xlink:from="loc_gri_GHGEmissionsIntensityReportingLineItems" xlink:to="loc_gri_DirectScope1AndEnergyIndirectScope2GHGEmissionsIntensityRatio" order="8.0" use="optional" />
    <link:loc xlink:type="locator" xlink:href="../core/gri_srs_core_2025-06-23.xsd#gri_ReasonForOmissionRelatedToDirectScope1AndEnergyIndirectScope2GHGEmissionsIntensityRatio" xlink:label="loc_gri_ReasonForOmissionRelatedToDirectScope1AndEnergyIndirectScope2GHGEmissionsIntensityRatio" />
    <link:definitionArc xlink:type="arc" xlink:arcrole="http://xbrl.org/int/dim/arcrole/domain-member" xlink:from="loc_gri_DirectScope1AndEnergyIndirectScope2GHGEmissionsIntensityRatio" xlink:to="loc_gri_ReasonForOmissionRelatedToDirectScope1AndEnergyIndirectScope2GHGEmissionsIntensityRatio" order="1.0" use="optional" />
    <link:loc xlink:type="locator" xlink:href="../core/gri_srs_core_2025-06-23.xsd#gri_ExplanationForReasonForOmissionRelatedToDirectScope1AndEnergyIndirectScope2GHGEmissionsIntensityRatioTextBlock" xlink:label="loc_gri_ExplanationForReasonForOmissionRelatedToDirectScope1AndEnergyIndirectScope2GHGEmissionsIntensityRatioTextBlock" />
    <link:definitionArc xlink:type="arc" xlink:arcrole="http://xbrl.org/int/dim/arcrole/domain-member" xlink:from="loc_gri_DirectScope1AndEnergyIndirectScope2GHGEmissionsIntensityRatio" xlink:to="loc_gri_ExplanationForReasonForOmissionRelatedToDirectScope1AndEnergyIndirectScope2GHGEmissionsIntensityRatioTextBlock" order="2.0" use="optional" />
    <link:loc xlink:type="locator" xlink:href="../core/gri_srs_core_2025-06-23.xsd#gri_GasesIncludedInCalculationOfDirectScope1AndEnergyIndirectScope2GHGEmissionsIntensityRatio" xlink:label="loc_gri_GasesIncludedInCalculationOfDirectScope1AndEnergyIndirectScope2GHGEmissionsIntensityRatio" />
    <link:definitionArc xlink:type="arc" xlink:arcrole="http://xbrl.org/int/dim/arcrole/domain-member" xlink:from="loc_gri_GHGEmissionsIntensityReportingLineItems" xlink:to="loc_gri_GasesIncludedInCalculationOfDirectScope1AndEnergyIndirectScope2GHGEmissionsIntensityRatio" order="9.0" use="optional" />
    <link:loc xlink:type="locator" xlink:href="../core/gri_srs_core_2025-06-23.xsd#gri_ReasonForOmissionRelatedToGasesIncludedInCalculationOfDirectScope1AndEnergyIndirectScope2GHGEmissionsIntensityRatio" xlink:label="loc_gri_ReasonForOmissionRelatedToGasesIncludedInCalculationOfDirectScope1AndEnergyIndirectScope2GHGEmissionsIntensityRatio" />
    <link:definitionArc xlink:type="arc" xlink:arcrole="http://xbrl.org/int/dim/arcrole/domain-member" xlink:from="loc_gri_GasesIncludedInCalculationOfDirectScope1AndEnergyIndirectScope2GHGEmissionsIntensityRatio" xlink:to="loc_gri_ReasonForOmissionRelatedToGasesIncludedInCalculationOfDirectScope1AndEnergyIndirectScope2GHGEmissionsIntensityRatio" order="1.0" use="optional" />
    <link:loc xlink:type="locator" xlink:href="../core/gri_srs_core_2025-06-23.xsd#gri_ExplanationForReasonForOmissionRelatedToGasesIncludedInCalculationOfDirectScope1AndEnergyIndirectScope2GHGEmissionsIntensityRatioTextBlock" xlink:label="loc_gri_ExplanationForReasonForOmissionRelatedToGasesIncludedInCalculationOfDirectScope1AndEnergyIndirectScope2GHGEmissionsIntensityRatioTextBlock" />
    <link:definitionArc xlink:type="arc" xlink:arcrole="http://xbrl.org/int/dim/arcrole/domain-member" xlink:from="loc_gri_GasesIncludedInCalculationOfDirectScope1AndEnergyIndirectScope2GHGEmissionsIntensityRatio" xlink:to="loc_gri_ExplanationForReasonForOmissionRelatedToGasesIncludedInCalculationOfDirectScope1AndEnergyIndirectScope2GHGEmissionsIntensityRatioTextBlock" order="2.0" use="optional" />
    <link:loc xlink:type="locator" xlink:href="../core/gri_srs_core_2025-06-23.xsd#gri_OtherIndirectScope3GHGEmissionsIntensityRatio" xlink:label="loc_gri_OtherIndirectScope3GHGEmissionsIntensityRatio" />
    <link:definitionArc xlink:type="arc" xlink:arcrole="http://xbrl.org/int/dim/arcrole/domain-member" xlink:from="loc_gri_GHGEmissionsIntensityReportingLineItems" xlink:to="loc_gri_OtherIndirectScope3GHGEmissionsIntensityRatio" order="10.0" use="optional" />
    <link:loc xlink:type="locator" xlink:href="../core/gri_srs_core_2025-06-23.xsd#gri_ReasonForOmissionRelatedToOtherIndirectScope3GHGEmissionsIntensityRatio" xlink:label="loc_gri_ReasonForOmissionRelatedToOtherIndirectScope3GHGEmissionsIntensityRatio" />
    <link:definitionArc xlink:type="arc" xlink:arcrole="http://xbrl.org/int/dim/arcrole/domain-member" xlink:from="loc_gri_OtherIndirectScope3GHGEmissionsIntensityRatio" xlink:to="loc_gri_ReasonForOmissionRelatedToOtherIndirectScope3GHGEmissionsIntensityRatio" order="1.0" use="optional" />
    <link:loc xlink:type="locator" xlink:href="../core/gri_srs_core_2025-06-23.xsd#gri_ExplanationForReasonForOmissionRelatedToOtherIndirectScope3GHGEmissionsIntensityRatioTextBlock" xlink:label="loc_gri_ExplanationForReasonForOmissionRelatedToOtherIndirectScope3GHGEmissionsIntensityRatioTextBlock" />
    <link:definitionArc xlink:type="arc" xlink:arcrole="http://xbrl.org/int/dim/arcrole/domain-member" xlink:from="loc_gri_OtherIndirectScope3GHGEmissionsIntensityRatio" xlink:to="loc_gri_ExplanationForReasonForOmissionRelatedToOtherIndirectScope3GHGEmissionsIntensityRatioTextBlock" order="2.0" use="optional" />
    <link:loc xlink:type="locator" xlink:href="../core/gri_srs_core_2025-06-23.xsd#gri_GasesIncludedInCalculationOfOtherIndirectScope3GHGEmissionsIntensityRatio" xlink:label="loc_gri_GasesIncludedInCalculationOfOtherIndirectScope3GHGEmissionsIntensityRatio" />
    <link:definitionArc xlink:type="arc" xlink:arcrole="http://xbrl.org/int/dim/arcrole/domain-member" xlink:from="loc_gri_GHGEmissionsIntensityReportingLineItems" xlink:to="loc_gri_GasesIncludedInCalculationOfOtherIndirectScope3GHGEmissionsIntensityRatio" order="11.0" use="optional" />
    <link:loc xlink:type="locator" xlink:href="../core/gri_srs_core_2025-06-23.xsd#gri_ReasonForOmissionRelatedToGasesIncludedInCalculationOfOtherIndirectScope3GHGEmissionsIntensityRatio" xlink:label="loc_gri_ReasonForOmissionRelatedToGasesIncludedInCalculationOfOtherIndirectScope3GHGEmissionsIntensityRatio" />
    <link:definitionArc xlink:type="arc" xlink:arcrole="http://xbrl.org/int/dim/arcrole/domain-member" xlink:from="loc_gri_GasesIncludedInCalculationOfOtherIndirectScope3GHGEmissionsIntensityRatio" xlink:to="loc_gri_ReasonForOmissionRelatedToGasesIncludedInCalculationOfOtherIndirectScope3GHGEmissionsIntensityRatio" order="1.0" use="optional" />
    <link:loc xlink:type="locator" xlink:href="../core/gri_srs_core_2025-06-23.xsd#gri_ExplanationForReasonForOmissionRelatedToGasesIncludedInCalculationOfOtherIndirectScope3GHGEmissionsIntensityRatioTextBlock" xlink:label="loc_gri_ExplanationForReasonForOmissionRelatedToGasesIncludedInCalculationOfOtherIndirectScope3GHGEmissionsIntensityRatioTextBlock" />
    <link:definitionArc xlink:type="arc" xlink:arcrole="http://xbrl.org/int/dim/arcrole/domain-member" xlink:from="loc_gri_GasesIncludedInCalculationOfOtherIndirectScope3GHGEmissionsIntensityRatio" xlink:to="loc_gri_ExplanationForReasonForOmissionRelatedToGasesIncludedInCalculationOfOtherIndirectScope3GHGEmissionsIntensityRatioTextBlock" order="2.0" use="optional" />
  </link:definitionLink>
  <link:definitionLink xlink:type="extended" xlink:role="https://taxonomy.globalreporting.org/gri-sustainability-taxonomy/gri_srs/gri_srs_role/role_gri_305_4_D">
    <link:loc xlink:type="locator" xlink:href="../core/gri_srs_core_2025-06-23.xsd#gri_DisclosureOfGHGEmissionsIntensityAbstract" xlink:label="loc_gri_DisclosureOfGHGEmissionsIntensityAbstract" />
    <link:loc xlink:type="locator" xlink:href="../core/gri_srs_core_2025-06-23.xsd#gri_GHGEmissionsIntensityReportingTable" xlink:label="loc_gri_GHGEmissionsIntensityReportingTable" />
    <link:definitionArc xlink:type="arc" xlink:arcrole="http://xbrl.org/int/dim/arcrole/all" xlink:from="loc_gri_DisclosureOfGHGEmissionsIntensityAbstract" xlink:to="loc_gri_GHGEmissionsIntensityReportingTable" order="1.0" xbrldt:contextElement="scenario" xbrldt:closed="false" use="optional" />
    <link:loc xlink:type="locator" xlink:href="../core/gri_srs_core_2025-06-23.xsd#gri_GHGEmissionsIntensityReportingLineItems" xlink:label="loc_gri_GHGEmissionsIntensityReportingLineItems" />
    <link:definitionArc xlink:type="arc" xlink:arcrole="http://xbrl.org/int/dim/arcrole/domain-member" xlink:from="loc_gri_DisclosureOfGHGEmissionsIntensityAbstract" xlink:to="loc_gri_GHGEmissionsIntensityReportingLineItems" order="2.0" use="optional" />
    <link:loc xlink:type="locator" xlink:href="../core/gri_srs_core_2025-06-23.xsd#gri_ValueOfOrganizationSpecificMetricDenominatorChosenToCalculateGHGEmissionsIntensityRatio" xlink:label="loc_gri_ValueOfOrganizationSpecificMetricDenominatorChosenToCalculateGHGEmissionsIntensityRatio" />
    <link:definitionArc xlink:type="arc" xlink:arcrole="http://xbrl.org/int/dim/arcrole/domain-member" xlink:from="loc_gri_GHGEmissionsIntensityReportingLineItems" xlink:to="loc_gri_ValueOfOrganizationSpecificMetricDenominatorChosenToCalculateGHGEmissionsIntensityRatio" order="1.0" use="optional" />
    <link:loc xlink:type="locator" xlink:href="../core/gri_srs_core_2025-06-23.xsd#gri_DirectScope1GHGEmissionsIntensityRatio" xlink:label="loc_gri_DirectScope1GHGEmissionsIntensityRatio" />
    <link:definitionArc xlink:type="arc" xlink:arcrole="http://xbrl.org/int/dim/arcrole/domain-member" xlink:from="loc_gri_GHGEmissionsIntensityReportingLineItems" xlink:to="loc_gri_DirectScope1GHGEmissionsIntensityRatio" order="2.0" use="optional" />
    <link:loc xlink:type="locator" xlink:href="../core/gri_srs_core_2025-06-23.xsd#gri_ReasonForOmissionRelatedToDirectScope1GHGEmissionsIntensityRatio" xlink:label="loc_gri_ReasonForOmissionRelatedToDirectScope1GHGEmissionsIntensityRatio" />
    <link:definitionArc xlink:type="arc" xlink:arcrole="http://xbrl.org/int/dim/arcrole/domain-member" xlink:from="loc_gri_DirectScope1GHGEmissionsIntensityRatio" xlink:to="loc_gri_ReasonForOmissionRelatedToDirectScope1GHGEmissionsIntensityRatio" order="1.0" use="optional" />
    <link:loc xlink:type="locator" xlink:href="../core/gri_srs_core_2025-06-23.xsd#gri_ExplanationForReasonForOmissionRelatedToDirectScope1GHGEmissionsIntensityRatioTextBlock" xlink:label="loc_gri_ExplanationForReasonForOmissionRelatedToDirectScope1GHGEmissionsIntensityRatioTextBlock" />
    <link:definitionArc xlink:type="arc" xlink:arcrole="http://xbrl.org/int/dim/arcrole/domain-member" xlink:from="loc_gri_DirectScope1GHGEmissionsIntensityRatio" xlink:to="loc_gri_ExplanationForReasonForOmissionRelatedToDirectScope1GHGEmissionsIntensityRatioTextBlock" order="2.0" use="optional" />
    <link:loc xlink:type="locator" xlink:href="../core/gri_srs_core_2025-06-23.xsd#gri_GasesIncludedInCalculationOfDirectScope1GHGEmissionsIntensityRatio" xlink:label="loc_gri_GasesIncludedInCalculationOfDirectScope1GHGEmissionsIntensityRatio" />
    <link:definitionArc xlink:type="arc" xlink:arcrole="http://xbrl.org/int/dim/arcrole/domain-member" xlink:from="loc_gri_GHGEmissionsIntensityReportingLineItems" xlink:to="loc_gri_GasesIncludedInCalculationOfDirectScope1GHGEmissionsIntensityRatio" order="3.0" use="optional" />
    <link:loc xlink:type="locator" xlink:href="../core/gri_srs_core_2025-06-23.xsd#gri_ReasonForOmissionRelatedToGasesIncludedInCalculationOfDirectScope1GHGEmissionsIntensityRatio" xlink:label="loc_gri_ReasonForOmissionRelatedToGasesIncludedInCalculationOfDirectScope1GHGEmissionsIntensityRatio" />
    <link:definitionArc xlink:type="arc" xlink:arcrole="http://xbrl.org/int/dim/arcrole/domain-member" xlink:from="loc_gri_GasesIncludedInCalculationOfDirectScope1GHGEmissionsIntensityRatio" xlink:to="loc_gri_ReasonForOmissionRelatedToGasesIncludedInCalculationOfDirectScope1GHGEmissionsIntensityRatio" order="1.0" use="optional" />
    <link:loc xlink:type="locator" xlink:href="../core/gri_srs_core_2025-06-23.xsd#gri_ExplanationForReasonForOmissionRelatedToGasesIncludedInCalculationOfDirectScope1GHGEmissionsIntensityRatioTextBlock" xlink:label="loc_gri_ExplanationForReasonForOmissionRelatedToGasesIncludedInCalculationOfDirectScope1GHGEmissionsIntensityRatioTextBlock" />
    <link:definitionArc xlink:type="arc" xlink:arcrole="http://xbrl.org/int/dim/arcrole/domain-member" xlink:from="loc_gri_GasesIncludedInCalculationOfDirectScope1GHGEmissionsIntensityRatio" xlink:to="loc_gri_ExplanationForReasonForOmissionRelatedToGasesIncludedInCalculationOfDirectScope1GHGEmissionsIntensityRatioTextBlock" order="2.0" use="optional" />
    <link:loc xlink:type="locator" xlink:href="../core/gri_srs_core_2025-06-23.xsd#gri_LocationBasedEnergyIndirectScope2GHGEmissionsIntensityRatio" xlink:label="loc_gri_LocationBasedEnergyIndirectScope2GHGEmissionsIntensityRatio" />
    <link:definitionArc xlink:type="arc" xlink:arcrole="http://xbrl.org/int/dim/arcrole/domain-member" xlink:from="loc_gri_GHGEmissionsIntensityReportingLineItems" xlink:to="loc_gri_LocationBasedEnergyIndirectScope2GHGEmissionsIntensityRatio" order="4.0" use="optional" />
    <link:loc xlink:type="locator" xlink:href="../core/gri_srs_core_2025-06-23.xsd#gri_ReasonForOmissionRelatedToLocationBasedEnergyIndirectScope2GHGEmissionsIntensityRatio" xlink:label="loc_gri_ReasonForOmissionRelatedToLocationBasedEnergyIndirectScope2GHGEmissionsIntensityRatio" />
    <link:definitionArc xlink:type="arc" xlink:arcrole="http://xbrl.org/int/dim/arcrole/domain-member" xlink:from="loc_gri_LocationBasedEnergyIndirectScope2GHGEmissionsIntensityRatio" xlink:to="loc_gri_ReasonForOmissionRelatedToLocationBasedEnergyIndirectScope2GHGEmissionsIntensityRatio" order="1.0" use="optional" />
    <link:loc xlink:type="locator" xlink:href="../core/gri_srs_core_2025-06-23.xsd#gri_ExplanationForReasonForOmissionRelatedToLocationBasedEnergyIndirectScope2GHGEmissionsIntensityRatioTextBlock" xlink:label="loc_gri_ExplanationForReasonForOmissionRelatedToLocationBasedEnergyIndirectScope2GHGEmissionsIntensityRatioTextBlock" />
    <link:definitionArc xlink:type="arc" xlink:arcrole="http://xbrl.org/int/dim/arcrole/domain-member" xlink:from="loc_gri_LocationBasedEnergyIndirectScope2GHGEmissionsIntensityRatio" xlink:to="loc_gri_ExplanationForReasonForOmissionRelatedToLocationBasedEnergyIndirectScope2GHGEmissionsIntensityRatioTextBlock" order="2.0" use="optional" />
    <link:loc xlink:type="locator" xlink:href="../core/gri_srs_core_2025-06-23.xsd#gri_GasesIncludedInCalculationOfLocationBasedEnergyIndirectScope2GHGEmissionsIntensityRatio" xlink:label="loc_gri_GasesIncludedInCalculationOfLocationBasedEnergyIndirectScope2GHGEmissionsIntensityRatio" />
    <link:definitionArc xlink:type="arc" xlink:arcrole="http://xbrl.org/int/dim/arcrole/domain-member" xlink:from="loc_gri_GHGEmissionsIntensityReportingLineItems" xlink:to="loc_gri_GasesIncludedInCalculationOfLocationBasedEnergyIndirectScope2GHGEmissionsIntensityRatio" order="5.0" use="optional" />
    <link:loc xlink:type="locator" xlink:href="../core/gri_srs_core_2025-06-23.xsd#gri_ReasonForOmissionRelatedToGasesIncludedInCalculationOfLocationBasedEnergyIndirectScope2GHGEmissionsIntensityRatio" xlink:label="loc_gri_ReasonForOmissionRelatedToGasesIncludedInCalculationOfLocationBasedEnergyIndirectScope2GHGEmissionsIntensityRatio" />
    <link:definitionArc xlink:type="arc" xlink:arcrole="http://xbrl.org/int/dim/arcrole/domain-member" xlink:from="loc_gri_GasesIncludedInCalculationOfLocationBasedEnergyIndirectScope2GHGEmissionsIntensityRatio" xlink:to="loc_gri_ReasonForOmissionRelatedToGasesIncludedInCalculationOfLocationBasedEnergyIndirectScope2GHGEmissionsIntensityRatio" order="1.0" use="optional" />
    <link:loc xlink:type="locator" xlink:href="../core/gri_srs_core_2025-06-23.xsd#gri_ExplanationForReasonForOmissionRelatedToGasesIncludedInCalculationOfLocationBasedEnergyIndirectScope2GHGEmissionsIntensityRatioTextBlock" xlink:label="loc_gri_ExplanationForReasonForOmissionRelatedToGasesIncludedInCalculationOfLocationBasedEnergyIndirectScope2GHGEmissionsIntensityRatioTextBlock" />
    <link:definitionArc xlink:type="arc" xlink:arcrole="http://xbrl.org/int/dim/arcrole/domain-member" xlink:from="loc_gri_GasesIncludedInCalculationOfLocationBasedEnergyIndirectScope2GHGEmissionsIntensityRatio" xlink:to="loc_gri_ExplanationForReasonForOmissionRelatedToGasesIncludedInCalculationOfLocationBasedEnergyIndirectScope2GHGEmissionsIntensityRatioTextBlock" order="2.0" use="optional" />
    <link:loc xlink:type="locator" xlink:href="../core/gri_srs_core_2025-06-23.xsd#gri_MarketBasedEnergyIndirectScope2GHGEmissionsIntensityRatio" xlink:label="loc_gri_MarketBasedEnergyIndirectScope2GHGEmissionsIntensityRatio" />
    <link:definitionArc xlink:type="arc" xlink:arcrole="http://xbrl.org/int/dim/arcrole/domain-member" xlink:from="loc_gri_GHGEmissionsIntensityReportingLineItems" xlink:to="loc_gri_MarketBasedEnergyIndirectScope2GHGEmissionsIntensityRatio" order="6.0" use="optional" />
    <link:loc xlink:type="locator" xlink:href="../core/gri_srs_core_2025-06-23.xsd#gri_ReasonForOmissionRelatedToMarketBasedEnergyIndirectScope2GHGEmissionsIntensityRatio" xlink:label="loc_gri_ReasonForOmissionRelatedToMarketBasedEnergyIndirectScope2GHGEmissionsIntensityRatio" />
    <link:definitionArc xlink:type="arc" xlink:arcrole="http://xbrl.org/int/dim/arcrole/domain-member" xlink:from="loc_gri_MarketBasedEnergyIndirectScope2GHGEmissionsIntensityRatio" xlink:to="loc_gri_ReasonForOmissionRelatedToMarketBasedEnergyIndirectScope2GHGEmissionsIntensityRatio" order="1.0" use="optional" />
    <link:loc xlink:type="locator" xlink:href="../core/gri_srs_core_2025-06-23.xsd#gri_ExplanationForReasonForOmissionRelatedToMarketBasedEnergyIndirectScope2GHGEmissionsIntensityRatioTextBlock" xlink:label="loc_gri_ExplanationForReasonForOmissionRelatedToMarketBasedEnergyIndirectScope2GHGEmissionsIntensityRatioTextBlock" />
    <link:definitionArc xlink:type="arc" xlink:arcrole="http://xbrl.org/int/dim/arcrole/domain-member" xlink:from="loc_gri_MarketBasedEnergyIndirectScope2GHGEmissionsIntensityRatio" xlink:to="loc_gri_ExplanationForReasonForOmissionRelatedToMarketBasedEnergyIndirectScope2GHGEmissionsIntensityRatioTextBlock" order="2.0" use="optional" />
    <link:loc xlink:type="locator" xlink:href="../core/gri_srs_core_2025-06-23.xsd#gri_GasesIncludedInCalculationOfMarketBasedEnergyIndirectScope2GHGEmissionsIntensityRatio" xlink:label="loc_gri_GasesIncludedInCalculationOfMarketBasedEnergyIndirectScope2GHGEmissionsIntensityRatio" />
    <link:definitionArc xlink:type="arc" xlink:arcrole="http://xbrl.org/int/dim/arcrole/domain-member" xlink:from="loc_gri_GHGEmissionsIntensityReportingLineItems" xlink:to="loc_gri_GasesIncludedInCalculationOfMarketBasedEnergyIndirectScope2GHGEmissionsIntensityRatio" order="7.0" use="optional" />
    <link:loc xlink:type="locator" xlink:href="../core/gri_srs_core_2025-06-23.xsd#gri_ReasonForOmissionRelatedToGasesIncludedInCalculationOfMarketBasedEnergyIndirectScope2GHGEmissionsIntensityRatio" xlink:label="loc_gri_ReasonForOmissionRelatedToGasesIncludedInCalculationOfMarketBasedEnergyIndirectScope2GHGEmissionsIntensityRatio" />
    <link:definitionArc xlink:type="arc" xlink:arcrole="http://xbrl.org/int/dim/arcrole/domain-member" xlink:from="loc_gri_GasesIncludedInCalculationOfMarketBasedEnergyIndirectScope2GHGEmissionsIntensityRatio" xlink:to="loc_gri_ReasonForOmissionRelatedToGasesIncludedInCalculationOfMarketBasedEnergyIndirectScope2GHGEmissionsIntensityRatio" order="1.0" use="optional" />
    <link:loc xlink:type="locator" xlink:href="../core/gri_srs_core_2025-06-23.xsd#gri_ExplanationForReasonForOmissionRelatedToGasesIncludedInCalculationOfMarketBasedEnergyIndirectScope2GHGEmissionsIntensityRatioTextBlock" xlink:label="loc_gri_ExplanationForReasonForOmissionRelatedToGasesIncludedInCalculationOfMarketBasedEnergyIndirectScope2GHGEmissionsIntensityRatioTextBlock" />
    <link:definitionArc xlink:type="arc" xlink:arcrole="http://xbrl.org/int/dim/arcrole/domain-member" xlink:from="loc_gri_GasesIncludedInCalculationOfMarketBasedEnergyIndirectScope2GHGEmissionsIntensityRatio" xlink:to="loc_gri_ExplanationForReasonForOmissionRelatedToGasesIncludedInCalculationOfMarketBasedEnergyIndirectScope2GHGEmissionsIntensityRatioTextBlock" order="2.0" use="optional" />
    <link:loc xlink:type="locator" xlink:href="../core/gri_srs_core_2025-06-23.xsd#gri_DirectScope1AndEnergyIndirectScope2GHGEmissionsIntensityRatio" xlink:label="loc_gri_DirectScope1AndEnergyIndirectScope2GHGEmissionsIntensityRatio" />
    <link:definitionArc xlink:type="arc" xlink:arcrole="http://xbrl.org/int/dim/arcrole/domain-member" xlink:from="loc_gri_GHGEmissionsIntensityReportingLineItems" xlink:to="loc_gri_DirectScope1AndEnergyIndirectScope2GHGEmissionsIntensityRatio" order="8.0" use="optional" />
    <link:loc xlink:type="locator" xlink:href="../core/gri_srs_core_2025-06-23.xsd#gri_ReasonForOmissionRelatedToDirectScope1AndEnergyIndirectScope2GHGEmissionsIntensityRatio" xlink:label="loc_gri_ReasonForOmissionRelatedToDirectScope1AndEnergyIndirectScope2GHGEmissionsIntensityRatio" />
    <link:definitionArc xlink:type="arc" xlink:arcrole="http://xbrl.org/int/dim/arcrole/domain-member" xlink:from="loc_gri_DirectScope1AndEnergyIndirectScope2GHGEmissionsIntensityRatio" xlink:to="loc_gri_ReasonForOmissionRelatedToDirectScope1AndEnergyIndirectScope2GHGEmissionsIntensityRatio" order="1.0" use="optional" />
    <link:loc xlink:type="locator" xlink:href="../core/gri_srs_core_2025-06-23.xsd#gri_ExplanationForReasonForOmissionRelatedToDirectScope1AndEnergyIndirectScope2GHGEmissionsIntensityRatioTextBlock" xlink:label="loc_gri_ExplanationForReasonForOmissionRelatedToDirectScope1AndEnergyIndirectScope2GHGEmissionsIntensityRatioTextBlock" />
    <link:definitionArc xlink:type="arc" xlink:arcrole="http://xbrl.org/int/dim/arcrole/domain-member" xlink:from="loc_gri_DirectScope1AndEnergyIndirectScope2GHGEmissionsIntensityRatio" xlink:to="loc_gri_ExplanationForReasonForOmissionRelatedToDirectScope1AndEnergyIndirectScope2GHGEmissionsIntensityRatioTextBlock" order="2.0" use="optional" />
    <link:loc xlink:type="locator" xlink:href="../core/gri_srs_core_2025-06-23.xsd#gri_GasesIncludedInCalculationOfDirectScope1AndEnergyIndirectScope2GHGEmissionsIntensityRatio" xlink:label="loc_gri_GasesIncludedInCalculationOfDirectScope1AndEnergyIndirectScope2GHGEmissionsIntensityRatio" />
    <link:definitionArc xlink:type="arc" xlink:arcrole="http://xbrl.org/int/dim/arcrole/domain-member" xlink:from="loc_gri_GHGEmissionsIntensityReportingLineItems" xlink:to="loc_gri_GasesIncludedInCalculationOfDirectScope1AndEnergyIndirectScope2GHGEmissionsIntensityRatio" order="9.0" use="optional" />
    <link:loc xlink:type="locator" xlink:href="../core/gri_srs_core_2025-06-23.xsd#gri_ReasonForOmissionRelatedToGasesIncludedInCalculationOfDirectScope1AndEnergyIndirectScope2GHGEmissionsIntensityRatio" xlink:label="loc_gri_ReasonForOmissionRelatedToGasesIncludedInCalculationOfDirectScope1AndEnergyIndirectScope2GHGEmissionsIntensityRatio" />
    <link:definitionArc xlink:type="arc" xlink:arcrole="http://xbrl.org/int/dim/arcrole/domain-member" xlink:from="loc_gri_GasesIncludedInCalculationOfDirectScope1AndEnergyIndirectScope2GHGEmissionsIntensityRatio" xlink:to="loc_gri_ReasonForOmissionRelatedToGasesIncludedInCalculationOfDirectScope1AndEnergyIndirectScope2GHGEmissionsIntensityRatio" order="1.0" use="optional" />
    <link:loc xlink:type="locator" xlink:href="../core/gri_srs_core_2025-06-23.xsd#gri_ExplanationForReasonForOmissionRelatedToGasesIncludedInCalculationOfDirectScope1AndEnergyIndirectScope2GHGEmissionsIntensityRatioTextBlock" xlink:label="loc_gri_ExplanationForReasonForOmissionRelatedToGasesIncludedInCalculationOfDirectScope1AndEnergyIndirectScope2GHGEmissionsIntensityRatioTextBlock" />
    <link:definitionArc xlink:type="arc" xlink:arcrole="http://xbrl.org/int/dim/arcrole/domain-member" xlink:from="loc_gri_GasesIncludedInCalculationOfDirectScope1AndEnergyIndirectScope2GHGEmissionsIntensityRatio" xlink:to="loc_gri_ExplanationForReasonForOmissionRelatedToGasesIncludedInCalculationOfDirectScope1AndEnergyIndirectScope2GHGEmissionsIntensityRatioTextBlock" order="2.0" use="optional" />
    <link:loc xlink:type="locator" xlink:href="../core/gri_srs_core_2025-06-23.xsd#gri_OtherIndirectScope3GHGEmissionsIntensityRatio" xlink:label="loc_gri_OtherIndirectScope3GHGEmissionsIntensityRatio" />
    <link:definitionArc xlink:type="arc" xlink:arcrole="http://xbrl.org/int/dim/arcrole/domain-member" xlink:from="loc_gri_GHGEmissionsIntensityReportingLineItems" xlink:to="loc_gri_OtherIndirectScope3GHGEmissionsIntensityRatio" order="10.0" use="optional" />
    <link:loc xlink:type="locator" xlink:href="../core/gri_srs_core_2025-06-23.xsd#gri_ReasonForOmissionRelatedToOtherIndirectScope3GHGEmissionsIntensityRatio" xlink:label="loc_gri_ReasonForOmissionRelatedToOtherIndirectScope3GHGEmissionsIntensityRatio" />
    <link:definitionArc xlink:type="arc" xlink:arcrole="http://xbrl.org/int/dim/arcrole/domain-member" xlink:from="loc_gri_OtherIndirectScope3GHGEmissionsIntensityRatio" xlink:to="loc_gri_ReasonForOmissionRelatedToOtherIndirectScope3GHGEmissionsIntensityRatio" order="1.0" use="optional" />
    <link:loc xlink:type="locator" xlink:href="../core/gri_srs_core_2025-06-23.xsd#gri_ExplanationForReasonForOmissionRelatedToOtherIndirectScope3GHGEmissionsIntensityRatioTextBlock" xlink:label="loc_gri_ExplanationForReasonForOmissionRelatedToOtherIndirectScope3GHGEmissionsIntensityRatioTextBlock" />
    <link:definitionArc xlink:type="arc" xlink:arcrole="http://xbrl.org/int/dim/arcrole/domain-member" xlink:from="loc_gri_OtherIndirectScope3GHGEmissionsIntensityRatio" xlink:to="loc_gri_ExplanationForReasonForOmissionRelatedToOtherIndirectScope3GHGEmissionsIntensityRatioTextBlock" order="2.0" use="optional" />
    <link:loc xlink:type="locator" xlink:href="../core/gri_srs_core_2025-06-23.xsd#gri_GasesIncludedInCalculationOfOtherIndirectScope3GHGEmissionsIntensityRatio" xlink:label="loc_gri_GasesIncludedInCalculationOfOtherIndirectScope3GHGEmissionsIntensityRatio" />
    <link:definitionArc xlink:type="arc" xlink:arcrole="http://xbrl.org/int/dim/arcrole/domain-member" xlink:from="loc_gri_GHGEmissionsIntensityReportingLineItems" xlink:to="loc_gri_GasesIncludedInCalculationOfOtherIndirectScope3GHGEmissionsIntensityRatio" order="11.0" use="optional" />
    <link:loc xlink:type="locator" xlink:href="../core/gri_srs_core_2025-06-23.xsd#gri_ReasonForOmissionRelatedToGasesIncludedInCalculationOfOtherIndirectScope3GHGEmissionsIntensityRatio" xlink:label="loc_gri_ReasonForOmissionRelatedToGasesIncludedInCalculationOfOtherIndirectScope3GHGEmissionsIntensityRatio" />
    <link:definitionArc xlink:type="arc" xlink:arcrole="http://xbrl.org/int/dim/arcrole/domain-member" xlink:from="loc_gri_GasesIncludedInCalculationOfOtherIndirectScope3GHGEmissionsIntensityRatio" xlink:to="loc_gri_ReasonForOmissionRelatedToGasesIncludedInCalculationOfOtherIndirectScope3GHGEmissionsIntensityRatio" order="1.0" use="optional" />
    <link:loc xlink:type="locator" xlink:href="../core/gri_srs_core_2025-06-23.xsd#gri_ExplanationForReasonForOmissionRelatedToGasesIncludedInCalculationOfOtherIndirectScope3GHGEmissionsIntensityRatioTextBlock" xlink:label="loc_gri_ExplanationForReasonForOmissionRelatedToGasesIncludedInCalculationOfOtherIndirectScope3GHGEmissionsIntensityRatioTextBlock" />
    <link:definitionArc xlink:type="arc" xlink:arcrole="http://xbrl.org/int/dim/arcrole/domain-member" xlink:from="loc_gri_GasesIncludedInCalculationOfOtherIndirectScope3GHGEmissionsIntensityRatio" xlink:to="loc_gri_ExplanationForReasonForOmissionRelatedToGasesIncludedInCalculationOfOtherIndirectScope3GHGEmissionsIntensityRatioTextBlock" order="2.0" use="optional" />
  </link:definitionLink>
  <link:definitionLink xlink:type="extended" xlink:role="https://taxonomy.globalreporting.org/gri-sustainability-taxonomy/gri_srs/gri_srs_role/role_gri_305_7">
    <link:loc xlink:type="locator" xlink:href="../core/gri_srs_core_2025-06-23.xsd#gri_DisclosureOfNitrogenOxidesNOxSulfurOxidesSOxAndOtherSignificantAirEmissionsAbstract" xlink:label="loc_gri_DisclosureOfNitrogenOxidesNOxSulfurOxidesSOxAndOtherSignificantAirEmissionsAbstract" />
    <link:loc xlink:type="locator" xlink:href="../core/gri_srs_core_2025-06-23.xsd#gri_CategoriesOfSignificantAirEmissionsTable" xlink:label="loc_gri_CategoriesOfSignificantAirEmissionsTable" />
    <link:definitionArc xlink:type="arc" xlink:arcrole="http://xbrl.org/int/dim/arcrole/all" xlink:from="loc_gri_DisclosureOfNitrogenOxidesNOxSulfurOxidesSOxAndOtherSignificantAirEmissionsAbstract" xlink:to="loc_gri_CategoriesOfSignificantAirEmissionsTable" order="1.0" xbrldt:contextElement="scenario" xbrldt:closed="false" use="optional" />
    <link:loc xlink:type="locator" xlink:href="../core/gri_srs_core_2025-06-23.xsd#gri_CategoriesOfSignificantAirEmissionsAxis" xlink:label="loc_gri_CategoriesOfSignificantAirEmissionsAxis" />
    <link:definitionArc xlink:type="arc" xlink:arcrole="http://xbrl.org/int/dim/arcrole/hypercube-dimension" xlink:from="loc_gri_CategoriesOfSignificantAirEmissionsTable" xlink:to="loc_gri_CategoriesOfSignificantAirEmissionsAxis" order="1.0" use="optional" />
    <link:loc xlink:type="locator" xlink:href="../core/gri_srs_core_2025-06-23.xsd#gri_CategoriesOfSignificantAirEmissionsDomain" xlink:label="loc_gri_CategoriesOfSignificantAirEmissionsDomain" />
    <link:definitionArc xlink:type="arc" xlink:arcrole="http://xbrl.org/int/dim/arcrole/dimension-domain" xlink:from="loc_gri_CategoriesOfSignificantAirEmissionsAxis" xlink:to="loc_gri_CategoriesOfSignificantAirEmissionsDomain" order="1.0" use="optional" />
    <link:loc xlink:type="locator" xlink:href="../core/gri_srs_core_2025-06-23.xsd#gri_NitrogenOxidesNOxMember" xlink:label="loc_gri_NitrogenOxidesNOxMember" />
    <link:definitionArc xlink:type="arc" xlink:arcrole="http://xbrl.org/int/dim/arcrole/domain-member" xlink:from="loc_gri_CategoriesOfSignificantAirEmissionsDomain" xlink:to="loc_gri_NitrogenOxidesNOxMember" order="1.0" use="optional" />
    <link:loc xlink:type="locator" xlink:href="../core/gri_srs_core_2025-06-23.xsd#gri_SulfurOxidesSOxMember" xlink:label="loc_gri_SulfurOxidesSOxMember" />
    <link:definitionArc xlink:type="arc" xlink:arcrole="http://xbrl.org/int/dim/arcrole/domain-member" xlink:from="loc_gri_CategoriesOfSignificantAirEmissionsDomain" xlink:to="loc_gri_SulfurOxidesSOxMember" order="2.0" use="optional" />
    <link:loc xlink:type="locator" xlink:href="../core/gri_srs_core_2025-06-23.xsd#gri_PersistentOrganicPollutantsPOPMember" xlink:label="loc_gri_PersistentOrganicPollutantsPOPMember" />
    <link:definitionArc xlink:type="arc" xlink:arcrole="http://xbrl.org/int/dim/arcrole/domain-member" xlink:from="loc_gri_CategoriesOfSignificantAirEmissionsDomain" xlink:to="loc_gri_PersistentOrganicPollutantsPOPMember" order="3.0" use="optional" />
    <link:loc xlink:type="locator" xlink:href="../core/gri_srs_core_2025-06-23.xsd#gri_VolatileOrganicCompoundsVOCMember" xlink:label="loc_gri_VolatileOrganicCompoundsVOCMember" />
    <link:definitionArc xlink:type="arc" xlink:arcrole="http://xbrl.org/int/dim/arcrole/domain-member" xlink:from="loc_gri_CategoriesOfSignificantAirEmissionsDomain" xlink:to="loc_gri_VolatileOrganicCompoundsVOCMember" order="4.0" use="optional" />
    <link:loc xlink:type="locator" xlink:href="../core/gri_srs_core_2025-06-23.xsd#gri_HazardousAirPollutantsHAPMember" xlink:label="loc_gri_HazardousAirPollutantsHAPMember" />
    <link:definitionArc xlink:type="arc" xlink:arcrole="http://xbrl.org/int/dim/arcrole/domain-member" xlink:from="loc_gri_CategoriesOfSignificantAirEmissionsDomain" xlink:to="loc_gri_HazardousAirPollutantsHAPMember" order="5.0" use="optional" />
    <link:loc xlink:type="locator" xlink:href="../core/gri_srs_core_2025-06-23.xsd#gri_ParticulateMatterPMMember" xlink:label="loc_gri_ParticulateMatterPMMember" />
    <link:definitionArc xlink:type="arc" xlink:arcrole="http://xbrl.org/int/dim/arcrole/domain-member" xlink:from="loc_gri_CategoriesOfSignificantAirEmissionsDomain" xlink:to="loc_gri_ParticulateMatterPMMember" order="6.0" use="optional" />
    <link:loc xlink:type="locator" xlink:href="../core/gri_srs_core_2025-06-23.xsd#gri_OtherStandardCategoriesOfAirEmissionsIdentifiedInRelevantRegulationsMember" xlink:label="loc_gri_OtherStandardCategoriesOfAirEmissionsIdentifiedInRelevantRegulationsMember" />
    <link:definitionArc xlink:type="arc" xlink:arcrole="http://xbrl.org/int/dim/arcrole/domain-member" xlink:from="loc_gri_CategoriesOfSignificantAirEmissionsDomain" xlink:to="loc_gri_OtherStandardCategoriesOfAirEmissionsIdentifiedInRelevantRegulationsMember" order="7.0" use="optional" />
    <link:loc xlink:type="locator" xlink:href="../core/gri_srs_core_2025-06-23.xsd#gri_CategoriesOfSignificantAirEmissionsLineItems" xlink:label="loc_gri_CategoriesOfSignificantAirEmissionsLineItems" />
    <link:definitionArc xlink:type="arc" xlink:arcrole="http://xbrl.org/int/dim/arcrole/domain-member" xlink:from="loc_gri_DisclosureOfNitrogenOxidesNOxSulfurOxidesSOxAndOtherSignificantAirEmissionsAbstract" xlink:to="loc_gri_CategoriesOfSignificantAirEmissionsLineItems" order="2.0" use="optional" />
    <link:loc xlink:type="locator" xlink:href="../core/gri_srs_core_2025-06-23.xsd#gri_SignificantAirEmissions" xlink:label="loc_gri_SignificantAirEmissions" />
    <link:definitionArc xlink:type="arc" xlink:arcrole="http://xbrl.org/int/dim/arcrole/domain-member" xlink:from="loc_gri_CategoriesOfSignificantAirEmissionsLineItems" xlink:to="loc_gri_SignificantAirEmissions" order="1.0" use="optional" />
    <link:loc xlink:type="locator" xlink:href="../core/gri_srs_core_2025-06-23.xsd#gri_ReasonForOmissionRelatedToSignificantAirEmissions" xlink:label="loc_gri_ReasonForOmissionRelatedToSignificantAirEmissions" />
    <link:definitionArc xlink:type="arc" xlink:arcrole="http://xbrl.org/int/dim/arcrole/domain-member" xlink:from="loc_gri_SignificantAirEmissions" xlink:to="loc_gri_ReasonForOmissionRelatedToSignificantAirEmissions" order="1.0" use="optional" />
    <link:loc xlink:type="locator" xlink:href="../core/gri_srs_core_2025-06-23.xsd#gri_ExplanationForReasonForOmissionRelatedToSignificantAirEmissionsTextBlock" xlink:label="loc_gri_ExplanationForReasonForOmissionRelatedToSignificantAirEmissionsTextBlock" />
    <link:definitionArc xlink:type="arc" xlink:arcrole="http://xbrl.org/int/dim/arcrole/domain-member" xlink:from="loc_gri_SignificantAirEmissions" xlink:to="loc_gri_ExplanationForReasonForOmissionRelatedToSignificantAirEmissionsTextBlock" order="2.0" use="optional" />
  </link:definitionLink>
</link:linkbase>