﻿<?xml version="1.0" encoding="utf-8"?>
<!-- Generated by GRI Taxonomy Editor-->
<link:linkbase xsi:schemaLocation="http://www.xbrl.org/2003/linkbase http://www.xbrl.org/2003/xbrl-linkbase-2003-12-31.xsd http://xbrl.org/2005/xbrldt http://www.xbrl.org/2005/xbrldt-2005.xsd http://www.xbrl.org/2003/instance http://www.xbrl.org/2003/xbrl-instance-2003-12-31.xsd http://www.w3.org/1999/xlink http://www.xbrl.org/2003/xlink-2003-12-31.xsd " xmlns:link="http://www.xbrl.org/2003/linkbase" xmlns:xbrldt="http://xbrl.org/2005/xbrldt" xmlns:xbrli="http://www.xbrl.org/2003/instance" xmlns:xlink="http://www.w3.org/1999/xlink" xmlns:xsi="http://www.w3.org/2001/XMLSchema-instance">
  <!-- Role Ref -->
  <link:roleRef roleURI="https://taxonomy.globalreporting.org/gri-sustainability-taxonomy/gri_srs/gri_srs_role/role_gri_205_2" xlink:type="simple" xlink:href="role_gri_srs_2025-06-23.xsd#role_gri_205_2" />
  <link:roleRef roleURI="https://taxonomy.globalreporting.org/gri-sustainability-taxonomy/gri_srs/gri_srs_role/role_gri_205_2_D" xlink:type="simple" xlink:href="role_gri_srs_2025-06-23.xsd#role_gri_205_2_D" />
  <link:roleRef roleURI="https://taxonomy.globalreporting.org/gri-sustainability-taxonomy/gri_srs/gri_srs_role/role_gri_205_2B" xlink:type="simple" xlink:href="role_gri_srs_2025-06-23.xsd#role_gri_205_2B" />
  <link:roleRef roleURI="https://taxonomy.globalreporting.org/gri-sustainability-taxonomy/gri_srs/gri_srs_role/role_gri_205_2B_D" xlink:type="simple" xlink:href="role_gri_srs_2025-06-23.xsd#role_gri_205_2B_D" />
  <link:roleRef roleURI="https://taxonomy.globalreporting.org/gri-sustainability-taxonomy/gri_srs/gri_srs_role/role_gri_205_2C" xlink:type="simple" xlink:href="role_gri_srs_2025-06-23.xsd#role_gri_205_2C" />
  <link:roleRef roleURI="https://taxonomy.globalreporting.org/gri-sustainability-taxonomy/gri_srs/gri_srs_role/role_gri_205_2C_D" xlink:type="simple" xlink:href="role_gri_srs_2025-06-23.xsd#role_gri_205_2C_D" />
  <!-- ArcRole Ref -->
  <link:arcroleRef arcroleURI="http://xbrl.org/int/dim/arcrole/all" xlink:type="simple" xlink:href="http://www.xbrl.org/2005/xbrldt-2005.xsd#all" />
  <link:arcroleRef arcroleURI="http://xbrl.org/int/dim/arcrole/domain-member" xlink:type="simple" xlink:href="http://www.xbrl.org/2005/xbrldt-2005.xsd#domain-member" />
  <link:arcroleRef arcroleURI="http://xbrl.org/int/dim/arcrole/hypercube-dimension" xlink:type="simple" xlink:href="http://www.xbrl.org/2005/xbrldt-2005.xsd#hypercube-dimension" />
  <link:definitionLink xlink:type="extended" xlink:role="https://taxonomy.globalreporting.org/gri-sustainability-taxonomy/gri_srs/gri_srs_role/role_gri_205_2">
    <link:loc xlink:type="locator" xlink:href="../core/gri_srs_core_2025-06-23.xsd#gri_DisclosureOfCommunicationAndTrainingAboutAntiCorruptionPoliciesAndProceduresBreakdownByRegionAbstract" xlink:label="loc_gri_DisclosureOfCommunicationAndTrainingAboutAntiCorruptionPoliciesAndProceduresBreakdownByRegionAbstract" />
    <link:loc xlink:type="locator" xlink:href="../core/gri_srs_core_2025-06-23.xsd#gri_CommunicationAndTrainingAboutAntiCorruptionPoliciesAndProceduresBreakdownByRegionTable" xlink:label="loc_gri_CommunicationAndTrainingAboutAntiCorruptionPoliciesAndProceduresBreakdownByRegionTable" />
    <link:definitionArc xlink:type="arc" xlink:arcrole="http://xbrl.org/int/dim/arcrole/all" xlink:from="loc_gri_DisclosureOfCommunicationAndTrainingAboutAntiCorruptionPoliciesAndProceduresBreakdownByRegionAbstract" xlink:to="loc_gri_CommunicationAndTrainingAboutAntiCorruptionPoliciesAndProceduresBreakdownByRegionTable" order="1.0" xbrldt:contextElement="scenario" xbrldt:closed="false" use="optional" />
    <link:loc xlink:type="locator" xlink:href="../core/gri_srs_core_2025-06-23.xsd#gri_RegionAxis" xlink:label="loc_gri_RegionAxis" />
    <link:definitionArc xlink:type="arc" xlink:arcrole="http://xbrl.org/int/dim/arcrole/hypercube-dimension" xlink:from="loc_gri_CommunicationAndTrainingAboutAntiCorruptionPoliciesAndProceduresBreakdownByRegionTable" xlink:to="loc_gri_RegionAxis" order="1.0" use="optional" />
    <link:loc xlink:type="locator" xlink:href="../core/gri_srs_core_2025-06-23.xsd#gri_CommunicationAndTrainingAboutAntiCorruptionPoliciesAndProceduresBreakdownByRegionLineItems" xlink:label="loc_gri_CommunicationAndTrainingAboutAntiCorruptionPoliciesAndProceduresBreakdownByRegionLineItems" />
    <link:definitionArc xlink:type="arc" xlink:arcrole="http://xbrl.org/int/dim/arcrole/domain-member" xlink:from="loc_gri_DisclosureOfCommunicationAndTrainingAboutAntiCorruptionPoliciesAndProceduresBreakdownByRegionAbstract" xlink:to="loc_gri_CommunicationAndTrainingAboutAntiCorruptionPoliciesAndProceduresBreakdownByRegionLineItems" order="2.0" use="optional" />
    <link:loc xlink:type="locator" xlink:href="../core/gri_srs_core_2025-06-23.xsd#gri_TotalNumberOfGovernanceBodyMembersThatOrganizationsAntiCorruptionPoliciesAndProceduresHaveBeenCommunicatedTo" xlink:label="loc_gri_TotalNumberOfGovernanceBodyMembersThatOrganizationsAntiCorruptionPoliciesAndProceduresHaveBeenCommunicatedTo" />
    <link:definitionArc xlink:type="arc" xlink:arcrole="http://xbrl.org/int/dim/arcrole/domain-member" xlink:from="loc_gri_CommunicationAndTrainingAboutAntiCorruptionPoliciesAndProceduresBreakdownByRegionLineItems" xlink:to="loc_gri_TotalNumberOfGovernanceBodyMembersThatOrganizationsAntiCorruptionPoliciesAndProceduresHaveBeenCommunicatedTo" order="1.0" use="optional" />
    <link:loc xlink:type="locator" xlink:href="../core/gri_srs_core_2025-06-23.xsd#gri_ReasonForOmissionRelatedToTotalNumberOfGovernanceBodyMembersThatOrganizationsAntiCorruptionPoliciesAndProceduresHaveBeenCommunicatedTo" xlink:label="loc_gri_ReasonForOmissionRelatedToTotalNumberOfGovernanceBodyMembersThatOrganizationsAntiCorruptionPoliciesAndProceduresHaveBeenCommunicatedTo" />
    <link:definitionArc xlink:type="arc" xlink:arcrole="http://xbrl.org/int/dim/arcrole/domain-member" xlink:from="loc_gri_TotalNumberOfGovernanceBodyMembersThatOrganizationsAntiCorruptionPoliciesAndProceduresHaveBeenCommunicatedTo" xlink:to="loc_gri_ReasonForOmissionRelatedToTotalNumberOfGovernanceBodyMembersThatOrganizationsAntiCorruptionPoliciesAndProceduresHaveBeenCommunicatedTo" order="1.0" use="optional" />
    <link:loc xlink:type="locator" xlink:href="../core/gri_srs_core_2025-06-23.xsd#gri_ExplanationForReasonForOmissionRelatedToTotalNumberOfGovernanceBodyMembersThatOrganizationsAntiCorruptionPoliciesAndProceduresHaveBeenCommunicatedToTextBlock" xlink:label="loc_gri_ExplanationForReasonForOmissionRelatedToTotalNumberOfGovernanceBodyMembersThatOrganizationsAntiCorruptionPoliciesAndProceduresHaveBeenCommunicatedToTextBlock" />
    <link:definitionArc xlink:type="arc" xlink:arcrole="http://xbrl.org/int/dim/arcrole/domain-member" xlink:from="loc_gri_TotalNumberOfGovernanceBodyMembersThatOrganizationsAntiCorruptionPoliciesAndProceduresHaveBeenCommunicatedTo" xlink:to="loc_gri_ExplanationForReasonForOmissionRelatedToTotalNumberOfGovernanceBodyMembersThatOrganizationsAntiCorruptionPoliciesAndProceduresHaveBeenCommunicatedToTextBlock" order="2.0" use="optional" />
    <link:loc xlink:type="locator" xlink:href="../core/gri_srs_core_2025-06-23.xsd#gri_PercentageOfGovernanceBodyMembersThatOrganizationsAntiCorruptionPoliciesAndProceduresHaveBeenCommunicatedTo" xlink:label="loc_gri_PercentageOfGovernanceBodyMembersThatOrganizationsAntiCorruptionPoliciesAndProceduresHaveBeenCommunicatedTo" />
    <link:definitionArc xlink:type="arc" xlink:arcrole="http://xbrl.org/int/dim/arcrole/domain-member" xlink:from="loc_gri_CommunicationAndTrainingAboutAntiCorruptionPoliciesAndProceduresBreakdownByRegionLineItems" xlink:to="loc_gri_PercentageOfGovernanceBodyMembersThatOrganizationsAntiCorruptionPoliciesAndProceduresHaveBeenCommunicatedTo" order="2.0" use="optional" />
    <link:loc xlink:type="locator" xlink:href="../core/gri_srs_core_2025-06-23.xsd#gri_ReasonForOmissionRelatedToPercentageOfGovernanceBodyMembersThatOrganizationsAntiCorruptionPoliciesAndProceduresHaveBeenCommunicatedTo" xlink:label="loc_gri_ReasonForOmissionRelatedToPercentageOfGovernanceBodyMembersThatOrganizationsAntiCorruptionPoliciesAndProceduresHaveBeenCommunicatedTo" />
    <link:definitionArc xlink:type="arc" xlink:arcrole="http://xbrl.org/int/dim/arcrole/domain-member" xlink:from="loc_gri_PercentageOfGovernanceBodyMembersThatOrganizationsAntiCorruptionPoliciesAndProceduresHaveBeenCommunicatedTo" xlink:to="loc_gri_ReasonForOmissionRelatedToPercentageOfGovernanceBodyMembersThatOrganizationsAntiCorruptionPoliciesAndProceduresHaveBeenCommunicatedTo" order="1.0" use="optional" />
    <link:loc xlink:type="locator" xlink:href="../core/gri_srs_core_2025-06-23.xsd#gri_ExplanationForReasonForOmissionRelatedToPercentageOfGovernanceBodyMembersThatOrganizationsAntiCorruptionPoliciesAndProceduresHaveBeenCommunicatedToTextBlock" xlink:label="loc_gri_ExplanationForReasonForOmissionRelatedToPercentageOfGovernanceBodyMembersThatOrganizationsAntiCorruptionPoliciesAndProceduresHaveBeenCommunicatedToTextBlock" />
    <link:definitionArc xlink:type="arc" xlink:arcrole="http://xbrl.org/int/dim/arcrole/domain-member" xlink:from="loc_gri_PercentageOfGovernanceBodyMembersThatOrganizationsAntiCorruptionPoliciesAndProceduresHaveBeenCommunicatedTo" xlink:to="loc_gri_ExplanationForReasonForOmissionRelatedToPercentageOfGovernanceBodyMembersThatOrganizationsAntiCorruptionPoliciesAndProceduresHaveBeenCommunicatedToTextBlock" order="2.0" use="optional" />
    <link:loc xlink:type="locator" xlink:href="../core/gri_srs_core_2025-06-23.xsd#gri_TotalNumberOfEmployeesThatOrganizationsAntiCorruptionPoliciesAndProceduresHaveBeenCommunicatedTo" xlink:label="loc_gri_TotalNumberOfEmployeesThatOrganizationsAntiCorruptionPoliciesAndProceduresHaveBeenCommunicatedTo" />
    <link:definitionArc xlink:type="arc" xlink:arcrole="http://xbrl.org/int/dim/arcrole/domain-member" xlink:from="loc_gri_CommunicationAndTrainingAboutAntiCorruptionPoliciesAndProceduresBreakdownByRegionLineItems" xlink:to="loc_gri_TotalNumberOfEmployeesThatOrganizationsAntiCorruptionPoliciesAndProceduresHaveBeenCommunicatedTo" order="3.0" use="optional" />
    <link:loc xlink:type="locator" xlink:href="../core/gri_srs_core_2025-06-23.xsd#gri_ReasonForOmissionRelatedToTotalNumberOfEmployeesThatOrganizationsAntiCorruptionPoliciesAndProceduresHaveBeenCommunicatedTo" xlink:label="loc_gri_ReasonForOmissionRelatedToTotalNumberOfEmployeesThatOrganizationsAntiCorruptionPoliciesAndProceduresHaveBeenCommunicatedTo" />
    <link:definitionArc xlink:type="arc" xlink:arcrole="http://xbrl.org/int/dim/arcrole/domain-member" xlink:from="loc_gri_TotalNumberOfEmployeesThatOrganizationsAntiCorruptionPoliciesAndProceduresHaveBeenCommunicatedTo" xlink:to="loc_gri_ReasonForOmissionRelatedToTotalNumberOfEmployeesThatOrganizationsAntiCorruptionPoliciesAndProceduresHaveBeenCommunicatedTo" order="1.0" use="optional" />
    <link:loc xlink:type="locator" xlink:href="../core/gri_srs_core_2025-06-23.xsd#gri_ExplanationForReasonForOmissionRelatedToTotalNumberOfEmployeesThatOrganizationsAntiCorruptionPoliciesAndProceduresHaveBeenCommunicatedToTextBlock" xlink:label="loc_gri_ExplanationForReasonForOmissionRelatedToTotalNumberOfEmployeesThatOrganizationsAntiCorruptionPoliciesAndProceduresHaveBeenCommunicatedToTextBlock" />
    <link:definitionArc xlink:type="arc" xlink:arcrole="http://xbrl.org/int/dim/arcrole/domain-member" xlink:from="loc_gri_TotalNumberOfEmployeesThatOrganizationsAntiCorruptionPoliciesAndProceduresHaveBeenCommunicatedTo" xlink:to="loc_gri_ExplanationForReasonForOmissionRelatedToTotalNumberOfEmployeesThatOrganizationsAntiCorruptionPoliciesAndProceduresHaveBeenCommunicatedToTextBlock" order="2.0" use="optional" />
    <link:loc xlink:type="locator" xlink:href="../core/gri_srs_core_2025-06-23.xsd#gri_PercentageOfEmployeesThatOrganizationsAntiCorruptionPoliciesAndProceduresHaveBeenCommunicatedTo" xlink:label="loc_gri_PercentageOfEmployeesThatOrganizationsAntiCorruptionPoliciesAndProceduresHaveBeenCommunicatedTo" />
    <link:definitionArc xlink:type="arc" xlink:arcrole="http://xbrl.org/int/dim/arcrole/domain-member" xlink:from="loc_gri_CommunicationAndTrainingAboutAntiCorruptionPoliciesAndProceduresBreakdownByRegionLineItems" xlink:to="loc_gri_PercentageOfEmployeesThatOrganizationsAntiCorruptionPoliciesAndProceduresHaveBeenCommunicatedTo" order="4.0" use="optional" />
    <link:loc xlink:type="locator" xlink:href="../core/gri_srs_core_2025-06-23.xsd#gri_ReasonForOmissionRelatedToPercentageOfEmployeesThatOrganizationsAntiCorruptionPoliciesAndProceduresHaveBeenCommunicatedTo" xlink:label="loc_gri_ReasonForOmissionRelatedToPercentageOfEmployeesThatOrganizationsAntiCorruptionPoliciesAndProceduresHaveBeenCommunicatedTo" />
    <link:definitionArc xlink:type="arc" xlink:arcrole="http://xbrl.org/int/dim/arcrole/domain-member" xlink:from="loc_gri_PercentageOfEmployeesThatOrganizationsAntiCorruptionPoliciesAndProceduresHaveBeenCommunicatedTo" xlink:to="loc_gri_ReasonForOmissionRelatedToPercentageOfEmployeesThatOrganizationsAntiCorruptionPoliciesAndProceduresHaveBeenCommunicatedTo" order="1.0" use="optional" />
    <link:loc xlink:type="locator" xlink:href="../core/gri_srs_core_2025-06-23.xsd#gri_ExplanationForReasonForOmissionRelatedToPercentageOfEmployeesThatOrganizationsAntiCorruptionPoliciesAndProceduresHaveBeenCommunicatedToTextBlock" xlink:label="loc_gri_ExplanationForReasonForOmissionRelatedToPercentageOfEmployeesThatOrganizationsAntiCorruptionPoliciesAndProceduresHaveBeenCommunicatedToTextBlock" />
    <link:definitionArc xlink:type="arc" xlink:arcrole="http://xbrl.org/int/dim/arcrole/domain-member" xlink:from="loc_gri_PercentageOfEmployeesThatOrganizationsAntiCorruptionPoliciesAndProceduresHaveBeenCommunicatedTo" xlink:to="loc_gri_ExplanationForReasonForOmissionRelatedToPercentageOfEmployeesThatOrganizationsAntiCorruptionPoliciesAndProceduresHaveBeenCommunicatedToTextBlock" order="2.0" use="optional" />
    <link:loc xlink:type="locator" xlink:href="../core/gri_srs_core_2025-06-23.xsd#gri_TotalNumberOfBusinessPartnersThatOrganizationsAntiCorruptionPoliciesAndProceduresHaveBeenCommunicatedTo" xlink:label="loc_gri_TotalNumberOfBusinessPartnersThatOrganizationsAntiCorruptionPoliciesAndProceduresHaveBeenCommunicatedTo" />
    <link:definitionArc xlink:type="arc" xlink:arcrole="http://xbrl.org/int/dim/arcrole/domain-member" xlink:from="loc_gri_CommunicationAndTrainingAboutAntiCorruptionPoliciesAndProceduresBreakdownByRegionLineItems" xlink:to="loc_gri_TotalNumberOfBusinessPartnersThatOrganizationsAntiCorruptionPoliciesAndProceduresHaveBeenCommunicatedTo" order="5.0" use="optional" />
    <link:loc xlink:type="locator" xlink:href="../core/gri_srs_core_2025-06-23.xsd#gri_ReasonForOmissionRelatedToTotalNumberOfBusinessPartnersThatOrganizationsAntiCorruptionPoliciesAndProceduresHaveBeenCommunicatedTo" xlink:label="loc_gri_ReasonForOmissionRelatedToTotalNumberOfBusinessPartnersThatOrganizationsAntiCorruptionPoliciesAndProceduresHaveBeenCommunicatedTo" />
    <link:definitionArc xlink:type="arc" xlink:arcrole="http://xbrl.org/int/dim/arcrole/domain-member" xlink:from="loc_gri_TotalNumberOfBusinessPartnersThatOrganizationsAntiCorruptionPoliciesAndProceduresHaveBeenCommunicatedTo" xlink:to="loc_gri_ReasonForOmissionRelatedToTotalNumberOfBusinessPartnersThatOrganizationsAntiCorruptionPoliciesAndProceduresHaveBeenCommunicatedTo" order="1.0" use="optional" />
    <link:loc xlink:type="locator" xlink:href="../core/gri_srs_core_2025-06-23.xsd#gri_ExplanationForReasonForOmissionRelatedToTotalNumberOfBusinessPartnersThatOrganizationsAntiCorruptionPoliciesAndProceduresHaveBeenCommunicatedToTextBlock" xlink:label="loc_gri_ExplanationForReasonForOmissionRelatedToTotalNumberOfBusinessPartnersThatOrganizationsAntiCorruptionPoliciesAndProceduresHaveBeenCommunicatedToTextBlock" />
    <link:definitionArc xlink:type="arc" xlink:arcrole="http://xbrl.org/int/dim/arcrole/domain-member" xlink:from="loc_gri_TotalNumberOfBusinessPartnersThatOrganizationsAntiCorruptionPoliciesAndProceduresHaveBeenCommunicatedTo" xlink:to="loc_gri_ExplanationForReasonForOmissionRelatedToTotalNumberOfBusinessPartnersThatOrganizationsAntiCorruptionPoliciesAndProceduresHaveBeenCommunicatedToTextBlock" order="2.0" use="optional" />
    <link:loc xlink:type="locator" xlink:href="../core/gri_srs_core_2025-06-23.xsd#gri_PercentageOfBusinessPartnersThatOrganizationsAntiCorruptionPoliciesAndProceduresHaveBeenCommunicatedTo" xlink:label="loc_gri_PercentageOfBusinessPartnersThatOrganizationsAntiCorruptionPoliciesAndProceduresHaveBeenCommunicatedTo" />
    <link:definitionArc xlink:type="arc" xlink:arcrole="http://xbrl.org/int/dim/arcrole/domain-member" xlink:from="loc_gri_CommunicationAndTrainingAboutAntiCorruptionPoliciesAndProceduresBreakdownByRegionLineItems" xlink:to="loc_gri_PercentageOfBusinessPartnersThatOrganizationsAntiCorruptionPoliciesAndProceduresHaveBeenCommunicatedTo" order="6.0" use="optional" />
    <link:loc xlink:type="locator" xlink:href="../core/gri_srs_core_2025-06-23.xsd#gri_ReasonForOmissionRelatedToPercentageOfBusinessPartnersThatOrganizationsAntiCorruptionPoliciesAndProceduresHaveBeenCommunicatedTo" xlink:label="loc_gri_ReasonForOmissionRelatedToPercentageOfBusinessPartnersThatOrganizationsAntiCorruptionPoliciesAndProceduresHaveBeenCommunicatedTo" />
    <link:definitionArc xlink:type="arc" xlink:arcrole="http://xbrl.org/int/dim/arcrole/domain-member" xlink:from="loc_gri_PercentageOfBusinessPartnersThatOrganizationsAntiCorruptionPoliciesAndProceduresHaveBeenCommunicatedTo" xlink:to="loc_gri_ReasonForOmissionRelatedToPercentageOfBusinessPartnersThatOrganizationsAntiCorruptionPoliciesAndProceduresHaveBeenCommunicatedTo" order="1.0" use="optional" />
    <link:loc xlink:type="locator" xlink:href="../core/gri_srs_core_2025-06-23.xsd#gri_ExplanationForReasonForOmissionRelatedToPercentageOfBusinessPartnersThatOrganizationsAntiCorruptionPoliciesAndProceduresHaveBeenCommunicatedToTextBlock" xlink:label="loc_gri_ExplanationForReasonForOmissionRelatedToPercentageOfBusinessPartnersThatOrganizationsAntiCorruptionPoliciesAndProceduresHaveBeenCommunicatedToTextBlock" />
    <link:definitionArc xlink:type="arc" xlink:arcrole="http://xbrl.org/int/dim/arcrole/domain-member" xlink:from="loc_gri_PercentageOfBusinessPartnersThatOrganizationsAntiCorruptionPoliciesAndProceduresHaveBeenCommunicatedTo" xlink:to="loc_gri_ExplanationForReasonForOmissionRelatedToPercentageOfBusinessPartnersThatOrganizationsAntiCorruptionPoliciesAndProceduresHaveBeenCommunicatedToTextBlock" order="2.0" use="optional" />
    <link:loc xlink:type="locator" xlink:href="../core/gri_srs_core_2025-06-23.xsd#gri_TotalNumberOfGovernanceBodyMembersThatHaveReceivedTrainingOnAntiCorruption" xlink:label="loc_gri_TotalNumberOfGovernanceBodyMembersThatHaveReceivedTrainingOnAntiCorruption" />
    <link:definitionArc xlink:type="arc" xlink:arcrole="http://xbrl.org/int/dim/arcrole/domain-member" xlink:from="loc_gri_CommunicationAndTrainingAboutAntiCorruptionPoliciesAndProceduresBreakdownByRegionLineItems" xlink:to="loc_gri_TotalNumberOfGovernanceBodyMembersThatHaveReceivedTrainingOnAntiCorruption" order="7.0" use="optional" />
    <link:loc xlink:type="locator" xlink:href="../core/gri_srs_core_2025-06-23.xsd#gri_ReasonForOmissionRelatedToTotalNumberOfGovernanceBodyMembersThatHaveReceivedTrainingOnAntiCorruption" xlink:label="loc_gri_ReasonForOmissionRelatedToTotalNumberOfGovernanceBodyMembersThatHaveReceivedTrainingOnAntiCorruption" />
    <link:definitionArc xlink:type="arc" xlink:arcrole="http://xbrl.org/int/dim/arcrole/domain-member" xlink:from="loc_gri_TotalNumberOfGovernanceBodyMembersThatHaveReceivedTrainingOnAntiCorruption" xlink:to="loc_gri_ReasonForOmissionRelatedToTotalNumberOfGovernanceBodyMembersThatHaveReceivedTrainingOnAntiCorruption" order="1.0" use="optional" />
    <link:loc xlink:type="locator" xlink:href="../core/gri_srs_core_2025-06-23.xsd#gri_ExplanationForReasonForOmissionRelatedToTotalNumberOfGovernanceBodyMembersThatHaveReceivedTrainingOnAntiCorruptionTextBlock" xlink:label="loc_gri_ExplanationForReasonForOmissionRelatedToTotalNumberOfGovernanceBodyMembersThatHaveReceivedTrainingOnAntiCorruptionTextBlock" />
    <link:definitionArc xlink:type="arc" xlink:arcrole="http://xbrl.org/int/dim/arcrole/domain-member" xlink:from="loc_gri_TotalNumberOfGovernanceBodyMembersThatHaveReceivedTrainingOnAntiCorruption" xlink:to="loc_gri_ExplanationForReasonForOmissionRelatedToTotalNumberOfGovernanceBodyMembersThatHaveReceivedTrainingOnAntiCorruptionTextBlock" order="2.0" use="optional" />
    <link:loc xlink:type="locator" xlink:href="../core/gri_srs_core_2025-06-23.xsd#gri_PercentageOfGovernanceBodyMembersThatHaveReceivedTrainingOnAntiCorruption" xlink:label="loc_gri_PercentageOfGovernanceBodyMembersThatHaveReceivedTrainingOnAntiCorruption" />
    <link:definitionArc xlink:type="arc" xlink:arcrole="http://xbrl.org/int/dim/arcrole/domain-member" xlink:from="loc_gri_CommunicationAndTrainingAboutAntiCorruptionPoliciesAndProceduresBreakdownByRegionLineItems" xlink:to="loc_gri_PercentageOfGovernanceBodyMembersThatHaveReceivedTrainingOnAntiCorruption" order="8.0" use="optional" />
    <link:loc xlink:type="locator" xlink:href="../core/gri_srs_core_2025-06-23.xsd#gri_ReasonForOmissionRelatedToPercentageOfGovernanceBodyMembersThatHaveReceivedTrainingOnAntiCorruption" xlink:label="loc_gri_ReasonForOmissionRelatedToPercentageOfGovernanceBodyMembersThatHaveReceivedTrainingOnAntiCorruption" />
    <link:definitionArc xlink:type="arc" xlink:arcrole="http://xbrl.org/int/dim/arcrole/domain-member" xlink:from="loc_gri_PercentageOfGovernanceBodyMembersThatHaveReceivedTrainingOnAntiCorruption" xlink:to="loc_gri_ReasonForOmissionRelatedToPercentageOfGovernanceBodyMembersThatHaveReceivedTrainingOnAntiCorruption" order="1.0" use="optional" />
    <link:loc xlink:type="locator" xlink:href="../core/gri_srs_core_2025-06-23.xsd#gri_ExplanationForReasonForOmissionRelatedToPercentageOfGovernanceBodyMembersThatHaveReceivedTrainingOnAntiCorruptionTextBlock" xlink:label="loc_gri_ExplanationForReasonForOmissionRelatedToPercentageOfGovernanceBodyMembersThatHaveReceivedTrainingOnAntiCorruptionTextBlock" />
    <link:definitionArc xlink:type="arc" xlink:arcrole="http://xbrl.org/int/dim/arcrole/domain-member" xlink:from="loc_gri_PercentageOfGovernanceBodyMembersThatHaveReceivedTrainingOnAntiCorruption" xlink:to="loc_gri_ExplanationForReasonForOmissionRelatedToPercentageOfGovernanceBodyMembersThatHaveReceivedTrainingOnAntiCorruptionTextBlock" order="2.0" use="optional" />
    <link:loc xlink:type="locator" xlink:href="../core/gri_srs_core_2025-06-23.xsd#gri_TotalNumberOfEmployeesThatHaveReceivedTrainingOnAntiCorruption" xlink:label="loc_gri_TotalNumberOfEmployeesThatHaveReceivedTrainingOnAntiCorruption" />
    <link:definitionArc xlink:type="arc" xlink:arcrole="http://xbrl.org/int/dim/arcrole/domain-member" xlink:from="loc_gri_CommunicationAndTrainingAboutAntiCorruptionPoliciesAndProceduresBreakdownByRegionLineItems" xlink:to="loc_gri_TotalNumberOfEmployeesThatHaveReceivedTrainingOnAntiCorruption" order="9.0" use="optional" />
    <link:loc xlink:type="locator" xlink:href="../core/gri_srs_core_2025-06-23.xsd#gri_ReasonForOmissionRelatedToTotalNumberOfEmployeesThatHaveReceivedTrainingOnAntiCorruption" xlink:label="loc_gri_ReasonForOmissionRelatedToTotalNumberOfEmployeesThatHaveReceivedTrainingOnAntiCorruption" />
    <link:definitionArc xlink:type="arc" xlink:arcrole="http://xbrl.org/int/dim/arcrole/domain-member" xlink:from="loc_gri_TotalNumberOfEmployeesThatHaveReceivedTrainingOnAntiCorruption" xlink:to="loc_gri_ReasonForOmissionRelatedToTotalNumberOfEmployeesThatHaveReceivedTrainingOnAntiCorruption" order="1.0" use="optional" />
    <link:loc xlink:type="locator" xlink:href="../core/gri_srs_core_2025-06-23.xsd#gri_ExplanationForReasonForOmissionRelatedToTotalNumberOfEmployeesThatHaveReceivedTrainingOnAntiCorruptionTextBlock" xlink:label="loc_gri_ExplanationForReasonForOmissionRelatedToTotalNumberOfEmployeesThatHaveReceivedTrainingOnAntiCorruptionTextBlock" />
    <link:definitionArc xlink:type="arc" xlink:arcrole="http://xbrl.org/int/dim/arcrole/domain-member" xlink:from="loc_gri_TotalNumberOfEmployeesThatHaveReceivedTrainingOnAntiCorruption" xlink:to="loc_gri_ExplanationForReasonForOmissionRelatedToTotalNumberOfEmployeesThatHaveReceivedTrainingOnAntiCorruptionTextBlock" order="2.0" use="optional" />
    <link:loc xlink:type="locator" xlink:href="../core/gri_srs_core_2025-06-23.xsd#gri_PercentageOfEmployeesThatHaveReceivedTrainingOnAntiCorruption" xlink:label="loc_gri_PercentageOfEmployeesThatHaveReceivedTrainingOnAntiCorruption" />
    <link:definitionArc xlink:type="arc" xlink:arcrole="http://xbrl.org/int/dim/arcrole/domain-member" xlink:from="loc_gri_CommunicationAndTrainingAboutAntiCorruptionPoliciesAndProceduresBreakdownByRegionLineItems" xlink:to="loc_gri_PercentageOfEmployeesThatHaveReceivedTrainingOnAntiCorruption" order="10.0" use="optional" />
    <link:loc xlink:type="locator" xlink:href="../core/gri_srs_core_2025-06-23.xsd#gri_ReasonForOmissionRelatedToPercentageOfEmployeesThatHaveReceivedTrainingOnAntiCorruption" xlink:label="loc_gri_ReasonForOmissionRelatedToPercentageOfEmployeesThatHaveReceivedTrainingOnAntiCorruption" />
    <link:definitionArc xlink:type="arc" xlink:arcrole="http://xbrl.org/int/dim/arcrole/domain-member" xlink:from="loc_gri_PercentageOfEmployeesThatHaveReceivedTrainingOnAntiCorruption" xlink:to="loc_gri_ReasonForOmissionRelatedToPercentageOfEmployeesThatHaveReceivedTrainingOnAntiCorruption" order="1.0" use="optional" />
    <link:loc xlink:type="locator" xlink:href="../core/gri_srs_core_2025-06-23.xsd#gri_ExplanationForReasonForOmissionRelatedToPercentageOfEmployeesThatHaveReceivedTrainingOnAntiCorruptionTextBlock" xlink:label="loc_gri_ExplanationForReasonForOmissionRelatedToPercentageOfEmployeesThatHaveReceivedTrainingOnAntiCorruptionTextBlock" />
    <link:definitionArc xlink:type="arc" xlink:arcrole="http://xbrl.org/int/dim/arcrole/domain-member" xlink:from="loc_gri_PercentageOfEmployeesThatHaveReceivedTrainingOnAntiCorruption" xlink:to="loc_gri_ExplanationForReasonForOmissionRelatedToPercentageOfEmployeesThatHaveReceivedTrainingOnAntiCorruptionTextBlock" order="2.0" use="optional" />
  </link:definitionLink>
  <link:definitionLink xlink:type="extended" xlink:role="https://taxonomy.globalreporting.org/gri-sustainability-taxonomy/gri_srs/gri_srs_role/role_gri_205_2_D">
    <link:loc xlink:type="locator" xlink:href="../core/gri_srs_core_2025-06-23.xsd#gri_DisclosureOfCommunicationAndTrainingAboutAntiCorruptionPoliciesAndProceduresBreakdownByRegionAbstract" xlink:label="loc_gri_DisclosureOfCommunicationAndTrainingAboutAntiCorruptionPoliciesAndProceduresBreakdownByRegionAbstract" />
    <link:loc xlink:type="locator" xlink:href="../core/gri_srs_core_2025-06-23.xsd#gri_CommunicationAndTrainingAboutAntiCorruptionPoliciesAndProceduresBreakdownByRegionTable" xlink:label="loc_gri_CommunicationAndTrainingAboutAntiCorruptionPoliciesAndProceduresBreakdownByRegionTable" />
    <link:definitionArc xlink:type="arc" xlink:arcrole="http://xbrl.org/int/dim/arcrole/all" xlink:from="loc_gri_DisclosureOfCommunicationAndTrainingAboutAntiCorruptionPoliciesAndProceduresBreakdownByRegionAbstract" xlink:to="loc_gri_CommunicationAndTrainingAboutAntiCorruptionPoliciesAndProceduresBreakdownByRegionTable" order="1.0" xbrldt:contextElement="scenario" xbrldt:closed="false" use="optional" />
    <link:loc xlink:type="locator" xlink:href="../core/gri_srs_core_2025-06-23.xsd#gri_CommunicationAndTrainingAboutAntiCorruptionPoliciesAndProceduresBreakdownByRegionLineItems" xlink:label="loc_gri_CommunicationAndTrainingAboutAntiCorruptionPoliciesAndProceduresBreakdownByRegionLineItems" />
    <link:definitionArc xlink:type="arc" xlink:arcrole="http://xbrl.org/int/dim/arcrole/domain-member" xlink:from="loc_gri_DisclosureOfCommunicationAndTrainingAboutAntiCorruptionPoliciesAndProceduresBreakdownByRegionAbstract" xlink:to="loc_gri_CommunicationAndTrainingAboutAntiCorruptionPoliciesAndProceduresBreakdownByRegionLineItems" order="2.0" use="optional" />
    <link:loc xlink:type="locator" xlink:href="../core/gri_srs_core_2025-06-23.xsd#gri_TotalNumberOfGovernanceBodyMembersThatOrganizationsAntiCorruptionPoliciesAndProceduresHaveBeenCommunicatedTo" xlink:label="loc_gri_TotalNumberOfGovernanceBodyMembersThatOrganizationsAntiCorruptionPoliciesAndProceduresHaveBeenCommunicatedTo" />
    <link:definitionArc xlink:type="arc" xlink:arcrole="http://xbrl.org/int/dim/arcrole/domain-member" xlink:from="loc_gri_CommunicationAndTrainingAboutAntiCorruptionPoliciesAndProceduresBreakdownByRegionLineItems" xlink:to="loc_gri_TotalNumberOfGovernanceBodyMembersThatOrganizationsAntiCorruptionPoliciesAndProceduresHaveBeenCommunicatedTo" order="1.0" use="optional" />
    <link:loc xlink:type="locator" xlink:href="../core/gri_srs_core_2025-06-23.xsd#gri_ReasonForOmissionRelatedToTotalNumberOfGovernanceBodyMembersThatOrganizationsAntiCorruptionPoliciesAndProceduresHaveBeenCommunicatedTo" xlink:label="loc_gri_ReasonForOmissionRelatedToTotalNumberOfGovernanceBodyMembersThatOrganizationsAntiCorruptionPoliciesAndProceduresHaveBeenCommunicatedTo" />
    <link:definitionArc xlink:type="arc" xlink:arcrole="http://xbrl.org/int/dim/arcrole/domain-member" xlink:from="loc_gri_TotalNumberOfGovernanceBodyMembersThatOrganizationsAntiCorruptionPoliciesAndProceduresHaveBeenCommunicatedTo" xlink:to="loc_gri_ReasonForOmissionRelatedToTotalNumberOfGovernanceBodyMembersThatOrganizationsAntiCorruptionPoliciesAndProceduresHaveBeenCommunicatedTo" order="1.0" use="optional" />
    <link:loc xlink:type="locator" xlink:href="../core/gri_srs_core_2025-06-23.xsd#gri_ExplanationForReasonForOmissionRelatedToTotalNumberOfGovernanceBodyMembersThatOrganizationsAntiCorruptionPoliciesAndProceduresHaveBeenCommunicatedToTextBlock" xlink:label="loc_gri_ExplanationForReasonForOmissionRelatedToTotalNumberOfGovernanceBodyMembersThatOrganizationsAntiCorruptionPoliciesAndProceduresHaveBeenCommunicatedToTextBlock" />
    <link:definitionArc xlink:type="arc" xlink:arcrole="http://xbrl.org/int/dim/arcrole/domain-member" xlink:from="loc_gri_TotalNumberOfGovernanceBodyMembersThatOrganizationsAntiCorruptionPoliciesAndProceduresHaveBeenCommunicatedTo" xlink:to="loc_gri_ExplanationForReasonForOmissionRelatedToTotalNumberOfGovernanceBodyMembersThatOrganizationsAntiCorruptionPoliciesAndProceduresHaveBeenCommunicatedToTextBlock" order="2.0" use="optional" />
    <link:loc xlink:type="locator" xlink:href="../core/gri_srs_core_2025-06-23.xsd#gri_PercentageOfGovernanceBodyMembersThatOrganizationsAntiCorruptionPoliciesAndProceduresHaveBeenCommunicatedTo" xlink:label="loc_gri_PercentageOfGovernanceBodyMembersThatOrganizationsAntiCorruptionPoliciesAndProceduresHaveBeenCommunicatedTo" />
    <link:definitionArc xlink:type="arc" xlink:arcrole="http://xbrl.org/int/dim/arcrole/domain-member" xlink:from="loc_gri_CommunicationAndTrainingAboutAntiCorruptionPoliciesAndProceduresBreakdownByRegionLineItems" xlink:to="loc_gri_PercentageOfGovernanceBodyMembersThatOrganizationsAntiCorruptionPoliciesAndProceduresHaveBeenCommunicatedTo" order="2.0" use="optional" />
    <link:loc xlink:type="locator" xlink:href="../core/gri_srs_core_2025-06-23.xsd#gri_ReasonForOmissionRelatedToPercentageOfGovernanceBodyMembersThatOrganizationsAntiCorruptionPoliciesAndProceduresHaveBeenCommunicatedTo" xlink:label="loc_gri_ReasonForOmissionRelatedToPercentageOfGovernanceBodyMembersThatOrganizationsAntiCorruptionPoliciesAndProceduresHaveBeenCommunicatedTo" />
    <link:definitionArc xlink:type="arc" xlink:arcrole="http://xbrl.org/int/dim/arcrole/domain-member" xlink:from="loc_gri_PercentageOfGovernanceBodyMembersThatOrganizationsAntiCorruptionPoliciesAndProceduresHaveBeenCommunicatedTo" xlink:to="loc_gri_ReasonForOmissionRelatedToPercentageOfGovernanceBodyMembersThatOrganizationsAntiCorruptionPoliciesAndProceduresHaveBeenCommunicatedTo" order="1.0" use="optional" />
    <link:loc xlink:type="locator" xlink:href="../core/gri_srs_core_2025-06-23.xsd#gri_ExplanationForReasonForOmissionRelatedToPercentageOfGovernanceBodyMembersThatOrganizationsAntiCorruptionPoliciesAndProceduresHaveBeenCommunicatedToTextBlock" xlink:label="loc_gri_ExplanationForReasonForOmissionRelatedToPercentageOfGovernanceBodyMembersThatOrganizationsAntiCorruptionPoliciesAndProceduresHaveBeenCommunicatedToTextBlock" />
    <link:definitionArc xlink:type="arc" xlink:arcrole="http://xbrl.org/int/dim/arcrole/domain-member" xlink:from="loc_gri_PercentageOfGovernanceBodyMembersThatOrganizationsAntiCorruptionPoliciesAndProceduresHaveBeenCommunicatedTo" xlink:to="loc_gri_ExplanationForReasonForOmissionRelatedToPercentageOfGovernanceBodyMembersThatOrganizationsAntiCorruptionPoliciesAndProceduresHaveBeenCommunicatedToTextBlock" order="2.0" use="optional" />
    <link:loc xlink:type="locator" xlink:href="../core/gri_srs_core_2025-06-23.xsd#gri_TotalNumberOfEmployeesThatOrganizationsAntiCorruptionPoliciesAndProceduresHaveBeenCommunicatedTo" xlink:label="loc_gri_TotalNumberOfEmployeesThatOrganizationsAntiCorruptionPoliciesAndProceduresHaveBeenCommunicatedTo" />
    <link:definitionArc xlink:type="arc" xlink:arcrole="http://xbrl.org/int/dim/arcrole/domain-member" xlink:from="loc_gri_CommunicationAndTrainingAboutAntiCorruptionPoliciesAndProceduresBreakdownByRegionLineItems" xlink:to="loc_gri_TotalNumberOfEmployeesThatOrganizationsAntiCorruptionPoliciesAndProceduresHaveBeenCommunicatedTo" order="3.0" use="optional" />
    <link:loc xlink:type="locator" xlink:href="../core/gri_srs_core_2025-06-23.xsd#gri_ReasonForOmissionRelatedToTotalNumberOfEmployeesThatOrganizationsAntiCorruptionPoliciesAndProceduresHaveBeenCommunicatedTo" xlink:label="loc_gri_ReasonForOmissionRelatedToTotalNumberOfEmployeesThatOrganizationsAntiCorruptionPoliciesAndProceduresHaveBeenCommunicatedTo" />
    <link:definitionArc xlink:type="arc" xlink:arcrole="http://xbrl.org/int/dim/arcrole/domain-member" xlink:from="loc_gri_TotalNumberOfEmployeesThatOrganizationsAntiCorruptionPoliciesAndProceduresHaveBeenCommunicatedTo" xlink:to="loc_gri_ReasonForOmissionRelatedToTotalNumberOfEmployeesThatOrganizationsAntiCorruptionPoliciesAndProceduresHaveBeenCommunicatedTo" order="1.0" use="optional" />
    <link:loc xlink:type="locator" xlink:href="../core/gri_srs_core_2025-06-23.xsd#gri_ExplanationForReasonForOmissionRelatedToTotalNumberOfEmployeesThatOrganizationsAntiCorruptionPoliciesAndProceduresHaveBeenCommunicatedToTextBlock" xlink:label="loc_gri_ExplanationForReasonForOmissionRelatedToTotalNumberOfEmployeesThatOrganizationsAntiCorruptionPoliciesAndProceduresHaveBeenCommunicatedToTextBlock" />
    <link:definitionArc xlink:type="arc" xlink:arcrole="http://xbrl.org/int/dim/arcrole/domain-member" xlink:from="loc_gri_TotalNumberOfEmployeesThatOrganizationsAntiCorruptionPoliciesAndProceduresHaveBeenCommunicatedTo" xlink:to="loc_gri_ExplanationForReasonForOmissionRelatedToTotalNumberOfEmployeesThatOrganizationsAntiCorruptionPoliciesAndProceduresHaveBeenCommunicatedToTextBlock" order="2.0" use="optional" />
    <link:loc xlink:type="locator" xlink:href="../core/gri_srs_core_2025-06-23.xsd#gri_PercentageOfEmployeesThatOrganizationsAntiCorruptionPoliciesAndProceduresHaveBeenCommunicatedTo" xlink:label="loc_gri_PercentageOfEmployeesThatOrganizationsAntiCorruptionPoliciesAndProceduresHaveBeenCommunicatedTo" />
    <link:definitionArc xlink:type="arc" xlink:arcrole="http://xbrl.org/int/dim/arcrole/domain-member" xlink:from="loc_gri_CommunicationAndTrainingAboutAntiCorruptionPoliciesAndProceduresBreakdownByRegionLineItems" xlink:to="loc_gri_PercentageOfEmployeesThatOrganizationsAntiCorruptionPoliciesAndProceduresHaveBeenCommunicatedTo" order="4.0" use="optional" />
    <link:loc xlink:type="locator" xlink:href="../core/gri_srs_core_2025-06-23.xsd#gri_ReasonForOmissionRelatedToPercentageOfEmployeesThatOrganizationsAntiCorruptionPoliciesAndProceduresHaveBeenCommunicatedTo" xlink:label="loc_gri_ReasonForOmissionRelatedToPercentageOfEmployeesThatOrganizationsAntiCorruptionPoliciesAndProceduresHaveBeenCommunicatedTo" />
    <link:definitionArc xlink:type="arc" xlink:arcrole="http://xbrl.org/int/dim/arcrole/domain-member" xlink:from="loc_gri_PercentageOfEmployeesThatOrganizationsAntiCorruptionPoliciesAndProceduresHaveBeenCommunicatedTo" xlink:to="loc_gri_ReasonForOmissionRelatedToPercentageOfEmployeesThatOrganizationsAntiCorruptionPoliciesAndProceduresHaveBeenCommunicatedTo" order="1.0" use="optional" />
    <link:loc xlink:type="locator" xlink:href="../core/gri_srs_core_2025-06-23.xsd#gri_ExplanationForReasonForOmissionRelatedToPercentageOfEmployeesThatOrganizationsAntiCorruptionPoliciesAndProceduresHaveBeenCommunicatedToTextBlock" xlink:label="loc_gri_ExplanationForReasonForOmissionRelatedToPercentageOfEmployeesThatOrganizationsAntiCorruptionPoliciesAndProceduresHaveBeenCommunicatedToTextBlock" />
    <link:definitionArc xlink:type="arc" xlink:arcrole="http://xbrl.org/int/dim/arcrole/domain-member" xlink:from="loc_gri_PercentageOfEmployeesThatOrganizationsAntiCorruptionPoliciesAndProceduresHaveBeenCommunicatedTo" xlink:to="loc_gri_ExplanationForReasonForOmissionRelatedToPercentageOfEmployeesThatOrganizationsAntiCorruptionPoliciesAndProceduresHaveBeenCommunicatedToTextBlock" order="2.0" use="optional" />
    <link:loc xlink:type="locator" xlink:href="../core/gri_srs_core_2025-06-23.xsd#gri_TotalNumberOfBusinessPartnersThatOrganizationsAntiCorruptionPoliciesAndProceduresHaveBeenCommunicatedTo" xlink:label="loc_gri_TotalNumberOfBusinessPartnersThatOrganizationsAntiCorruptionPoliciesAndProceduresHaveBeenCommunicatedTo" />
    <link:definitionArc xlink:type="arc" xlink:arcrole="http://xbrl.org/int/dim/arcrole/domain-member" xlink:from="loc_gri_CommunicationAndTrainingAboutAntiCorruptionPoliciesAndProceduresBreakdownByRegionLineItems" xlink:to="loc_gri_TotalNumberOfBusinessPartnersThatOrganizationsAntiCorruptionPoliciesAndProceduresHaveBeenCommunicatedTo" order="5.0" use="optional" />
    <link:loc xlink:type="locator" xlink:href="../core/gri_srs_core_2025-06-23.xsd#gri_ReasonForOmissionRelatedToTotalNumberOfBusinessPartnersThatOrganizationsAntiCorruptionPoliciesAndProceduresHaveBeenCommunicatedTo" xlink:label="loc_gri_ReasonForOmissionRelatedToTotalNumberOfBusinessPartnersThatOrganizationsAntiCorruptionPoliciesAndProceduresHaveBeenCommunicatedTo" />
    <link:definitionArc xlink:type="arc" xlink:arcrole="http://xbrl.org/int/dim/arcrole/domain-member" xlink:from="loc_gri_TotalNumberOfBusinessPartnersThatOrganizationsAntiCorruptionPoliciesAndProceduresHaveBeenCommunicatedTo" xlink:to="loc_gri_ReasonForOmissionRelatedToTotalNumberOfBusinessPartnersThatOrganizationsAntiCorruptionPoliciesAndProceduresHaveBeenCommunicatedTo" order="1.0" use="optional" />
    <link:loc xlink:type="locator" xlink:href="../core/gri_srs_core_2025-06-23.xsd#gri_ExplanationForReasonForOmissionRelatedToTotalNumberOfBusinessPartnersThatOrganizationsAntiCorruptionPoliciesAndProceduresHaveBeenCommunicatedToTextBlock" xlink:label="loc_gri_ExplanationForReasonForOmissionRelatedToTotalNumberOfBusinessPartnersThatOrganizationsAntiCorruptionPoliciesAndProceduresHaveBeenCommunicatedToTextBlock" />
    <link:definitionArc xlink:type="arc" xlink:arcrole="http://xbrl.org/int/dim/arcrole/domain-member" xlink:from="loc_gri_TotalNumberOfBusinessPartnersThatOrganizationsAntiCorruptionPoliciesAndProceduresHaveBeenCommunicatedTo" xlink:to="loc_gri_ExplanationForReasonForOmissionRelatedToTotalNumberOfBusinessPartnersThatOrganizationsAntiCorruptionPoliciesAndProceduresHaveBeenCommunicatedToTextBlock" order="2.0" use="optional" />
    <link:loc xlink:type="locator" xlink:href="../core/gri_srs_core_2025-06-23.xsd#gri_PercentageOfBusinessPartnersThatOrganizationsAntiCorruptionPoliciesAndProceduresHaveBeenCommunicatedTo" xlink:label="loc_gri_PercentageOfBusinessPartnersThatOrganizationsAntiCorruptionPoliciesAndProceduresHaveBeenCommunicatedTo" />
    <link:definitionArc xlink:type="arc" xlink:arcrole="http://xbrl.org/int/dim/arcrole/domain-member" xlink:from="loc_gri_CommunicationAndTrainingAboutAntiCorruptionPoliciesAndProceduresBreakdownByRegionLineItems" xlink:to="loc_gri_PercentageOfBusinessPartnersThatOrganizationsAntiCorruptionPoliciesAndProceduresHaveBeenCommunicatedTo" order="6.0" use="optional" />
    <link:loc xlink:type="locator" xlink:href="../core/gri_srs_core_2025-06-23.xsd#gri_ReasonForOmissionRelatedToPercentageOfBusinessPartnersThatOrganizationsAntiCorruptionPoliciesAndProceduresHaveBeenCommunicatedTo" xlink:label="loc_gri_ReasonForOmissionRelatedToPercentageOfBusinessPartnersThatOrganizationsAntiCorruptionPoliciesAndProceduresHaveBeenCommunicatedTo" />
    <link:definitionArc xlink:type="arc" xlink:arcrole="http://xbrl.org/int/dim/arcrole/domain-member" xlink:from="loc_gri_PercentageOfBusinessPartnersThatOrganizationsAntiCorruptionPoliciesAndProceduresHaveBeenCommunicatedTo" xlink:to="loc_gri_ReasonForOmissionRelatedToPercentageOfBusinessPartnersThatOrganizationsAntiCorruptionPoliciesAndProceduresHaveBeenCommunicatedTo" order="1.0" use="optional" />
    <link:loc xlink:type="locator" xlink:href="../core/gri_srs_core_2025-06-23.xsd#gri_ExplanationForReasonForOmissionRelatedToPercentageOfBusinessPartnersThatOrganizationsAntiCorruptionPoliciesAndProceduresHaveBeenCommunicatedToTextBlock" xlink:label="loc_gri_ExplanationForReasonForOmissionRelatedToPercentageOfBusinessPartnersThatOrganizationsAntiCorruptionPoliciesAndProceduresHaveBeenCommunicatedToTextBlock" />
    <link:definitionArc xlink:type="arc" xlink:arcrole="http://xbrl.org/int/dim/arcrole/domain-member" xlink:from="loc_gri_PercentageOfBusinessPartnersThatOrganizationsAntiCorruptionPoliciesAndProceduresHaveBeenCommunicatedTo" xlink:to="loc_gri_ExplanationForReasonForOmissionRelatedToPercentageOfBusinessPartnersThatOrganizationsAntiCorruptionPoliciesAndProceduresHaveBeenCommunicatedToTextBlock" order="2.0" use="optional" />
    <link:loc xlink:type="locator" xlink:href="../core/gri_srs_core_2025-06-23.xsd#gri_TotalNumberOfGovernanceBodyMembersThatHaveReceivedTrainingOnAntiCorruption" xlink:label="loc_gri_TotalNumberOfGovernanceBodyMembersThatHaveReceivedTrainingOnAntiCorruption" />
    <link:definitionArc xlink:type="arc" xlink:arcrole="http://xbrl.org/int/dim/arcrole/domain-member" xlink:from="loc_gri_CommunicationAndTrainingAboutAntiCorruptionPoliciesAndProceduresBreakdownByRegionLineItems" xlink:to="loc_gri_TotalNumberOfGovernanceBodyMembersThatHaveReceivedTrainingOnAntiCorruption" order="7.0" use="optional" />
    <link:loc xlink:type="locator" xlink:href="../core/gri_srs_core_2025-06-23.xsd#gri_ReasonForOmissionRelatedToTotalNumberOfGovernanceBodyMembersThatHaveReceivedTrainingOnAntiCorruption" xlink:label="loc_gri_ReasonForOmissionRelatedToTotalNumberOfGovernanceBodyMembersThatHaveReceivedTrainingOnAntiCorruption" />
    <link:definitionArc xlink:type="arc" xlink:arcrole="http://xbrl.org/int/dim/arcrole/domain-member" xlink:from="loc_gri_TotalNumberOfGovernanceBodyMembersThatHaveReceivedTrainingOnAntiCorruption" xlink:to="loc_gri_ReasonForOmissionRelatedToTotalNumberOfGovernanceBodyMembersThatHaveReceivedTrainingOnAntiCorruption" order="1.0" use="optional" />
    <link:loc xlink:type="locator" xlink:href="../core/gri_srs_core_2025-06-23.xsd#gri_ExplanationForReasonForOmissionRelatedToTotalNumberOfGovernanceBodyMembersThatHaveReceivedTrainingOnAntiCorruptionTextBlock" xlink:label="loc_gri_ExplanationForReasonForOmissionRelatedToTotalNumberOfGovernanceBodyMembersThatHaveReceivedTrainingOnAntiCorruptionTextBlock" />
    <link:definitionArc xlink:type="arc" xlink:arcrole="http://xbrl.org/int/dim/arcrole/domain-member" xlink:from="loc_gri_TotalNumberOfGovernanceBodyMembersThatHaveReceivedTrainingOnAntiCorruption" xlink:to="loc_gri_ExplanationForReasonForOmissionRelatedToTotalNumberOfGovernanceBodyMembersThatHaveReceivedTrainingOnAntiCorruptionTextBlock" order="2.0" use="optional" />
    <link:loc xlink:type="locator" xlink:href="../core/gri_srs_core_2025-06-23.xsd#gri_PercentageOfGovernanceBodyMembersThatHaveReceivedTrainingOnAntiCorruption" xlink:label="loc_gri_PercentageOfGovernanceBodyMembersThatHaveReceivedTrainingOnAntiCorruption" />
    <link:definitionArc xlink:type="arc" xlink:arcrole="http://xbrl.org/int/dim/arcrole/domain-member" xlink:from="loc_gri_CommunicationAndTrainingAboutAntiCorruptionPoliciesAndProceduresBreakdownByRegionLineItems" xlink:to="loc_gri_PercentageOfGovernanceBodyMembersThatHaveReceivedTrainingOnAntiCorruption" order="8.0" use="optional" />
    <link:loc xlink:type="locator" xlink:href="../core/gri_srs_core_2025-06-23.xsd#gri_ReasonForOmissionRelatedToPercentageOfGovernanceBodyMembersThatHaveReceivedTrainingOnAntiCorruption" xlink:label="loc_gri_ReasonForOmissionRelatedToPercentageOfGovernanceBodyMembersThatHaveReceivedTrainingOnAntiCorruption" />
    <link:definitionArc xlink:type="arc" xlink:arcrole="http://xbrl.org/int/dim/arcrole/domain-member" xlink:from="loc_gri_PercentageOfGovernanceBodyMembersThatHaveReceivedTrainingOnAntiCorruption" xlink:to="loc_gri_ReasonForOmissionRelatedToPercentageOfGovernanceBodyMembersThatHaveReceivedTrainingOnAntiCorruption" order="1.0" use="optional" />
    <link:loc xlink:type="locator" xlink:href="../core/gri_srs_core_2025-06-23.xsd#gri_ExplanationForReasonForOmissionRelatedToPercentageOfGovernanceBodyMembersThatHaveReceivedTrainingOnAntiCorruptionTextBlock" xlink:label="loc_gri_ExplanationForReasonForOmissionRelatedToPercentageOfGovernanceBodyMembersThatHaveReceivedTrainingOnAntiCorruptionTextBlock" />
    <link:definitionArc xlink:type="arc" xlink:arcrole="http://xbrl.org/int/dim/arcrole/domain-member" xlink:from="loc_gri_PercentageOfGovernanceBodyMembersThatHaveReceivedTrainingOnAntiCorruption" xlink:to="loc_gri_ExplanationForReasonForOmissionRelatedToPercentageOfGovernanceBodyMembersThatHaveReceivedTrainingOnAntiCorruptionTextBlock" order="2.0" use="optional" />
    <link:loc xlink:type="locator" xlink:href="../core/gri_srs_core_2025-06-23.xsd#gri_TotalNumberOfEmployeesThatHaveReceivedTrainingOnAntiCorruption" xlink:label="loc_gri_TotalNumberOfEmployeesThatHaveReceivedTrainingOnAntiCorruption" />
    <link:definitionArc xlink:type="arc" xlink:arcrole="http://xbrl.org/int/dim/arcrole/domain-member" xlink:from="loc_gri_CommunicationAndTrainingAboutAntiCorruptionPoliciesAndProceduresBreakdownByRegionLineItems" xlink:to="loc_gri_TotalNumberOfEmployeesThatHaveReceivedTrainingOnAntiCorruption" order="9.0" use="optional" />
    <link:loc xlink:type="locator" xlink:href="../core/gri_srs_core_2025-06-23.xsd#gri_ReasonForOmissionRelatedToTotalNumberOfEmployeesThatHaveReceivedTrainingOnAntiCorruption" xlink:label="loc_gri_ReasonForOmissionRelatedToTotalNumberOfEmployeesThatHaveReceivedTrainingOnAntiCorruption" />
    <link:definitionArc xlink:type="arc" xlink:arcrole="http://xbrl.org/int/dim/arcrole/domain-member" xlink:from="loc_gri_TotalNumberOfEmployeesThatHaveReceivedTrainingOnAntiCorruption" xlink:to="loc_gri_ReasonForOmissionRelatedToTotalNumberOfEmployeesThatHaveReceivedTrainingOnAntiCorruption" order="1.0" use="optional" />
    <link:loc xlink:type="locator" xlink:href="../core/gri_srs_core_2025-06-23.xsd#gri_ExplanationForReasonForOmissionRelatedToTotalNumberOfEmployeesThatHaveReceivedTrainingOnAntiCorruptionTextBlock" xlink:label="loc_gri_ExplanationForReasonForOmissionRelatedToTotalNumberOfEmployeesThatHaveReceivedTrainingOnAntiCorruptionTextBlock" />
    <link:definitionArc xlink:type="arc" xlink:arcrole="http://xbrl.org/int/dim/arcrole/domain-member" xlink:from="loc_gri_TotalNumberOfEmployeesThatHaveReceivedTrainingOnAntiCorruption" xlink:to="loc_gri_ExplanationForReasonForOmissionRelatedToTotalNumberOfEmployeesThatHaveReceivedTrainingOnAntiCorruptionTextBlock" order="2.0" use="optional" />
    <link:loc xlink:type="locator" xlink:href="../core/gri_srs_core_2025-06-23.xsd#gri_PercentageOfEmployeesThatHaveReceivedTrainingOnAntiCorruption" xlink:label="loc_gri_PercentageOfEmployeesThatHaveReceivedTrainingOnAntiCorruption" />
    <link:definitionArc xlink:type="arc" xlink:arcrole="http://xbrl.org/int/dim/arcrole/domain-member" xlink:from="loc_gri_CommunicationAndTrainingAboutAntiCorruptionPoliciesAndProceduresBreakdownByRegionLineItems" xlink:to="loc_gri_PercentageOfEmployeesThatHaveReceivedTrainingOnAntiCorruption" order="10.0" use="optional" />
    <link:loc xlink:type="locator" xlink:href="../core/gri_srs_core_2025-06-23.xsd#gri_ReasonForOmissionRelatedToPercentageOfEmployeesThatHaveReceivedTrainingOnAntiCorruption" xlink:label="loc_gri_ReasonForOmissionRelatedToPercentageOfEmployeesThatHaveReceivedTrainingOnAntiCorruption" />
    <link:definitionArc xlink:type="arc" xlink:arcrole="http://xbrl.org/int/dim/arcrole/domain-member" xlink:from="loc_gri_PercentageOfEmployeesThatHaveReceivedTrainingOnAntiCorruption" xlink:to="loc_gri_ReasonForOmissionRelatedToPercentageOfEmployeesThatHaveReceivedTrainingOnAntiCorruption" order="1.0" use="optional" />
    <link:loc xlink:type="locator" xlink:href="../core/gri_srs_core_2025-06-23.xsd#gri_ExplanationForReasonForOmissionRelatedToPercentageOfEmployeesThatHaveReceivedTrainingOnAntiCorruptionTextBlock" xlink:label="loc_gri_ExplanationForReasonForOmissionRelatedToPercentageOfEmployeesThatHaveReceivedTrainingOnAntiCorruptionTextBlock" />
    <link:definitionArc xlink:type="arc" xlink:arcrole="http://xbrl.org/int/dim/arcrole/domain-member" xlink:from="loc_gri_PercentageOfEmployeesThatHaveReceivedTrainingOnAntiCorruption" xlink:to="loc_gri_ExplanationForReasonForOmissionRelatedToPercentageOfEmployeesThatHaveReceivedTrainingOnAntiCorruptionTextBlock" order="2.0" use="optional" />
  </link:definitionLink>
  <link:definitionLink xlink:type="extended" xlink:role="https://taxonomy.globalreporting.org/gri-sustainability-taxonomy/gri_srs/gri_srs_role/role_gri_205_2B">
    <link:loc xlink:type="locator" xlink:href="../core/gri_srs_core_2025-06-23.xsd#gri_DisclosureOfCommunicationAndTrainingAboutAntiCorruptionPoliciesAndProceduresBreakdownByEmployeeCategoryAbstract" xlink:label="loc_gri_DisclosureOfCommunicationAndTrainingAboutAntiCorruptionPoliciesAndProceduresBreakdownByEmployeeCategoryAbstract" />
    <link:loc xlink:type="locator" xlink:href="../core/gri_srs_core_2025-06-23.xsd#gri_CommunicationAndTrainingAboutAntiCorruptionPoliciesAndProceduresBreakdownByEmployeeCategoryTable" xlink:label="loc_gri_CommunicationAndTrainingAboutAntiCorruptionPoliciesAndProceduresBreakdownByEmployeeCategoryTable" />
    <link:definitionArc xlink:type="arc" xlink:arcrole="http://xbrl.org/int/dim/arcrole/all" xlink:from="loc_gri_DisclosureOfCommunicationAndTrainingAboutAntiCorruptionPoliciesAndProceduresBreakdownByEmployeeCategoryAbstract" xlink:to="loc_gri_CommunicationAndTrainingAboutAntiCorruptionPoliciesAndProceduresBreakdownByEmployeeCategoryTable" order="1.0" xbrldt:contextElement="scenario" xbrldt:closed="false" use="optional" />
    <link:loc xlink:type="locator" xlink:href="../core/gri_srs_core_2025-06-23.xsd#gri_EmployeeCategoryAxis" xlink:label="loc_gri_EmployeeCategoryAxis" />
    <link:definitionArc xlink:type="arc" xlink:arcrole="http://xbrl.org/int/dim/arcrole/hypercube-dimension" xlink:from="loc_gri_CommunicationAndTrainingAboutAntiCorruptionPoliciesAndProceduresBreakdownByEmployeeCategoryTable" xlink:to="loc_gri_EmployeeCategoryAxis" order="1.0" use="optional" />
    <link:loc xlink:type="locator" xlink:href="../core/gri_srs_core_2025-06-23.xsd#gri_CommunicationAndTrainingAboutAntiCorruptionPoliciesAndProceduresBreakdownByEmployeeCategoryLineItems" xlink:label="loc_gri_CommunicationAndTrainingAboutAntiCorruptionPoliciesAndProceduresBreakdownByEmployeeCategoryLineItems" />
    <link:definitionArc xlink:type="arc" xlink:arcrole="http://xbrl.org/int/dim/arcrole/domain-member" xlink:from="loc_gri_DisclosureOfCommunicationAndTrainingAboutAntiCorruptionPoliciesAndProceduresBreakdownByEmployeeCategoryAbstract" xlink:to="loc_gri_CommunicationAndTrainingAboutAntiCorruptionPoliciesAndProceduresBreakdownByEmployeeCategoryLineItems" order="2.0" use="optional" />
    <link:loc xlink:type="locator" xlink:href="../core/gri_srs_core_2025-06-23.xsd#gri_TotalNumberOfEmployeesThatOrganizationsAntiCorruptionPoliciesAndProceduresHaveBeenCommunicatedTo" xlink:label="loc_gri_TotalNumberOfEmployeesThatOrganizationsAntiCorruptionPoliciesAndProceduresHaveBeenCommunicatedTo" />
    <link:definitionArc xlink:type="arc" xlink:arcrole="http://xbrl.org/int/dim/arcrole/domain-member" xlink:from="loc_gri_CommunicationAndTrainingAboutAntiCorruptionPoliciesAndProceduresBreakdownByEmployeeCategoryLineItems" xlink:to="loc_gri_TotalNumberOfEmployeesThatOrganizationsAntiCorruptionPoliciesAndProceduresHaveBeenCommunicatedTo" order="1.0" use="optional" />
    <link:loc xlink:type="locator" xlink:href="../core/gri_srs_core_2025-06-23.xsd#gri_ReasonForOmissionRelatedToTotalNumberOfEmployeesThatOrganizationsAntiCorruptionPoliciesAndProceduresHaveBeenCommunicatedTo" xlink:label="loc_gri_ReasonForOmissionRelatedToTotalNumberOfEmployeesThatOrganizationsAntiCorruptionPoliciesAndProceduresHaveBeenCommunicatedTo" />
    <link:definitionArc xlink:type="arc" xlink:arcrole="http://xbrl.org/int/dim/arcrole/domain-member" xlink:from="loc_gri_TotalNumberOfEmployeesThatOrganizationsAntiCorruptionPoliciesAndProceduresHaveBeenCommunicatedTo" xlink:to="loc_gri_ReasonForOmissionRelatedToTotalNumberOfEmployeesThatOrganizationsAntiCorruptionPoliciesAndProceduresHaveBeenCommunicatedTo" order="1.0" use="optional" />
    <link:loc xlink:type="locator" xlink:href="../core/gri_srs_core_2025-06-23.xsd#gri_ExplanationForReasonForOmissionRelatedToTotalNumberOfEmployeesThatOrganizationsAntiCorruptionPoliciesAndProceduresHaveBeenCommunicatedToTextBlock" xlink:label="loc_gri_ExplanationForReasonForOmissionRelatedToTotalNumberOfEmployeesThatOrganizationsAntiCorruptionPoliciesAndProceduresHaveBeenCommunicatedToTextBlock" />
    <link:definitionArc xlink:type="arc" xlink:arcrole="http://xbrl.org/int/dim/arcrole/domain-member" xlink:from="loc_gri_TotalNumberOfEmployeesThatOrganizationsAntiCorruptionPoliciesAndProceduresHaveBeenCommunicatedTo" xlink:to="loc_gri_ExplanationForReasonForOmissionRelatedToTotalNumberOfEmployeesThatOrganizationsAntiCorruptionPoliciesAndProceduresHaveBeenCommunicatedToTextBlock" order="2.0" use="optional" />
    <link:loc xlink:type="locator" xlink:href="../core/gri_srs_core_2025-06-23.xsd#gri_PercentageOfEmployeesThatOrganizationsAntiCorruptionPoliciesAndProceduresHaveBeenCommunicatedTo" xlink:label="loc_gri_PercentageOfEmployeesThatOrganizationsAntiCorruptionPoliciesAndProceduresHaveBeenCommunicatedTo" />
    <link:definitionArc xlink:type="arc" xlink:arcrole="http://xbrl.org/int/dim/arcrole/domain-member" xlink:from="loc_gri_CommunicationAndTrainingAboutAntiCorruptionPoliciesAndProceduresBreakdownByEmployeeCategoryLineItems" xlink:to="loc_gri_PercentageOfEmployeesThatOrganizationsAntiCorruptionPoliciesAndProceduresHaveBeenCommunicatedTo" order="2.0" use="optional" />
    <link:loc xlink:type="locator" xlink:href="../core/gri_srs_core_2025-06-23.xsd#gri_ReasonForOmissionRelatedToPercentageOfEmployeesThatOrganizationsAntiCorruptionPoliciesAndProceduresHaveBeenCommunicatedTo" xlink:label="loc_gri_ReasonForOmissionRelatedToPercentageOfEmployeesThatOrganizationsAntiCorruptionPoliciesAndProceduresHaveBeenCommunicatedTo" />
    <link:definitionArc xlink:type="arc" xlink:arcrole="http://xbrl.org/int/dim/arcrole/domain-member" xlink:from="loc_gri_PercentageOfEmployeesThatOrganizationsAntiCorruptionPoliciesAndProceduresHaveBeenCommunicatedTo" xlink:to="loc_gri_ReasonForOmissionRelatedToPercentageOfEmployeesThatOrganizationsAntiCorruptionPoliciesAndProceduresHaveBeenCommunicatedTo" order="1.0" use="optional" />
    <link:loc xlink:type="locator" xlink:href="../core/gri_srs_core_2025-06-23.xsd#gri_ExplanationForReasonForOmissionRelatedToPercentageOfEmployeesThatOrganizationsAntiCorruptionPoliciesAndProceduresHaveBeenCommunicatedToTextBlock" xlink:label="loc_gri_ExplanationForReasonForOmissionRelatedToPercentageOfEmployeesThatOrganizationsAntiCorruptionPoliciesAndProceduresHaveBeenCommunicatedToTextBlock" />
    <link:definitionArc xlink:type="arc" xlink:arcrole="http://xbrl.org/int/dim/arcrole/domain-member" xlink:from="loc_gri_PercentageOfEmployeesThatOrganizationsAntiCorruptionPoliciesAndProceduresHaveBeenCommunicatedTo" xlink:to="loc_gri_ExplanationForReasonForOmissionRelatedToPercentageOfEmployeesThatOrganizationsAntiCorruptionPoliciesAndProceduresHaveBeenCommunicatedToTextBlock" order="2.0" use="optional" />
    <link:loc xlink:type="locator" xlink:href="../core/gri_srs_core_2025-06-23.xsd#gri_TotalNumberOfEmployeesThatHaveReceivedTrainingOnAntiCorruption" xlink:label="loc_gri_TotalNumberOfEmployeesThatHaveReceivedTrainingOnAntiCorruption" />
    <link:definitionArc xlink:type="arc" xlink:arcrole="http://xbrl.org/int/dim/arcrole/domain-member" xlink:from="loc_gri_CommunicationAndTrainingAboutAntiCorruptionPoliciesAndProceduresBreakdownByEmployeeCategoryLineItems" xlink:to="loc_gri_TotalNumberOfEmployeesThatHaveReceivedTrainingOnAntiCorruption" order="3.0" use="optional" />
    <link:loc xlink:type="locator" xlink:href="../core/gri_srs_core_2025-06-23.xsd#gri_ReasonForOmissionRelatedToTotalNumberOfEmployeesThatHaveReceivedTrainingOnAntiCorruption" xlink:label="loc_gri_ReasonForOmissionRelatedToTotalNumberOfEmployeesThatHaveReceivedTrainingOnAntiCorruption" />
    <link:definitionArc xlink:type="arc" xlink:arcrole="http://xbrl.org/int/dim/arcrole/domain-member" xlink:from="loc_gri_TotalNumberOfEmployeesThatHaveReceivedTrainingOnAntiCorruption" xlink:to="loc_gri_ReasonForOmissionRelatedToTotalNumberOfEmployeesThatHaveReceivedTrainingOnAntiCorruption" order="1.0" use="optional" />
    <link:loc xlink:type="locator" xlink:href="../core/gri_srs_core_2025-06-23.xsd#gri_ExplanationForReasonForOmissionRelatedToTotalNumberOfEmployeesThatHaveReceivedTrainingOnAntiCorruptionTextBlock" xlink:label="loc_gri_ExplanationForReasonForOmissionRelatedToTotalNumberOfEmployeesThatHaveReceivedTrainingOnAntiCorruptionTextBlock" />
    <link:definitionArc xlink:type="arc" xlink:arcrole="http://xbrl.org/int/dim/arcrole/domain-member" xlink:from="loc_gri_TotalNumberOfEmployeesThatHaveReceivedTrainingOnAntiCorruption" xlink:to="loc_gri_ExplanationForReasonForOmissionRelatedToTotalNumberOfEmployeesThatHaveReceivedTrainingOnAntiCorruptionTextBlock" order="2.0" use="optional" />
    <link:loc xlink:type="locator" xlink:href="../core/gri_srs_core_2025-06-23.xsd#gri_PercentageOfEmployeesThatHaveReceivedTrainingOnAntiCorruption" xlink:label="loc_gri_PercentageOfEmployeesThatHaveReceivedTrainingOnAntiCorruption" />
    <link:definitionArc xlink:type="arc" xlink:arcrole="http://xbrl.org/int/dim/arcrole/domain-member" xlink:from="loc_gri_CommunicationAndTrainingAboutAntiCorruptionPoliciesAndProceduresBreakdownByEmployeeCategoryLineItems" xlink:to="loc_gri_PercentageOfEmployeesThatHaveReceivedTrainingOnAntiCorruption" order="4.0" use="optional" />
    <link:loc xlink:type="locator" xlink:href="../core/gri_srs_core_2025-06-23.xsd#gri_ReasonForOmissionRelatedToPercentageOfEmployeesThatHaveReceivedTrainingOnAntiCorruption" xlink:label="loc_gri_ReasonForOmissionRelatedToPercentageOfEmployeesThatHaveReceivedTrainingOnAntiCorruption" />
    <link:definitionArc xlink:type="arc" xlink:arcrole="http://xbrl.org/int/dim/arcrole/domain-member" xlink:from="loc_gri_PercentageOfEmployeesThatHaveReceivedTrainingOnAntiCorruption" xlink:to="loc_gri_ReasonForOmissionRelatedToPercentageOfEmployeesThatHaveReceivedTrainingOnAntiCorruption" order="1.0" use="optional" />
    <link:loc xlink:type="locator" xlink:href="../core/gri_srs_core_2025-06-23.xsd#gri_ExplanationForReasonForOmissionRelatedToPercentageOfEmployeesThatHaveReceivedTrainingOnAntiCorruptionTextBlock" xlink:label="loc_gri_ExplanationForReasonForOmissionRelatedToPercentageOfEmployeesThatHaveReceivedTrainingOnAntiCorruptionTextBlock" />
    <link:definitionArc xlink:type="arc" xlink:arcrole="http://xbrl.org/int/dim/arcrole/domain-member" xlink:from="loc_gri_PercentageOfEmployeesThatHaveReceivedTrainingOnAntiCorruption" xlink:to="loc_gri_ExplanationForReasonForOmissionRelatedToPercentageOfEmployeesThatHaveReceivedTrainingOnAntiCorruptionTextBlock" order="2.0" use="optional" />
  </link:definitionLink>
  <link:definitionLink xlink:type="extended" xlink:role="https://taxonomy.globalreporting.org/gri-sustainability-taxonomy/gri_srs/gri_srs_role/role_gri_205_2B_D">
    <link:loc xlink:type="locator" xlink:href="../core/gri_srs_core_2025-06-23.xsd#gri_DisclosureOfCommunicationAndTrainingAboutAntiCorruptionPoliciesAndProceduresBreakdownByEmployeeCategoryAbstract" xlink:label="loc_gri_DisclosureOfCommunicationAndTrainingAboutAntiCorruptionPoliciesAndProceduresBreakdownByEmployeeCategoryAbstract" />
    <link:loc xlink:type="locator" xlink:href="../core/gri_srs_core_2025-06-23.xsd#gri_CommunicationAndTrainingAboutAntiCorruptionPoliciesAndProceduresBreakdownByEmployeeCategoryTable" xlink:label="loc_gri_CommunicationAndTrainingAboutAntiCorruptionPoliciesAndProceduresBreakdownByEmployeeCategoryTable" />
    <link:definitionArc xlink:type="arc" xlink:arcrole="http://xbrl.org/int/dim/arcrole/all" xlink:from="loc_gri_DisclosureOfCommunicationAndTrainingAboutAntiCorruptionPoliciesAndProceduresBreakdownByEmployeeCategoryAbstract" xlink:to="loc_gri_CommunicationAndTrainingAboutAntiCorruptionPoliciesAndProceduresBreakdownByEmployeeCategoryTable" order="1.0" xbrldt:contextElement="scenario" xbrldt:closed="false" use="optional" />
    <link:loc xlink:type="locator" xlink:href="../core/gri_srs_core_2025-06-23.xsd#gri_CommunicationAndTrainingAboutAntiCorruptionPoliciesAndProceduresBreakdownByEmployeeCategoryLineItems" xlink:label="loc_gri_CommunicationAndTrainingAboutAntiCorruptionPoliciesAndProceduresBreakdownByEmployeeCategoryLineItems" />
    <link:definitionArc xlink:type="arc" xlink:arcrole="http://xbrl.org/int/dim/arcrole/domain-member" xlink:from="loc_gri_DisclosureOfCommunicationAndTrainingAboutAntiCorruptionPoliciesAndProceduresBreakdownByEmployeeCategoryAbstract" xlink:to="loc_gri_CommunicationAndTrainingAboutAntiCorruptionPoliciesAndProceduresBreakdownByEmployeeCategoryLineItems" order="2.0" use="optional" />
    <link:loc xlink:type="locator" xlink:href="../core/gri_srs_core_2025-06-23.xsd#gri_TotalNumberOfEmployeesThatOrganizationsAntiCorruptionPoliciesAndProceduresHaveBeenCommunicatedTo" xlink:label="loc_gri_TotalNumberOfEmployeesThatOrganizationsAntiCorruptionPoliciesAndProceduresHaveBeenCommunicatedTo" />
    <link:definitionArc xlink:type="arc" xlink:arcrole="http://xbrl.org/int/dim/arcrole/domain-member" xlink:from="loc_gri_CommunicationAndTrainingAboutAntiCorruptionPoliciesAndProceduresBreakdownByEmployeeCategoryLineItems" xlink:to="loc_gri_TotalNumberOfEmployeesThatOrganizationsAntiCorruptionPoliciesAndProceduresHaveBeenCommunicatedTo" order="1.0" use="optional" />
    <link:loc xlink:type="locator" xlink:href="../core/gri_srs_core_2025-06-23.xsd#gri_ReasonForOmissionRelatedToTotalNumberOfEmployeesThatOrganizationsAntiCorruptionPoliciesAndProceduresHaveBeenCommunicatedTo" xlink:label="loc_gri_ReasonForOmissionRelatedToTotalNumberOfEmployeesThatOrganizationsAntiCorruptionPoliciesAndProceduresHaveBeenCommunicatedTo" />
    <link:definitionArc xlink:type="arc" xlink:arcrole="http://xbrl.org/int/dim/arcrole/domain-member" xlink:from="loc_gri_TotalNumberOfEmployeesThatOrganizationsAntiCorruptionPoliciesAndProceduresHaveBeenCommunicatedTo" xlink:to="loc_gri_ReasonForOmissionRelatedToTotalNumberOfEmployeesThatOrganizationsAntiCorruptionPoliciesAndProceduresHaveBeenCommunicatedTo" order="1.0" use="optional" />
    <link:loc xlink:type="locator" xlink:href="../core/gri_srs_core_2025-06-23.xsd#gri_ExplanationForReasonForOmissionRelatedToTotalNumberOfEmployeesThatOrganizationsAntiCorruptionPoliciesAndProceduresHaveBeenCommunicatedToTextBlock" xlink:label="loc_gri_ExplanationForReasonForOmissionRelatedToTotalNumberOfEmployeesThatOrganizationsAntiCorruptionPoliciesAndProceduresHaveBeenCommunicatedToTextBlock" />
    <link:definitionArc xlink:type="arc" xlink:arcrole="http://xbrl.org/int/dim/arcrole/domain-member" xlink:from="loc_gri_TotalNumberOfEmployeesThatOrganizationsAntiCorruptionPoliciesAndProceduresHaveBeenCommunicatedTo" xlink:to="loc_gri_ExplanationForReasonForOmissionRelatedToTotalNumberOfEmployeesThatOrganizationsAntiCorruptionPoliciesAndProceduresHaveBeenCommunicatedToTextBlock" order="2.0" use="optional" />
    <link:loc xlink:type="locator" xlink:href="../core/gri_srs_core_2025-06-23.xsd#gri_PercentageOfEmployeesThatOrganizationsAntiCorruptionPoliciesAndProceduresHaveBeenCommunicatedTo" xlink:label="loc_gri_PercentageOfEmployeesThatOrganizationsAntiCorruptionPoliciesAndProceduresHaveBeenCommunicatedTo" />
    <link:definitionArc xlink:type="arc" xlink:arcrole="http://xbrl.org/int/dim/arcrole/domain-member" xlink:from="loc_gri_CommunicationAndTrainingAboutAntiCorruptionPoliciesAndProceduresBreakdownByEmployeeCategoryLineItems" xlink:to="loc_gri_PercentageOfEmployeesThatOrganizationsAntiCorruptionPoliciesAndProceduresHaveBeenCommunicatedTo" order="2.0" use="optional" />
    <link:loc xlink:type="locator" xlink:href="../core/gri_srs_core_2025-06-23.xsd#gri_ReasonForOmissionRelatedToPercentageOfEmployeesThatOrganizationsAntiCorruptionPoliciesAndProceduresHaveBeenCommunicatedTo" xlink:label="loc_gri_ReasonForOmissionRelatedToPercentageOfEmployeesThatOrganizationsAntiCorruptionPoliciesAndProceduresHaveBeenCommunicatedTo" />
    <link:definitionArc xlink:type="arc" xlink:arcrole="http://xbrl.org/int/dim/arcrole/domain-member" xlink:from="loc_gri_PercentageOfEmployeesThatOrganizationsAntiCorruptionPoliciesAndProceduresHaveBeenCommunicatedTo" xlink:to="loc_gri_ReasonForOmissionRelatedToPercentageOfEmployeesThatOrganizationsAntiCorruptionPoliciesAndProceduresHaveBeenCommunicatedTo" order="1.0" use="optional" />
    <link:loc xlink:type="locator" xlink:href="../core/gri_srs_core_2025-06-23.xsd#gri_ExplanationForReasonForOmissionRelatedToPercentageOfEmployeesThatOrganizationsAntiCorruptionPoliciesAndProceduresHaveBeenCommunicatedToTextBlock" xlink:label="loc_gri_ExplanationForReasonForOmissionRelatedToPercentageOfEmployeesThatOrganizationsAntiCorruptionPoliciesAndProceduresHaveBeenCommunicatedToTextBlock" />
    <link:definitionArc xlink:type="arc" xlink:arcrole="http://xbrl.org/int/dim/arcrole/domain-member" xlink:from="loc_gri_PercentageOfEmployeesThatOrganizationsAntiCorruptionPoliciesAndProceduresHaveBeenCommunicatedTo" xlink:to="loc_gri_ExplanationForReasonForOmissionRelatedToPercentageOfEmployeesThatOrganizationsAntiCorruptionPoliciesAndProceduresHaveBeenCommunicatedToTextBlock" order="2.0" use="optional" />
    <link:loc xlink:type="locator" xlink:href="../core/gri_srs_core_2025-06-23.xsd#gri_TotalNumberOfEmployeesThatHaveReceivedTrainingOnAntiCorruption" xlink:label="loc_gri_TotalNumberOfEmployeesThatHaveReceivedTrainingOnAntiCorruption" />
    <link:definitionArc xlink:type="arc" xlink:arcrole="http://xbrl.org/int/dim/arcrole/domain-member" xlink:from="loc_gri_CommunicationAndTrainingAboutAntiCorruptionPoliciesAndProceduresBreakdownByEmployeeCategoryLineItems" xlink:to="loc_gri_TotalNumberOfEmployeesThatHaveReceivedTrainingOnAntiCorruption" order="3.0" use="optional" />
    <link:loc xlink:type="locator" xlink:href="../core/gri_srs_core_2025-06-23.xsd#gri_ReasonForOmissionRelatedToTotalNumberOfEmployeesThatHaveReceivedTrainingOnAntiCorruption" xlink:label="loc_gri_ReasonForOmissionRelatedToTotalNumberOfEmployeesThatHaveReceivedTrainingOnAntiCorruption" />
    <link:definitionArc xlink:type="arc" xlink:arcrole="http://xbrl.org/int/dim/arcrole/domain-member" xlink:from="loc_gri_TotalNumberOfEmployeesThatHaveReceivedTrainingOnAntiCorruption" xlink:to="loc_gri_ReasonForOmissionRelatedToTotalNumberOfEmployeesThatHaveReceivedTrainingOnAntiCorruption" order="1.0" use="optional" />
    <link:loc xlink:type="locator" xlink:href="../core/gri_srs_core_2025-06-23.xsd#gri_ExplanationForReasonForOmissionRelatedToTotalNumberOfEmployeesThatHaveReceivedTrainingOnAntiCorruptionTextBlock" xlink:label="loc_gri_ExplanationForReasonForOmissionRelatedToTotalNumberOfEmployeesThatHaveReceivedTrainingOnAntiCorruptionTextBlock" />
    <link:definitionArc xlink:type="arc" xlink:arcrole="http://xbrl.org/int/dim/arcrole/domain-member" xlink:from="loc_gri_TotalNumberOfEmployeesThatHaveReceivedTrainingOnAntiCorruption" xlink:to="loc_gri_ExplanationForReasonForOmissionRelatedToTotalNumberOfEmployeesThatHaveReceivedTrainingOnAntiCorruptionTextBlock" order="2.0" use="optional" />
    <link:loc xlink:type="locator" xlink:href="../core/gri_srs_core_2025-06-23.xsd#gri_PercentageOfEmployeesThatHaveReceivedTrainingOnAntiCorruption" xlink:label="loc_gri_PercentageOfEmployeesThatHaveReceivedTrainingOnAntiCorruption" />
    <link:definitionArc xlink:type="arc" xlink:arcrole="http://xbrl.org/int/dim/arcrole/domain-member" xlink:from="loc_gri_CommunicationAndTrainingAboutAntiCorruptionPoliciesAndProceduresBreakdownByEmployeeCategoryLineItems" xlink:to="loc_gri_PercentageOfEmployeesThatHaveReceivedTrainingOnAntiCorruption" order="4.0" use="optional" />
    <link:loc xlink:type="locator" xlink:href="../core/gri_srs_core_2025-06-23.xsd#gri_ReasonForOmissionRelatedToPercentageOfEmployeesThatHaveReceivedTrainingOnAntiCorruption" xlink:label="loc_gri_ReasonForOmissionRelatedToPercentageOfEmployeesThatHaveReceivedTrainingOnAntiCorruption" />
    <link:definitionArc xlink:type="arc" xlink:arcrole="http://xbrl.org/int/dim/arcrole/domain-member" xlink:from="loc_gri_PercentageOfEmployeesThatHaveReceivedTrainingOnAntiCorruption" xlink:to="loc_gri_ReasonForOmissionRelatedToPercentageOfEmployeesThatHaveReceivedTrainingOnAntiCorruption" order="1.0" use="optional" />
    <link:loc xlink:type="locator" xlink:href="../core/gri_srs_core_2025-06-23.xsd#gri_ExplanationForReasonForOmissionRelatedToPercentageOfEmployeesThatHaveReceivedTrainingOnAntiCorruptionTextBlock" xlink:label="loc_gri_ExplanationForReasonForOmissionRelatedToPercentageOfEmployeesThatHaveReceivedTrainingOnAntiCorruptionTextBlock" />
    <link:definitionArc xlink:type="arc" xlink:arcrole="http://xbrl.org/int/dim/arcrole/domain-member" xlink:from="loc_gri_PercentageOfEmployeesThatHaveReceivedTrainingOnAntiCorruption" xlink:to="loc_gri_ExplanationForReasonForOmissionRelatedToPercentageOfEmployeesThatHaveReceivedTrainingOnAntiCorruptionTextBlock" order="2.0" use="optional" />
  </link:definitionLink>
  <link:definitionLink xlink:type="extended" xlink:role="https://taxonomy.globalreporting.org/gri-sustainability-taxonomy/gri_srs/gri_srs_role/role_gri_205_2C">
    <link:loc xlink:type="locator" xlink:href="../core/gri_srs_core_2025-06-23.xsd#gri_DisclosureOfCommunicationAndTrainingAboutAntiCorruptionPoliciesAndProceduresBreakdownByTypeOfBusinessPartnerAbstract" xlink:label="loc_gri_DisclosureOfCommunicationAndTrainingAboutAntiCorruptionPoliciesAndProceduresBreakdownByTypeOfBusinessPartnerAbstract" />
    <link:loc xlink:type="locator" xlink:href="../core/gri_srs_core_2025-06-23.xsd#gri_CommunicationAndTrainingAboutAntiCorruptionPoliciesAndProceduresBreakdownByTypeOfBusinessPartnerTable" xlink:label="loc_gri_CommunicationAndTrainingAboutAntiCorruptionPoliciesAndProceduresBreakdownByTypeOfBusinessPartnerTable" />
    <link:definitionArc xlink:type="arc" xlink:arcrole="http://xbrl.org/int/dim/arcrole/all" xlink:from="loc_gri_DisclosureOfCommunicationAndTrainingAboutAntiCorruptionPoliciesAndProceduresBreakdownByTypeOfBusinessPartnerAbstract" xlink:to="loc_gri_CommunicationAndTrainingAboutAntiCorruptionPoliciesAndProceduresBreakdownByTypeOfBusinessPartnerTable" order="1.0" xbrldt:contextElement="scenario" xbrldt:closed="false" use="optional" />
    <link:loc xlink:type="locator" xlink:href="../core/gri_srs_core_2025-06-23.xsd#gri_TypeOfBusinessPartnerAxis" xlink:label="loc_gri_TypeOfBusinessPartnerAxis" />
    <link:definitionArc xlink:type="arc" xlink:arcrole="http://xbrl.org/int/dim/arcrole/hypercube-dimension" xlink:from="loc_gri_CommunicationAndTrainingAboutAntiCorruptionPoliciesAndProceduresBreakdownByTypeOfBusinessPartnerTable" xlink:to="loc_gri_TypeOfBusinessPartnerAxis" order="1.0" use="optional" />
    <link:loc xlink:type="locator" xlink:href="../core/gri_srs_core_2025-06-23.xsd#gri_CommunicationAndTrainingAboutAntiCorruptionPoliciesAndProceduresBreakdownByTypeOfBusinessPartnerLineItems" xlink:label="loc_gri_CommunicationAndTrainingAboutAntiCorruptionPoliciesAndProceduresBreakdownByTypeOfBusinessPartnerLineItems" />
    <link:definitionArc xlink:type="arc" xlink:arcrole="http://xbrl.org/int/dim/arcrole/domain-member" xlink:from="loc_gri_DisclosureOfCommunicationAndTrainingAboutAntiCorruptionPoliciesAndProceduresBreakdownByTypeOfBusinessPartnerAbstract" xlink:to="loc_gri_CommunicationAndTrainingAboutAntiCorruptionPoliciesAndProceduresBreakdownByTypeOfBusinessPartnerLineItems" order="2.0" use="optional" />
    <link:loc xlink:type="locator" xlink:href="../core/gri_srs_core_2025-06-23.xsd#gri_TotalNumberOfBusinessPartnersThatOrganizationsAntiCorruptionPoliciesAndProceduresHaveBeenCommunicatedTo" xlink:label="loc_gri_TotalNumberOfBusinessPartnersThatOrganizationsAntiCorruptionPoliciesAndProceduresHaveBeenCommunicatedTo" />
    <link:definitionArc xlink:type="arc" xlink:arcrole="http://xbrl.org/int/dim/arcrole/domain-member" xlink:from="loc_gri_CommunicationAndTrainingAboutAntiCorruptionPoliciesAndProceduresBreakdownByTypeOfBusinessPartnerLineItems" xlink:to="loc_gri_TotalNumberOfBusinessPartnersThatOrganizationsAntiCorruptionPoliciesAndProceduresHaveBeenCommunicatedTo" order="1.0" use="optional" />
    <link:loc xlink:type="locator" xlink:href="../core/gri_srs_core_2025-06-23.xsd#gri_ReasonForOmissionRelatedToTotalNumberOfBusinessPartnersThatOrganizationsAntiCorruptionPoliciesAndProceduresHaveBeenCommunicatedTo" xlink:label="loc_gri_ReasonForOmissionRelatedToTotalNumberOfBusinessPartnersThatOrganizationsAntiCorruptionPoliciesAndProceduresHaveBeenCommunicatedTo" />
    <link:definitionArc xlink:type="arc" xlink:arcrole="http://xbrl.org/int/dim/arcrole/domain-member" xlink:from="loc_gri_TotalNumberOfBusinessPartnersThatOrganizationsAntiCorruptionPoliciesAndProceduresHaveBeenCommunicatedTo" xlink:to="loc_gri_ReasonForOmissionRelatedToTotalNumberOfBusinessPartnersThatOrganizationsAntiCorruptionPoliciesAndProceduresHaveBeenCommunicatedTo" order="1.0" use="optional" />
    <link:loc xlink:type="locator" xlink:href="../core/gri_srs_core_2025-06-23.xsd#gri_ExplanationForReasonForOmissionRelatedToTotalNumberOfBusinessPartnersThatOrganizationsAntiCorruptionPoliciesAndProceduresHaveBeenCommunicatedToTextBlock" xlink:label="loc_gri_ExplanationForReasonForOmissionRelatedToTotalNumberOfBusinessPartnersThatOrganizationsAntiCorruptionPoliciesAndProceduresHaveBeenCommunicatedToTextBlock" />
    <link:definitionArc xlink:type="arc" xlink:arcrole="http://xbrl.org/int/dim/arcrole/domain-member" xlink:from="loc_gri_TotalNumberOfBusinessPartnersThatOrganizationsAntiCorruptionPoliciesAndProceduresHaveBeenCommunicatedTo" xlink:to="loc_gri_ExplanationForReasonForOmissionRelatedToTotalNumberOfBusinessPartnersThatOrganizationsAntiCorruptionPoliciesAndProceduresHaveBeenCommunicatedToTextBlock" order="2.0" use="optional" />
    <link:loc xlink:type="locator" xlink:href="../core/gri_srs_core_2025-06-23.xsd#gri_PercentageOfBusinessPartnersThatOrganizationsAntiCorruptionPoliciesAndProceduresHaveBeenCommunicatedTo" xlink:label="loc_gri_PercentageOfBusinessPartnersThatOrganizationsAntiCorruptionPoliciesAndProceduresHaveBeenCommunicatedTo" />
    <link:definitionArc xlink:type="arc" xlink:arcrole="http://xbrl.org/int/dim/arcrole/domain-member" xlink:from="loc_gri_CommunicationAndTrainingAboutAntiCorruptionPoliciesAndProceduresBreakdownByTypeOfBusinessPartnerLineItems" xlink:to="loc_gri_PercentageOfBusinessPartnersThatOrganizationsAntiCorruptionPoliciesAndProceduresHaveBeenCommunicatedTo" order="2.0" use="optional" />
    <link:loc xlink:type="locator" xlink:href="../core/gri_srs_core_2025-06-23.xsd#gri_ReasonForOmissionRelatedToPercentageOfBusinessPartnersThatOrganizationsAntiCorruptionPoliciesAndProceduresHaveBeenCommunicatedTo" xlink:label="loc_gri_ReasonForOmissionRelatedToPercentageOfBusinessPartnersThatOrganizationsAntiCorruptionPoliciesAndProceduresHaveBeenCommunicatedTo" />
    <link:definitionArc xlink:type="arc" xlink:arcrole="http://xbrl.org/int/dim/arcrole/domain-member" xlink:from="loc_gri_PercentageOfBusinessPartnersThatOrganizationsAntiCorruptionPoliciesAndProceduresHaveBeenCommunicatedTo" xlink:to="loc_gri_ReasonForOmissionRelatedToPercentageOfBusinessPartnersThatOrganizationsAntiCorruptionPoliciesAndProceduresHaveBeenCommunicatedTo" order="1.0" use="optional" />
    <link:loc xlink:type="locator" xlink:href="../core/gri_srs_core_2025-06-23.xsd#gri_ExplanationForReasonForOmissionRelatedToPercentageOfBusinessPartnersThatOrganizationsAntiCorruptionPoliciesAndProceduresHaveBeenCommunicatedToTextBlock" xlink:label="loc_gri_ExplanationForReasonForOmissionRelatedToPercentageOfBusinessPartnersThatOrganizationsAntiCorruptionPoliciesAndProceduresHaveBeenCommunicatedToTextBlock" />
    <link:definitionArc xlink:type="arc" xlink:arcrole="http://xbrl.org/int/dim/arcrole/domain-member" xlink:from="loc_gri_PercentageOfBusinessPartnersThatOrganizationsAntiCorruptionPoliciesAndProceduresHaveBeenCommunicatedTo" xlink:to="loc_gri_ExplanationForReasonForOmissionRelatedToPercentageOfBusinessPartnersThatOrganizationsAntiCorruptionPoliciesAndProceduresHaveBeenCommunicatedToTextBlock" order="2.0" use="optional" />
  </link:definitionLink>
  <link:definitionLink xlink:type="extended" xlink:role="https://taxonomy.globalreporting.org/gri-sustainability-taxonomy/gri_srs/gri_srs_role/role_gri_205_2C_D">
    <link:loc xlink:type="locator" xlink:href="../core/gri_srs_core_2025-06-23.xsd#gri_DisclosureOfCommunicationAndTrainingAboutAntiCorruptionPoliciesAndProceduresBreakdownByTypeOfBusinessPartnerAbstract" xlink:label="loc_gri_DisclosureOfCommunicationAndTrainingAboutAntiCorruptionPoliciesAndProceduresBreakdownByTypeOfBusinessPartnerAbstract" />
    <link:loc xlink:type="locator" xlink:href="../core/gri_srs_core_2025-06-23.xsd#gri_CommunicationAndTrainingAboutAntiCorruptionPoliciesAndProceduresBreakdownByTypeOfBusinessPartnerTable" xlink:label="loc_gri_CommunicationAndTrainingAboutAntiCorruptionPoliciesAndProceduresBreakdownByTypeOfBusinessPartnerTable" />
    <link:definitionArc xlink:type="arc" xlink:arcrole="http://xbrl.org/int/dim/arcrole/all" xlink:from="loc_gri_DisclosureOfCommunicationAndTrainingAboutAntiCorruptionPoliciesAndProceduresBreakdownByTypeOfBusinessPartnerAbstract" xlink:to="loc_gri_CommunicationAndTrainingAboutAntiCorruptionPoliciesAndProceduresBreakdownByTypeOfBusinessPartnerTable" order="1.0" xbrldt:contextElement="scenario" xbrldt:closed="false" use="optional" />
    <link:loc xlink:type="locator" xlink:href="../core/gri_srs_core_2025-06-23.xsd#gri_CommunicationAndTrainingAboutAntiCorruptionPoliciesAndProceduresBreakdownByTypeOfBusinessPartnerLineItems" xlink:label="loc_gri_CommunicationAndTrainingAboutAntiCorruptionPoliciesAndProceduresBreakdownByTypeOfBusinessPartnerLineItems" />
    <link:definitionArc xlink:type="arc" xlink:arcrole="http://xbrl.org/int/dim/arcrole/domain-member" xlink:from="loc_gri_DisclosureOfCommunicationAndTrainingAboutAntiCorruptionPoliciesAndProceduresBreakdownByTypeOfBusinessPartnerAbstract" xlink:to="loc_gri_CommunicationAndTrainingAboutAntiCorruptionPoliciesAndProceduresBreakdownByTypeOfBusinessPartnerLineItems" order="2.0" use="optional" />
    <link:loc xlink:type="locator" xlink:href="../core/gri_srs_core_2025-06-23.xsd#gri_TotalNumberOfBusinessPartnersThatOrganizationsAntiCorruptionPoliciesAndProceduresHaveBeenCommunicatedTo" xlink:label="loc_gri_TotalNumberOfBusinessPartnersThatOrganizationsAntiCorruptionPoliciesAndProceduresHaveBeenCommunicatedTo" />
    <link:definitionArc xlink:type="arc" xlink:arcrole="http://xbrl.org/int/dim/arcrole/domain-member" xlink:from="loc_gri_CommunicationAndTrainingAboutAntiCorruptionPoliciesAndProceduresBreakdownByTypeOfBusinessPartnerLineItems" xlink:to="loc_gri_TotalNumberOfBusinessPartnersThatOrganizationsAntiCorruptionPoliciesAndProceduresHaveBeenCommunicatedTo" order="1.0" use="optional" />
    <link:loc xlink:type="locator" xlink:href="../core/gri_srs_core_2025-06-23.xsd#gri_ReasonForOmissionRelatedToTotalNumberOfBusinessPartnersThatOrganizationsAntiCorruptionPoliciesAndProceduresHaveBeenCommunicatedTo" xlink:label="loc_gri_ReasonForOmissionRelatedToTotalNumberOfBusinessPartnersThatOrganizationsAntiCorruptionPoliciesAndProceduresHaveBeenCommunicatedTo" />
    <link:definitionArc xlink:type="arc" xlink:arcrole="http://xbrl.org/int/dim/arcrole/domain-member" xlink:from="loc_gri_TotalNumberOfBusinessPartnersThatOrganizationsAntiCorruptionPoliciesAndProceduresHaveBeenCommunicatedTo" xlink:to="loc_gri_ReasonForOmissionRelatedToTotalNumberOfBusinessPartnersThatOrganizationsAntiCorruptionPoliciesAndProceduresHaveBeenCommunicatedTo" order="1.0" use="optional" />
    <link:loc xlink:type="locator" xlink:href="../core/gri_srs_core_2025-06-23.xsd#gri_ExplanationForReasonForOmissionRelatedToTotalNumberOfBusinessPartnersThatOrganizationsAntiCorruptionPoliciesAndProceduresHaveBeenCommunicatedToTextBlock" xlink:label="loc_gri_ExplanationForReasonForOmissionRelatedToTotalNumberOfBusinessPartnersThatOrganizationsAntiCorruptionPoliciesAndProceduresHaveBeenCommunicatedToTextBlock" />
    <link:definitionArc xlink:type="arc" xlink:arcrole="http://xbrl.org/int/dim/arcrole/domain-member" xlink:from="loc_gri_TotalNumberOfBusinessPartnersThatOrganizationsAntiCorruptionPoliciesAndProceduresHaveBeenCommunicatedTo" xlink:to="loc_gri_ExplanationForReasonForOmissionRelatedToTotalNumberOfBusinessPartnersThatOrganizationsAntiCorruptionPoliciesAndProceduresHaveBeenCommunicatedToTextBlock" order="2.0" use="optional" />
    <link:loc xlink:type="locator" xlink:href="../core/gri_srs_core_2025-06-23.xsd#gri_PercentageOfBusinessPartnersThatOrganizationsAntiCorruptionPoliciesAndProceduresHaveBeenCommunicatedTo" xlink:label="loc_gri_PercentageOfBusinessPartnersThatOrganizationsAntiCorruptionPoliciesAndProceduresHaveBeenCommunicatedTo" />
    <link:definitionArc xlink:type="arc" xlink:arcrole="http://xbrl.org/int/dim/arcrole/domain-member" xlink:from="loc_gri_CommunicationAndTrainingAboutAntiCorruptionPoliciesAndProceduresBreakdownByTypeOfBusinessPartnerLineItems" xlink:to="loc_gri_PercentageOfBusinessPartnersThatOrganizationsAntiCorruptionPoliciesAndProceduresHaveBeenCommunicatedTo" order="2.0" use="optional" />
    <link:loc xlink:type="locator" xlink:href="../core/gri_srs_core_2025-06-23.xsd#gri_ReasonForOmissionRelatedToPercentageOfBusinessPartnersThatOrganizationsAntiCorruptionPoliciesAndProceduresHaveBeenCommunicatedTo" xlink:label="loc_gri_ReasonForOmissionRelatedToPercentageOfBusinessPartnersThatOrganizationsAntiCorruptionPoliciesAndProceduresHaveBeenCommunicatedTo" />
    <link:definitionArc xlink:type="arc" xlink:arcrole="http://xbrl.org/int/dim/arcrole/domain-member" xlink:from="loc_gri_PercentageOfBusinessPartnersThatOrganizationsAntiCorruptionPoliciesAndProceduresHaveBeenCommunicatedTo" xlink:to="loc_gri_ReasonForOmissionRelatedToPercentageOfBusinessPartnersThatOrganizationsAntiCorruptionPoliciesAndProceduresHaveBeenCommunicatedTo" order="1.0" use="optional" />
    <link:loc xlink:type="locator" xlink:href="../core/gri_srs_core_2025-06-23.xsd#gri_ExplanationForReasonForOmissionRelatedToPercentageOfBusinessPartnersThatOrganizationsAntiCorruptionPoliciesAndProceduresHaveBeenCommunicatedToTextBlock" xlink:label="loc_gri_ExplanationForReasonForOmissionRelatedToPercentageOfBusinessPartnersThatOrganizationsAntiCorruptionPoliciesAndProceduresHaveBeenCommunicatedToTextBlock" />
    <link:definitionArc xlink:type="arc" xlink:arcrole="http://xbrl.org/int/dim/arcrole/domain-member" xlink:from="loc_gri_PercentageOfBusinessPartnersThatOrganizationsAntiCorruptionPoliciesAndProceduresHaveBeenCommunicatedTo" xlink:to="loc_gri_ExplanationForReasonForOmissionRelatedToPercentageOfBusinessPartnersThatOrganizationsAntiCorruptionPoliciesAndProceduresHaveBeenCommunicatedToTextBlock" order="2.0" use="optional" />
  </link:definitionLink>
</link:linkbase>