﻿<?xml version="1.0" encoding="utf-8"?>
<!-- Generated by GRI Taxonomy Editor-->
<link:linkbase xsi:schemaLocation="http://www.xbrl.org/2003/linkbase http://www.xbrl.org/2003/xbrl-linkbase-2003-12-31.xsd http://xbrl.org/2005/xbrldt http://www.xbrl.org/2005/xbrldt-2005.xsd http://www.xbrl.org/2003/instance http://www.xbrl.org/2003/xbrl-instance-2003-12-31.xsd http://www.w3.org/1999/xlink http://www.xbrl.org/2003/xlink-2003-12-31.xsd " xmlns:link="http://www.xbrl.org/2003/linkbase" xmlns:xbrldt="http://xbrl.org/2005/xbrldt" xmlns:xbrli="http://www.xbrl.org/2003/instance" xmlns:xlink="http://www.w3.org/1999/xlink" xmlns:xsi="http://www.w3.org/2001/XMLSchema-instance">
  <!-- Role Ref -->
  <link:roleRef roleURI="https://taxonomy.globalreporting.org/gri-sustainability-taxonomy/gri_srs/gri_srs_role/role_gri_401_1_a_ii" xlink:type="simple" xlink:href="role_gri_srs_2025-06-23.xsd#role_gri_401_1_a_ii" />
  <link:roleRef roleURI="https://taxonomy.globalreporting.org/gri-sustainability-taxonomy/gri_srs/gri_srs_role/role_gri_401_1_a_ii_D" xlink:type="simple" xlink:href="role_gri_srs_2025-06-23.xsd#role_gri_401_1_a_ii_D" />
  <link:roleRef roleURI="https://taxonomy.globalreporting.org/gri-sustainability-taxonomy/gri_srs/gri_srs_role/role_gri_404_1" xlink:type="simple" xlink:href="role_gri_srs_2025-06-23.xsd#role_gri_404_1" />
  <link:roleRef roleURI="https://taxonomy.globalreporting.org/gri-sustainability-taxonomy/gri_srs/gri_srs_role/role_gri_404_1_D" xlink:type="simple" xlink:href="role_gri_srs_2025-06-23.xsd#role_gri_404_1_D" />
  <link:roleRef roleURI="https://taxonomy.globalreporting.org/gri-sustainability-taxonomy/gri_srs/gri_srs_role/role_gri_404_3" xlink:type="simple" xlink:href="role_gri_srs_2025-06-23.xsd#role_gri_404_3" />
  <link:roleRef roleURI="https://taxonomy.globalreporting.org/gri-sustainability-taxonomy/gri_srs/gri_srs_role/role_gri_404_3_a" xlink:type="simple" xlink:href="role_gri_srs_2025-06-23.xsd#role_gri_404_3_a" />
  <link:roleRef roleURI="https://taxonomy.globalreporting.org/gri-sustainability-taxonomy/gri_srs/gri_srs_role/role_gri_404_3_a_D" xlink:type="simple" xlink:href="role_gri_srs_2025-06-23.xsd#role_gri_404_3_a_D" />
  <link:roleRef roleURI="https://taxonomy.globalreporting.org/gri-sustainability-taxonomy/gri_srs/gri_srs_role/role_gri_404_3_D" xlink:type="simple" xlink:href="role_gri_srs_2025-06-23.xsd#role_gri_404_3_D" />
  <!-- ArcRole Ref -->
  <link:arcroleRef arcroleURI="http://xbrl.org/int/dim/arcrole/all" xlink:type="simple" xlink:href="http://www.xbrl.org/2005/xbrldt-2005.xsd#all" />
  <link:arcroleRef arcroleURI="http://xbrl.org/int/dim/arcrole/domain-member" xlink:type="simple" xlink:href="http://www.xbrl.org/2005/xbrldt-2005.xsd#domain-member" />
  <link:arcroleRef arcroleURI="http://xbrl.org/int/dim/arcrole/hypercube-dimension" xlink:type="simple" xlink:href="http://www.xbrl.org/2005/xbrldt-2005.xsd#hypercube-dimension" />
  <link:definitionLink xlink:type="extended" xlink:role="https://taxonomy.globalreporting.org/gri-sustainability-taxonomy/gri_srs/gri_srs_role/role_gri_401_1_a_ii">
    <link:loc xlink:type="locator" xlink:href="../core/gri_srs_core_2025-06-23.xsd#gri_AverageHoursOfTrainingPerYearPerEmployeeReportingByEmployeeCategoryAbstract" xlink:label="loc_gri_AverageHoursOfTrainingPerYearPerEmployeeReportingByEmployeeCategoryAbstract" />
    <link:loc xlink:type="locator" xlink:href="../core/gri_srs_core_2025-06-23.xsd#gri_AverageHoursOfTrainingPerYearPerEmployeeReportingByEmployeeCategoryTable" xlink:label="loc_gri_AverageHoursOfTrainingPerYearPerEmployeeReportingByEmployeeCategoryTable" />
    <link:definitionArc xlink:type="arc" xlink:arcrole="http://xbrl.org/int/dim/arcrole/all" xlink:from="loc_gri_AverageHoursOfTrainingPerYearPerEmployeeReportingByEmployeeCategoryAbstract" xlink:to="loc_gri_AverageHoursOfTrainingPerYearPerEmployeeReportingByEmployeeCategoryTable" order="1.0" xbrldt:contextElement="scenario" xbrldt:closed="false" use="optional" />
    <link:loc xlink:type="locator" xlink:href="../core/gri_srs_core_2025-06-23.xsd#gri_EmployeeCategoryAxis" xlink:label="loc_gri_EmployeeCategoryAxis" />
    <link:definitionArc xlink:type="arc" xlink:arcrole="http://xbrl.org/int/dim/arcrole/hypercube-dimension" xlink:from="loc_gri_AverageHoursOfTrainingPerYearPerEmployeeReportingByEmployeeCategoryTable" xlink:to="loc_gri_EmployeeCategoryAxis" order="1.0" use="optional" />
    <link:loc xlink:type="locator" xlink:href="../core/gri_srs_core_2025-06-23.xsd#gri_AverageHoursOfTrainingPerYearPerEmployeeReportingByEmployeeCategoryLineItems" xlink:label="loc_gri_AverageHoursOfTrainingPerYearPerEmployeeReportingByEmployeeCategoryLineItems" />
    <link:definitionArc xlink:type="arc" xlink:arcrole="http://xbrl.org/int/dim/arcrole/domain-member" xlink:from="loc_gri_AverageHoursOfTrainingPerYearPerEmployeeReportingByEmployeeCategoryAbstract" xlink:to="loc_gri_AverageHoursOfTrainingPerYearPerEmployeeReportingByEmployeeCategoryLineItems" order="2.0" use="optional" />
    <link:loc xlink:type="locator" xlink:href="../core/gri_srs_core_2025-06-23.xsd#gri_AverageHoursOfTrainingEmployeesHaveUndertakenDuringReportingPeriod" xlink:label="loc_gri_AverageHoursOfTrainingEmployeesHaveUndertakenDuringReportingPeriod" />
    <link:definitionArc xlink:type="arc" xlink:arcrole="http://xbrl.org/int/dim/arcrole/domain-member" xlink:from="loc_gri_AverageHoursOfTrainingPerYearPerEmployeeReportingByEmployeeCategoryLineItems" xlink:to="loc_gri_AverageHoursOfTrainingEmployeesHaveUndertakenDuringReportingPeriod" order="1.0" use="optional" />
    <link:loc xlink:type="locator" xlink:href="../core/gri_srs_core_2025-06-23.xsd#gri_ReasonForOmissionRelatedToAverageHoursOfTrainingEmployeesHaveUndertakenDuringReportingPeriod" xlink:label="loc_gri_ReasonForOmissionRelatedToAverageHoursOfTrainingEmployeesHaveUndertakenDuringReportingPeriod" />
    <link:definitionArc xlink:type="arc" xlink:arcrole="http://xbrl.org/int/dim/arcrole/domain-member" xlink:from="loc_gri_AverageHoursOfTrainingEmployeesHaveUndertakenDuringReportingPeriod" xlink:to="loc_gri_ReasonForOmissionRelatedToAverageHoursOfTrainingEmployeesHaveUndertakenDuringReportingPeriod" order="1.0" use="optional" />
    <link:loc xlink:type="locator" xlink:href="../core/gri_srs_core_2025-06-23.xsd#gri_ExplanationForReasonForOmissionRelatedToAverageHoursOfTrainingEmployeesHaveUndertakenDuringReportingPeriodTextBlock" xlink:label="loc_gri_ExplanationForReasonForOmissionRelatedToAverageHoursOfTrainingEmployeesHaveUndertakenDuringReportingPeriodTextBlock" />
    <link:definitionArc xlink:type="arc" xlink:arcrole="http://xbrl.org/int/dim/arcrole/domain-member" xlink:from="loc_gri_AverageHoursOfTrainingEmployeesHaveUndertakenDuringReportingPeriod" xlink:to="loc_gri_ExplanationForReasonForOmissionRelatedToAverageHoursOfTrainingEmployeesHaveUndertakenDuringReportingPeriodTextBlock" order="2.0" use="optional" />
  </link:definitionLink>
  <link:definitionLink xlink:type="extended" xlink:role="https://taxonomy.globalreporting.org/gri-sustainability-taxonomy/gri_srs/gri_srs_role/role_gri_401_1_a_ii_D">
    <link:loc xlink:type="locator" xlink:href="../core/gri_srs_core_2025-06-23.xsd#gri_AverageHoursOfTrainingPerYearPerEmployeeReportingByEmployeeCategoryAbstract" xlink:label="loc_gri_AverageHoursOfTrainingPerYearPerEmployeeReportingByEmployeeCategoryAbstract" />
    <link:loc xlink:type="locator" xlink:href="../core/gri_srs_core_2025-06-23.xsd#gri_AverageHoursOfTrainingPerYearPerEmployeeReportingByEmployeeCategoryTable" xlink:label="loc_gri_AverageHoursOfTrainingPerYearPerEmployeeReportingByEmployeeCategoryTable" />
    <link:definitionArc xlink:type="arc" xlink:arcrole="http://xbrl.org/int/dim/arcrole/all" xlink:from="loc_gri_AverageHoursOfTrainingPerYearPerEmployeeReportingByEmployeeCategoryAbstract" xlink:to="loc_gri_AverageHoursOfTrainingPerYearPerEmployeeReportingByEmployeeCategoryTable" order="1.0" xbrldt:contextElement="scenario" xbrldt:closed="false" use="optional" />
    <link:loc xlink:type="locator" xlink:href="../core/gri_srs_core_2025-06-23.xsd#gri_AverageHoursOfTrainingPerYearPerEmployeeReportingByEmployeeCategoryLineItems" xlink:label="loc_gri_AverageHoursOfTrainingPerYearPerEmployeeReportingByEmployeeCategoryLineItems" />
    <link:definitionArc xlink:type="arc" xlink:arcrole="http://xbrl.org/int/dim/arcrole/domain-member" xlink:from="loc_gri_AverageHoursOfTrainingPerYearPerEmployeeReportingByEmployeeCategoryAbstract" xlink:to="loc_gri_AverageHoursOfTrainingPerYearPerEmployeeReportingByEmployeeCategoryLineItems" order="2.0" use="optional" />
    <link:loc xlink:type="locator" xlink:href="../core/gri_srs_core_2025-06-23.xsd#gri_AverageHoursOfTrainingEmployeesHaveUndertakenDuringReportingPeriod" xlink:label="loc_gri_AverageHoursOfTrainingEmployeesHaveUndertakenDuringReportingPeriod" />
    <link:definitionArc xlink:type="arc" xlink:arcrole="http://xbrl.org/int/dim/arcrole/domain-member" xlink:from="loc_gri_AverageHoursOfTrainingPerYearPerEmployeeReportingByEmployeeCategoryLineItems" xlink:to="loc_gri_AverageHoursOfTrainingEmployeesHaveUndertakenDuringReportingPeriod" order="1.0" use="optional" />
    <link:loc xlink:type="locator" xlink:href="../core/gri_srs_core_2025-06-23.xsd#gri_ReasonForOmissionRelatedToAverageHoursOfTrainingEmployeesHaveUndertakenDuringReportingPeriod" xlink:label="loc_gri_ReasonForOmissionRelatedToAverageHoursOfTrainingEmployeesHaveUndertakenDuringReportingPeriod" />
    <link:definitionArc xlink:type="arc" xlink:arcrole="http://xbrl.org/int/dim/arcrole/domain-member" xlink:from="loc_gri_AverageHoursOfTrainingEmployeesHaveUndertakenDuringReportingPeriod" xlink:to="loc_gri_ReasonForOmissionRelatedToAverageHoursOfTrainingEmployeesHaveUndertakenDuringReportingPeriod" order="1.0" use="optional" />
    <link:loc xlink:type="locator" xlink:href="../core/gri_srs_core_2025-06-23.xsd#gri_ExplanationForReasonForOmissionRelatedToAverageHoursOfTrainingEmployeesHaveUndertakenDuringReportingPeriodTextBlock" xlink:label="loc_gri_ExplanationForReasonForOmissionRelatedToAverageHoursOfTrainingEmployeesHaveUndertakenDuringReportingPeriodTextBlock" />
    <link:definitionArc xlink:type="arc" xlink:arcrole="http://xbrl.org/int/dim/arcrole/domain-member" xlink:from="loc_gri_AverageHoursOfTrainingEmployeesHaveUndertakenDuringReportingPeriod" xlink:to="loc_gri_ExplanationForReasonForOmissionRelatedToAverageHoursOfTrainingEmployeesHaveUndertakenDuringReportingPeriodTextBlock" order="2.0" use="optional" />
  </link:definitionLink>
  <link:definitionLink xlink:type="extended" xlink:role="https://taxonomy.globalreporting.org/gri-sustainability-taxonomy/gri_srs/gri_srs_role/role_gri_404_1">
    <link:loc xlink:type="locator" xlink:href="../core/gri_srs_core_2025-06-23.xsd#gri_AverageHoursOfTrainingPerYearPerEmployeeReportingByGenderAbstract" xlink:label="loc_gri_AverageHoursOfTrainingPerYearPerEmployeeReportingByGenderAbstract" />
    <link:loc xlink:type="locator" xlink:href="../core/gri_srs_core_2025-06-23.xsd#gri_AverageHoursOfTrainingPerYearPerEmployeeReportingByGenderTable" xlink:label="loc_gri_AverageHoursOfTrainingPerYearPerEmployeeReportingByGenderTable" />
    <link:definitionArc xlink:type="arc" xlink:arcrole="http://xbrl.org/int/dim/arcrole/all" xlink:from="loc_gri_AverageHoursOfTrainingPerYearPerEmployeeReportingByGenderAbstract" xlink:to="loc_gri_AverageHoursOfTrainingPerYearPerEmployeeReportingByGenderTable" order="1.0" xbrldt:contextElement="scenario" xbrldt:closed="false" use="optional" />
    <link:loc xlink:type="locator" xlink:href="../core/gri_srs_core_2025-06-23.xsd#gri_GenderAxis" xlink:label="loc_gri_GenderAxis" />
    <link:definitionArc xlink:type="arc" xlink:arcrole="http://xbrl.org/int/dim/arcrole/hypercube-dimension" xlink:from="loc_gri_AverageHoursOfTrainingPerYearPerEmployeeReportingByGenderTable" xlink:to="loc_gri_GenderAxis" order="1.0" use="optional" />
    <link:loc xlink:type="locator" xlink:href="../core/gri_srs_core_2025-06-23.xsd#gri_AverageHoursOfTrainingPerYearPerEmployeeReportingByGenderLineItems" xlink:label="loc_gri_AverageHoursOfTrainingPerYearPerEmployeeReportingByGenderLineItems" />
    <link:definitionArc xlink:type="arc" xlink:arcrole="http://xbrl.org/int/dim/arcrole/domain-member" xlink:from="loc_gri_AverageHoursOfTrainingPerYearPerEmployeeReportingByGenderAbstract" xlink:to="loc_gri_AverageHoursOfTrainingPerYearPerEmployeeReportingByGenderLineItems" order="2.0" use="optional" />
    <link:loc xlink:type="locator" xlink:href="../core/gri_srs_core_2025-06-23.xsd#gri_AverageHoursOfTrainingEmployeesHaveUndertakenDuringReportingPeriod" xlink:label="loc_gri_AverageHoursOfTrainingEmployeesHaveUndertakenDuringReportingPeriod" />
    <link:definitionArc xlink:type="arc" xlink:arcrole="http://xbrl.org/int/dim/arcrole/domain-member" xlink:from="loc_gri_AverageHoursOfTrainingPerYearPerEmployeeReportingByGenderLineItems" xlink:to="loc_gri_AverageHoursOfTrainingEmployeesHaveUndertakenDuringReportingPeriod" order="1.0" use="optional" />
    <link:loc xlink:type="locator" xlink:href="../core/gri_srs_core_2025-06-23.xsd#gri_ReasonForOmissionRelatedToAverageHoursOfTrainingEmployeesHaveUndertakenDuringReportingPeriod" xlink:label="loc_gri_ReasonForOmissionRelatedToAverageHoursOfTrainingEmployeesHaveUndertakenDuringReportingPeriod" />
    <link:definitionArc xlink:type="arc" xlink:arcrole="http://xbrl.org/int/dim/arcrole/domain-member" xlink:from="loc_gri_AverageHoursOfTrainingEmployeesHaveUndertakenDuringReportingPeriod" xlink:to="loc_gri_ReasonForOmissionRelatedToAverageHoursOfTrainingEmployeesHaveUndertakenDuringReportingPeriod" order="1.0" use="optional" />
    <link:loc xlink:type="locator" xlink:href="../core/gri_srs_core_2025-06-23.xsd#gri_ExplanationForReasonForOmissionRelatedToAverageHoursOfTrainingEmployeesHaveUndertakenDuringReportingPeriodTextBlock" xlink:label="loc_gri_ExplanationForReasonForOmissionRelatedToAverageHoursOfTrainingEmployeesHaveUndertakenDuringReportingPeriodTextBlock" />
    <link:definitionArc xlink:type="arc" xlink:arcrole="http://xbrl.org/int/dim/arcrole/domain-member" xlink:from="loc_gri_AverageHoursOfTrainingEmployeesHaveUndertakenDuringReportingPeriod" xlink:to="loc_gri_ExplanationForReasonForOmissionRelatedToAverageHoursOfTrainingEmployeesHaveUndertakenDuringReportingPeriodTextBlock" order="2.0" use="optional" />
  </link:definitionLink>
  <link:definitionLink xlink:type="extended" xlink:role="https://taxonomy.globalreporting.org/gri-sustainability-taxonomy/gri_srs/gri_srs_role/role_gri_404_1_D">
    <link:loc xlink:type="locator" xlink:href="../core/gri_srs_core_2025-06-23.xsd#gri_AverageHoursOfTrainingPerYearPerEmployeeReportingByGenderAbstract" xlink:label="loc_gri_AverageHoursOfTrainingPerYearPerEmployeeReportingByGenderAbstract" />
    <link:loc xlink:type="locator" xlink:href="../core/gri_srs_core_2025-06-23.xsd#gri_AverageHoursOfTrainingPerYearPerEmployeeReportingByGenderTable" xlink:label="loc_gri_AverageHoursOfTrainingPerYearPerEmployeeReportingByGenderTable" />
    <link:definitionArc xlink:type="arc" xlink:arcrole="http://xbrl.org/int/dim/arcrole/all" xlink:from="loc_gri_AverageHoursOfTrainingPerYearPerEmployeeReportingByGenderAbstract" xlink:to="loc_gri_AverageHoursOfTrainingPerYearPerEmployeeReportingByGenderTable" order="1.0" xbrldt:contextElement="scenario" xbrldt:closed="false" use="optional" />
    <link:loc xlink:type="locator" xlink:href="../core/gri_srs_core_2025-06-23.xsd#gri_AverageHoursOfTrainingPerYearPerEmployeeReportingByGenderLineItems" xlink:label="loc_gri_AverageHoursOfTrainingPerYearPerEmployeeReportingByGenderLineItems" />
    <link:definitionArc xlink:type="arc" xlink:arcrole="http://xbrl.org/int/dim/arcrole/domain-member" xlink:from="loc_gri_AverageHoursOfTrainingPerYearPerEmployeeReportingByGenderAbstract" xlink:to="loc_gri_AverageHoursOfTrainingPerYearPerEmployeeReportingByGenderLineItems" order="2.0" use="optional" />
    <link:loc xlink:type="locator" xlink:href="../core/gri_srs_core_2025-06-23.xsd#gri_AverageHoursOfTrainingEmployeesHaveUndertakenDuringReportingPeriod" xlink:label="loc_gri_AverageHoursOfTrainingEmployeesHaveUndertakenDuringReportingPeriod" />
    <link:definitionArc xlink:type="arc" xlink:arcrole="http://xbrl.org/int/dim/arcrole/domain-member" xlink:from="loc_gri_AverageHoursOfTrainingPerYearPerEmployeeReportingByGenderLineItems" xlink:to="loc_gri_AverageHoursOfTrainingEmployeesHaveUndertakenDuringReportingPeriod" order="1.0" use="optional" />
    <link:loc xlink:type="locator" xlink:href="../core/gri_srs_core_2025-06-23.xsd#gri_ReasonForOmissionRelatedToAverageHoursOfTrainingEmployeesHaveUndertakenDuringReportingPeriod" xlink:label="loc_gri_ReasonForOmissionRelatedToAverageHoursOfTrainingEmployeesHaveUndertakenDuringReportingPeriod" />
    <link:definitionArc xlink:type="arc" xlink:arcrole="http://xbrl.org/int/dim/arcrole/domain-member" xlink:from="loc_gri_AverageHoursOfTrainingEmployeesHaveUndertakenDuringReportingPeriod" xlink:to="loc_gri_ReasonForOmissionRelatedToAverageHoursOfTrainingEmployeesHaveUndertakenDuringReportingPeriod" order="1.0" use="optional" />
    <link:loc xlink:type="locator" xlink:href="../core/gri_srs_core_2025-06-23.xsd#gri_ExplanationForReasonForOmissionRelatedToAverageHoursOfTrainingEmployeesHaveUndertakenDuringReportingPeriodTextBlock" xlink:label="loc_gri_ExplanationForReasonForOmissionRelatedToAverageHoursOfTrainingEmployeesHaveUndertakenDuringReportingPeriodTextBlock" />
    <link:definitionArc xlink:type="arc" xlink:arcrole="http://xbrl.org/int/dim/arcrole/domain-member" xlink:from="loc_gri_AverageHoursOfTrainingEmployeesHaveUndertakenDuringReportingPeriod" xlink:to="loc_gri_ExplanationForReasonForOmissionRelatedToAverageHoursOfTrainingEmployeesHaveUndertakenDuringReportingPeriodTextBlock" order="2.0" use="optional" />
  </link:definitionLink>
  <link:definitionLink xlink:type="extended" xlink:role="https://taxonomy.globalreporting.org/gri-sustainability-taxonomy/gri_srs/gri_srs_role/role_gri_404_3">
    <link:loc xlink:type="locator" xlink:href="../core/gri_srs_core_2025-06-23.xsd#gri_PercentageOfEmployeesReceivingRegularPerformanceAndCareerDevelopmentReviewsReportingByGenderAbstract" xlink:label="loc_gri_PercentageOfEmployeesReceivingRegularPerformanceAndCareerDevelopmentReviewsReportingByGenderAbstract" />
    <link:loc xlink:type="locator" xlink:href="../core/gri_srs_core_2025-06-23.xsd#gri_PercentageOfEmployeesReceivingRegularPerformanceAndCareerDevelopmentReviewsReportingByGenderTable" xlink:label="loc_gri_PercentageOfEmployeesReceivingRegularPerformanceAndCareerDevelopmentReviewsReportingByGenderTable" />
    <link:definitionArc xlink:type="arc" xlink:arcrole="http://xbrl.org/int/dim/arcrole/all" xlink:from="loc_gri_PercentageOfEmployeesReceivingRegularPerformanceAndCareerDevelopmentReviewsReportingByGenderAbstract" xlink:to="loc_gri_PercentageOfEmployeesReceivingRegularPerformanceAndCareerDevelopmentReviewsReportingByGenderTable" order="1.0" xbrldt:contextElement="scenario" xbrldt:closed="false" use="optional" />
    <link:loc xlink:type="locator" xlink:href="../core/gri_srs_core_2025-06-23.xsd#gri_GenderAxis" xlink:label="loc_gri_GenderAxis" />
    <link:definitionArc xlink:type="arc" xlink:arcrole="http://xbrl.org/int/dim/arcrole/hypercube-dimension" xlink:from="loc_gri_PercentageOfEmployeesReceivingRegularPerformanceAndCareerDevelopmentReviewsReportingByGenderTable" xlink:to="loc_gri_GenderAxis" order="1.0" use="optional" />
    <link:loc xlink:type="locator" xlink:href="../core/gri_srs_core_2025-06-23.xsd#gri_PercentageOfEmployeesReceivingRegularPerformanceAndCareerDevelopmentReviewsReportingByGenderLineItems" xlink:label="loc_gri_PercentageOfEmployeesReceivingRegularPerformanceAndCareerDevelopmentReviewsReportingByGenderLineItems" />
    <link:definitionArc xlink:type="arc" xlink:arcrole="http://xbrl.org/int/dim/arcrole/domain-member" xlink:from="loc_gri_PercentageOfEmployeesReceivingRegularPerformanceAndCareerDevelopmentReviewsReportingByGenderAbstract" xlink:to="loc_gri_PercentageOfEmployeesReceivingRegularPerformanceAndCareerDevelopmentReviewsReportingByGenderLineItems" order="2.0" use="optional" />
    <link:loc xlink:type="locator" xlink:href="../core/gri_srs_core_2025-06-23.xsd#gri_PercentageOfTotalEmployeesWhoReceivedRegularPerformanceAndCareerDevelopmentReviewDuringReportingPeriod" xlink:label="loc_gri_PercentageOfTotalEmployeesWhoReceivedRegularPerformanceAndCareerDevelopmentReviewDuringReportingPeriod" />
    <link:definitionArc xlink:type="arc" xlink:arcrole="http://xbrl.org/int/dim/arcrole/domain-member" xlink:from="loc_gri_PercentageOfEmployeesReceivingRegularPerformanceAndCareerDevelopmentReviewsReportingByGenderLineItems" xlink:to="loc_gri_PercentageOfTotalEmployeesWhoReceivedRegularPerformanceAndCareerDevelopmentReviewDuringReportingPeriod" order="1.0" use="optional" />
    <link:loc xlink:type="locator" xlink:href="../core/gri_srs_core_2025-06-23.xsd#gri_ReasonForOmissionRelatedToPercentageOfTotalEmployeesWhoReceivedRegularPerformanceAndCareerDevelopmentReviewDuringReportingPeriod" xlink:label="loc_gri_ReasonForOmissionRelatedToPercentageOfTotalEmployeesWhoReceivedRegularPerformanceAndCareerDevelopmentReviewDuringReportingPeriod" />
    <link:definitionArc xlink:type="arc" xlink:arcrole="http://xbrl.org/int/dim/arcrole/domain-member" xlink:from="loc_gri_PercentageOfTotalEmployeesWhoReceivedRegularPerformanceAndCareerDevelopmentReviewDuringReportingPeriod" xlink:to="loc_gri_ReasonForOmissionRelatedToPercentageOfTotalEmployeesWhoReceivedRegularPerformanceAndCareerDevelopmentReviewDuringReportingPeriod" order="1.0" use="optional" />
    <link:loc xlink:type="locator" xlink:href="../core/gri_srs_core_2025-06-23.xsd#gri_ExplanationForReasonForOmissionRelatedToPercentageOfTotalEmployeesWhoReceivedRegularPerformanceAndCareerDevelopmentReviewDuringReportingPeriodTextBlock" xlink:label="loc_gri_ExplanationForReasonForOmissionRelatedToPercentageOfTotalEmployeesWhoReceivedRegularPerformanceAndCareerDevelopmentReviewDuringReportingPeriodTextBlock" />
    <link:definitionArc xlink:type="arc" xlink:arcrole="http://xbrl.org/int/dim/arcrole/domain-member" xlink:from="loc_gri_PercentageOfTotalEmployeesWhoReceivedRegularPerformanceAndCareerDevelopmentReviewDuringReportingPeriod" xlink:to="loc_gri_ExplanationForReasonForOmissionRelatedToPercentageOfTotalEmployeesWhoReceivedRegularPerformanceAndCareerDevelopmentReviewDuringReportingPeriodTextBlock" order="2.0" use="optional" />
  </link:definitionLink>
  <link:definitionLink xlink:type="extended" xlink:role="https://taxonomy.globalreporting.org/gri-sustainability-taxonomy/gri_srs/gri_srs_role/role_gri_404_3_a">
    <link:loc xlink:type="locator" xlink:href="../core/gri_srs_core_2025-06-23.xsd#gri_PercentageOfEmployeesReceivingRegularPerformanceAndCareerDevelopmentReviewsReportingByEmployeeCategoryAbstract" xlink:label="loc_gri_PercentageOfEmployeesReceivingRegularPerformanceAndCareerDevelopmentReviewsReportingByEmployeeCategoryAbstract" />
    <link:loc xlink:type="locator" xlink:href="../core/gri_srs_core_2025-06-23.xsd#gri_PercentageOfEmployeesReceivingRegularPerformanceAndCareerDevelopmentReviewsReportingByEmployeeCategoryTable" xlink:label="loc_gri_PercentageOfEmployeesReceivingRegularPerformanceAndCareerDevelopmentReviewsReportingByEmployeeCategoryTable" />
    <link:definitionArc xlink:type="arc" xlink:arcrole="http://xbrl.org/int/dim/arcrole/all" xlink:from="loc_gri_PercentageOfEmployeesReceivingRegularPerformanceAndCareerDevelopmentReviewsReportingByEmployeeCategoryAbstract" xlink:to="loc_gri_PercentageOfEmployeesReceivingRegularPerformanceAndCareerDevelopmentReviewsReportingByEmployeeCategoryTable" order="1.0" xbrldt:contextElement="scenario" xbrldt:closed="false" use="optional" />
    <link:loc xlink:type="locator" xlink:href="../core/gri_srs_core_2025-06-23.xsd#gri_EmployeeCategoryAxis" xlink:label="loc_gri_EmployeeCategoryAxis" />
    <link:definitionArc xlink:type="arc" xlink:arcrole="http://xbrl.org/int/dim/arcrole/hypercube-dimension" xlink:from="loc_gri_PercentageOfEmployeesReceivingRegularPerformanceAndCareerDevelopmentReviewsReportingByEmployeeCategoryTable" xlink:to="loc_gri_EmployeeCategoryAxis" order="1.0" use="optional" />
    <link:loc xlink:type="locator" xlink:href="../core/gri_srs_core_2025-06-23.xsd#gri_PercentageOfEmployeesReceivingRegularPerformanceAndCareerDevelopmentReviewsReportingByEmployeeCategoryLineItems" xlink:label="loc_gri_PercentageOfEmployeesReceivingRegularPerformanceAndCareerDevelopmentReviewsReportingByEmployeeCategoryLineItems" />
    <link:definitionArc xlink:type="arc" xlink:arcrole="http://xbrl.org/int/dim/arcrole/domain-member" xlink:from="loc_gri_PercentageOfEmployeesReceivingRegularPerformanceAndCareerDevelopmentReviewsReportingByEmployeeCategoryAbstract" xlink:to="loc_gri_PercentageOfEmployeesReceivingRegularPerformanceAndCareerDevelopmentReviewsReportingByEmployeeCategoryLineItems" order="2.0" use="optional" />
    <link:loc xlink:type="locator" xlink:href="../core/gri_srs_core_2025-06-23.xsd#gri_PercentageOfTotalEmployeesWhoReceivedRegularPerformanceAndCareerDevelopmentReviewDuringReportingPeriod" xlink:label="loc_gri_PercentageOfTotalEmployeesWhoReceivedRegularPerformanceAndCareerDevelopmentReviewDuringReportingPeriod" />
    <link:definitionArc xlink:type="arc" xlink:arcrole="http://xbrl.org/int/dim/arcrole/domain-member" xlink:from="loc_gri_PercentageOfEmployeesReceivingRegularPerformanceAndCareerDevelopmentReviewsReportingByEmployeeCategoryLineItems" xlink:to="loc_gri_PercentageOfTotalEmployeesWhoReceivedRegularPerformanceAndCareerDevelopmentReviewDuringReportingPeriod" order="1.0" use="optional" />
    <link:loc xlink:type="locator" xlink:href="../core/gri_srs_core_2025-06-23.xsd#gri_ReasonForOmissionRelatedToPercentageOfTotalEmployeesWhoReceivedRegularPerformanceAndCareerDevelopmentReviewDuringReportingPeriod" xlink:label="loc_gri_ReasonForOmissionRelatedToPercentageOfTotalEmployeesWhoReceivedRegularPerformanceAndCareerDevelopmentReviewDuringReportingPeriod" />
    <link:definitionArc xlink:type="arc" xlink:arcrole="http://xbrl.org/int/dim/arcrole/domain-member" xlink:from="loc_gri_PercentageOfTotalEmployeesWhoReceivedRegularPerformanceAndCareerDevelopmentReviewDuringReportingPeriod" xlink:to="loc_gri_ReasonForOmissionRelatedToPercentageOfTotalEmployeesWhoReceivedRegularPerformanceAndCareerDevelopmentReviewDuringReportingPeriod" order="1.0" use="optional" />
    <link:loc xlink:type="locator" xlink:href="../core/gri_srs_core_2025-06-23.xsd#gri_ExplanationForReasonForOmissionRelatedToPercentageOfTotalEmployeesWhoReceivedRegularPerformanceAndCareerDevelopmentReviewDuringReportingPeriodTextBlock" xlink:label="loc_gri_ExplanationForReasonForOmissionRelatedToPercentageOfTotalEmployeesWhoReceivedRegularPerformanceAndCareerDevelopmentReviewDuringReportingPeriodTextBlock" />
    <link:definitionArc xlink:type="arc" xlink:arcrole="http://xbrl.org/int/dim/arcrole/domain-member" xlink:from="loc_gri_PercentageOfTotalEmployeesWhoReceivedRegularPerformanceAndCareerDevelopmentReviewDuringReportingPeriod" xlink:to="loc_gri_ExplanationForReasonForOmissionRelatedToPercentageOfTotalEmployeesWhoReceivedRegularPerformanceAndCareerDevelopmentReviewDuringReportingPeriodTextBlock" order="2.0" use="optional" />
  </link:definitionLink>
  <link:definitionLink xlink:type="extended" xlink:role="https://taxonomy.globalreporting.org/gri-sustainability-taxonomy/gri_srs/gri_srs_role/role_gri_404_3_a_D">
    <link:loc xlink:type="locator" xlink:href="../core/gri_srs_core_2025-06-23.xsd#gri_PercentageOfEmployeesReceivingRegularPerformanceAndCareerDevelopmentReviewsReportingByEmployeeCategoryAbstract" xlink:label="loc_gri_PercentageOfEmployeesReceivingRegularPerformanceAndCareerDevelopmentReviewsReportingByEmployeeCategoryAbstract" />
    <link:loc xlink:type="locator" xlink:href="../core/gri_srs_core_2025-06-23.xsd#gri_PercentageOfEmployeesReceivingRegularPerformanceAndCareerDevelopmentReviewsReportingByEmployeeCategoryTable" xlink:label="loc_gri_PercentageOfEmployeesReceivingRegularPerformanceAndCareerDevelopmentReviewsReportingByEmployeeCategoryTable" />
    <link:definitionArc xlink:type="arc" xlink:arcrole="http://xbrl.org/int/dim/arcrole/all" xlink:from="loc_gri_PercentageOfEmployeesReceivingRegularPerformanceAndCareerDevelopmentReviewsReportingByEmployeeCategoryAbstract" xlink:to="loc_gri_PercentageOfEmployeesReceivingRegularPerformanceAndCareerDevelopmentReviewsReportingByEmployeeCategoryTable" order="1.0" xbrldt:contextElement="scenario" xbrldt:closed="false" use="optional" />
    <link:loc xlink:type="locator" xlink:href="../core/gri_srs_core_2025-06-23.xsd#gri_PercentageOfEmployeesReceivingRegularPerformanceAndCareerDevelopmentReviewsReportingByEmployeeCategoryLineItems" xlink:label="loc_gri_PercentageOfEmployeesReceivingRegularPerformanceAndCareerDevelopmentReviewsReportingByEmployeeCategoryLineItems" />
    <link:definitionArc xlink:type="arc" xlink:arcrole="http://xbrl.org/int/dim/arcrole/domain-member" xlink:from="loc_gri_PercentageOfEmployeesReceivingRegularPerformanceAndCareerDevelopmentReviewsReportingByEmployeeCategoryAbstract" xlink:to="loc_gri_PercentageOfEmployeesReceivingRegularPerformanceAndCareerDevelopmentReviewsReportingByEmployeeCategoryLineItems" order="2.0" use="optional" />
    <link:loc xlink:type="locator" xlink:href="../core/gri_srs_core_2025-06-23.xsd#gri_PercentageOfTotalEmployeesWhoReceivedRegularPerformanceAndCareerDevelopmentReviewDuringReportingPeriod" xlink:label="loc_gri_PercentageOfTotalEmployeesWhoReceivedRegularPerformanceAndCareerDevelopmentReviewDuringReportingPeriod" />
    <link:definitionArc xlink:type="arc" xlink:arcrole="http://xbrl.org/int/dim/arcrole/domain-member" xlink:from="loc_gri_PercentageOfEmployeesReceivingRegularPerformanceAndCareerDevelopmentReviewsReportingByEmployeeCategoryLineItems" xlink:to="loc_gri_PercentageOfTotalEmployeesWhoReceivedRegularPerformanceAndCareerDevelopmentReviewDuringReportingPeriod" order="1.0" use="optional" />
    <link:loc xlink:type="locator" xlink:href="../core/gri_srs_core_2025-06-23.xsd#gri_ReasonForOmissionRelatedToPercentageOfTotalEmployeesWhoReceivedRegularPerformanceAndCareerDevelopmentReviewDuringReportingPeriod" xlink:label="loc_gri_ReasonForOmissionRelatedToPercentageOfTotalEmployeesWhoReceivedRegularPerformanceAndCareerDevelopmentReviewDuringReportingPeriod" />
    <link:definitionArc xlink:type="arc" xlink:arcrole="http://xbrl.org/int/dim/arcrole/domain-member" xlink:from="loc_gri_PercentageOfTotalEmployeesWhoReceivedRegularPerformanceAndCareerDevelopmentReviewDuringReportingPeriod" xlink:to="loc_gri_ReasonForOmissionRelatedToPercentageOfTotalEmployeesWhoReceivedRegularPerformanceAndCareerDevelopmentReviewDuringReportingPeriod" order="1.0" use="optional" />
    <link:loc xlink:type="locator" xlink:href="../core/gri_srs_core_2025-06-23.xsd#gri_ExplanationForReasonForOmissionRelatedToPercentageOfTotalEmployeesWhoReceivedRegularPerformanceAndCareerDevelopmentReviewDuringReportingPeriodTextBlock" xlink:label="loc_gri_ExplanationForReasonForOmissionRelatedToPercentageOfTotalEmployeesWhoReceivedRegularPerformanceAndCareerDevelopmentReviewDuringReportingPeriodTextBlock" />
    <link:definitionArc xlink:type="arc" xlink:arcrole="http://xbrl.org/int/dim/arcrole/domain-member" xlink:from="loc_gri_PercentageOfTotalEmployeesWhoReceivedRegularPerformanceAndCareerDevelopmentReviewDuringReportingPeriod" xlink:to="loc_gri_ExplanationForReasonForOmissionRelatedToPercentageOfTotalEmployeesWhoReceivedRegularPerformanceAndCareerDevelopmentReviewDuringReportingPeriodTextBlock" order="2.0" use="optional" />
  </link:definitionLink>
  <link:definitionLink xlink:type="extended" xlink:role="https://taxonomy.globalreporting.org/gri-sustainability-taxonomy/gri_srs/gri_srs_role/role_gri_404_3_D">
    <link:loc xlink:type="locator" xlink:href="../core/gri_srs_core_2025-06-23.xsd#gri_PercentageOfEmployeesReceivingRegularPerformanceAndCareerDevelopmentReviewsReportingByGenderAbstract" xlink:label="loc_gri_PercentageOfEmployeesReceivingRegularPerformanceAndCareerDevelopmentReviewsReportingByGenderAbstract" />
    <link:loc xlink:type="locator" xlink:href="../core/gri_srs_core_2025-06-23.xsd#gri_PercentageOfEmployeesReceivingRegularPerformanceAndCareerDevelopmentReviewsReportingByGenderTable" xlink:label="loc_gri_PercentageOfEmployeesReceivingRegularPerformanceAndCareerDevelopmentReviewsReportingByGenderTable" />
    <link:definitionArc xlink:type="arc" xlink:arcrole="http://xbrl.org/int/dim/arcrole/all" xlink:from="loc_gri_PercentageOfEmployeesReceivingRegularPerformanceAndCareerDevelopmentReviewsReportingByGenderAbstract" xlink:to="loc_gri_PercentageOfEmployeesReceivingRegularPerformanceAndCareerDevelopmentReviewsReportingByGenderTable" order="1.0" xbrldt:contextElement="scenario" xbrldt:closed="false" use="optional" />
    <link:loc xlink:type="locator" xlink:href="../core/gri_srs_core_2025-06-23.xsd#gri_PercentageOfEmployeesReceivingRegularPerformanceAndCareerDevelopmentReviewsReportingByGenderLineItems" xlink:label="loc_gri_PercentageOfEmployeesReceivingRegularPerformanceAndCareerDevelopmentReviewsReportingByGenderLineItems" />
    <link:definitionArc xlink:type="arc" xlink:arcrole="http://xbrl.org/int/dim/arcrole/domain-member" xlink:from="loc_gri_PercentageOfEmployeesReceivingRegularPerformanceAndCareerDevelopmentReviewsReportingByGenderAbstract" xlink:to="loc_gri_PercentageOfEmployeesReceivingRegularPerformanceAndCareerDevelopmentReviewsReportingByGenderLineItems" order="2.0" use="optional" />
    <link:loc xlink:type="locator" xlink:href="../core/gri_srs_core_2025-06-23.xsd#gri_PercentageOfTotalEmployeesWhoReceivedRegularPerformanceAndCareerDevelopmentReviewDuringReportingPeriod" xlink:label="loc_gri_PercentageOfTotalEmployeesWhoReceivedRegularPerformanceAndCareerDevelopmentReviewDuringReportingPeriod" />
    <link:definitionArc xlink:type="arc" xlink:arcrole="http://xbrl.org/int/dim/arcrole/domain-member" xlink:from="loc_gri_PercentageOfEmployeesReceivingRegularPerformanceAndCareerDevelopmentReviewsReportingByGenderLineItems" xlink:to="loc_gri_PercentageOfTotalEmployeesWhoReceivedRegularPerformanceAndCareerDevelopmentReviewDuringReportingPeriod" order="1.0" use="optional" />
    <link:loc xlink:type="locator" xlink:href="../core/gri_srs_core_2025-06-23.xsd#gri_ReasonForOmissionRelatedToPercentageOfTotalEmployeesWhoReceivedRegularPerformanceAndCareerDevelopmentReviewDuringReportingPeriod" xlink:label="loc_gri_ReasonForOmissionRelatedToPercentageOfTotalEmployeesWhoReceivedRegularPerformanceAndCareerDevelopmentReviewDuringReportingPeriod" />
    <link:definitionArc xlink:type="arc" xlink:arcrole="http://xbrl.org/int/dim/arcrole/domain-member" xlink:from="loc_gri_PercentageOfTotalEmployeesWhoReceivedRegularPerformanceAndCareerDevelopmentReviewDuringReportingPeriod" xlink:to="loc_gri_ReasonForOmissionRelatedToPercentageOfTotalEmployeesWhoReceivedRegularPerformanceAndCareerDevelopmentReviewDuringReportingPeriod" order="1.0" use="optional" />
    <link:loc xlink:type="locator" xlink:href="../core/gri_srs_core_2025-06-23.xsd#gri_ExplanationForReasonForOmissionRelatedToPercentageOfTotalEmployeesWhoReceivedRegularPerformanceAndCareerDevelopmentReviewDuringReportingPeriodTextBlock" xlink:label="loc_gri_ExplanationForReasonForOmissionRelatedToPercentageOfTotalEmployeesWhoReceivedRegularPerformanceAndCareerDevelopmentReviewDuringReportingPeriodTextBlock" />
    <link:definitionArc xlink:type="arc" xlink:arcrole="http://xbrl.org/int/dim/arcrole/domain-member" xlink:from="loc_gri_PercentageOfTotalEmployeesWhoReceivedRegularPerformanceAndCareerDevelopmentReviewDuringReportingPeriod" xlink:to="loc_gri_ExplanationForReasonForOmissionRelatedToPercentageOfTotalEmployeesWhoReceivedRegularPerformanceAndCareerDevelopmentReviewDuringReportingPeriodTextBlock" order="2.0" use="optional" />
  </link:definitionLink>
</link:linkbase>