﻿<?xml version="1.0" encoding="utf-8"?>
<!-- Generated by GRI Taxonomy Editor-->
<link:linkbase xsi:schemaLocation="http://www.xbrl.org/2003/linkbase http://www.xbrl.org/2003/xbrl-linkbase-2003-12-31.xsd http://xbrl.org/2005/xbrldt http://www.xbrl.org/2005/xbrldt-2005.xsd http://www.xbrl.org/2003/instance http://www.xbrl.org/2003/xbrl-instance-2003-12-31.xsd http://www.w3.org/1999/xlink http://www.xbrl.org/2003/xlink-2003-12-31.xsd " xmlns:link="http://www.xbrl.org/2003/linkbase" xmlns:xbrldt="http://xbrl.org/2005/xbrldt" xmlns:xbrli="http://www.xbrl.org/2003/instance" xmlns:xlink="http://www.w3.org/1999/xlink" xmlns:xsi="http://www.w3.org/2001/XMLSchema-instance">
  <!-- Role Ref -->
  <link:roleRef roleURI="https://taxonomy.globalreporting.org/gri-sustainability-taxonomy/gri_srs/gri_srs_role/role_gri_202_1" xlink:type="simple" xlink:href="role_gri_srs_2025-06-23.xsd#role_gri_202_1" />
  <link:roleRef roleURI="https://taxonomy.globalreporting.org/gri-sustainability-taxonomy/gri_srs/gri_srs_role/role_gri_202_1_D" xlink:type="simple" xlink:href="role_gri_srs_2025-06-23.xsd#role_gri_202_1_D" />
  <link:roleRef roleURI="https://taxonomy.globalreporting.org/gri-sustainability-taxonomy/gri_srs/gri_srs_role/role_gri_202_2" xlink:type="simple" xlink:href="role_gri_srs_2025-06-23.xsd#role_gri_202_2" />
  <link:roleRef roleURI="https://taxonomy.globalreporting.org/gri-sustainability-taxonomy/gri_srs/gri_srs_role/role_gri_202_2_D" xlink:type="simple" xlink:href="role_gri_srs_2025-06-23.xsd#role_gri_202_2_D" />
  <!-- ArcRole Ref -->
  <link:arcroleRef arcroleURI="http://xbrl.org/int/dim/arcrole/all" xlink:type="simple" xlink:href="http://www.xbrl.org/2005/xbrldt-2005.xsd#all" />
  <link:arcroleRef arcroleURI="http://xbrl.org/int/dim/arcrole/domain-member" xlink:type="simple" xlink:href="http://www.xbrl.org/2005/xbrldt-2005.xsd#domain-member" />
  <link:arcroleRef arcroleURI="http://xbrl.org/int/dim/arcrole/hypercube-dimension" xlink:type="simple" xlink:href="http://www.xbrl.org/2005/xbrldt-2005.xsd#hypercube-dimension" />
  <link:definitionLink xlink:type="extended" xlink:role="https://taxonomy.globalreporting.org/gri-sustainability-taxonomy/gri_srs/gri_srs_role/role_gri_202_1">
    <link:loc xlink:type="locator" xlink:href="../core/gri_srs_core_2025-06-23.xsd#gri_DisclosureOfRatiosOfStandardEntryLevelWageByGenderComparedToLocalMinimumWageAbstract" xlink:label="loc_gri_DisclosureOfRatiosOfStandardEntryLevelWageByGenderComparedToLocalMinimumWageAbstract" />
    <link:loc xlink:type="locator" xlink:href="../core/gri_srs_core_2025-06-23.xsd#gri_RatiosOfStandardEntryLevelWageByGenderComparedToLocalMinimumWageTable" xlink:label="loc_gri_RatiosOfStandardEntryLevelWageByGenderComparedToLocalMinimumWageTable" />
    <link:definitionArc xlink:type="arc" xlink:arcrole="http://xbrl.org/int/dim/arcrole/all" xlink:from="loc_gri_DisclosureOfRatiosOfStandardEntryLevelWageByGenderComparedToLocalMinimumWageAbstract" xlink:to="loc_gri_RatiosOfStandardEntryLevelWageByGenderComparedToLocalMinimumWageTable" order="1.0" xbrldt:contextElement="scenario" xbrldt:closed="false" use="optional" />
    <link:loc xlink:type="locator" xlink:href="../core/gri_srs_core_2025-06-23.xsd#gri_SignificantLocationOfOperationAxis" xlink:label="loc_gri_SignificantLocationOfOperationAxis" />
    <link:definitionArc xlink:type="arc" xlink:arcrole="http://xbrl.org/int/dim/arcrole/hypercube-dimension" xlink:from="loc_gri_RatiosOfStandardEntryLevelWageByGenderComparedToLocalMinimumWageTable" xlink:to="loc_gri_SignificantLocationOfOperationAxis" order="1.0" use="optional" />
    <link:loc xlink:type="locator" xlink:href="../core/gri_srs_core_2025-06-23.xsd#gri_GenderAxis" xlink:label="loc_gri_GenderAxis" />
    <link:definitionArc xlink:type="arc" xlink:arcrole="http://xbrl.org/int/dim/arcrole/hypercube-dimension" xlink:from="loc_gri_RatiosOfStandardEntryLevelWageByGenderComparedToLocalMinimumWageTable" xlink:to="loc_gri_GenderAxis" order="2.0" use="optional" />
    <link:loc xlink:type="locator" xlink:href="../core/gri_srs_core_2025-06-23.xsd#gri_RatiosOfStandardEntryLevelWageByGenderComparedToLocalMinimumWageLineItems" xlink:label="loc_gri_RatiosOfStandardEntryLevelWageByGenderComparedToLocalMinimumWageLineItems" />
    <link:definitionArc xlink:type="arc" xlink:arcrole="http://xbrl.org/int/dim/arcrole/domain-member" xlink:from="loc_gri_DisclosureOfRatiosOfStandardEntryLevelWageByGenderComparedToLocalMinimumWageAbstract" xlink:to="loc_gri_RatiosOfStandardEntryLevelWageByGenderComparedToLocalMinimumWageLineItems" order="2.0" use="optional" />
    <link:loc xlink:type="locator" xlink:href="../core/gri_srs_core_2025-06-23.xsd#gri_WhetherSignificantProportionOfEmployeesAreCompensatedBasedOnWagesSubjectToMinimumWageRules" xlink:label="loc_gri_WhetherSignificantProportionOfEmployeesAreCompensatedBasedOnWagesSubjectToMinimumWageRules" />
    <link:definitionArc xlink:type="arc" xlink:arcrole="http://xbrl.org/int/dim/arcrole/domain-member" xlink:from="loc_gri_RatiosOfStandardEntryLevelWageByGenderComparedToLocalMinimumWageLineItems" xlink:to="loc_gri_WhetherSignificantProportionOfEmployeesAreCompensatedBasedOnWagesSubjectToMinimumWageRules" order="1.0" use="optional" />
    <link:loc xlink:type="locator" xlink:href="../core/gri_srs_core_2025-06-23.xsd#gri_ReasonForOmissionRelatedToWhetherSignificantProportionOfEmployeesAreCompensatedBasedOnWagesSubjectToMinimumWageRules" xlink:label="loc_gri_ReasonForOmissionRelatedToWhetherSignificantProportionOfEmployeesAreCompensatedBasedOnWagesSubjectToMinimumWageRules" />
    <link:definitionArc xlink:type="arc" xlink:arcrole="http://xbrl.org/int/dim/arcrole/domain-member" xlink:from="loc_gri_WhetherSignificantProportionOfEmployeesAreCompensatedBasedOnWagesSubjectToMinimumWageRules" xlink:to="loc_gri_ReasonForOmissionRelatedToWhetherSignificantProportionOfEmployeesAreCompensatedBasedOnWagesSubjectToMinimumWageRules" order="1.0" use="optional" />
    <link:loc xlink:type="locator" xlink:href="../core/gri_srs_core_2025-06-23.xsd#gri_ExplanationForReasonForOmissionRelatedToWhetherSignificantProportionOfEmployeesAreCompensatedBasedOnWagesSubjectToMinimumWageRulesTextBlock" xlink:label="loc_gri_ExplanationForReasonForOmissionRelatedToWhetherSignificantProportionOfEmployeesAreCompensatedBasedOnWagesSubjectToMinimumWageRulesTextBlock" />
    <link:definitionArc xlink:type="arc" xlink:arcrole="http://xbrl.org/int/dim/arcrole/domain-member" xlink:from="loc_gri_WhetherSignificantProportionOfEmployeesAreCompensatedBasedOnWagesSubjectToMinimumWageRules" xlink:to="loc_gri_ExplanationForReasonForOmissionRelatedToWhetherSignificantProportionOfEmployeesAreCompensatedBasedOnWagesSubjectToMinimumWageRulesTextBlock" order="2.0" use="optional" />
    <link:loc xlink:type="locator" xlink:href="../core/gri_srs_core_2025-06-23.xsd#gri_RatioOfEntryLevelWageToMinimumWage" xlink:label="loc_gri_RatioOfEntryLevelWageToMinimumWage" />
    <link:definitionArc xlink:type="arc" xlink:arcrole="http://xbrl.org/int/dim/arcrole/domain-member" xlink:from="loc_gri_RatiosOfStandardEntryLevelWageByGenderComparedToLocalMinimumWageLineItems" xlink:to="loc_gri_RatioOfEntryLevelWageToMinimumWage" order="2.0" use="optional" />
    <link:loc xlink:type="locator" xlink:href="../core/gri_srs_core_2025-06-23.xsd#gri_ReasonForOmissionRelatedToRatioOfEntryLevelWageToMinimumWage" xlink:label="loc_gri_ReasonForOmissionRelatedToRatioOfEntryLevelWageToMinimumWage" />
    <link:definitionArc xlink:type="arc" xlink:arcrole="http://xbrl.org/int/dim/arcrole/domain-member" xlink:from="loc_gri_RatioOfEntryLevelWageToMinimumWage" xlink:to="loc_gri_ReasonForOmissionRelatedToRatioOfEntryLevelWageToMinimumWage" order="1.0" use="optional" />
    <link:loc xlink:type="locator" xlink:href="../core/gri_srs_core_2025-06-23.xsd#gri_ExplanationForReasonForOmissionRelatedToRatioOfEntryLevelWageToMinimumWageTextBlock" xlink:label="loc_gri_ExplanationForReasonForOmissionRelatedToRatioOfEntryLevelWageToMinimumWageTextBlock" />
    <link:definitionArc xlink:type="arc" xlink:arcrole="http://xbrl.org/int/dim/arcrole/domain-member" xlink:from="loc_gri_RatioOfEntryLevelWageToMinimumWage" xlink:to="loc_gri_ExplanationForReasonForOmissionRelatedToRatioOfEntryLevelWageToMinimumWageTextBlock" order="2.0" use="optional" />
  </link:definitionLink>
  <link:definitionLink xlink:type="extended" xlink:role="https://taxonomy.globalreporting.org/gri-sustainability-taxonomy/gri_srs/gri_srs_role/role_gri_202_1_D">
    <link:loc xlink:type="locator" xlink:href="../core/gri_srs_core_2025-06-23.xsd#gri_DisclosureOfRatiosOfStandardEntryLevelWageByGenderComparedToLocalMinimumWageAbstract" xlink:label="loc_gri_DisclosureOfRatiosOfStandardEntryLevelWageByGenderComparedToLocalMinimumWageAbstract" />
    <link:loc xlink:type="locator" xlink:href="../core/gri_srs_core_2025-06-23.xsd#gri_RatiosOfStandardEntryLevelWageByGenderComparedToLocalMinimumWageTable" xlink:label="loc_gri_RatiosOfStandardEntryLevelWageByGenderComparedToLocalMinimumWageTable" />
    <link:definitionArc xlink:type="arc" xlink:arcrole="http://xbrl.org/int/dim/arcrole/all" xlink:from="loc_gri_DisclosureOfRatiosOfStandardEntryLevelWageByGenderComparedToLocalMinimumWageAbstract" xlink:to="loc_gri_RatiosOfStandardEntryLevelWageByGenderComparedToLocalMinimumWageTable" order="1.0" xbrldt:contextElement="scenario" xbrldt:closed="false" use="optional" />
    <link:loc xlink:type="locator" xlink:href="../core/gri_srs_core_2025-06-23.xsd#gri_RatiosOfStandardEntryLevelWageByGenderComparedToLocalMinimumWageLineItems" xlink:label="loc_gri_RatiosOfStandardEntryLevelWageByGenderComparedToLocalMinimumWageLineItems" />
    <link:definitionArc xlink:type="arc" xlink:arcrole="http://xbrl.org/int/dim/arcrole/domain-member" xlink:from="loc_gri_DisclosureOfRatiosOfStandardEntryLevelWageByGenderComparedToLocalMinimumWageAbstract" xlink:to="loc_gri_RatiosOfStandardEntryLevelWageByGenderComparedToLocalMinimumWageLineItems" order="2.0" use="optional" />
    <link:loc xlink:type="locator" xlink:href="../core/gri_srs_core_2025-06-23.xsd#gri_WhetherSignificantProportionOfEmployeesAreCompensatedBasedOnWagesSubjectToMinimumWageRules" xlink:label="loc_gri_WhetherSignificantProportionOfEmployeesAreCompensatedBasedOnWagesSubjectToMinimumWageRules" />
    <link:definitionArc xlink:type="arc" xlink:arcrole="http://xbrl.org/int/dim/arcrole/domain-member" xlink:from="loc_gri_RatiosOfStandardEntryLevelWageByGenderComparedToLocalMinimumWageLineItems" xlink:to="loc_gri_WhetherSignificantProportionOfEmployeesAreCompensatedBasedOnWagesSubjectToMinimumWageRules" order="1.0" use="optional" />
    <link:loc xlink:type="locator" xlink:href="../core/gri_srs_core_2025-06-23.xsd#gri_ReasonForOmissionRelatedToWhetherSignificantProportionOfEmployeesAreCompensatedBasedOnWagesSubjectToMinimumWageRules" xlink:label="loc_gri_ReasonForOmissionRelatedToWhetherSignificantProportionOfEmployeesAreCompensatedBasedOnWagesSubjectToMinimumWageRules" />
    <link:definitionArc xlink:type="arc" xlink:arcrole="http://xbrl.org/int/dim/arcrole/domain-member" xlink:from="loc_gri_WhetherSignificantProportionOfEmployeesAreCompensatedBasedOnWagesSubjectToMinimumWageRules" xlink:to="loc_gri_ReasonForOmissionRelatedToWhetherSignificantProportionOfEmployeesAreCompensatedBasedOnWagesSubjectToMinimumWageRules" order="1.0" use="optional" />
    <link:loc xlink:type="locator" xlink:href="../core/gri_srs_core_2025-06-23.xsd#gri_ExplanationForReasonForOmissionRelatedToWhetherSignificantProportionOfEmployeesAreCompensatedBasedOnWagesSubjectToMinimumWageRulesTextBlock" xlink:label="loc_gri_ExplanationForReasonForOmissionRelatedToWhetherSignificantProportionOfEmployeesAreCompensatedBasedOnWagesSubjectToMinimumWageRulesTextBlock" />
    <link:definitionArc xlink:type="arc" xlink:arcrole="http://xbrl.org/int/dim/arcrole/domain-member" xlink:from="loc_gri_WhetherSignificantProportionOfEmployeesAreCompensatedBasedOnWagesSubjectToMinimumWageRules" xlink:to="loc_gri_ExplanationForReasonForOmissionRelatedToWhetherSignificantProportionOfEmployeesAreCompensatedBasedOnWagesSubjectToMinimumWageRulesTextBlock" order="2.0" use="optional" />
    <link:loc xlink:type="locator" xlink:href="../core/gri_srs_core_2025-06-23.xsd#gri_RatioOfEntryLevelWageToMinimumWage" xlink:label="loc_gri_RatioOfEntryLevelWageToMinimumWage" />
    <link:definitionArc xlink:type="arc" xlink:arcrole="http://xbrl.org/int/dim/arcrole/domain-member" xlink:from="loc_gri_RatiosOfStandardEntryLevelWageByGenderComparedToLocalMinimumWageLineItems" xlink:to="loc_gri_RatioOfEntryLevelWageToMinimumWage" order="2.0" use="optional" />
    <link:loc xlink:type="locator" xlink:href="../core/gri_srs_core_2025-06-23.xsd#gri_ReasonForOmissionRelatedToRatioOfEntryLevelWageToMinimumWage" xlink:label="loc_gri_ReasonForOmissionRelatedToRatioOfEntryLevelWageToMinimumWage" />
    <link:definitionArc xlink:type="arc" xlink:arcrole="http://xbrl.org/int/dim/arcrole/domain-member" xlink:from="loc_gri_RatioOfEntryLevelWageToMinimumWage" xlink:to="loc_gri_ReasonForOmissionRelatedToRatioOfEntryLevelWageToMinimumWage" order="1.0" use="optional" />
    <link:loc xlink:type="locator" xlink:href="../core/gri_srs_core_2025-06-23.xsd#gri_ExplanationForReasonForOmissionRelatedToRatioOfEntryLevelWageToMinimumWageTextBlock" xlink:label="loc_gri_ExplanationForReasonForOmissionRelatedToRatioOfEntryLevelWageToMinimumWageTextBlock" />
    <link:definitionArc xlink:type="arc" xlink:arcrole="http://xbrl.org/int/dim/arcrole/domain-member" xlink:from="loc_gri_RatioOfEntryLevelWageToMinimumWage" xlink:to="loc_gri_ExplanationForReasonForOmissionRelatedToRatioOfEntryLevelWageToMinimumWageTextBlock" order="2.0" use="optional" />
  </link:definitionLink>
  <link:definitionLink xlink:type="extended" xlink:role="https://taxonomy.globalreporting.org/gri-sustainability-taxonomy/gri_srs/gri_srs_role/role_gri_202_2">
    <link:loc xlink:type="locator" xlink:href="../core/gri_srs_core_2025-06-23.xsd#gri_DisclosureOfProportionOfSeniorManagementHiredFromLocalCommunityAbstract" xlink:label="loc_gri_DisclosureOfProportionOfSeniorManagementHiredFromLocalCommunityAbstract" />
    <link:loc xlink:type="locator" xlink:href="../core/gri_srs_core_2025-06-23.xsd#gri_ProportionOfSeniorManagementHiredFromLocalCommunityTable" xlink:label="loc_gri_ProportionOfSeniorManagementHiredFromLocalCommunityTable" />
    <link:definitionArc xlink:type="arc" xlink:arcrole="http://xbrl.org/int/dim/arcrole/all" xlink:from="loc_gri_DisclosureOfProportionOfSeniorManagementHiredFromLocalCommunityAbstract" xlink:to="loc_gri_ProportionOfSeniorManagementHiredFromLocalCommunityTable" order="1.0" xbrldt:contextElement="scenario" xbrldt:closed="false" use="optional" />
    <link:loc xlink:type="locator" xlink:href="../core/gri_srs_core_2025-06-23.xsd#gri_SignificantLocationOfOperationAxis" xlink:label="loc_gri_SignificantLocationOfOperationAxis" />
    <link:definitionArc xlink:type="arc" xlink:arcrole="http://xbrl.org/int/dim/arcrole/hypercube-dimension" xlink:from="loc_gri_ProportionOfSeniorManagementHiredFromLocalCommunityTable" xlink:to="loc_gri_SignificantLocationOfOperationAxis" order="1.0" use="optional" />
    <link:loc xlink:type="locator" xlink:href="../core/gri_srs_core_2025-06-23.xsd#gri_ProportionOfSeniorManagementHiredFromLocalCommunityLineItems" xlink:label="loc_gri_ProportionOfSeniorManagementHiredFromLocalCommunityLineItems" />
    <link:definitionArc xlink:type="arc" xlink:arcrole="http://xbrl.org/int/dim/arcrole/domain-member" xlink:from="loc_gri_DisclosureOfProportionOfSeniorManagementHiredFromLocalCommunityAbstract" xlink:to="loc_gri_ProportionOfSeniorManagementHiredFromLocalCommunityLineItems" order="2.0" use="optional" />
    <link:loc xlink:type="locator" xlink:href="../core/gri_srs_core_2025-06-23.xsd#gri_PercentageOfSeniorManagementHiredFromLocalCommunity" xlink:label="loc_gri_PercentageOfSeniorManagementHiredFromLocalCommunity" />
    <link:definitionArc xlink:type="arc" xlink:arcrole="http://xbrl.org/int/dim/arcrole/domain-member" xlink:from="loc_gri_ProportionOfSeniorManagementHiredFromLocalCommunityLineItems" xlink:to="loc_gri_PercentageOfSeniorManagementHiredFromLocalCommunity" order="1.0" use="optional" />
    <link:loc xlink:type="locator" xlink:href="../core/gri_srs_core_2025-06-23.xsd#gri_ReasonForOmissionRelatedToPercentageOfSeniorManagementHiredFromLocalCommunity" xlink:label="loc_gri_ReasonForOmissionRelatedToPercentageOfSeniorManagementHiredFromLocalCommunity" />
    <link:definitionArc xlink:type="arc" xlink:arcrole="http://xbrl.org/int/dim/arcrole/domain-member" xlink:from="loc_gri_PercentageOfSeniorManagementHiredFromLocalCommunity" xlink:to="loc_gri_ReasonForOmissionRelatedToPercentageOfSeniorManagementHiredFromLocalCommunity" order="1.0" use="optional" />
    <link:loc xlink:type="locator" xlink:href="../core/gri_srs_core_2025-06-23.xsd#gri_ExplanationForReasonForOmissionRelatedToPercentageOfSeniorManagementHiredFromLocalCommunityTextBlock" xlink:label="loc_gri_ExplanationForReasonForOmissionRelatedToPercentageOfSeniorManagementHiredFromLocalCommunityTextBlock" />
    <link:definitionArc xlink:type="arc" xlink:arcrole="http://xbrl.org/int/dim/arcrole/domain-member" xlink:from="loc_gri_PercentageOfSeniorManagementHiredFromLocalCommunity" xlink:to="loc_gri_ExplanationForReasonForOmissionRelatedToPercentageOfSeniorManagementHiredFromLocalCommunityTextBlock" order="2.0" use="optional" />
  </link:definitionLink>
  <link:definitionLink xlink:type="extended" xlink:role="https://taxonomy.globalreporting.org/gri-sustainability-taxonomy/gri_srs/gri_srs_role/role_gri_202_2_D">
    <link:loc xlink:type="locator" xlink:href="../core/gri_srs_core_2025-06-23.xsd#gri_DisclosureOfProportionOfSeniorManagementHiredFromLocalCommunityAbstract" xlink:label="loc_gri_DisclosureOfProportionOfSeniorManagementHiredFromLocalCommunityAbstract" />
    <link:loc xlink:type="locator" xlink:href="../core/gri_srs_core_2025-06-23.xsd#gri_ProportionOfSeniorManagementHiredFromLocalCommunityTable" xlink:label="loc_gri_ProportionOfSeniorManagementHiredFromLocalCommunityTable" />
    <link:definitionArc xlink:type="arc" xlink:arcrole="http://xbrl.org/int/dim/arcrole/all" xlink:from="loc_gri_DisclosureOfProportionOfSeniorManagementHiredFromLocalCommunityAbstract" xlink:to="loc_gri_ProportionOfSeniorManagementHiredFromLocalCommunityTable" order="1.0" xbrldt:contextElement="scenario" xbrldt:closed="false" use="optional" />
    <link:loc xlink:type="locator" xlink:href="../core/gri_srs_core_2025-06-23.xsd#gri_ProportionOfSeniorManagementHiredFromLocalCommunityLineItems" xlink:label="loc_gri_ProportionOfSeniorManagementHiredFromLocalCommunityLineItems" />
    <link:definitionArc xlink:type="arc" xlink:arcrole="http://xbrl.org/int/dim/arcrole/domain-member" xlink:from="loc_gri_DisclosureOfProportionOfSeniorManagementHiredFromLocalCommunityAbstract" xlink:to="loc_gri_ProportionOfSeniorManagementHiredFromLocalCommunityLineItems" order="2.0" use="optional" />
    <link:loc xlink:type="locator" xlink:href="../core/gri_srs_core_2025-06-23.xsd#gri_PercentageOfSeniorManagementHiredFromLocalCommunity" xlink:label="loc_gri_PercentageOfSeniorManagementHiredFromLocalCommunity" />
    <link:definitionArc xlink:type="arc" xlink:arcrole="http://xbrl.org/int/dim/arcrole/domain-member" xlink:from="loc_gri_ProportionOfSeniorManagementHiredFromLocalCommunityLineItems" xlink:to="loc_gri_PercentageOfSeniorManagementHiredFromLocalCommunity" order="1.0" use="optional" />
    <link:loc xlink:type="locator" xlink:href="../core/gri_srs_core_2025-06-23.xsd#gri_ReasonForOmissionRelatedToPercentageOfSeniorManagementHiredFromLocalCommunity" xlink:label="loc_gri_ReasonForOmissionRelatedToPercentageOfSeniorManagementHiredFromLocalCommunity" />
    <link:definitionArc xlink:type="arc" xlink:arcrole="http://xbrl.org/int/dim/arcrole/domain-member" xlink:from="loc_gri_PercentageOfSeniorManagementHiredFromLocalCommunity" xlink:to="loc_gri_ReasonForOmissionRelatedToPercentageOfSeniorManagementHiredFromLocalCommunity" order="1.0" use="optional" />
    <link:loc xlink:type="locator" xlink:href="../core/gri_srs_core_2025-06-23.xsd#gri_ExplanationForReasonForOmissionRelatedToPercentageOfSeniorManagementHiredFromLocalCommunityTextBlock" xlink:label="loc_gri_ExplanationForReasonForOmissionRelatedToPercentageOfSeniorManagementHiredFromLocalCommunityTextBlock" />
    <link:definitionArc xlink:type="arc" xlink:arcrole="http://xbrl.org/int/dim/arcrole/domain-member" xlink:from="loc_gri_PercentageOfSeniorManagementHiredFromLocalCommunity" xlink:to="loc_gri_ExplanationForReasonForOmissionRelatedToPercentageOfSeniorManagementHiredFromLocalCommunityTextBlock" order="2.0" use="optional" />
  </link:definitionLink>
</link:linkbase>