﻿<?xml version="1.0" encoding="utf-8"?>
<!-- Generated by GRI Taxonomy Editor-->
<link:linkbase xsi:schemaLocation="http://www.xbrl.org/2003/linkbase http://www.xbrl.org/2003/xbrl-linkbase-2003-12-31.xsd http://xbrl.org/2005/xbrldt http://www.xbrl.org/2005/xbrldt-2005.xsd http://www.xbrl.org/2003/instance http://www.xbrl.org/2003/xbrl-instance-2003-12-31.xsd http://www.w3.org/1999/xlink http://www.xbrl.org/2003/xlink-2003-12-31.xsd " xmlns:link="http://www.xbrl.org/2003/linkbase" xmlns:xbrldt="http://xbrl.org/2005/xbrldt" xmlns:xbrli="http://www.xbrl.org/2003/instance" xmlns:xlink="http://www.w3.org/1999/xlink" xmlns:xsi="http://www.w3.org/2001/XMLSchema-instance">
  <!-- Role Ref -->
  <link:roleRef roleURI="http://www.xbrl.org/taxonomy/int/country/roles/domain" xlink:type="simple" xlink:href="../core/country-current-PR-2024-01-31/elts.xsd#roleType_domain" />
  <link:roleRef roleURI="https://taxonomy.globalreporting.org/gri-sustainability-taxonomy/gri_srs/gri_srs_role/role_gri_201_1_b" xlink:type="simple" xlink:href="role_gri_srs_2025-06-23.xsd#role_gri_201_1_b" />
  <link:roleRef roleURI="https://taxonomy.globalreporting.org/gri-sustainability-taxonomy/gri_srs/gri_srs_role/role_gri_201_4" xlink:type="simple" xlink:href="role_gri_srs_2025-06-23.xsd#role_gri_201_4" />
  <link:roleRef roleURI="https://taxonomy.globalreporting.org/gri-sustainability-taxonomy/gri_srs/gri_srs_role/role_gri_201-1_b_ML" xlink:type="simple" xlink:href="role_gri_srs_2025-06-23.xsd#role_gri_201-1_b_ML" />
  <link:roleRef roleURI="https://taxonomy.globalreporting.org/gri-sustainability-taxonomy/gri_srs/gri_srs_role/role_gri_201-1_b_ML_D" xlink:type="simple" xlink:href="role_gri_srs_2025-06-23.xsd#role_gri_201-1_b_ML_D" />
  <link:roleRef roleURI="https://taxonomy.globalreporting.org/gri-sustainability-taxonomy/gri_srs/gri_srs_role/role_gri_201-1_b_RL" xlink:type="simple" xlink:href="role_gri_srs_2025-06-23.xsd#role_gri_201-1_b_RL" />
  <link:roleRef roleURI="https://taxonomy.globalreporting.org/gri-sustainability-taxonomy/gri_srs/gri_srs_role/role_gri_201-1_b_RL_D" xlink:type="simple" xlink:href="role_gri_srs_2025-06-23.xsd#role_gri_201-1_b_RL_D" />
  <!-- ArcRole Ref -->
  <link:arcroleRef arcroleURI="http://xbrl.org/int/dim/arcrole/all" xlink:type="simple" xlink:href="http://www.xbrl.org/2005/xbrldt-2005.xsd#all" />
  <link:arcroleRef arcroleURI="http://xbrl.org/int/dim/arcrole/dimension-domain" xlink:type="simple" xlink:href="http://www.xbrl.org/2005/xbrldt-2005.xsd#dimension-domain" />
  <link:arcroleRef arcroleURI="http://xbrl.org/int/dim/arcrole/domain-member" xlink:type="simple" xlink:href="http://www.xbrl.org/2005/xbrldt-2005.xsd#domain-member" />
  <link:arcroleRef arcroleURI="http://xbrl.org/int/dim/arcrole/hypercube-dimension" xlink:type="simple" xlink:href="http://www.xbrl.org/2005/xbrldt-2005.xsd#hypercube-dimension" />
  <link:definitionLink xlink:type="extended" xlink:role="https://taxonomy.globalreporting.org/gri-sustainability-taxonomy/gri_srs/gri_srs_role/role_gri_201_1_b">
    <link:loc xlink:type="locator" xlink:href="../core/gri_srs_core_2025-06-23.xsd#gri_DirectEconomicValueGeneratedAndDistributedReportingByCountryAbstract" xlink:label="loc_gri_DirectEconomicValueGeneratedAndDistributedReportingByCountryAbstract" />
    <link:loc xlink:type="locator" xlink:href="../core/gri_srs_core_2025-06-23.xsd#gri_DirectEconomicValueGeneratedAndDistributedReportingByCountryTable" xlink:label="loc_gri_DirectEconomicValueGeneratedAndDistributedReportingByCountryTable" />
    <link:definitionArc xlink:type="arc" xlink:arcrole="http://xbrl.org/int/dim/arcrole/all" xlink:from="loc_gri_DirectEconomicValueGeneratedAndDistributedReportingByCountryAbstract" xlink:to="loc_gri_DirectEconomicValueGeneratedAndDistributedReportingByCountryTable" order="1.0" xbrldt:contextElement="scenario" xbrldt:closed="false" use="optional" />
    <link:loc xlink:type="locator" xlink:href="../core/gri_srs_core_2025-06-23.xsd#gri_CountryAxis" xlink:label="loc_gri_CountryAxis" />
    <link:definitionArc xlink:type="arc" xlink:arcrole="http://xbrl.org/int/dim/arcrole/hypercube-dimension" xlink:from="loc_gri_DirectEconomicValueGeneratedAndDistributedReportingByCountryTable" xlink:to="loc_gri_CountryAxis" order="1.0" use="optional" />
    <link:loc xlink:type="locator" xlink:href="../core/country-current-PR-2024-01-31/elts.xsd#country_CountryDomain" xlink:label="loc_country_CountryDomain" />
    <link:definitionArc xlink:type="arc" xlink:arcrole="http://xbrl.org/int/dim/arcrole/dimension-domain" xlink:from="loc_gri_CountryAxis" xlink:to="loc_country_CountryDomain" order="1.0" use="optional" />
    <link:loc xlink:type="locator" xlink:href="../core/gri_srs_core_2025-06-23.xsd#gri_DirectEconomicValueGeneratedAndDistributedReportingByCountryLineItems" xlink:label="loc_gri_DirectEconomicValueGeneratedAndDistributedReportingByCountryLineItems" />
    <link:definitionArc xlink:type="arc" xlink:arcrole="http://xbrl.org/int/dim/arcrole/domain-member" xlink:from="loc_gri_DirectEconomicValueGeneratedAndDistributedReportingByCountryAbstract" xlink:to="loc_gri_DirectEconomicValueGeneratedAndDistributedReportingByCountryLineItems" order="2.0" use="optional" />
    <link:loc xlink:type="locator" xlink:href="../core/gri_srs_core_2025-06-23.xsd#gri_RevenuesGeneratedFromDirectEconomicValue" xlink:label="loc_gri_RevenuesGeneratedFromDirectEconomicValue" />
    <link:definitionArc xlink:type="arc" xlink:arcrole="http://xbrl.org/int/dim/arcrole/domain-member" xlink:from="loc_gri_DirectEconomicValueGeneratedAndDistributedReportingByCountryLineItems" xlink:to="loc_gri_RevenuesGeneratedFromDirectEconomicValue" order="1.0" use="optional" />
    <link:loc xlink:type="locator" xlink:href="../core/gri_srs_core_2025-06-23.xsd#gri_ReasonForOmissionRelatedToRevenuesGeneratedFromDirectEconomicValue" xlink:label="loc_gri_ReasonForOmissionRelatedToRevenuesGeneratedFromDirectEconomicValue" />
    <link:definitionArc xlink:type="arc" xlink:arcrole="http://xbrl.org/int/dim/arcrole/domain-member" xlink:from="loc_gri_RevenuesGeneratedFromDirectEconomicValue" xlink:to="loc_gri_ReasonForOmissionRelatedToRevenuesGeneratedFromDirectEconomicValue" order="1.0" use="optional" />
    <link:loc xlink:type="locator" xlink:href="../core/gri_srs_core_2025-06-23.xsd#gri_ExplanationForReasonForOmissionRelatedToRevenuesGeneratedFromDirectEconomicValueTextBlock" xlink:label="loc_gri_ExplanationForReasonForOmissionRelatedToRevenuesGeneratedFromDirectEconomicValueTextBlock" />
    <link:definitionArc xlink:type="arc" xlink:arcrole="http://xbrl.org/int/dim/arcrole/domain-member" xlink:from="loc_gri_RevenuesGeneratedFromDirectEconomicValue" xlink:to="loc_gri_ExplanationForReasonForOmissionRelatedToRevenuesGeneratedFromDirectEconomicValueTextBlock" order="2.0" use="optional" />
    <link:loc xlink:type="locator" xlink:href="../core/gri_srs_core_2025-06-23.xsd#gri_EconomicValueDistributed" xlink:label="loc_gri_EconomicValueDistributed" />
    <link:definitionArc xlink:type="arc" xlink:arcrole="http://xbrl.org/int/dim/arcrole/domain-member" xlink:from="loc_gri_DirectEconomicValueGeneratedAndDistributedReportingByCountryLineItems" xlink:to="loc_gri_EconomicValueDistributed" order="2.0" use="optional" />
    <link:loc xlink:type="locator" xlink:href="../core/gri_srs_core_2025-06-23.xsd#gri_ReasonForOmissionRelatedToEconomicValueDistributed" xlink:label="loc_gri_ReasonForOmissionRelatedToEconomicValueDistributed" />
    <link:definitionArc xlink:type="arc" xlink:arcrole="http://xbrl.org/int/dim/arcrole/domain-member" xlink:from="loc_gri_EconomicValueDistributed" xlink:to="loc_gri_ReasonForOmissionRelatedToEconomicValueDistributed" order="1.0" use="optional" />
    <link:loc xlink:type="locator" xlink:href="../core/gri_srs_core_2025-06-23.xsd#gri_ExplanationForReasonForOmissionRelatedToEconomicValueDistributedTextBlock" xlink:label="loc_gri_ExplanationForReasonForOmissionRelatedToEconomicValueDistributedTextBlock" />
    <link:definitionArc xlink:type="arc" xlink:arcrole="http://xbrl.org/int/dim/arcrole/domain-member" xlink:from="loc_gri_EconomicValueDistributed" xlink:to="loc_gri_ExplanationForReasonForOmissionRelatedToEconomicValueDistributedTextBlock" order="2.0" use="optional" />
    <link:loc xlink:type="locator" xlink:href="../core/gri_srs_core_2025-06-23.xsd#gri_OperatingCosts" xlink:label="loc_gri_OperatingCosts" />
    <link:definitionArc xlink:type="arc" xlink:arcrole="http://xbrl.org/int/dim/arcrole/domain-member" xlink:from="loc_gri_DirectEconomicValueGeneratedAndDistributedReportingByCountryLineItems" xlink:to="loc_gri_OperatingCosts" order="3.0" use="optional" />
    <link:loc xlink:type="locator" xlink:href="../core/gri_srs_core_2025-06-23.xsd#gri_ReasonForOmissionRelatedToOperatingCosts" xlink:label="loc_gri_ReasonForOmissionRelatedToOperatingCosts" />
    <link:definitionArc xlink:type="arc" xlink:arcrole="http://xbrl.org/int/dim/arcrole/domain-member" xlink:from="loc_gri_OperatingCosts" xlink:to="loc_gri_ReasonForOmissionRelatedToOperatingCosts" order="1.0" use="optional" />
    <link:loc xlink:type="locator" xlink:href="../core/gri_srs_core_2025-06-23.xsd#gri_ExplanationForReasonForOmissionRelatedToOperatingCostsTextBlock" xlink:label="loc_gri_ExplanationForReasonForOmissionRelatedToOperatingCostsTextBlock" />
    <link:definitionArc xlink:type="arc" xlink:arcrole="http://xbrl.org/int/dim/arcrole/domain-member" xlink:from="loc_gri_OperatingCosts" xlink:to="loc_gri_ExplanationForReasonForOmissionRelatedToOperatingCostsTextBlock" order="2.0" use="optional" />
    <link:loc xlink:type="locator" xlink:href="../core/gri_srs_core_2025-06-23.xsd#gri_EmployeeWagesAndBenefits" xlink:label="loc_gri_EmployeeWagesAndBenefits" />
    <link:definitionArc xlink:type="arc" xlink:arcrole="http://xbrl.org/int/dim/arcrole/domain-member" xlink:from="loc_gri_DirectEconomicValueGeneratedAndDistributedReportingByCountryLineItems" xlink:to="loc_gri_EmployeeWagesAndBenefits" order="4.0" use="optional" />
    <link:loc xlink:type="locator" xlink:href="../core/gri_srs_core_2025-06-23.xsd#gri_ReasonForOmissionRelatedToEmployeeWagesAndBenefits" xlink:label="loc_gri_ReasonForOmissionRelatedToEmployeeWagesAndBenefits" />
    <link:definitionArc xlink:type="arc" xlink:arcrole="http://xbrl.org/int/dim/arcrole/domain-member" xlink:from="loc_gri_EmployeeWagesAndBenefits" xlink:to="loc_gri_ReasonForOmissionRelatedToEmployeeWagesAndBenefits" order="1.0" use="optional" />
    <link:loc xlink:type="locator" xlink:href="../core/gri_srs_core_2025-06-23.xsd#gri_ExplanationForReasonForOmissionRelatedToEmployeeWagesAndBenefitsTextBlock" xlink:label="loc_gri_ExplanationForReasonForOmissionRelatedToEmployeeWagesAndBenefitsTextBlock" />
    <link:definitionArc xlink:type="arc" xlink:arcrole="http://xbrl.org/int/dim/arcrole/domain-member" xlink:from="loc_gri_EmployeeWagesAndBenefits" xlink:to="loc_gri_ExplanationForReasonForOmissionRelatedToEmployeeWagesAndBenefitsTextBlock" order="2.0" use="optional" />
    <link:loc xlink:type="locator" xlink:href="../core/gri_srs_core_2025-06-23.xsd#gri_PaymentsToProvidersOfCapital" xlink:label="loc_gri_PaymentsToProvidersOfCapital" />
    <link:definitionArc xlink:type="arc" xlink:arcrole="http://xbrl.org/int/dim/arcrole/domain-member" xlink:from="loc_gri_DirectEconomicValueGeneratedAndDistributedReportingByCountryLineItems" xlink:to="loc_gri_PaymentsToProvidersOfCapital" order="5.0" use="optional" />
    <link:loc xlink:type="locator" xlink:href="../core/gri_srs_core_2025-06-23.xsd#gri_ReasonForOmissionRelatedToPaymentsToProvidersOfCapital" xlink:label="loc_gri_ReasonForOmissionRelatedToPaymentsToProvidersOfCapital" />
    <link:definitionArc xlink:type="arc" xlink:arcrole="http://xbrl.org/int/dim/arcrole/domain-member" xlink:from="loc_gri_PaymentsToProvidersOfCapital" xlink:to="loc_gri_ReasonForOmissionRelatedToPaymentsToProvidersOfCapital" order="1.0" use="optional" />
    <link:loc xlink:type="locator" xlink:href="../core/gri_srs_core_2025-06-23.xsd#gri_ExplanationForReasonForOmissionRelatedToPaymentsToProvidersOfCapitalTextBlock" xlink:label="loc_gri_ExplanationForReasonForOmissionRelatedToPaymentsToProvidersOfCapitalTextBlock" />
    <link:definitionArc xlink:type="arc" xlink:arcrole="http://xbrl.org/int/dim/arcrole/domain-member" xlink:from="loc_gri_PaymentsToProvidersOfCapital" xlink:to="loc_gri_ExplanationForReasonForOmissionRelatedToPaymentsToProvidersOfCapitalTextBlock" order="2.0" use="optional" />
    <link:loc xlink:type="locator" xlink:href="../core/gri_srs_core_2025-06-23.xsd#gri_PaymentsToGovernment" xlink:label="loc_gri_PaymentsToGovernment" />
    <link:definitionArc xlink:type="arc" xlink:arcrole="http://xbrl.org/int/dim/arcrole/domain-member" xlink:from="loc_gri_DirectEconomicValueGeneratedAndDistributedReportingByCountryLineItems" xlink:to="loc_gri_PaymentsToGovernment" order="6.0" use="optional" />
    <link:loc xlink:type="locator" xlink:href="../core/gri_srs_core_2025-06-23.xsd#gri_ReasonForOmissionRelatedToPaymentsToGovernment" xlink:label="loc_gri_ReasonForOmissionRelatedToPaymentsToGovernment" />
    <link:definitionArc xlink:type="arc" xlink:arcrole="http://xbrl.org/int/dim/arcrole/domain-member" xlink:from="loc_gri_PaymentsToGovernment" xlink:to="loc_gri_ReasonForOmissionRelatedToPaymentsToGovernment" order="1.0" use="optional" />
    <link:loc xlink:type="locator" xlink:href="../core/gri_srs_core_2025-06-23.xsd#gri_ExplanationForReasonForOmissionRelatedToPaymentsToGovernmentTextBlock" xlink:label="loc_gri_ExplanationForReasonForOmissionRelatedToPaymentsToGovernmentTextBlock" />
    <link:definitionArc xlink:type="arc" xlink:arcrole="http://xbrl.org/int/dim/arcrole/domain-member" xlink:from="loc_gri_PaymentsToGovernment" xlink:to="loc_gri_ExplanationForReasonForOmissionRelatedToPaymentsToGovernmentTextBlock" order="2.0" use="optional" />
    <link:loc xlink:type="locator" xlink:href="../core/gri_srs_core_2025-06-23.xsd#gri_CommunityInvestments" xlink:label="loc_gri_CommunityInvestments" />
    <link:definitionArc xlink:type="arc" xlink:arcrole="http://xbrl.org/int/dim/arcrole/domain-member" xlink:from="loc_gri_DirectEconomicValueGeneratedAndDistributedReportingByCountryLineItems" xlink:to="loc_gri_CommunityInvestments" order="7.0" use="optional" />
    <link:loc xlink:type="locator" xlink:href="../core/gri_srs_core_2025-06-23.xsd#gri_ReasonForOmissionRelatedToCommunityInvestments" xlink:label="loc_gri_ReasonForOmissionRelatedToCommunityInvestments" />
    <link:definitionArc xlink:type="arc" xlink:arcrole="http://xbrl.org/int/dim/arcrole/domain-member" xlink:from="loc_gri_CommunityInvestments" xlink:to="loc_gri_ReasonForOmissionRelatedToCommunityInvestments" order="1.0" use="optional" />
    <link:loc xlink:type="locator" xlink:href="../core/gri_srs_core_2025-06-23.xsd#gri_ExplanationForReasonForOmissionRelatedToCommunityInvestmentsTextBlock" xlink:label="loc_gri_ExplanationForReasonForOmissionRelatedToCommunityInvestmentsTextBlock" />
    <link:definitionArc xlink:type="arc" xlink:arcrole="http://xbrl.org/int/dim/arcrole/domain-member" xlink:from="loc_gri_CommunityInvestments" xlink:to="loc_gri_ExplanationForReasonForOmissionRelatedToCommunityInvestmentsTextBlock" order="2.0" use="optional" />
    <link:loc xlink:type="locator" xlink:href="../core/gri_srs_core_2025-06-23.xsd#gri_EconomicValueRetained" xlink:label="loc_gri_EconomicValueRetained" />
    <link:definitionArc xlink:type="arc" xlink:arcrole="http://xbrl.org/int/dim/arcrole/domain-member" xlink:from="loc_gri_DirectEconomicValueGeneratedAndDistributedReportingByCountryLineItems" xlink:to="loc_gri_EconomicValueRetained" order="8.0" use="optional" />
    <link:loc xlink:type="locator" xlink:href="../core/gri_srs_core_2025-06-23.xsd#gri_ReasonForOmissionRelatedToEconomicValueRetained" xlink:label="loc_gri_ReasonForOmissionRelatedToEconomicValueRetained" />
    <link:definitionArc xlink:type="arc" xlink:arcrole="http://xbrl.org/int/dim/arcrole/domain-member" xlink:from="loc_gri_EconomicValueRetained" xlink:to="loc_gri_ReasonForOmissionRelatedToEconomicValueRetained" order="1.0" use="optional" />
    <link:loc xlink:type="locator" xlink:href="../core/gri_srs_core_2025-06-23.xsd#gri_ExplanationForReasonForOmissionRelatedToEconomicValueRetainedTextBlock" xlink:label="loc_gri_ExplanationForReasonForOmissionRelatedToEconomicValueRetainedTextBlock" />
    <link:definitionArc xlink:type="arc" xlink:arcrole="http://xbrl.org/int/dim/arcrole/domain-member" xlink:from="loc_gri_EconomicValueRetained" xlink:to="loc_gri_ExplanationForReasonForOmissionRelatedToEconomicValueRetainedTextBlock" order="2.0" use="optional" />
  </link:definitionLink>
  <link:definitionLink xlink:type="extended" xlink:role="https://taxonomy.globalreporting.org/gri-sustainability-taxonomy/gri_srs/gri_srs_role/role_gri_201_4">
    <link:loc xlink:type="locator" xlink:href="../core/gri_srs_core_2025-06-23.xsd#gri_FinancialAssistanceReceivedFromGovernmentReportingByCountryAbstract" xlink:label="loc_gri_FinancialAssistanceReceivedFromGovernmentReportingByCountryAbstract" />
    <link:loc xlink:type="locator" xlink:href="../core/gri_srs_core_2025-06-23.xsd#gri_FinancialAssistanceReceivedFromGovernmentTable" xlink:label="loc_gri_FinancialAssistanceReceivedFromGovernmentTable" />
    <link:definitionArc xlink:type="arc" xlink:arcrole="http://xbrl.org/int/dim/arcrole/all" xlink:from="loc_gri_FinancialAssistanceReceivedFromGovernmentReportingByCountryAbstract" xlink:to="loc_gri_FinancialAssistanceReceivedFromGovernmentTable" order="1.0" xbrldt:contextElement="scenario" xbrldt:closed="false" use="optional" />
    <link:loc xlink:type="locator" xlink:href="../core/gri_srs_core_2025-06-23.xsd#gri_CountryAxis" xlink:label="loc_gri_CountryAxis" />
    <link:definitionArc xlink:type="arc" xlink:arcrole="http://xbrl.org/int/dim/arcrole/hypercube-dimension" xlink:from="loc_gri_FinancialAssistanceReceivedFromGovernmentTable" xlink:to="loc_gri_CountryAxis" order="1.0" use="optional" />
    <link:loc xlink:type="locator" xlink:href="../core/country-current-PR-2024-01-31/elts.xsd#country_CountryDomain" xlink:label="loc_country_CountryDomain" />
    <link:definitionArc xlink:type="arc" xlink:arcrole="http://xbrl.org/int/dim/arcrole/dimension-domain" xlink:from="loc_gri_CountryAxis" xlink:to="loc_country_CountryDomain" order="1.0" xbrldt:targetRole="http://www.xbrl.org/taxonomy/int/country/roles/domain" use="optional" />
    <link:loc xlink:type="locator" xlink:href="../core/gri_srs_core_2025-06-23.xsd#gri_FinancialAssistanceReceivedFromGovernmentLineItems" xlink:label="loc_gri_FinancialAssistanceReceivedFromGovernmentLineItems" />
    <link:definitionArc xlink:type="arc" xlink:arcrole="http://xbrl.org/int/dim/arcrole/domain-member" xlink:from="loc_gri_FinancialAssistanceReceivedFromGovernmentReportingByCountryAbstract" xlink:to="loc_gri_FinancialAssistanceReceivedFromGovernmentLineItems" order="2.0" use="optional" />
    <link:loc xlink:type="locator" xlink:href="../core/gri_srs_core_2025-06-23.xsd#gri_TotalMonetaryValueOfFinancialAssistanceReceivedFromAnyGovernmentDuringReportingPeriod" xlink:label="loc_gri_TotalMonetaryValueOfFinancialAssistanceReceivedFromAnyGovernmentDuringReportingPeriod" />
    <link:definitionArc xlink:type="arc" xlink:arcrole="http://xbrl.org/int/dim/arcrole/domain-member" xlink:from="loc_gri_FinancialAssistanceReceivedFromGovernmentLineItems" xlink:to="loc_gri_TotalMonetaryValueOfFinancialAssistanceReceivedFromAnyGovernmentDuringReportingPeriod" order="1.0" use="optional" />
    <link:loc xlink:type="locator" xlink:href="../core/gri_srs_core_2025-06-23.xsd#gri_ReasonForOmissionRelatedToTotalMonetaryValueOfFinancialAssistanceReceivedFromAnyGovernmentDuringReportingPeriod" xlink:label="loc_gri_ReasonForOmissionRelatedToTotalMonetaryValueOfFinancialAssistanceReceivedFromAnyGovernmentDuringReportingPeriod" />
    <link:definitionArc xlink:type="arc" xlink:arcrole="http://xbrl.org/int/dim/arcrole/domain-member" xlink:from="loc_gri_TotalMonetaryValueOfFinancialAssistanceReceivedFromAnyGovernmentDuringReportingPeriod" xlink:to="loc_gri_ReasonForOmissionRelatedToTotalMonetaryValueOfFinancialAssistanceReceivedFromAnyGovernmentDuringReportingPeriod" order="1.0" use="optional" />
    <link:loc xlink:type="locator" xlink:href="../core/gri_srs_core_2025-06-23.xsd#gri_ExplanationForReasonForOmissionRelatedToTotalMonetaryValueOfFinancialAssistanceReceivedFromAnyGovernmentDuringReportingPeriodTextBlock" xlink:label="loc_gri_ExplanationForReasonForOmissionRelatedToTotalMonetaryValueOfFinancialAssistanceReceivedFromAnyGovernmentDuringReportingPeriodTextBlock" />
    <link:definitionArc xlink:type="arc" xlink:arcrole="http://xbrl.org/int/dim/arcrole/domain-member" xlink:from="loc_gri_TotalMonetaryValueOfFinancialAssistanceReceivedFromAnyGovernmentDuringReportingPeriod" xlink:to="loc_gri_ExplanationForReasonForOmissionRelatedToTotalMonetaryValueOfFinancialAssistanceReceivedFromAnyGovernmentDuringReportingPeriodTextBlock" order="2.0" use="optional" />
    <link:loc xlink:type="locator" xlink:href="../core/gri_srs_core_2025-06-23.xsd#gri_TotalMonetaryValueOfTaxReliefAndTaxCreditsReceivedFromAnyGovernmentDuringReportingPeriod" xlink:label="loc_gri_TotalMonetaryValueOfTaxReliefAndTaxCreditsReceivedFromAnyGovernmentDuringReportingPeriod" />
    <link:definitionArc xlink:type="arc" xlink:arcrole="http://xbrl.org/int/dim/arcrole/domain-member" xlink:from="loc_gri_TotalMonetaryValueOfFinancialAssistanceReceivedFromAnyGovernmentDuringReportingPeriod" xlink:to="loc_gri_TotalMonetaryValueOfTaxReliefAndTaxCreditsReceivedFromAnyGovernmentDuringReportingPeriod" order="3.0" use="optional" />
    <link:loc xlink:type="locator" xlink:href="../core/gri_srs_core_2025-06-23.xsd#gri_ReasonForOmissionRelatedToTotalMonetaryValueOfTaxReliefAndTaxCreditsReceivedFromAnyGovernmentDuringReportingPeriod" xlink:label="loc_gri_ReasonForOmissionRelatedToTotalMonetaryValueOfTaxReliefAndTaxCreditsReceivedFromAnyGovernmentDuringReportingPeriod" />
    <link:definitionArc xlink:type="arc" xlink:arcrole="http://xbrl.org/int/dim/arcrole/domain-member" xlink:from="loc_gri_TotalMonetaryValueOfTaxReliefAndTaxCreditsReceivedFromAnyGovernmentDuringReportingPeriod" xlink:to="loc_gri_ReasonForOmissionRelatedToTotalMonetaryValueOfTaxReliefAndTaxCreditsReceivedFromAnyGovernmentDuringReportingPeriod" order="1.0" use="optional" />
    <link:loc xlink:type="locator" xlink:href="../core/gri_srs_core_2025-06-23.xsd#gri_ExplanationForReasonForOmissionRelatedToTotalMonetaryValueOfTaxReliefAndTaxCreditsReceivedFromAnyGovernmentDuringReportingPeriodTextBlock" xlink:label="loc_gri_ExplanationForReasonForOmissionRelatedToTotalMonetaryValueOfTaxReliefAndTaxCreditsReceivedFromAnyGovernmentDuringReportingPeriodTextBlock" />
    <link:definitionArc xlink:type="arc" xlink:arcrole="http://xbrl.org/int/dim/arcrole/domain-member" xlink:from="loc_gri_TotalMonetaryValueOfTaxReliefAndTaxCreditsReceivedFromAnyGovernmentDuringReportingPeriod" xlink:to="loc_gri_ExplanationForReasonForOmissionRelatedToTotalMonetaryValueOfTaxReliefAndTaxCreditsReceivedFromAnyGovernmentDuringReportingPeriodTextBlock" order="2.0" use="optional" />
    <link:loc xlink:type="locator" xlink:href="../core/gri_srs_core_2025-06-23.xsd#gri_TotalMonetaryValueOfSubsidiesReceivedFromAnyGovernmentDuringReportingPeriod" xlink:label="loc_gri_TotalMonetaryValueOfSubsidiesReceivedFromAnyGovernmentDuringReportingPeriod" />
    <link:definitionArc xlink:type="arc" xlink:arcrole="http://xbrl.org/int/dim/arcrole/domain-member" xlink:from="loc_gri_TotalMonetaryValueOfFinancialAssistanceReceivedFromAnyGovernmentDuringReportingPeriod" xlink:to="loc_gri_TotalMonetaryValueOfSubsidiesReceivedFromAnyGovernmentDuringReportingPeriod" order="4.0" use="optional" />
    <link:loc xlink:type="locator" xlink:href="../core/gri_srs_core_2025-06-23.xsd#gri_ReasonForOmissionRelatedToTotalMonetaryValueOfSubsidiesReceivedFromAnyGovernmentDuringReportingPeriod" xlink:label="loc_gri_ReasonForOmissionRelatedToTotalMonetaryValueOfSubsidiesReceivedFromAnyGovernmentDuringReportingPeriod" />
    <link:definitionArc xlink:type="arc" xlink:arcrole="http://xbrl.org/int/dim/arcrole/domain-member" xlink:from="loc_gri_TotalMonetaryValueOfSubsidiesReceivedFromAnyGovernmentDuringReportingPeriod" xlink:to="loc_gri_ReasonForOmissionRelatedToTotalMonetaryValueOfSubsidiesReceivedFromAnyGovernmentDuringReportingPeriod" order="1.0" use="optional" />
    <link:loc xlink:type="locator" xlink:href="../core/gri_srs_core_2025-06-23.xsd#gri_ExplanationForReasonForOmissionRelatedToTotalMonetaryValueOfSubsidiesReceivedFromAnyGovernmentDuringReportingPeriodTextBlock" xlink:label="loc_gri_ExplanationForReasonForOmissionRelatedToTotalMonetaryValueOfSubsidiesReceivedFromAnyGovernmentDuringReportingPeriodTextBlock" />
    <link:definitionArc xlink:type="arc" xlink:arcrole="http://xbrl.org/int/dim/arcrole/domain-member" xlink:from="loc_gri_TotalMonetaryValueOfSubsidiesReceivedFromAnyGovernmentDuringReportingPeriod" xlink:to="loc_gri_ExplanationForReasonForOmissionRelatedToTotalMonetaryValueOfSubsidiesReceivedFromAnyGovernmentDuringReportingPeriodTextBlock" order="2.0" use="optional" />
    <link:loc xlink:type="locator" xlink:href="../core/gri_srs_core_2025-06-23.xsd#gri_TotalMonetaryValueOfInvestmentGrantsResearchAndDevelopmentGrantsAndOtherRelevantTypesOfGrantReceivedFromAnyGovernmentDuringReportingPeriod" xlink:label="loc_gri_TotalMonetaryValueOfInvestmentGrantsResearchAndDevelopmentGrantsAndOtherRelevantTypesOfGrantReceivedFromAnyGovernmentDuringReportingPeriod" />
    <link:definitionArc xlink:type="arc" xlink:arcrole="http://xbrl.org/int/dim/arcrole/domain-member" xlink:from="loc_gri_TotalMonetaryValueOfFinancialAssistanceReceivedFromAnyGovernmentDuringReportingPeriod" xlink:to="loc_gri_TotalMonetaryValueOfInvestmentGrantsResearchAndDevelopmentGrantsAndOtherRelevantTypesOfGrantReceivedFromAnyGovernmentDuringReportingPeriod" order="5.0" use="optional" />
    <link:loc xlink:type="locator" xlink:href="../core/gri_srs_core_2025-06-23.xsd#gri_ReasonForOmissionRelatedToTotalMonetaryValueOfInvestmentGrantsResearchAndDevelopmentGrantsAndOtherRelevantTypesOfGrantReceivedFromAnyGovernmentDuringReportingPeriod" xlink:label="loc_gri_ReasonForOmissionRelatedToTotalMonetaryValueOfInvestmentGrantsResearchAndDevelopmentGrantsAndOtherRelevantTypesOfGrantReceivedFromAnyGovernmentDuringReportingPeriod" />
    <link:definitionArc xlink:type="arc" xlink:arcrole="http://xbrl.org/int/dim/arcrole/domain-member" xlink:from="loc_gri_TotalMonetaryValueOfInvestmentGrantsResearchAndDevelopmentGrantsAndOtherRelevantTypesOfGrantReceivedFromAnyGovernmentDuringReportingPeriod" xlink:to="loc_gri_ReasonForOmissionRelatedToTotalMonetaryValueOfInvestmentGrantsResearchAndDevelopmentGrantsAndOtherRelevantTypesOfGrantReceivedFromAnyGovernmentDuringReportingPeriod" order="2.0" use="optional" />
    <link:loc xlink:type="locator" xlink:href="../core/gri_srs_core_2025-06-23.xsd#gri_ExplanationForReasonForOmissionRelatedToTotalMonetaryValueOfInvestmentGrantsResearchAndDevelopmentGrantsAndOtherRelevantTypesOfGrantReceivedFromAnyGovernmentDuringReportingPeriodTextBlock" xlink:label="loc_gri_ExplanationForReasonForOmissionRelatedToTotalMonetaryValueOfInvestmentGrantsResearchAndDevelopmentGrantsAndOtherRelevantTypesOfGrantReceivedFromAnyGovernmentDuringReportingPeriodTextBlock" />
    <link:definitionArc xlink:type="arc" xlink:arcrole="http://xbrl.org/int/dim/arcrole/domain-member" xlink:from="loc_gri_TotalMonetaryValueOfInvestmentGrantsResearchAndDevelopmentGrantsAndOtherRelevantTypesOfGrantReceivedFromAnyGovernmentDuringReportingPeriod" xlink:to="loc_gri_ExplanationForReasonForOmissionRelatedToTotalMonetaryValueOfInvestmentGrantsResearchAndDevelopmentGrantsAndOtherRelevantTypesOfGrantReceivedFromAnyGovernmentDuringReportingPeriodTextBlock" order="2.0" use="optional" />
    <link:loc xlink:type="locator" xlink:href="../core/gri_srs_core_2025-06-23.xsd#gri_TotalMonetaryValueOfAwardsReceivedFromAnyGovernmentDuringReportingPeriod" xlink:label="loc_gri_TotalMonetaryValueOfAwardsReceivedFromAnyGovernmentDuringReportingPeriod" />
    <link:definitionArc xlink:type="arc" xlink:arcrole="http://xbrl.org/int/dim/arcrole/domain-member" xlink:from="loc_gri_TotalMonetaryValueOfFinancialAssistanceReceivedFromAnyGovernmentDuringReportingPeriod" xlink:to="loc_gri_TotalMonetaryValueOfAwardsReceivedFromAnyGovernmentDuringReportingPeriod" order="6.0" use="optional" />
    <link:loc xlink:type="locator" xlink:href="../core/gri_srs_core_2025-06-23.xsd#gri_ReasonForOmissionRelatedToTotalMonetaryValueOfAwardsReceivedFromAnyGovernmentDuringReportingPeriod" xlink:label="loc_gri_ReasonForOmissionRelatedToTotalMonetaryValueOfAwardsReceivedFromAnyGovernmentDuringReportingPeriod" />
    <link:definitionArc xlink:type="arc" xlink:arcrole="http://xbrl.org/int/dim/arcrole/domain-member" xlink:from="loc_gri_TotalMonetaryValueOfAwardsReceivedFromAnyGovernmentDuringReportingPeriod" xlink:to="loc_gri_ReasonForOmissionRelatedToTotalMonetaryValueOfAwardsReceivedFromAnyGovernmentDuringReportingPeriod" order="1.0" use="optional" />
    <link:loc xlink:type="locator" xlink:href="../core/gri_srs_core_2025-06-23.xsd#gri_ExplanationForReasonForOmissionRelatedToTotalMonetaryValueOfAwardsReceivedFromAnyGovernmentDuringReportingPeriodTextBlock" xlink:label="loc_gri_ExplanationForReasonForOmissionRelatedToTotalMonetaryValueOfAwardsReceivedFromAnyGovernmentDuringReportingPeriodTextBlock" />
    <link:definitionArc xlink:type="arc" xlink:arcrole="http://xbrl.org/int/dim/arcrole/domain-member" xlink:from="loc_gri_TotalMonetaryValueOfAwardsReceivedFromAnyGovernmentDuringReportingPeriod" xlink:to="loc_gri_ExplanationForReasonForOmissionRelatedToTotalMonetaryValueOfAwardsReceivedFromAnyGovernmentDuringReportingPeriodTextBlock" order="2.0" use="optional" />
    <link:loc xlink:type="locator" xlink:href="../core/gri_srs_core_2025-06-23.xsd#gri_TotalMonetaryValueOfRoyaltyHolidaysReceivedFromAnyGovernmentDuringReportingPeriod" xlink:label="loc_gri_TotalMonetaryValueOfRoyaltyHolidaysReceivedFromAnyGovernmentDuringReportingPeriod" />
    <link:definitionArc xlink:type="arc" xlink:arcrole="http://xbrl.org/int/dim/arcrole/domain-member" xlink:from="loc_gri_TotalMonetaryValueOfFinancialAssistanceReceivedFromAnyGovernmentDuringReportingPeriod" xlink:to="loc_gri_TotalMonetaryValueOfRoyaltyHolidaysReceivedFromAnyGovernmentDuringReportingPeriod" order="7.0" use="optional" />
    <link:loc xlink:type="locator" xlink:href="../core/gri_srs_core_2025-06-23.xsd#gri_ReasonForOmissionRelatedToTotalMonetaryValueOfRoyaltyHolidaysReceivedFromAnyGovernmentDuringReportingPeriod" xlink:label="loc_gri_ReasonForOmissionRelatedToTotalMonetaryValueOfRoyaltyHolidaysReceivedFromAnyGovernmentDuringReportingPeriod" />
    <link:definitionArc xlink:type="arc" xlink:arcrole="http://xbrl.org/int/dim/arcrole/domain-member" xlink:from="loc_gri_TotalMonetaryValueOfRoyaltyHolidaysReceivedFromAnyGovernmentDuringReportingPeriod" xlink:to="loc_gri_ReasonForOmissionRelatedToTotalMonetaryValueOfRoyaltyHolidaysReceivedFromAnyGovernmentDuringReportingPeriod" order="1.0" use="optional" />
    <link:loc xlink:type="locator" xlink:href="../core/gri_srs_core_2025-06-23.xsd#gri_ExplanationForReasonForOmissionRelatedToTotalMonetaryValueOfRoyaltyHolidaysReceivedFromAnyGovernmentDuringReportingPeriodTextBlock" xlink:label="loc_gri_ExplanationForReasonForOmissionRelatedToTotalMonetaryValueOfRoyaltyHolidaysReceivedFromAnyGovernmentDuringReportingPeriodTextBlock" />
    <link:definitionArc xlink:type="arc" xlink:arcrole="http://xbrl.org/int/dim/arcrole/domain-member" xlink:from="loc_gri_TotalMonetaryValueOfRoyaltyHolidaysReceivedFromAnyGovernmentDuringReportingPeriod" xlink:to="loc_gri_ExplanationForReasonForOmissionRelatedToTotalMonetaryValueOfRoyaltyHolidaysReceivedFromAnyGovernmentDuringReportingPeriodTextBlock" order="2.0" use="optional" />
    <link:loc xlink:type="locator" xlink:href="../core/gri_srs_core_2025-06-23.xsd#gri_TotalMonetaryValueOfFinancialAssistanceFromExportCreditAgenciesECAsReceivedDuringReportingPeriod" xlink:label="loc_gri_TotalMonetaryValueOfFinancialAssistanceFromExportCreditAgenciesECAsReceivedDuringReportingPeriod" />
    <link:definitionArc xlink:type="arc" xlink:arcrole="http://xbrl.org/int/dim/arcrole/domain-member" xlink:from="loc_gri_TotalMonetaryValueOfFinancialAssistanceReceivedFromAnyGovernmentDuringReportingPeriod" xlink:to="loc_gri_TotalMonetaryValueOfFinancialAssistanceFromExportCreditAgenciesECAsReceivedDuringReportingPeriod" order="8.0" use="optional" />
    <link:loc xlink:type="locator" xlink:href="../core/gri_srs_core_2025-06-23.xsd#gri_ReasonForOmissionRelatedToTotalMonetaryValueOfFinancialAssistanceFromExportCreditAgenciesECAsReceivedDuringReportingPeriod" xlink:label="loc_gri_ReasonForOmissionRelatedToTotalMonetaryValueOfFinancialAssistanceFromExportCreditAgenciesECAsReceivedDuringReportingPeriod" />
    <link:definitionArc xlink:type="arc" xlink:arcrole="http://xbrl.org/int/dim/arcrole/domain-member" xlink:from="loc_gri_TotalMonetaryValueOfFinancialAssistanceFromExportCreditAgenciesECAsReceivedDuringReportingPeriod" xlink:to="loc_gri_ReasonForOmissionRelatedToTotalMonetaryValueOfFinancialAssistanceFromExportCreditAgenciesECAsReceivedDuringReportingPeriod" order="1.0" use="optional" />
    <link:loc xlink:type="locator" xlink:href="../core/gri_srs_core_2025-06-23.xsd#gri_ExplanationForReasonForOmissionRelatedToTotalMonetaryValueOfFinancialAssistanceFromExportCreditAgenciesECAsReceivedDuringReportingPeriodTextBlock" xlink:label="loc_gri_ExplanationForReasonForOmissionRelatedToTotalMonetaryValueOfFinancialAssistanceFromExportCreditAgenciesECAsReceivedDuringReportingPeriodTextBlock" />
    <link:definitionArc xlink:type="arc" xlink:arcrole="http://xbrl.org/int/dim/arcrole/domain-member" xlink:from="loc_gri_TotalMonetaryValueOfFinancialAssistanceFromExportCreditAgenciesECAsReceivedDuringReportingPeriod" xlink:to="loc_gri_ExplanationForReasonForOmissionRelatedToTotalMonetaryValueOfFinancialAssistanceFromExportCreditAgenciesECAsReceivedDuringReportingPeriodTextBlock" order="2.0" use="optional" />
    <link:loc xlink:type="locator" xlink:href="../core/gri_srs_core_2025-06-23.xsd#gri_TotalMonetaryValueOfFinancialIncentivesReceivedFromAnyGovernmentDuringReportingPeriod" xlink:label="loc_gri_TotalMonetaryValueOfFinancialIncentivesReceivedFromAnyGovernmentDuringReportingPeriod" />
    <link:definitionArc xlink:type="arc" xlink:arcrole="http://xbrl.org/int/dim/arcrole/domain-member" xlink:from="loc_gri_TotalMonetaryValueOfFinancialAssistanceReceivedFromAnyGovernmentDuringReportingPeriod" xlink:to="loc_gri_TotalMonetaryValueOfFinancialIncentivesReceivedFromAnyGovernmentDuringReportingPeriod" order="9.0" use="optional" />
    <link:loc xlink:type="locator" xlink:href="../core/gri_srs_core_2025-06-23.xsd#gri_ReasonForOmissionRelatedToTotalMonetaryValueOfFinancialIncentivesReceivedFromAnyGovernmentDuringReportingPeriod" xlink:label="loc_gri_ReasonForOmissionRelatedToTotalMonetaryValueOfFinancialIncentivesReceivedFromAnyGovernmentDuringReportingPeriod" />
    <link:definitionArc xlink:type="arc" xlink:arcrole="http://xbrl.org/int/dim/arcrole/domain-member" xlink:from="loc_gri_TotalMonetaryValueOfFinancialIncentivesReceivedFromAnyGovernmentDuringReportingPeriod" xlink:to="loc_gri_ReasonForOmissionRelatedToTotalMonetaryValueOfFinancialIncentivesReceivedFromAnyGovernmentDuringReportingPeriod" order="1.0" use="optional" />
    <link:loc xlink:type="locator" xlink:href="../core/gri_srs_core_2025-06-23.xsd#gri_ExplanationForReasonForOmissionRelatedToTotalMonetaryValueOfFinancialIncentivesReceivedFromAnyGovernmentDuringReportingPeriodTextBlock" xlink:label="loc_gri_ExplanationForReasonForOmissionRelatedToTotalMonetaryValueOfFinancialIncentivesReceivedFromAnyGovernmentDuringReportingPeriodTextBlock" />
    <link:definitionArc xlink:type="arc" xlink:arcrole="http://xbrl.org/int/dim/arcrole/domain-member" xlink:from="loc_gri_TotalMonetaryValueOfFinancialIncentivesReceivedFromAnyGovernmentDuringReportingPeriod" xlink:to="loc_gri_ExplanationForReasonForOmissionRelatedToTotalMonetaryValueOfFinancialIncentivesReceivedFromAnyGovernmentDuringReportingPeriodTextBlock" order="2.0" use="optional" />
    <link:loc xlink:type="locator" xlink:href="../core/gri_srs_core_2025-06-23.xsd#gri_TotalMonetaryValueOfOtherFinancialBenefitsReceivedOrReceivableFromAnyGovernmentForAnyOperationDuringReportingPeriod" xlink:label="loc_gri_TotalMonetaryValueOfOtherFinancialBenefitsReceivedOrReceivableFromAnyGovernmentForAnyOperationDuringReportingPeriod" />
    <link:definitionArc xlink:type="arc" xlink:arcrole="http://xbrl.org/int/dim/arcrole/domain-member" xlink:from="loc_gri_TotalMonetaryValueOfFinancialAssistanceReceivedFromAnyGovernmentDuringReportingPeriod" xlink:to="loc_gri_TotalMonetaryValueOfOtherFinancialBenefitsReceivedOrReceivableFromAnyGovernmentForAnyOperationDuringReportingPeriod" order="10.0" use="optional" />
    <link:loc xlink:type="locator" xlink:href="../core/gri_srs_core_2025-06-23.xsd#gri_ReasonForOmissionRelatedToTotalMonetaryValueOfOtherFinancialBenefitsReceivedOrReceivableFromAnyGovernmentForAnyOperationDuringReportingPeriod" xlink:label="loc_gri_ReasonForOmissionRelatedToTotalMonetaryValueOfOtherFinancialBenefitsReceivedOrReceivableFromAnyGovernmentForAnyOperationDuringReportingPeriod" />
    <link:definitionArc xlink:type="arc" xlink:arcrole="http://xbrl.org/int/dim/arcrole/domain-member" xlink:from="loc_gri_TotalMonetaryValueOfOtherFinancialBenefitsReceivedOrReceivableFromAnyGovernmentForAnyOperationDuringReportingPeriod" xlink:to="loc_gri_ReasonForOmissionRelatedToTotalMonetaryValueOfOtherFinancialBenefitsReceivedOrReceivableFromAnyGovernmentForAnyOperationDuringReportingPeriod" order="1.0" use="optional" />
    <link:loc xlink:type="locator" xlink:href="../core/gri_srs_core_2025-06-23.xsd#gri_ExplanationForReasonForOmissionRelatedToTotalMonetaryValueOfOtherFinancialBenefitsReceivedOrReceivableFromAnyGovernmentForAnyOperationDuringReportingPeriodTextBlock" xlink:label="loc_gri_ExplanationForReasonForOmissionRelatedToTotalMonetaryValueOfOtherFinancialBenefitsReceivedOrReceivableFromAnyGovernmentForAnyOperationDuringReportingPeriodTextBlock" />
    <link:definitionArc xlink:type="arc" xlink:arcrole="http://xbrl.org/int/dim/arcrole/domain-member" xlink:from="loc_gri_TotalMonetaryValueOfOtherFinancialBenefitsReceivedOrReceivableFromAnyGovernmentForAnyOperationDuringReportingPeriod" xlink:to="loc_gri_ExplanationForReasonForOmissionRelatedToTotalMonetaryValueOfOtherFinancialBenefitsReceivedOrReceivableFromAnyGovernmentForAnyOperationDuringReportingPeriodTextBlock" order="2.0" use="optional" />
  </link:definitionLink>
  <link:definitionLink xlink:type="extended" xlink:role="https://taxonomy.globalreporting.org/gri-sustainability-taxonomy/gri_srs/gri_srs_role/role_gri_201-1_b_ML">
    <link:loc xlink:type="locator" xlink:href="../core/gri_srs_core_2025-06-23.xsd#gri_DirectEconomicValueGeneratedAndDistributedReportingByMarketLevelAbstract" xlink:label="loc_gri_DirectEconomicValueGeneratedAndDistributedReportingByMarketLevelAbstract" />
    <link:loc xlink:type="locator" xlink:href="../core/gri_srs_core_2025-06-23.xsd#gri_DirectEconomicValueGeneratedAndDistributedReportingByMarketLevelTable" xlink:label="loc_gri_DirectEconomicValueGeneratedAndDistributedReportingByMarketLevelTable" />
    <link:definitionArc xlink:type="arc" xlink:arcrole="http://xbrl.org/int/dim/arcrole/all" xlink:from="loc_gri_DirectEconomicValueGeneratedAndDistributedReportingByMarketLevelAbstract" xlink:to="loc_gri_DirectEconomicValueGeneratedAndDistributedReportingByMarketLevelTable" order="1.0" xbrldt:contextElement="scenario" xbrldt:closed="false" use="optional" />
    <link:loc xlink:type="locator" xlink:href="../core/gri_srs_core_2025-06-23.xsd#gri_MarketLevelAxis" xlink:label="loc_gri_MarketLevelAxis" />
    <link:definitionArc xlink:type="arc" xlink:arcrole="http://xbrl.org/int/dim/arcrole/hypercube-dimension" xlink:from="loc_gri_DirectEconomicValueGeneratedAndDistributedReportingByMarketLevelTable" xlink:to="loc_gri_MarketLevelAxis" order="1.0" use="optional" />
    <link:loc xlink:type="locator" xlink:href="../core/gri_srs_core_2025-06-23.xsd#gri_DirectEconomicValueGeneratedAndDistributedReportingByMarketLevelLineItems" xlink:label="loc_gri_DirectEconomicValueGeneratedAndDistributedReportingByMarketLevelLineItems" />
    <link:definitionArc xlink:type="arc" xlink:arcrole="http://xbrl.org/int/dim/arcrole/domain-member" xlink:from="loc_gri_DirectEconomicValueGeneratedAndDistributedReportingByMarketLevelAbstract" xlink:to="loc_gri_DirectEconomicValueGeneratedAndDistributedReportingByMarketLevelLineItems" order="2.0" use="optional" />
    <link:loc xlink:type="locator" xlink:href="../core/gri_srs_core_2025-06-23.xsd#gri_RevenuesGeneratedFromDirectEconomicValue" xlink:label="loc_gri_RevenuesGeneratedFromDirectEconomicValue" />
    <link:definitionArc xlink:type="arc" xlink:arcrole="http://xbrl.org/int/dim/arcrole/domain-member" xlink:from="loc_gri_DirectEconomicValueGeneratedAndDistributedReportingByMarketLevelLineItems" xlink:to="loc_gri_RevenuesGeneratedFromDirectEconomicValue" order="1.0" use="optional" />
    <link:loc xlink:type="locator" xlink:href="../core/gri_srs_core_2025-06-23.xsd#gri_ReasonForOmissionRelatedToRevenuesGeneratedFromDirectEconomicValue" xlink:label="loc_gri_ReasonForOmissionRelatedToRevenuesGeneratedFromDirectEconomicValue" />
    <link:definitionArc xlink:type="arc" xlink:arcrole="http://xbrl.org/int/dim/arcrole/domain-member" xlink:from="loc_gri_RevenuesGeneratedFromDirectEconomicValue" xlink:to="loc_gri_ReasonForOmissionRelatedToRevenuesGeneratedFromDirectEconomicValue" order="1.0" use="optional" />
    <link:loc xlink:type="locator" xlink:href="../core/gri_srs_core_2025-06-23.xsd#gri_ExplanationForReasonForOmissionRelatedToRevenuesGeneratedFromDirectEconomicValueTextBlock" xlink:label="loc_gri_ExplanationForReasonForOmissionRelatedToRevenuesGeneratedFromDirectEconomicValueTextBlock" />
    <link:definitionArc xlink:type="arc" xlink:arcrole="http://xbrl.org/int/dim/arcrole/domain-member" xlink:from="loc_gri_RevenuesGeneratedFromDirectEconomicValue" xlink:to="loc_gri_ExplanationForReasonForOmissionRelatedToRevenuesGeneratedFromDirectEconomicValueTextBlock" order="2.0" use="optional" />
    <link:loc xlink:type="locator" xlink:href="../core/gri_srs_core_2025-06-23.xsd#gri_EconomicValueDistributed" xlink:label="loc_gri_EconomicValueDistributed" />
    <link:definitionArc xlink:type="arc" xlink:arcrole="http://xbrl.org/int/dim/arcrole/domain-member" xlink:from="loc_gri_DirectEconomicValueGeneratedAndDistributedReportingByMarketLevelLineItems" xlink:to="loc_gri_EconomicValueDistributed" order="2.0" use="optional" />
    <link:loc xlink:type="locator" xlink:href="../core/gri_srs_core_2025-06-23.xsd#gri_ReasonForOmissionRelatedToEconomicValueDistributed" xlink:label="loc_gri_ReasonForOmissionRelatedToEconomicValueDistributed" />
    <link:definitionArc xlink:type="arc" xlink:arcrole="http://xbrl.org/int/dim/arcrole/domain-member" xlink:from="loc_gri_EconomicValueDistributed" xlink:to="loc_gri_ReasonForOmissionRelatedToEconomicValueDistributed" order="1.0" use="optional" />
    <link:loc xlink:type="locator" xlink:href="../core/gri_srs_core_2025-06-23.xsd#gri_ExplanationForReasonForOmissionRelatedToEconomicValueDistributedTextBlock" xlink:label="loc_gri_ExplanationForReasonForOmissionRelatedToEconomicValueDistributedTextBlock" />
    <link:definitionArc xlink:type="arc" xlink:arcrole="http://xbrl.org/int/dim/arcrole/domain-member" xlink:from="loc_gri_EconomicValueDistributed" xlink:to="loc_gri_ExplanationForReasonForOmissionRelatedToEconomicValueDistributedTextBlock" order="2.0" use="optional" />
    <link:loc xlink:type="locator" xlink:href="../core/gri_srs_core_2025-06-23.xsd#gri_OperatingCosts" xlink:label="loc_gri_OperatingCosts" />
    <link:definitionArc xlink:type="arc" xlink:arcrole="http://xbrl.org/int/dim/arcrole/domain-member" xlink:from="loc_gri_DirectEconomicValueGeneratedAndDistributedReportingByMarketLevelLineItems" xlink:to="loc_gri_OperatingCosts" order="3.0" use="optional" />
    <link:loc xlink:type="locator" xlink:href="../core/gri_srs_core_2025-06-23.xsd#gri_ReasonForOmissionRelatedToOperatingCosts" xlink:label="loc_gri_ReasonForOmissionRelatedToOperatingCosts" />
    <link:definitionArc xlink:type="arc" xlink:arcrole="http://xbrl.org/int/dim/arcrole/domain-member" xlink:from="loc_gri_OperatingCosts" xlink:to="loc_gri_ReasonForOmissionRelatedToOperatingCosts" order="1.0" use="optional" />
    <link:loc xlink:type="locator" xlink:href="../core/gri_srs_core_2025-06-23.xsd#gri_ExplanationForReasonForOmissionRelatedToOperatingCostsTextBlock" xlink:label="loc_gri_ExplanationForReasonForOmissionRelatedToOperatingCostsTextBlock" />
    <link:definitionArc xlink:type="arc" xlink:arcrole="http://xbrl.org/int/dim/arcrole/domain-member" xlink:from="loc_gri_OperatingCosts" xlink:to="loc_gri_ExplanationForReasonForOmissionRelatedToOperatingCostsTextBlock" order="2.0" use="optional" />
    <link:loc xlink:type="locator" xlink:href="../core/gri_srs_core_2025-06-23.xsd#gri_EmployeeWagesAndBenefits" xlink:label="loc_gri_EmployeeWagesAndBenefits" />
    <link:definitionArc xlink:type="arc" xlink:arcrole="http://xbrl.org/int/dim/arcrole/domain-member" xlink:from="loc_gri_DirectEconomicValueGeneratedAndDistributedReportingByMarketLevelLineItems" xlink:to="loc_gri_EmployeeWagesAndBenefits" order="4.0" use="optional" />
    <link:loc xlink:type="locator" xlink:href="../core/gri_srs_core_2025-06-23.xsd#gri_ReasonForOmissionRelatedToEmployeeWagesAndBenefits" xlink:label="loc_gri_ReasonForOmissionRelatedToEmployeeWagesAndBenefits" />
    <link:definitionArc xlink:type="arc" xlink:arcrole="http://xbrl.org/int/dim/arcrole/domain-member" xlink:from="loc_gri_EmployeeWagesAndBenefits" xlink:to="loc_gri_ReasonForOmissionRelatedToEmployeeWagesAndBenefits" order="1.0" use="optional" />
    <link:loc xlink:type="locator" xlink:href="../core/gri_srs_core_2025-06-23.xsd#gri_ExplanationForReasonForOmissionRelatedToEmployeeWagesAndBenefitsTextBlock" xlink:label="loc_gri_ExplanationForReasonForOmissionRelatedToEmployeeWagesAndBenefitsTextBlock" />
    <link:definitionArc xlink:type="arc" xlink:arcrole="http://xbrl.org/int/dim/arcrole/domain-member" xlink:from="loc_gri_EmployeeWagesAndBenefits" xlink:to="loc_gri_ExplanationForReasonForOmissionRelatedToEmployeeWagesAndBenefitsTextBlock" order="2.0" use="optional" />
    <link:loc xlink:type="locator" xlink:href="../core/gri_srs_core_2025-06-23.xsd#gri_PaymentsToProvidersOfCapital" xlink:label="loc_gri_PaymentsToProvidersOfCapital" />
    <link:definitionArc xlink:type="arc" xlink:arcrole="http://xbrl.org/int/dim/arcrole/domain-member" xlink:from="loc_gri_DirectEconomicValueGeneratedAndDistributedReportingByMarketLevelLineItems" xlink:to="loc_gri_PaymentsToProvidersOfCapital" order="5.0" use="optional" />
    <link:loc xlink:type="locator" xlink:href="../core/gri_srs_core_2025-06-23.xsd#gri_ReasonForOmissionRelatedToPaymentsToProvidersOfCapital" xlink:label="loc_gri_ReasonForOmissionRelatedToPaymentsToProvidersOfCapital" />
    <link:definitionArc xlink:type="arc" xlink:arcrole="http://xbrl.org/int/dim/arcrole/domain-member" xlink:from="loc_gri_PaymentsToProvidersOfCapital" xlink:to="loc_gri_ReasonForOmissionRelatedToPaymentsToProvidersOfCapital" order="1.0" use="optional" />
    <link:loc xlink:type="locator" xlink:href="../core/gri_srs_core_2025-06-23.xsd#gri_ExplanationForReasonForOmissionRelatedToPaymentsToProvidersOfCapitalTextBlock" xlink:label="loc_gri_ExplanationForReasonForOmissionRelatedToPaymentsToProvidersOfCapitalTextBlock" />
    <link:definitionArc xlink:type="arc" xlink:arcrole="http://xbrl.org/int/dim/arcrole/domain-member" xlink:from="loc_gri_PaymentsToProvidersOfCapital" xlink:to="loc_gri_ExplanationForReasonForOmissionRelatedToPaymentsToProvidersOfCapitalTextBlock" order="2.0" use="optional" />
    <link:loc xlink:type="locator" xlink:href="../core/gri_srs_core_2025-06-23.xsd#gri_PaymentsToGovernment" xlink:label="loc_gri_PaymentsToGovernment" />
    <link:definitionArc xlink:type="arc" xlink:arcrole="http://xbrl.org/int/dim/arcrole/domain-member" xlink:from="loc_gri_DirectEconomicValueGeneratedAndDistributedReportingByMarketLevelLineItems" xlink:to="loc_gri_PaymentsToGovernment" order="6.0" use="optional" />
    <link:loc xlink:type="locator" xlink:href="../core/gri_srs_core_2025-06-23.xsd#gri_ReasonForOmissionRelatedToPaymentsToGovernment" xlink:label="loc_gri_ReasonForOmissionRelatedToPaymentsToGovernment" />
    <link:definitionArc xlink:type="arc" xlink:arcrole="http://xbrl.org/int/dim/arcrole/domain-member" xlink:from="loc_gri_PaymentsToGovernment" xlink:to="loc_gri_ReasonForOmissionRelatedToPaymentsToGovernment" order="1.0" use="optional" />
    <link:loc xlink:type="locator" xlink:href="../core/gri_srs_core_2025-06-23.xsd#gri_ExplanationForReasonForOmissionRelatedToPaymentsToGovernmentTextBlock" xlink:label="loc_gri_ExplanationForReasonForOmissionRelatedToPaymentsToGovernmentTextBlock" />
    <link:definitionArc xlink:type="arc" xlink:arcrole="http://xbrl.org/int/dim/arcrole/domain-member" xlink:from="loc_gri_PaymentsToGovernment" xlink:to="loc_gri_ExplanationForReasonForOmissionRelatedToPaymentsToGovernmentTextBlock" order="2.0" use="optional" />
    <link:loc xlink:type="locator" xlink:href="../core/gri_srs_core_2025-06-23.xsd#gri_CommunityInvestments" xlink:label="loc_gri_CommunityInvestments" />
    <link:definitionArc xlink:type="arc" xlink:arcrole="http://xbrl.org/int/dim/arcrole/domain-member" xlink:from="loc_gri_DirectEconomicValueGeneratedAndDistributedReportingByMarketLevelLineItems" xlink:to="loc_gri_CommunityInvestments" order="7.0" use="optional" />
    <link:loc xlink:type="locator" xlink:href="../core/gri_srs_core_2025-06-23.xsd#gri_ReasonForOmissionRelatedToCommunityInvestments" xlink:label="loc_gri_ReasonForOmissionRelatedToCommunityInvestments" />
    <link:definitionArc xlink:type="arc" xlink:arcrole="http://xbrl.org/int/dim/arcrole/domain-member" xlink:from="loc_gri_CommunityInvestments" xlink:to="loc_gri_ReasonForOmissionRelatedToCommunityInvestments" order="1.0" use="optional" />
    <link:loc xlink:type="locator" xlink:href="../core/gri_srs_core_2025-06-23.xsd#gri_ExplanationForReasonForOmissionRelatedToCommunityInvestmentsTextBlock" xlink:label="loc_gri_ExplanationForReasonForOmissionRelatedToCommunityInvestmentsTextBlock" />
    <link:definitionArc xlink:type="arc" xlink:arcrole="http://xbrl.org/int/dim/arcrole/domain-member" xlink:from="loc_gri_CommunityInvestments" xlink:to="loc_gri_ExplanationForReasonForOmissionRelatedToCommunityInvestmentsTextBlock" order="2.0" use="optional" />
    <link:loc xlink:type="locator" xlink:href="../core/gri_srs_core_2025-06-23.xsd#gri_EconomicValueRetained" xlink:label="loc_gri_EconomicValueRetained" />
    <link:definitionArc xlink:type="arc" xlink:arcrole="http://xbrl.org/int/dim/arcrole/domain-member" xlink:from="loc_gri_DirectEconomicValueGeneratedAndDistributedReportingByMarketLevelLineItems" xlink:to="loc_gri_EconomicValueRetained" order="8.0" use="optional" />
    <link:loc xlink:type="locator" xlink:href="../core/gri_srs_core_2025-06-23.xsd#gri_ReasonForOmissionRelatedToEconomicValueRetained" xlink:label="loc_gri_ReasonForOmissionRelatedToEconomicValueRetained" />
    <link:definitionArc xlink:type="arc" xlink:arcrole="http://xbrl.org/int/dim/arcrole/domain-member" xlink:from="loc_gri_EconomicValueRetained" xlink:to="loc_gri_ReasonForOmissionRelatedToEconomicValueRetained" order="1.0" use="optional" />
    <link:loc xlink:type="locator" xlink:href="../core/gri_srs_core_2025-06-23.xsd#gri_ExplanationForReasonForOmissionRelatedToEconomicValueRetainedTextBlock" xlink:label="loc_gri_ExplanationForReasonForOmissionRelatedToEconomicValueRetainedTextBlock" />
    <link:definitionArc xlink:type="arc" xlink:arcrole="http://xbrl.org/int/dim/arcrole/domain-member" xlink:from="loc_gri_EconomicValueRetained" xlink:to="loc_gri_ExplanationForReasonForOmissionRelatedToEconomicValueRetainedTextBlock" order="2.0" use="optional" />
  </link:definitionLink>
  <link:definitionLink xlink:type="extended" xlink:role="https://taxonomy.globalreporting.org/gri-sustainability-taxonomy/gri_srs/gri_srs_role/role_gri_201-1_b_ML_D">
    <link:loc xlink:type="locator" xlink:href="../core/gri_srs_core_2025-06-23.xsd#gri_DirectEconomicValueGeneratedAndDistributedReportingByMarketLevelAbstract" xlink:label="loc_gri_DirectEconomicValueGeneratedAndDistributedReportingByMarketLevelAbstract" />
    <link:loc xlink:type="locator" xlink:href="../core/gri_srs_core_2025-06-23.xsd#gri_DirectEconomicValueGeneratedAndDistributedReportingByMarketLevelTable" xlink:label="loc_gri_DirectEconomicValueGeneratedAndDistributedReportingByMarketLevelTable" />
    <link:definitionArc xlink:type="arc" xlink:arcrole="http://xbrl.org/int/dim/arcrole/all" xlink:from="loc_gri_DirectEconomicValueGeneratedAndDistributedReportingByMarketLevelAbstract" xlink:to="loc_gri_DirectEconomicValueGeneratedAndDistributedReportingByMarketLevelTable" order="1.0" xbrldt:contextElement="scenario" xbrldt:closed="false" use="optional" />
    <link:loc xlink:type="locator" xlink:href="../core/gri_srs_core_2025-06-23.xsd#gri_DirectEconomicValueGeneratedAndDistributedReportingByMarketLevelLineItems" xlink:label="loc_gri_DirectEconomicValueGeneratedAndDistributedReportingByMarketLevelLineItems" />
    <link:definitionArc xlink:type="arc" xlink:arcrole="http://xbrl.org/int/dim/arcrole/domain-member" xlink:from="loc_gri_DirectEconomicValueGeneratedAndDistributedReportingByMarketLevelAbstract" xlink:to="loc_gri_DirectEconomicValueGeneratedAndDistributedReportingByMarketLevelLineItems" order="2.0" use="optional" />
    <link:loc xlink:type="locator" xlink:href="../core/gri_srs_core_2025-06-23.xsd#gri_RevenuesGeneratedFromDirectEconomicValue" xlink:label="loc_gri_RevenuesGeneratedFromDirectEconomicValue" />
    <link:definitionArc xlink:type="arc" xlink:arcrole="http://xbrl.org/int/dim/arcrole/domain-member" xlink:from="loc_gri_DirectEconomicValueGeneratedAndDistributedReportingByMarketLevelLineItems" xlink:to="loc_gri_RevenuesGeneratedFromDirectEconomicValue" order="1.0" use="optional" />
    <link:loc xlink:type="locator" xlink:href="../core/gri_srs_core_2025-06-23.xsd#gri_ReasonForOmissionRelatedToRevenuesGeneratedFromDirectEconomicValue" xlink:label="loc_gri_ReasonForOmissionRelatedToRevenuesGeneratedFromDirectEconomicValue" />
    <link:definitionArc xlink:type="arc" xlink:arcrole="http://xbrl.org/int/dim/arcrole/domain-member" xlink:from="loc_gri_RevenuesGeneratedFromDirectEconomicValue" xlink:to="loc_gri_ReasonForOmissionRelatedToRevenuesGeneratedFromDirectEconomicValue" order="1.0" use="optional" />
    <link:loc xlink:type="locator" xlink:href="../core/gri_srs_core_2025-06-23.xsd#gri_ExplanationForReasonForOmissionRelatedToRevenuesGeneratedFromDirectEconomicValueTextBlock" xlink:label="loc_gri_ExplanationForReasonForOmissionRelatedToRevenuesGeneratedFromDirectEconomicValueTextBlock" />
    <link:definitionArc xlink:type="arc" xlink:arcrole="http://xbrl.org/int/dim/arcrole/domain-member" xlink:from="loc_gri_RevenuesGeneratedFromDirectEconomicValue" xlink:to="loc_gri_ExplanationForReasonForOmissionRelatedToRevenuesGeneratedFromDirectEconomicValueTextBlock" order="2.0" use="optional" />
    <link:loc xlink:type="locator" xlink:href="../core/gri_srs_core_2025-06-23.xsd#gri_EconomicValueDistributed" xlink:label="loc_gri_EconomicValueDistributed" />
    <link:definitionArc xlink:type="arc" xlink:arcrole="http://xbrl.org/int/dim/arcrole/domain-member" xlink:from="loc_gri_DirectEconomicValueGeneratedAndDistributedReportingByMarketLevelLineItems" xlink:to="loc_gri_EconomicValueDistributed" order="2.0" use="optional" />
    <link:loc xlink:type="locator" xlink:href="../core/gri_srs_core_2025-06-23.xsd#gri_ReasonForOmissionRelatedToEconomicValueDistributed" xlink:label="loc_gri_ReasonForOmissionRelatedToEconomicValueDistributed" />
    <link:definitionArc xlink:type="arc" xlink:arcrole="http://xbrl.org/int/dim/arcrole/domain-member" xlink:from="loc_gri_EconomicValueDistributed" xlink:to="loc_gri_ReasonForOmissionRelatedToEconomicValueDistributed" order="1.0" use="optional" />
    <link:loc xlink:type="locator" xlink:href="../core/gri_srs_core_2025-06-23.xsd#gri_ExplanationForReasonForOmissionRelatedToEconomicValueDistributedTextBlock" xlink:label="loc_gri_ExplanationForReasonForOmissionRelatedToEconomicValueDistributedTextBlock" />
    <link:definitionArc xlink:type="arc" xlink:arcrole="http://xbrl.org/int/dim/arcrole/domain-member" xlink:from="loc_gri_EconomicValueDistributed" xlink:to="loc_gri_ExplanationForReasonForOmissionRelatedToEconomicValueDistributedTextBlock" order="2.0" use="optional" />
    <link:loc xlink:type="locator" xlink:href="../core/gri_srs_core_2025-06-23.xsd#gri_OperatingCosts" xlink:label="loc_gri_OperatingCosts" />
    <link:definitionArc xlink:type="arc" xlink:arcrole="http://xbrl.org/int/dim/arcrole/domain-member" xlink:from="loc_gri_DirectEconomicValueGeneratedAndDistributedReportingByMarketLevelLineItems" xlink:to="loc_gri_OperatingCosts" order="3.0" use="optional" />
    <link:loc xlink:type="locator" xlink:href="../core/gri_srs_core_2025-06-23.xsd#gri_ReasonForOmissionRelatedToOperatingCosts" xlink:label="loc_gri_ReasonForOmissionRelatedToOperatingCosts" />
    <link:definitionArc xlink:type="arc" xlink:arcrole="http://xbrl.org/int/dim/arcrole/domain-member" xlink:from="loc_gri_OperatingCosts" xlink:to="loc_gri_ReasonForOmissionRelatedToOperatingCosts" order="1.0" use="optional" />
    <link:loc xlink:type="locator" xlink:href="../core/gri_srs_core_2025-06-23.xsd#gri_ExplanationForReasonForOmissionRelatedToOperatingCostsTextBlock" xlink:label="loc_gri_ExplanationForReasonForOmissionRelatedToOperatingCostsTextBlock" />
    <link:definitionArc xlink:type="arc" xlink:arcrole="http://xbrl.org/int/dim/arcrole/domain-member" xlink:from="loc_gri_OperatingCosts" xlink:to="loc_gri_ExplanationForReasonForOmissionRelatedToOperatingCostsTextBlock" order="2.0" use="optional" />
    <link:loc xlink:type="locator" xlink:href="../core/gri_srs_core_2025-06-23.xsd#gri_EmployeeWagesAndBenefits" xlink:label="loc_gri_EmployeeWagesAndBenefits" />
    <link:definitionArc xlink:type="arc" xlink:arcrole="http://xbrl.org/int/dim/arcrole/domain-member" xlink:from="loc_gri_DirectEconomicValueGeneratedAndDistributedReportingByMarketLevelLineItems" xlink:to="loc_gri_EmployeeWagesAndBenefits" order="4.0" use="optional" />
    <link:loc xlink:type="locator" xlink:href="../core/gri_srs_core_2025-06-23.xsd#gri_ReasonForOmissionRelatedToEmployeeWagesAndBenefits" xlink:label="loc_gri_ReasonForOmissionRelatedToEmployeeWagesAndBenefits" />
    <link:definitionArc xlink:type="arc" xlink:arcrole="http://xbrl.org/int/dim/arcrole/domain-member" xlink:from="loc_gri_EmployeeWagesAndBenefits" xlink:to="loc_gri_ReasonForOmissionRelatedToEmployeeWagesAndBenefits" order="1.0" use="optional" />
    <link:loc xlink:type="locator" xlink:href="../core/gri_srs_core_2025-06-23.xsd#gri_ExplanationForReasonForOmissionRelatedToEmployeeWagesAndBenefitsTextBlock" xlink:label="loc_gri_ExplanationForReasonForOmissionRelatedToEmployeeWagesAndBenefitsTextBlock" />
    <link:definitionArc xlink:type="arc" xlink:arcrole="http://xbrl.org/int/dim/arcrole/domain-member" xlink:from="loc_gri_EmployeeWagesAndBenefits" xlink:to="loc_gri_ExplanationForReasonForOmissionRelatedToEmployeeWagesAndBenefitsTextBlock" order="2.0" use="optional" />
    <link:loc xlink:type="locator" xlink:href="../core/gri_srs_core_2025-06-23.xsd#gri_PaymentsToProvidersOfCapital" xlink:label="loc_gri_PaymentsToProvidersOfCapital" />
    <link:definitionArc xlink:type="arc" xlink:arcrole="http://xbrl.org/int/dim/arcrole/domain-member" xlink:from="loc_gri_DirectEconomicValueGeneratedAndDistributedReportingByMarketLevelLineItems" xlink:to="loc_gri_PaymentsToProvidersOfCapital" order="5.0" use="optional" />
    <link:loc xlink:type="locator" xlink:href="../core/gri_srs_core_2025-06-23.xsd#gri_ReasonForOmissionRelatedToPaymentsToProvidersOfCapital" xlink:label="loc_gri_ReasonForOmissionRelatedToPaymentsToProvidersOfCapital" />
    <link:definitionArc xlink:type="arc" xlink:arcrole="http://xbrl.org/int/dim/arcrole/domain-member" xlink:from="loc_gri_PaymentsToProvidersOfCapital" xlink:to="loc_gri_ReasonForOmissionRelatedToPaymentsToProvidersOfCapital" order="1.0" use="optional" />
    <link:loc xlink:type="locator" xlink:href="../core/gri_srs_core_2025-06-23.xsd#gri_ExplanationForReasonForOmissionRelatedToPaymentsToProvidersOfCapitalTextBlock" xlink:label="loc_gri_ExplanationForReasonForOmissionRelatedToPaymentsToProvidersOfCapitalTextBlock" />
    <link:definitionArc xlink:type="arc" xlink:arcrole="http://xbrl.org/int/dim/arcrole/domain-member" xlink:from="loc_gri_PaymentsToProvidersOfCapital" xlink:to="loc_gri_ExplanationForReasonForOmissionRelatedToPaymentsToProvidersOfCapitalTextBlock" order="2.0" use="optional" />
    <link:loc xlink:type="locator" xlink:href="../core/gri_srs_core_2025-06-23.xsd#gri_PaymentsToGovernment" xlink:label="loc_gri_PaymentsToGovernment" />
    <link:definitionArc xlink:type="arc" xlink:arcrole="http://xbrl.org/int/dim/arcrole/domain-member" xlink:from="loc_gri_DirectEconomicValueGeneratedAndDistributedReportingByMarketLevelLineItems" xlink:to="loc_gri_PaymentsToGovernment" order="6.0" use="optional" />
    <link:loc xlink:type="locator" xlink:href="../core/gri_srs_core_2025-06-23.xsd#gri_ReasonForOmissionRelatedToPaymentsToGovernment" xlink:label="loc_gri_ReasonForOmissionRelatedToPaymentsToGovernment" />
    <link:definitionArc xlink:type="arc" xlink:arcrole="http://xbrl.org/int/dim/arcrole/domain-member" xlink:from="loc_gri_PaymentsToGovernment" xlink:to="loc_gri_ReasonForOmissionRelatedToPaymentsToGovernment" order="1.0" use="optional" />
    <link:loc xlink:type="locator" xlink:href="../core/gri_srs_core_2025-06-23.xsd#gri_ExplanationForReasonForOmissionRelatedToPaymentsToGovernmentTextBlock" xlink:label="loc_gri_ExplanationForReasonForOmissionRelatedToPaymentsToGovernmentTextBlock" />
    <link:definitionArc xlink:type="arc" xlink:arcrole="http://xbrl.org/int/dim/arcrole/domain-member" xlink:from="loc_gri_PaymentsToGovernment" xlink:to="loc_gri_ExplanationForReasonForOmissionRelatedToPaymentsToGovernmentTextBlock" order="2.0" use="optional" />
    <link:loc xlink:type="locator" xlink:href="../core/gri_srs_core_2025-06-23.xsd#gri_CommunityInvestments" xlink:label="loc_gri_CommunityInvestments" />
    <link:definitionArc xlink:type="arc" xlink:arcrole="http://xbrl.org/int/dim/arcrole/domain-member" xlink:from="loc_gri_DirectEconomicValueGeneratedAndDistributedReportingByMarketLevelLineItems" xlink:to="loc_gri_CommunityInvestments" order="7.0" use="optional" />
    <link:loc xlink:type="locator" xlink:href="../core/gri_srs_core_2025-06-23.xsd#gri_ReasonForOmissionRelatedToCommunityInvestments" xlink:label="loc_gri_ReasonForOmissionRelatedToCommunityInvestments" />
    <link:definitionArc xlink:type="arc" xlink:arcrole="http://xbrl.org/int/dim/arcrole/domain-member" xlink:from="loc_gri_CommunityInvestments" xlink:to="loc_gri_ReasonForOmissionRelatedToCommunityInvestments" order="1.0" use="optional" />
    <link:loc xlink:type="locator" xlink:href="../core/gri_srs_core_2025-06-23.xsd#gri_ExplanationForReasonForOmissionRelatedToCommunityInvestmentsTextBlock" xlink:label="loc_gri_ExplanationForReasonForOmissionRelatedToCommunityInvestmentsTextBlock" />
    <link:definitionArc xlink:type="arc" xlink:arcrole="http://xbrl.org/int/dim/arcrole/domain-member" xlink:from="loc_gri_CommunityInvestments" xlink:to="loc_gri_ExplanationForReasonForOmissionRelatedToCommunityInvestmentsTextBlock" order="2.0" use="optional" />
    <link:loc xlink:type="locator" xlink:href="../core/gri_srs_core_2025-06-23.xsd#gri_EconomicValueRetained" xlink:label="loc_gri_EconomicValueRetained" />
    <link:definitionArc xlink:type="arc" xlink:arcrole="http://xbrl.org/int/dim/arcrole/domain-member" xlink:from="loc_gri_DirectEconomicValueGeneratedAndDistributedReportingByMarketLevelLineItems" xlink:to="loc_gri_EconomicValueRetained" order="8.0" use="optional" />
    <link:loc xlink:type="locator" xlink:href="../core/gri_srs_core_2025-06-23.xsd#gri_ReasonForOmissionRelatedToEconomicValueRetained" xlink:label="loc_gri_ReasonForOmissionRelatedToEconomicValueRetained" />
    <link:definitionArc xlink:type="arc" xlink:arcrole="http://xbrl.org/int/dim/arcrole/domain-member" xlink:from="loc_gri_EconomicValueRetained" xlink:to="loc_gri_ReasonForOmissionRelatedToEconomicValueRetained" order="1.0" use="optional" />
    <link:loc xlink:type="locator" xlink:href="../core/gri_srs_core_2025-06-23.xsd#gri_ExplanationForReasonForOmissionRelatedToEconomicValueRetainedTextBlock" xlink:label="loc_gri_ExplanationForReasonForOmissionRelatedToEconomicValueRetainedTextBlock" />
    <link:definitionArc xlink:type="arc" xlink:arcrole="http://xbrl.org/int/dim/arcrole/domain-member" xlink:from="loc_gri_EconomicValueRetained" xlink:to="loc_gri_ExplanationForReasonForOmissionRelatedToEconomicValueRetainedTextBlock" order="2.0" use="optional" />
  </link:definitionLink>
  <link:definitionLink xlink:type="extended" xlink:role="https://taxonomy.globalreporting.org/gri-sustainability-taxonomy/gri_srs/gri_srs_role/role_gri_201-1_b_RL">
    <link:loc xlink:type="locator" xlink:href="../core/gri_srs_core_2025-06-23.xsd#gri_DirectEconomicValueGeneratedAndDistributedReportingByRegionalLevelAbstract" xlink:label="loc_gri_DirectEconomicValueGeneratedAndDistributedReportingByRegionalLevelAbstract" />
    <link:loc xlink:type="locator" xlink:href="../core/gri_srs_core_2025-06-23.xsd#gri_DirectEconomicValueGeneratedAndDistributedReportingByRegionalLevelTable" xlink:label="loc_gri_DirectEconomicValueGeneratedAndDistributedReportingByRegionalLevelTable" />
    <link:definitionArc xlink:type="arc" xlink:arcrole="http://xbrl.org/int/dim/arcrole/all" xlink:from="loc_gri_DirectEconomicValueGeneratedAndDistributedReportingByRegionalLevelAbstract" xlink:to="loc_gri_DirectEconomicValueGeneratedAndDistributedReportingByRegionalLevelTable" order="1.0" xbrldt:contextElement="scenario" xbrldt:closed="false" use="optional" />
    <link:loc xlink:type="locator" xlink:href="../core/gri_srs_core_2025-06-23.xsd#gri_RegionalLevelAxis" xlink:label="loc_gri_RegionalLevelAxis" />
    <link:definitionArc xlink:type="arc" xlink:arcrole="http://xbrl.org/int/dim/arcrole/hypercube-dimension" xlink:from="loc_gri_DirectEconomicValueGeneratedAndDistributedReportingByRegionalLevelTable" xlink:to="loc_gri_RegionalLevelAxis" order="1.0" use="optional" />
    <link:loc xlink:type="locator" xlink:href="../core/gri_srs_core_2025-06-23.xsd#gri_DirectEconomicValueGeneratedAndDistributedReportingByRegionalLevelLineItems" xlink:label="loc_gri_DirectEconomicValueGeneratedAndDistributedReportingByRegionalLevelLineItems" />
    <link:definitionArc xlink:type="arc" xlink:arcrole="http://xbrl.org/int/dim/arcrole/domain-member" xlink:from="loc_gri_DirectEconomicValueGeneratedAndDistributedReportingByRegionalLevelAbstract" xlink:to="loc_gri_DirectEconomicValueGeneratedAndDistributedReportingByRegionalLevelLineItems" order="2.0" use="optional" />
    <link:loc xlink:type="locator" xlink:href="../core/gri_srs_core_2025-06-23.xsd#gri_RevenuesGeneratedFromDirectEconomicValue" xlink:label="loc_gri_RevenuesGeneratedFromDirectEconomicValue" />
    <link:definitionArc xlink:type="arc" xlink:arcrole="http://xbrl.org/int/dim/arcrole/domain-member" xlink:from="loc_gri_DirectEconomicValueGeneratedAndDistributedReportingByRegionalLevelLineItems" xlink:to="loc_gri_RevenuesGeneratedFromDirectEconomicValue" order="1.0" use="optional" />
    <link:loc xlink:type="locator" xlink:href="../core/gri_srs_core_2025-06-23.xsd#gri_ReasonForOmissionRelatedToRevenuesGeneratedFromDirectEconomicValue" xlink:label="loc_gri_ReasonForOmissionRelatedToRevenuesGeneratedFromDirectEconomicValue" />
    <link:definitionArc xlink:type="arc" xlink:arcrole="http://xbrl.org/int/dim/arcrole/domain-member" xlink:from="loc_gri_RevenuesGeneratedFromDirectEconomicValue" xlink:to="loc_gri_ReasonForOmissionRelatedToRevenuesGeneratedFromDirectEconomicValue" order="1.0" use="optional" />
    <link:loc xlink:type="locator" xlink:href="../core/gri_srs_core_2025-06-23.xsd#gri_ExplanationForReasonForOmissionRelatedToRevenuesGeneratedFromDirectEconomicValueTextBlock" xlink:label="loc_gri_ExplanationForReasonForOmissionRelatedToRevenuesGeneratedFromDirectEconomicValueTextBlock" />
    <link:definitionArc xlink:type="arc" xlink:arcrole="http://xbrl.org/int/dim/arcrole/domain-member" xlink:from="loc_gri_RevenuesGeneratedFromDirectEconomicValue" xlink:to="loc_gri_ExplanationForReasonForOmissionRelatedToRevenuesGeneratedFromDirectEconomicValueTextBlock" order="2.0" use="optional" />
    <link:loc xlink:type="locator" xlink:href="../core/gri_srs_core_2025-06-23.xsd#gri_EconomicValueDistributed" xlink:label="loc_gri_EconomicValueDistributed" />
    <link:definitionArc xlink:type="arc" xlink:arcrole="http://xbrl.org/int/dim/arcrole/domain-member" xlink:from="loc_gri_DirectEconomicValueGeneratedAndDistributedReportingByRegionalLevelLineItems" xlink:to="loc_gri_EconomicValueDistributed" order="2.0" use="optional" />
    <link:loc xlink:type="locator" xlink:href="../core/gri_srs_core_2025-06-23.xsd#gri_ReasonForOmissionRelatedToEconomicValueDistributed" xlink:label="loc_gri_ReasonForOmissionRelatedToEconomicValueDistributed" />
    <link:definitionArc xlink:type="arc" xlink:arcrole="http://xbrl.org/int/dim/arcrole/domain-member" xlink:from="loc_gri_EconomicValueDistributed" xlink:to="loc_gri_ReasonForOmissionRelatedToEconomicValueDistributed" order="1.0" use="optional" />
    <link:loc xlink:type="locator" xlink:href="../core/gri_srs_core_2025-06-23.xsd#gri_ExplanationForReasonForOmissionRelatedToEconomicValueDistributedTextBlock" xlink:label="loc_gri_ExplanationForReasonForOmissionRelatedToEconomicValueDistributedTextBlock" />
    <link:definitionArc xlink:type="arc" xlink:arcrole="http://xbrl.org/int/dim/arcrole/domain-member" xlink:from="loc_gri_EconomicValueDistributed" xlink:to="loc_gri_ExplanationForReasonForOmissionRelatedToEconomicValueDistributedTextBlock" order="2.0" use="optional" />
    <link:loc xlink:type="locator" xlink:href="../core/gri_srs_core_2025-06-23.xsd#gri_OperatingCosts" xlink:label="loc_gri_OperatingCosts" />
    <link:definitionArc xlink:type="arc" xlink:arcrole="http://xbrl.org/int/dim/arcrole/domain-member" xlink:from="loc_gri_DirectEconomicValueGeneratedAndDistributedReportingByRegionalLevelLineItems" xlink:to="loc_gri_OperatingCosts" order="3.0" use="optional" />
    <link:loc xlink:type="locator" xlink:href="../core/gri_srs_core_2025-06-23.xsd#gri_ReasonForOmissionRelatedToOperatingCosts" xlink:label="loc_gri_ReasonForOmissionRelatedToOperatingCosts" />
    <link:definitionArc xlink:type="arc" xlink:arcrole="http://xbrl.org/int/dim/arcrole/domain-member" xlink:from="loc_gri_OperatingCosts" xlink:to="loc_gri_ReasonForOmissionRelatedToOperatingCosts" order="1.0" use="optional" />
    <link:loc xlink:type="locator" xlink:href="../core/gri_srs_core_2025-06-23.xsd#gri_ExplanationForReasonForOmissionRelatedToOperatingCostsTextBlock" xlink:label="loc_gri_ExplanationForReasonForOmissionRelatedToOperatingCostsTextBlock" />
    <link:definitionArc xlink:type="arc" xlink:arcrole="http://xbrl.org/int/dim/arcrole/domain-member" xlink:from="loc_gri_OperatingCosts" xlink:to="loc_gri_ExplanationForReasonForOmissionRelatedToOperatingCostsTextBlock" order="2.0" use="optional" />
    <link:loc xlink:type="locator" xlink:href="../core/gri_srs_core_2025-06-23.xsd#gri_EmployeeWagesAndBenefits" xlink:label="loc_gri_EmployeeWagesAndBenefits" />
    <link:definitionArc xlink:type="arc" xlink:arcrole="http://xbrl.org/int/dim/arcrole/domain-member" xlink:from="loc_gri_DirectEconomicValueGeneratedAndDistributedReportingByRegionalLevelLineItems" xlink:to="loc_gri_EmployeeWagesAndBenefits" order="4.0" use="optional" />
    <link:loc xlink:type="locator" xlink:href="../core/gri_srs_core_2025-06-23.xsd#gri_ReasonForOmissionRelatedToEmployeeWagesAndBenefits" xlink:label="loc_gri_ReasonForOmissionRelatedToEmployeeWagesAndBenefits" />
    <link:definitionArc xlink:type="arc" xlink:arcrole="http://xbrl.org/int/dim/arcrole/domain-member" xlink:from="loc_gri_EmployeeWagesAndBenefits" xlink:to="loc_gri_ReasonForOmissionRelatedToEmployeeWagesAndBenefits" order="1.0" use="optional" />
    <link:loc xlink:type="locator" xlink:href="../core/gri_srs_core_2025-06-23.xsd#gri_ExplanationForReasonForOmissionRelatedToEmployeeWagesAndBenefitsTextBlock" xlink:label="loc_gri_ExplanationForReasonForOmissionRelatedToEmployeeWagesAndBenefitsTextBlock" />
    <link:definitionArc xlink:type="arc" xlink:arcrole="http://xbrl.org/int/dim/arcrole/domain-member" xlink:from="loc_gri_EmployeeWagesAndBenefits" xlink:to="loc_gri_ExplanationForReasonForOmissionRelatedToEmployeeWagesAndBenefitsTextBlock" order="2.0" use="optional" />
    <link:loc xlink:type="locator" xlink:href="../core/gri_srs_core_2025-06-23.xsd#gri_PaymentsToProvidersOfCapital" xlink:label="loc_gri_PaymentsToProvidersOfCapital" />
    <link:definitionArc xlink:type="arc" xlink:arcrole="http://xbrl.org/int/dim/arcrole/domain-member" xlink:from="loc_gri_DirectEconomicValueGeneratedAndDistributedReportingByRegionalLevelLineItems" xlink:to="loc_gri_PaymentsToProvidersOfCapital" order="5.0" use="optional" />
    <link:loc xlink:type="locator" xlink:href="../core/gri_srs_core_2025-06-23.xsd#gri_ReasonForOmissionRelatedToPaymentsToProvidersOfCapital" xlink:label="loc_gri_ReasonForOmissionRelatedToPaymentsToProvidersOfCapital" />
    <link:definitionArc xlink:type="arc" xlink:arcrole="http://xbrl.org/int/dim/arcrole/domain-member" xlink:from="loc_gri_PaymentsToProvidersOfCapital" xlink:to="loc_gri_ReasonForOmissionRelatedToPaymentsToProvidersOfCapital" order="1.0" use="optional" />
    <link:loc xlink:type="locator" xlink:href="../core/gri_srs_core_2025-06-23.xsd#gri_ExplanationForReasonForOmissionRelatedToPaymentsToProvidersOfCapitalTextBlock" xlink:label="loc_gri_ExplanationForReasonForOmissionRelatedToPaymentsToProvidersOfCapitalTextBlock" />
    <link:definitionArc xlink:type="arc" xlink:arcrole="http://xbrl.org/int/dim/arcrole/domain-member" xlink:from="loc_gri_PaymentsToProvidersOfCapital" xlink:to="loc_gri_ExplanationForReasonForOmissionRelatedToPaymentsToProvidersOfCapitalTextBlock" order="2.0" use="optional" />
    <link:loc xlink:type="locator" xlink:href="../core/gri_srs_core_2025-06-23.xsd#gri_PaymentsToGovernment" xlink:label="loc_gri_PaymentsToGovernment" />
    <link:definitionArc xlink:type="arc" xlink:arcrole="http://xbrl.org/int/dim/arcrole/domain-member" xlink:from="loc_gri_DirectEconomicValueGeneratedAndDistributedReportingByRegionalLevelLineItems" xlink:to="loc_gri_PaymentsToGovernment" order="6.0" use="optional" />
    <link:loc xlink:type="locator" xlink:href="../core/gri_srs_core_2025-06-23.xsd#gri_ReasonForOmissionRelatedToPaymentsToGovernment" xlink:label="loc_gri_ReasonForOmissionRelatedToPaymentsToGovernment" />
    <link:definitionArc xlink:type="arc" xlink:arcrole="http://xbrl.org/int/dim/arcrole/domain-member" xlink:from="loc_gri_PaymentsToGovernment" xlink:to="loc_gri_ReasonForOmissionRelatedToPaymentsToGovernment" order="1.0" use="optional" />
    <link:loc xlink:type="locator" xlink:href="../core/gri_srs_core_2025-06-23.xsd#gri_ExplanationForReasonForOmissionRelatedToPaymentsToGovernmentTextBlock" xlink:label="loc_gri_ExplanationForReasonForOmissionRelatedToPaymentsToGovernmentTextBlock" />
    <link:definitionArc xlink:type="arc" xlink:arcrole="http://xbrl.org/int/dim/arcrole/domain-member" xlink:from="loc_gri_PaymentsToGovernment" xlink:to="loc_gri_ExplanationForReasonForOmissionRelatedToPaymentsToGovernmentTextBlock" order="2.0" use="optional" />
    <link:loc xlink:type="locator" xlink:href="../core/gri_srs_core_2025-06-23.xsd#gri_CommunityInvestments" xlink:label="loc_gri_CommunityInvestments" />
    <link:definitionArc xlink:type="arc" xlink:arcrole="http://xbrl.org/int/dim/arcrole/domain-member" xlink:from="loc_gri_DirectEconomicValueGeneratedAndDistributedReportingByRegionalLevelLineItems" xlink:to="loc_gri_CommunityInvestments" order="7.0" use="optional" />
    <link:loc xlink:type="locator" xlink:href="../core/gri_srs_core_2025-06-23.xsd#gri_ReasonForOmissionRelatedToCommunityInvestments" xlink:label="loc_gri_ReasonForOmissionRelatedToCommunityInvestments" />
    <link:definitionArc xlink:type="arc" xlink:arcrole="http://xbrl.org/int/dim/arcrole/domain-member" xlink:from="loc_gri_CommunityInvestments" xlink:to="loc_gri_ReasonForOmissionRelatedToCommunityInvestments" order="1.0" use="optional" />
    <link:loc xlink:type="locator" xlink:href="../core/gri_srs_core_2025-06-23.xsd#gri_ExplanationForReasonForOmissionRelatedToCommunityInvestmentsTextBlock" xlink:label="loc_gri_ExplanationForReasonForOmissionRelatedToCommunityInvestmentsTextBlock" />
    <link:definitionArc xlink:type="arc" xlink:arcrole="http://xbrl.org/int/dim/arcrole/domain-member" xlink:from="loc_gri_CommunityInvestments" xlink:to="loc_gri_ExplanationForReasonForOmissionRelatedToCommunityInvestmentsTextBlock" order="2.0" use="optional" />
    <link:loc xlink:type="locator" xlink:href="../core/gri_srs_core_2025-06-23.xsd#gri_EconomicValueRetained" xlink:label="loc_gri_EconomicValueRetained" />
    <link:definitionArc xlink:type="arc" xlink:arcrole="http://xbrl.org/int/dim/arcrole/domain-member" xlink:from="loc_gri_DirectEconomicValueGeneratedAndDistributedReportingByRegionalLevelLineItems" xlink:to="loc_gri_EconomicValueRetained" order="8.0" use="optional" />
    <link:loc xlink:type="locator" xlink:href="../core/gri_srs_core_2025-06-23.xsd#gri_ReasonForOmissionRelatedToEconomicValueRetained" xlink:label="loc_gri_ReasonForOmissionRelatedToEconomicValueRetained" />
    <link:definitionArc xlink:type="arc" xlink:arcrole="http://xbrl.org/int/dim/arcrole/domain-member" xlink:from="loc_gri_EconomicValueRetained" xlink:to="loc_gri_ReasonForOmissionRelatedToEconomicValueRetained" order="1.0" use="optional" />
    <link:loc xlink:type="locator" xlink:href="../core/gri_srs_core_2025-06-23.xsd#gri_ExplanationForReasonForOmissionRelatedToEconomicValueRetainedTextBlock" xlink:label="loc_gri_ExplanationForReasonForOmissionRelatedToEconomicValueRetainedTextBlock" />
    <link:definitionArc xlink:type="arc" xlink:arcrole="http://xbrl.org/int/dim/arcrole/domain-member" xlink:from="loc_gri_EconomicValueRetained" xlink:to="loc_gri_ExplanationForReasonForOmissionRelatedToEconomicValueRetainedTextBlock" order="2.0" use="optional" />
  </link:definitionLink>
  <link:definitionLink xlink:type="extended" xlink:role="https://taxonomy.globalreporting.org/gri-sustainability-taxonomy/gri_srs/gri_srs_role/role_gri_201-1_b_RL_D">
    <link:loc xlink:type="locator" xlink:href="../core/gri_srs_core_2025-06-23.xsd#gri_DirectEconomicValueGeneratedAndDistributedReportingByRegionalLevelAbstract" xlink:label="loc_gri_DirectEconomicValueGeneratedAndDistributedReportingByRegionalLevelAbstract" />
    <link:loc xlink:type="locator" xlink:href="../core/gri_srs_core_2025-06-23.xsd#gri_DirectEconomicValueGeneratedAndDistributedReportingByRegionalLevelTable" xlink:label="loc_gri_DirectEconomicValueGeneratedAndDistributedReportingByRegionalLevelTable" />
    <link:definitionArc xlink:type="arc" xlink:arcrole="http://xbrl.org/int/dim/arcrole/all" xlink:from="loc_gri_DirectEconomicValueGeneratedAndDistributedReportingByRegionalLevelAbstract" xlink:to="loc_gri_DirectEconomicValueGeneratedAndDistributedReportingByRegionalLevelTable" order="1.0" xbrldt:contextElement="scenario" xbrldt:closed="false" use="optional" />
    <link:loc xlink:type="locator" xlink:href="../core/gri_srs_core_2025-06-23.xsd#gri_DirectEconomicValueGeneratedAndDistributedReportingByRegionalLevelLineItems" xlink:label="loc_gri_DirectEconomicValueGeneratedAndDistributedReportingByRegionalLevelLineItems" />
    <link:definitionArc xlink:type="arc" xlink:arcrole="http://xbrl.org/int/dim/arcrole/domain-member" xlink:from="loc_gri_DirectEconomicValueGeneratedAndDistributedReportingByRegionalLevelAbstract" xlink:to="loc_gri_DirectEconomicValueGeneratedAndDistributedReportingByRegionalLevelLineItems" order="2.0" use="optional" />
    <link:loc xlink:type="locator" xlink:href="../core/gri_srs_core_2025-06-23.xsd#gri_RevenuesGeneratedFromDirectEconomicValue" xlink:label="loc_gri_RevenuesGeneratedFromDirectEconomicValue" />
    <link:definitionArc xlink:type="arc" xlink:arcrole="http://xbrl.org/int/dim/arcrole/domain-member" xlink:from="loc_gri_DirectEconomicValueGeneratedAndDistributedReportingByRegionalLevelLineItems" xlink:to="loc_gri_RevenuesGeneratedFromDirectEconomicValue" order="1.0" use="optional" />
    <link:loc xlink:type="locator" xlink:href="../core/gri_srs_core_2025-06-23.xsd#gri_ReasonForOmissionRelatedToRevenuesGeneratedFromDirectEconomicValue" xlink:label="loc_gri_ReasonForOmissionRelatedToRevenuesGeneratedFromDirectEconomicValue" />
    <link:definitionArc xlink:type="arc" xlink:arcrole="http://xbrl.org/int/dim/arcrole/domain-member" xlink:from="loc_gri_RevenuesGeneratedFromDirectEconomicValue" xlink:to="loc_gri_ReasonForOmissionRelatedToRevenuesGeneratedFromDirectEconomicValue" order="1.0" use="optional" />
    <link:loc xlink:type="locator" xlink:href="../core/gri_srs_core_2025-06-23.xsd#gri_ExplanationForReasonForOmissionRelatedToRevenuesGeneratedFromDirectEconomicValueTextBlock" xlink:label="loc_gri_ExplanationForReasonForOmissionRelatedToRevenuesGeneratedFromDirectEconomicValueTextBlock" />
    <link:definitionArc xlink:type="arc" xlink:arcrole="http://xbrl.org/int/dim/arcrole/domain-member" xlink:from="loc_gri_RevenuesGeneratedFromDirectEconomicValue" xlink:to="loc_gri_ExplanationForReasonForOmissionRelatedToRevenuesGeneratedFromDirectEconomicValueTextBlock" order="2.0" use="optional" />
    <link:loc xlink:type="locator" xlink:href="../core/gri_srs_core_2025-06-23.xsd#gri_EconomicValueDistributed" xlink:label="loc_gri_EconomicValueDistributed" />
    <link:definitionArc xlink:type="arc" xlink:arcrole="http://xbrl.org/int/dim/arcrole/domain-member" xlink:from="loc_gri_DirectEconomicValueGeneratedAndDistributedReportingByRegionalLevelLineItems" xlink:to="loc_gri_EconomicValueDistributed" order="2.0" use="optional" />
    <link:loc xlink:type="locator" xlink:href="../core/gri_srs_core_2025-06-23.xsd#gri_ReasonForOmissionRelatedToEconomicValueDistributed" xlink:label="loc_gri_ReasonForOmissionRelatedToEconomicValueDistributed" />
    <link:definitionArc xlink:type="arc" xlink:arcrole="http://xbrl.org/int/dim/arcrole/domain-member" xlink:from="loc_gri_EconomicValueDistributed" xlink:to="loc_gri_ReasonForOmissionRelatedToEconomicValueDistributed" order="1.0" use="optional" />
    <link:loc xlink:type="locator" xlink:href="../core/gri_srs_core_2025-06-23.xsd#gri_ExplanationForReasonForOmissionRelatedToEconomicValueDistributedTextBlock" xlink:label="loc_gri_ExplanationForReasonForOmissionRelatedToEconomicValueDistributedTextBlock" />
    <link:definitionArc xlink:type="arc" xlink:arcrole="http://xbrl.org/int/dim/arcrole/domain-member" xlink:from="loc_gri_EconomicValueDistributed" xlink:to="loc_gri_ExplanationForReasonForOmissionRelatedToEconomicValueDistributedTextBlock" order="2.0" use="optional" />
    <link:loc xlink:type="locator" xlink:href="../core/gri_srs_core_2025-06-23.xsd#gri_OperatingCosts" xlink:label="loc_gri_OperatingCosts" />
    <link:definitionArc xlink:type="arc" xlink:arcrole="http://xbrl.org/int/dim/arcrole/domain-member" xlink:from="loc_gri_DirectEconomicValueGeneratedAndDistributedReportingByRegionalLevelLineItems" xlink:to="loc_gri_OperatingCosts" order="3.0" use="optional" />
    <link:loc xlink:type="locator" xlink:href="../core/gri_srs_core_2025-06-23.xsd#gri_ReasonForOmissionRelatedToOperatingCosts" xlink:label="loc_gri_ReasonForOmissionRelatedToOperatingCosts" />
    <link:definitionArc xlink:type="arc" xlink:arcrole="http://xbrl.org/int/dim/arcrole/domain-member" xlink:from="loc_gri_OperatingCosts" xlink:to="loc_gri_ReasonForOmissionRelatedToOperatingCosts" order="1.0" use="optional" />
    <link:loc xlink:type="locator" xlink:href="../core/gri_srs_core_2025-06-23.xsd#gri_ExplanationForReasonForOmissionRelatedToOperatingCostsTextBlock" xlink:label="loc_gri_ExplanationForReasonForOmissionRelatedToOperatingCostsTextBlock" />
    <link:definitionArc xlink:type="arc" xlink:arcrole="http://xbrl.org/int/dim/arcrole/domain-member" xlink:from="loc_gri_OperatingCosts" xlink:to="loc_gri_ExplanationForReasonForOmissionRelatedToOperatingCostsTextBlock" order="2.0" use="optional" />
    <link:loc xlink:type="locator" xlink:href="../core/gri_srs_core_2025-06-23.xsd#gri_EmployeeWagesAndBenefits" xlink:label="loc_gri_EmployeeWagesAndBenefits" />
    <link:definitionArc xlink:type="arc" xlink:arcrole="http://xbrl.org/int/dim/arcrole/domain-member" xlink:from="loc_gri_DirectEconomicValueGeneratedAndDistributedReportingByRegionalLevelLineItems" xlink:to="loc_gri_EmployeeWagesAndBenefits" order="4.0" use="optional" />
    <link:loc xlink:type="locator" xlink:href="../core/gri_srs_core_2025-06-23.xsd#gri_ReasonForOmissionRelatedToEmployeeWagesAndBenefits" xlink:label="loc_gri_ReasonForOmissionRelatedToEmployeeWagesAndBenefits" />
    <link:definitionArc xlink:type="arc" xlink:arcrole="http://xbrl.org/int/dim/arcrole/domain-member" xlink:from="loc_gri_EmployeeWagesAndBenefits" xlink:to="loc_gri_ReasonForOmissionRelatedToEmployeeWagesAndBenefits" order="1.0" use="optional" />
    <link:loc xlink:type="locator" xlink:href="../core/gri_srs_core_2025-06-23.xsd#gri_ExplanationForReasonForOmissionRelatedToEmployeeWagesAndBenefitsTextBlock" xlink:label="loc_gri_ExplanationForReasonForOmissionRelatedToEmployeeWagesAndBenefitsTextBlock" />
    <link:definitionArc xlink:type="arc" xlink:arcrole="http://xbrl.org/int/dim/arcrole/domain-member" xlink:from="loc_gri_EmployeeWagesAndBenefits" xlink:to="loc_gri_ExplanationForReasonForOmissionRelatedToEmployeeWagesAndBenefitsTextBlock" order="2.0" use="optional" />
    <link:loc xlink:type="locator" xlink:href="../core/gri_srs_core_2025-06-23.xsd#gri_PaymentsToProvidersOfCapital" xlink:label="loc_gri_PaymentsToProvidersOfCapital" />
    <link:definitionArc xlink:type="arc" xlink:arcrole="http://xbrl.org/int/dim/arcrole/domain-member" xlink:from="loc_gri_DirectEconomicValueGeneratedAndDistributedReportingByRegionalLevelLineItems" xlink:to="loc_gri_PaymentsToProvidersOfCapital" order="5.0" use="optional" />
    <link:loc xlink:type="locator" xlink:href="../core/gri_srs_core_2025-06-23.xsd#gri_ReasonForOmissionRelatedToPaymentsToProvidersOfCapital" xlink:label="loc_gri_ReasonForOmissionRelatedToPaymentsToProvidersOfCapital" />
    <link:definitionArc xlink:type="arc" xlink:arcrole="http://xbrl.org/int/dim/arcrole/domain-member" xlink:from="loc_gri_PaymentsToProvidersOfCapital" xlink:to="loc_gri_ReasonForOmissionRelatedToPaymentsToProvidersOfCapital" order="1.0" use="optional" />
    <link:loc xlink:type="locator" xlink:href="../core/gri_srs_core_2025-06-23.xsd#gri_ExplanationForReasonForOmissionRelatedToPaymentsToProvidersOfCapitalTextBlock" xlink:label="loc_gri_ExplanationForReasonForOmissionRelatedToPaymentsToProvidersOfCapitalTextBlock" />
    <link:definitionArc xlink:type="arc" xlink:arcrole="http://xbrl.org/int/dim/arcrole/domain-member" xlink:from="loc_gri_PaymentsToProvidersOfCapital" xlink:to="loc_gri_ExplanationForReasonForOmissionRelatedToPaymentsToProvidersOfCapitalTextBlock" order="2.0" use="optional" />
    <link:loc xlink:type="locator" xlink:href="../core/gri_srs_core_2025-06-23.xsd#gri_PaymentsToGovernment" xlink:label="loc_gri_PaymentsToGovernment" />
    <link:definitionArc xlink:type="arc" xlink:arcrole="http://xbrl.org/int/dim/arcrole/domain-member" xlink:from="loc_gri_DirectEconomicValueGeneratedAndDistributedReportingByRegionalLevelLineItems" xlink:to="loc_gri_PaymentsToGovernment" order="6.0" use="optional" />
    <link:loc xlink:type="locator" xlink:href="../core/gri_srs_core_2025-06-23.xsd#gri_ReasonForOmissionRelatedToPaymentsToGovernment" xlink:label="loc_gri_ReasonForOmissionRelatedToPaymentsToGovernment" />
    <link:definitionArc xlink:type="arc" xlink:arcrole="http://xbrl.org/int/dim/arcrole/domain-member" xlink:from="loc_gri_PaymentsToGovernment" xlink:to="loc_gri_ReasonForOmissionRelatedToPaymentsToGovernment" order="1.0" use="optional" />
    <link:loc xlink:type="locator" xlink:href="../core/gri_srs_core_2025-06-23.xsd#gri_ExplanationForReasonForOmissionRelatedToPaymentsToGovernmentTextBlock" xlink:label="loc_gri_ExplanationForReasonForOmissionRelatedToPaymentsToGovernmentTextBlock" />
    <link:definitionArc xlink:type="arc" xlink:arcrole="http://xbrl.org/int/dim/arcrole/domain-member" xlink:from="loc_gri_PaymentsToGovernment" xlink:to="loc_gri_ExplanationForReasonForOmissionRelatedToPaymentsToGovernmentTextBlock" order="2.0" use="optional" />
    <link:loc xlink:type="locator" xlink:href="../core/gri_srs_core_2025-06-23.xsd#gri_CommunityInvestments" xlink:label="loc_gri_CommunityInvestments" />
    <link:definitionArc xlink:type="arc" xlink:arcrole="http://xbrl.org/int/dim/arcrole/domain-member" xlink:from="loc_gri_DirectEconomicValueGeneratedAndDistributedReportingByRegionalLevelLineItems" xlink:to="loc_gri_CommunityInvestments" order="7.0" use="optional" />
    <link:loc xlink:type="locator" xlink:href="../core/gri_srs_core_2025-06-23.xsd#gri_ReasonForOmissionRelatedToCommunityInvestments" xlink:label="loc_gri_ReasonForOmissionRelatedToCommunityInvestments" />
    <link:definitionArc xlink:type="arc" xlink:arcrole="http://xbrl.org/int/dim/arcrole/domain-member" xlink:from="loc_gri_CommunityInvestments" xlink:to="loc_gri_ReasonForOmissionRelatedToCommunityInvestments" order="1.0" use="optional" />
    <link:loc xlink:type="locator" xlink:href="../core/gri_srs_core_2025-06-23.xsd#gri_ExplanationForReasonForOmissionRelatedToCommunityInvestmentsTextBlock" xlink:label="loc_gri_ExplanationForReasonForOmissionRelatedToCommunityInvestmentsTextBlock" />
    <link:definitionArc xlink:type="arc" xlink:arcrole="http://xbrl.org/int/dim/arcrole/domain-member" xlink:from="loc_gri_CommunityInvestments" xlink:to="loc_gri_ExplanationForReasonForOmissionRelatedToCommunityInvestmentsTextBlock" order="2.0" use="optional" />
    <link:loc xlink:type="locator" xlink:href="../core/gri_srs_core_2025-06-23.xsd#gri_EconomicValueRetained" xlink:label="loc_gri_EconomicValueRetained" />
    <link:definitionArc xlink:type="arc" xlink:arcrole="http://xbrl.org/int/dim/arcrole/domain-member" xlink:from="loc_gri_DirectEconomicValueGeneratedAndDistributedReportingByRegionalLevelLineItems" xlink:to="loc_gri_EconomicValueRetained" order="8.0" use="optional" />
    <link:loc xlink:type="locator" xlink:href="../core/gri_srs_core_2025-06-23.xsd#gri_ReasonForOmissionRelatedToEconomicValueRetained" xlink:label="loc_gri_ReasonForOmissionRelatedToEconomicValueRetained" />
    <link:definitionArc xlink:type="arc" xlink:arcrole="http://xbrl.org/int/dim/arcrole/domain-member" xlink:from="loc_gri_EconomicValueRetained" xlink:to="loc_gri_ReasonForOmissionRelatedToEconomicValueRetained" order="1.0" use="optional" />
    <link:loc xlink:type="locator" xlink:href="../core/gri_srs_core_2025-06-23.xsd#gri_ExplanationForReasonForOmissionRelatedToEconomicValueRetainedTextBlock" xlink:label="loc_gri_ExplanationForReasonForOmissionRelatedToEconomicValueRetainedTextBlock" />
    <link:definitionArc xlink:type="arc" xlink:arcrole="http://xbrl.org/int/dim/arcrole/domain-member" xlink:from="loc_gri_EconomicValueRetained" xlink:to="loc_gri_ExplanationForReasonForOmissionRelatedToEconomicValueRetainedTextBlock" order="2.0" use="optional" />
  </link:definitionLink>
</link:linkbase>