﻿<?xml version="1.0" encoding="utf-8"?>
<!-- Generated by GRI Taxonomy Editor-->
<link:linkbase xsi:schemaLocation="http://www.xbrl.org/2003/linkbase http://www.xbrl.org/2003/xbrl-linkbase-2003-12-31.xsd http://xbrl.org/2005/xbrldt http://www.xbrl.org/2005/xbrldt-2005.xsd http://www.xbrl.org/2003/instance http://www.xbrl.org/2003/xbrl-instance-2003-12-31.xsd http://www.w3.org/1999/xlink http://www.xbrl.org/2003/xlink-2003-12-31.xsd " xmlns:link="http://www.xbrl.org/2003/linkbase" xmlns:xbrldt="http://xbrl.org/2005/xbrldt" xmlns:xbrli="http://www.xbrl.org/2003/instance" xmlns:xlink="http://www.w3.org/1999/xlink" xmlns:xsi="http://www.w3.org/2001/XMLSchema-instance">
  <!-- Role Ref -->
  <link:roleRef roleURI="http://www.xbrl.org/taxonomy/int/country/roles/domain" xlink:type="simple" xlink:href="../core/country-current-PR-2024-01-31/elts.xsd#roleType_domain" />
  <link:roleRef roleURI="https://taxonomy.globalreporting.org/gri-sustainability-taxonomy/gri_srs/gri_srs_role/role_gri_207_4" xlink:type="simple" xlink:href="role_gri_srs_2025-06-23.xsd#role_gri_207_4" />
  <link:roleRef roleURI="https://taxonomy.globalreporting.org/gri-sustainability-taxonomy/gri_srs/gri_srs_role/role_gri_207_4_TJ" xlink:type="simple" xlink:href="role_gri_srs_2025-06-23.xsd#role_gri_207_4_TJ" />
  <link:roleRef roleURI="https://taxonomy.globalreporting.org/gri-sustainability-taxonomy/gri_srs/gri_srs_role/role_gri_207_4_TJ_D" xlink:type="simple" xlink:href="role_gri_srs_2025-06-23.xsd#role_gri_207_4_TJ_D" />
  <!-- ArcRole Ref -->
  <link:arcroleRef arcroleURI="http://xbrl.org/int/dim/arcrole/all" xlink:type="simple" xlink:href="http://www.xbrl.org/2005/xbrldt-2005.xsd#all" />
  <link:arcroleRef arcroleURI="http://xbrl.org/int/dim/arcrole/dimension-domain" xlink:type="simple" xlink:href="http://www.xbrl.org/2005/xbrldt-2005.xsd#dimension-domain" />
  <link:arcroleRef arcroleURI="http://xbrl.org/int/dim/arcrole/domain-member" xlink:type="simple" xlink:href="http://www.xbrl.org/2005/xbrldt-2005.xsd#domain-member" />
  <link:arcroleRef arcroleURI="http://xbrl.org/int/dim/arcrole/hypercube-dimension" xlink:type="simple" xlink:href="http://www.xbrl.org/2005/xbrldt-2005.xsd#hypercube-dimension" />
  <link:definitionLink xlink:type="extended" xlink:role="https://taxonomy.globalreporting.org/gri-sustainability-taxonomy/gri_srs/gri_srs_role/role_gri_207_4">
    <link:loc xlink:type="locator" xlink:href="../core/gri_srs_core_2025-06-23.xsd#gri_ReportingByCountryAbstract" xlink:label="loc_gri_ReportingByCountryAbstract" />
    <link:loc xlink:type="locator" xlink:href="../core/gri_srs_core_2025-06-23.xsd#gri_CountryByCountryReportingTable" xlink:label="loc_gri_CountryByCountryReportingTable" />
    <link:definitionArc xlink:type="arc" xlink:arcrole="http://xbrl.org/int/dim/arcrole/all" xlink:from="loc_gri_ReportingByCountryAbstract" xlink:to="loc_gri_CountryByCountryReportingTable" order="1.0" xbrldt:contextElement="scenario" xbrldt:closed="false" use="optional" />
    <link:loc xlink:type="locator" xlink:href="../core/gri_srs_core_2025-06-23.xsd#gri_CountryAxis" xlink:label="loc_gri_CountryAxis" />
    <link:definitionArc xlink:type="arc" xlink:arcrole="http://xbrl.org/int/dim/arcrole/hypercube-dimension" xlink:from="loc_gri_CountryByCountryReportingTable" xlink:to="loc_gri_CountryAxis" order="1.0" use="optional" />
    <link:loc xlink:type="locator" xlink:href="../core/country-current-PR-2024-01-31/elts.xsd#country_CountryDomain" xlink:label="loc_country_CountryDomain" />
    <link:definitionArc xlink:type="arc" xlink:arcrole="http://xbrl.org/int/dim/arcrole/dimension-domain" xlink:from="loc_gri_CountryAxis" xlink:to="loc_country_CountryDomain" order="1.0" xbrldt:targetRole="http://www.xbrl.org/taxonomy/int/country/roles/domain" use="optional" />
    <link:loc xlink:type="locator" xlink:href="../core/gri_srs_core_2025-06-23.xsd#gri_CountryByCountryReportingLineItems" xlink:label="loc_gri_CountryByCountryReportingLineItems" />
    <link:definitionArc xlink:type="arc" xlink:arcrole="http://xbrl.org/int/dim/arcrole/domain-member" xlink:from="loc_gri_ReportingByCountryAbstract" xlink:to="loc_gri_CountryByCountryReportingLineItems" order="2.0" use="optional" />
    <link:loc xlink:type="locator" xlink:href="../core/gri_srs_core_2025-06-23.xsd#gri_AllTaxJurisdictionsWhereEntitiesIncludedInOrganizationsAuditedConsolidatedFinancialStatementsOrInFinancialInformationFiledOnPublicRecordAreResidentForTaxPurposesAbstract" xlink:label="loc_gri_AllTaxJurisdictionsWhereEntitiesIncludedInOrganizationsAuditedConsolidatedFinancialStatementsOrInFinancialInformationFiledOnPublicRecordAreResidentForTaxPurposesAbstract" />
    <link:definitionArc xlink:type="arc" xlink:arcrole="http://xbrl.org/int/dim/arcrole/domain-member" xlink:from="loc_gri_CountryByCountryReportingLineItems" xlink:to="loc_gri_AllTaxJurisdictionsWhereEntitiesIncludedInOrganizationsAuditedConsolidatedFinancialStatementsOrInFinancialInformationFiledOnPublicRecordAreResidentForTaxPurposesAbstract" order="1.0" use="optional" />
    <link:loc xlink:type="locator" xlink:href="../core/gri_srs_core_2025-06-23.xsd#gri_NamesOfResidentEntitiesTextBlock" xlink:label="loc_gri_NamesOfResidentEntitiesTextBlock" />
    <link:definitionArc xlink:type="arc" xlink:arcrole="http://xbrl.org/int/dim/arcrole/domain-member" xlink:from="loc_gri_AllTaxJurisdictionsWhereEntitiesIncludedInOrganizationsAuditedConsolidatedFinancialStatementsOrInFinancialInformationFiledOnPublicRecordAreResidentForTaxPurposesAbstract" xlink:to="loc_gri_NamesOfResidentEntitiesTextBlock" order="1.0" use="optional" />
    <link:loc xlink:type="locator" xlink:href="../core/gri_srs_core_2025-06-23.xsd#gri_ReasonForOmissionRelatedToNamesOfResidentEntities" xlink:label="loc_gri_ReasonForOmissionRelatedToNamesOfResidentEntities" />
    <link:definitionArc xlink:type="arc" xlink:arcrole="http://xbrl.org/int/dim/arcrole/domain-member" xlink:from="loc_gri_NamesOfResidentEntitiesTextBlock" xlink:to="loc_gri_ReasonForOmissionRelatedToNamesOfResidentEntities" order="1.0" use="optional" />
    <link:loc xlink:type="locator" xlink:href="../core/gri_srs_core_2025-06-23.xsd#gri_ExplanationForReasonForOmissionRelatedToNamesOfResidentEntitiesTextBlock" xlink:label="loc_gri_ExplanationForReasonForOmissionRelatedToNamesOfResidentEntitiesTextBlock" />
    <link:definitionArc xlink:type="arc" xlink:arcrole="http://xbrl.org/int/dim/arcrole/domain-member" xlink:from="loc_gri_NamesOfResidentEntitiesTextBlock" xlink:to="loc_gri_ExplanationForReasonForOmissionRelatedToNamesOfResidentEntitiesTextBlock" order="2.0" use="optional" />
    <link:loc xlink:type="locator" xlink:href="../core/gri_srs_core_2025-06-23.xsd#gri_DescriptionOfPrimaryActivitiesOfOrganizationTextBlock" xlink:label="loc_gri_DescriptionOfPrimaryActivitiesOfOrganizationTextBlock" />
    <link:definitionArc xlink:type="arc" xlink:arcrole="http://xbrl.org/int/dim/arcrole/domain-member" xlink:from="loc_gri_AllTaxJurisdictionsWhereEntitiesIncludedInOrganizationsAuditedConsolidatedFinancialStatementsOrInFinancialInformationFiledOnPublicRecordAreResidentForTaxPurposesAbstract" xlink:to="loc_gri_DescriptionOfPrimaryActivitiesOfOrganizationTextBlock" order="2.0" use="optional" />
    <link:loc xlink:type="locator" xlink:href="../core/gri_srs_core_2025-06-23.xsd#gri_ReasonForOmissionRelatedToDescriptionOfPrimaryActivitiesOfOrganization" xlink:label="loc_gri_ReasonForOmissionRelatedToDescriptionOfPrimaryActivitiesOfOrganization" />
    <link:definitionArc xlink:type="arc" xlink:arcrole="http://xbrl.org/int/dim/arcrole/domain-member" xlink:from="loc_gri_DescriptionOfPrimaryActivitiesOfOrganizationTextBlock" xlink:to="loc_gri_ReasonForOmissionRelatedToDescriptionOfPrimaryActivitiesOfOrganization" order="1.0" use="optional" />
    <link:loc xlink:type="locator" xlink:href="../core/gri_srs_core_2025-06-23.xsd#gri_ExplanationForReasonForOmissionRelatedToDescriptionOfPrimaryActivitiesOfOrganizationTextBlock" xlink:label="loc_gri_ExplanationForReasonForOmissionRelatedToDescriptionOfPrimaryActivitiesOfOrganizationTextBlock" />
    <link:definitionArc xlink:type="arc" xlink:arcrole="http://xbrl.org/int/dim/arcrole/domain-member" xlink:from="loc_gri_DescriptionOfPrimaryActivitiesOfOrganizationTextBlock" xlink:to="loc_gri_ExplanationForReasonForOmissionRelatedToDescriptionOfPrimaryActivitiesOfOrganizationTextBlock" order="2.0" use="optional" />
    <link:loc xlink:type="locator" xlink:href="../core/gri_srs_core_2025-06-23.xsd#gri_NumberOfEmployees" xlink:label="loc_gri_NumberOfEmployees" />
    <link:definitionArc xlink:type="arc" xlink:arcrole="http://xbrl.org/int/dim/arcrole/domain-member" xlink:from="loc_gri_AllTaxJurisdictionsWhereEntitiesIncludedInOrganizationsAuditedConsolidatedFinancialStatementsOrInFinancialInformationFiledOnPublicRecordAreResidentForTaxPurposesAbstract" xlink:to="loc_gri_NumberOfEmployees" order="3.0" use="optional" />
    <link:loc xlink:type="locator" xlink:href="../core/gri_srs_core_2025-06-23.xsd#gri_ReasonForOmissionRelatedToNumberOfEmployees" xlink:label="loc_gri_ReasonForOmissionRelatedToNumberOfEmployees" />
    <link:definitionArc xlink:type="arc" xlink:arcrole="http://xbrl.org/int/dim/arcrole/domain-member" xlink:from="loc_gri_NumberOfEmployees" xlink:to="loc_gri_ReasonForOmissionRelatedToNumberOfEmployees" order="1.0" use="optional" />
    <link:loc xlink:type="locator" xlink:href="../core/gri_srs_core_2025-06-23.xsd#gri_ExplanationForReasonForOmissionRelatedToNumberOfEmployeesTextBlock" xlink:label="loc_gri_ExplanationForReasonForOmissionRelatedToNumberOfEmployeesTextBlock" />
    <link:definitionArc xlink:type="arc" xlink:arcrole="http://xbrl.org/int/dim/arcrole/domain-member" xlink:from="loc_gri_NumberOfEmployees" xlink:to="loc_gri_ExplanationForReasonForOmissionRelatedToNumberOfEmployeesTextBlock" order="2.0" use="optional" />
    <link:loc xlink:type="locator" xlink:href="../core/gri_srs_core_2025-06-23.xsd#gri_BasisOfCalculationOfNumberOfEmployeesTextBlock" xlink:label="loc_gri_BasisOfCalculationOfNumberOfEmployeesTextBlock" />
    <link:definitionArc xlink:type="arc" xlink:arcrole="http://xbrl.org/int/dim/arcrole/domain-member" xlink:from="loc_gri_AllTaxJurisdictionsWhereEntitiesIncludedInOrganizationsAuditedConsolidatedFinancialStatementsOrInFinancialInformationFiledOnPublicRecordAreResidentForTaxPurposesAbstract" xlink:to="loc_gri_BasisOfCalculationOfNumberOfEmployeesTextBlock" order="4.0" use="optional" />
    <link:loc xlink:type="locator" xlink:href="../core/gri_srs_core_2025-06-23.xsd#gri_ReasonForOmissionRelatedToBasisOfCalculationOfNumberOfEmployees" xlink:label="loc_gri_ReasonForOmissionRelatedToBasisOfCalculationOfNumberOfEmployees" />
    <link:definitionArc xlink:type="arc" xlink:arcrole="http://xbrl.org/int/dim/arcrole/domain-member" xlink:from="loc_gri_BasisOfCalculationOfNumberOfEmployeesTextBlock" xlink:to="loc_gri_ReasonForOmissionRelatedToBasisOfCalculationOfNumberOfEmployees" order="1.0" use="optional" />
    <link:loc xlink:type="locator" xlink:href="../core/gri_srs_core_2025-06-23.xsd#gri_ExplanationForReasonForOmissionRelatedToBasisOfCalculationOfNumberOfEmployeesTextBlock" xlink:label="loc_gri_ExplanationForReasonForOmissionRelatedToBasisOfCalculationOfNumberOfEmployeesTextBlock" />
    <link:definitionArc xlink:type="arc" xlink:arcrole="http://xbrl.org/int/dim/arcrole/domain-member" xlink:from="loc_gri_BasisOfCalculationOfNumberOfEmployeesTextBlock" xlink:to="loc_gri_ExplanationForReasonForOmissionRelatedToBasisOfCalculationOfNumberOfEmployeesTextBlock" order="2.0" use="optional" />
    <link:loc xlink:type="locator" xlink:href="../core/gri_srs_core_2025-06-23.xsd#gri_RevenuesFromThirdPartySales" xlink:label="loc_gri_RevenuesFromThirdPartySales" />
    <link:definitionArc xlink:type="arc" xlink:arcrole="http://xbrl.org/int/dim/arcrole/domain-member" xlink:from="loc_gri_AllTaxJurisdictionsWhereEntitiesIncludedInOrganizationsAuditedConsolidatedFinancialStatementsOrInFinancialInformationFiledOnPublicRecordAreResidentForTaxPurposesAbstract" xlink:to="loc_gri_RevenuesFromThirdPartySales" order="5.0" use="optional" />
    <link:loc xlink:type="locator" xlink:href="../core/gri_srs_core_2025-06-23.xsd#gri_ReasonForOmissionRelatedToRevenuesFromThirdPartySales" xlink:label="loc_gri_ReasonForOmissionRelatedToRevenuesFromThirdPartySales" />
    <link:definitionArc xlink:type="arc" xlink:arcrole="http://xbrl.org/int/dim/arcrole/domain-member" xlink:from="loc_gri_RevenuesFromThirdPartySales" xlink:to="loc_gri_ReasonForOmissionRelatedToRevenuesFromThirdPartySales" order="1.0" use="optional" />
    <link:loc xlink:type="locator" xlink:href="../core/gri_srs_core_2025-06-23.xsd#gri_ExplanationForReasonForOmissionRelatedToRevenuesFromThirdPartySalesTextBlock" xlink:label="loc_gri_ExplanationForReasonForOmissionRelatedToRevenuesFromThirdPartySalesTextBlock" />
    <link:definitionArc xlink:type="arc" xlink:arcrole="http://xbrl.org/int/dim/arcrole/domain-member" xlink:from="loc_gri_RevenuesFromThirdPartySales" xlink:to="loc_gri_ExplanationForReasonForOmissionRelatedToRevenuesFromThirdPartySalesTextBlock" order="2.0" use="optional" />
    <link:loc xlink:type="locator" xlink:href="../core/gri_srs_core_2025-06-23.xsd#gri_RevenuesFromIntraGroupTransactionsWithOtherTaxJurisdictions" xlink:label="loc_gri_RevenuesFromIntraGroupTransactionsWithOtherTaxJurisdictions" />
    <link:definitionArc xlink:type="arc" xlink:arcrole="http://xbrl.org/int/dim/arcrole/domain-member" xlink:from="loc_gri_AllTaxJurisdictionsWhereEntitiesIncludedInOrganizationsAuditedConsolidatedFinancialStatementsOrInFinancialInformationFiledOnPublicRecordAreResidentForTaxPurposesAbstract" xlink:to="loc_gri_RevenuesFromIntraGroupTransactionsWithOtherTaxJurisdictions" order="6.0" use="optional" />
    <link:loc xlink:type="locator" xlink:href="../core/gri_srs_core_2025-06-23.xsd#gri_ReasonForOmissionRelatedToRevenuesFromIntraGroupTransactionsWithOtherTaxJurisdictions" xlink:label="loc_gri_ReasonForOmissionRelatedToRevenuesFromIntraGroupTransactionsWithOtherTaxJurisdictions" />
    <link:definitionArc xlink:type="arc" xlink:arcrole="http://xbrl.org/int/dim/arcrole/domain-member" xlink:from="loc_gri_RevenuesFromIntraGroupTransactionsWithOtherTaxJurisdictions" xlink:to="loc_gri_ReasonForOmissionRelatedToRevenuesFromIntraGroupTransactionsWithOtherTaxJurisdictions" order="1.0" use="optional" />
    <link:loc xlink:type="locator" xlink:href="../core/gri_srs_core_2025-06-23.xsd#gri_ExplanationForReasonForOmissionRelatedToRevenuesFromIntraGroupTransactionsWithOtherTaxJurisdictionsTextBlock" xlink:label="loc_gri_ExplanationForReasonForOmissionRelatedToRevenuesFromIntraGroupTransactionsWithOtherTaxJurisdictionsTextBlock" />
    <link:definitionArc xlink:type="arc" xlink:arcrole="http://xbrl.org/int/dim/arcrole/domain-member" xlink:from="loc_gri_RevenuesFromIntraGroupTransactionsWithOtherTaxJurisdictions" xlink:to="loc_gri_ExplanationForReasonForOmissionRelatedToRevenuesFromIntraGroupTransactionsWithOtherTaxJurisdictionsTextBlock" order="2.0" use="optional" />
    <link:loc xlink:type="locator" xlink:href="../core/gri_srs_core_2025-06-23.xsd#gri_ProfitOrLossBeforeTax" xlink:label="loc_gri_ProfitOrLossBeforeTax" />
    <link:definitionArc xlink:type="arc" xlink:arcrole="http://xbrl.org/int/dim/arcrole/domain-member" xlink:from="loc_gri_AllTaxJurisdictionsWhereEntitiesIncludedInOrganizationsAuditedConsolidatedFinancialStatementsOrInFinancialInformationFiledOnPublicRecordAreResidentForTaxPurposesAbstract" xlink:to="loc_gri_ProfitOrLossBeforeTax" order="7.0" use="optional" />
    <link:loc xlink:type="locator" xlink:href="../core/gri_srs_core_2025-06-23.xsd#gri_ReasonForOmissionRelatedToProfitOrLossBeforeTax" xlink:label="loc_gri_ReasonForOmissionRelatedToProfitOrLossBeforeTax" />
    <link:definitionArc xlink:type="arc" xlink:arcrole="http://xbrl.org/int/dim/arcrole/domain-member" xlink:from="loc_gri_ProfitOrLossBeforeTax" xlink:to="loc_gri_ReasonForOmissionRelatedToProfitOrLossBeforeTax" order="1.0" use="optional" />
    <link:loc xlink:type="locator" xlink:href="../core/gri_srs_core_2025-06-23.xsd#gri_ExplanationForReasonForOmissionRelatedToProfitOrLossBeforeTaxTextBlock" xlink:label="loc_gri_ExplanationForReasonForOmissionRelatedToProfitOrLossBeforeTaxTextBlock" />
    <link:definitionArc xlink:type="arc" xlink:arcrole="http://xbrl.org/int/dim/arcrole/domain-member" xlink:from="loc_gri_ProfitOrLossBeforeTax" xlink:to="loc_gri_ExplanationForReasonForOmissionRelatedToProfitOrLossBeforeTaxTextBlock" order="2.0" use="optional" />
    <link:loc xlink:type="locator" xlink:href="../core/gri_srs_core_2025-06-23.xsd#gri_TangibleAssetsOtherThanCashAndCashEquivalents" xlink:label="loc_gri_TangibleAssetsOtherThanCashAndCashEquivalents" />
    <link:definitionArc xlink:type="arc" xlink:arcrole="http://xbrl.org/int/dim/arcrole/domain-member" xlink:from="loc_gri_AllTaxJurisdictionsWhereEntitiesIncludedInOrganizationsAuditedConsolidatedFinancialStatementsOrInFinancialInformationFiledOnPublicRecordAreResidentForTaxPurposesAbstract" xlink:to="loc_gri_TangibleAssetsOtherThanCashAndCashEquivalents" order="8.0" use="optional" />
    <link:loc xlink:type="locator" xlink:href="../core/gri_srs_core_2025-06-23.xsd#gri_ReasonForOmissionRelatedToTangibleAssetsOtherThanCashAndCashEquivalents" xlink:label="loc_gri_ReasonForOmissionRelatedToTangibleAssetsOtherThanCashAndCashEquivalents" />
    <link:definitionArc xlink:type="arc" xlink:arcrole="http://xbrl.org/int/dim/arcrole/domain-member" xlink:from="loc_gri_TangibleAssetsOtherThanCashAndCashEquivalents" xlink:to="loc_gri_ReasonForOmissionRelatedToTangibleAssetsOtherThanCashAndCashEquivalents" order="1.0" use="optional" />
    <link:loc xlink:type="locator" xlink:href="../core/gri_srs_core_2025-06-23.xsd#gri_ExplanationForReasonForOmissionRelatedToTangibleAssetsOtherThanCashAndCashEquivalentsTextBlock" xlink:label="loc_gri_ExplanationForReasonForOmissionRelatedToTangibleAssetsOtherThanCashAndCashEquivalentsTextBlock" />
    <link:definitionArc xlink:type="arc" xlink:arcrole="http://xbrl.org/int/dim/arcrole/domain-member" xlink:from="loc_gri_TangibleAssetsOtherThanCashAndCashEquivalents" xlink:to="loc_gri_ExplanationForReasonForOmissionRelatedToTangibleAssetsOtherThanCashAndCashEquivalentsTextBlock" order="2.0" use="optional" />
    <link:loc xlink:type="locator" xlink:href="../core/gri_srs_core_2025-06-23.xsd#gri_CorporateIncomeTaxPaidOnCashBasis" xlink:label="loc_gri_CorporateIncomeTaxPaidOnCashBasis" />
    <link:definitionArc xlink:type="arc" xlink:arcrole="http://xbrl.org/int/dim/arcrole/domain-member" xlink:from="loc_gri_AllTaxJurisdictionsWhereEntitiesIncludedInOrganizationsAuditedConsolidatedFinancialStatementsOrInFinancialInformationFiledOnPublicRecordAreResidentForTaxPurposesAbstract" xlink:to="loc_gri_CorporateIncomeTaxPaidOnCashBasis" order="9.0" use="optional" />
    <link:loc xlink:type="locator" xlink:href="../core/gri_srs_core_2025-06-23.xsd#gri_ReasonForOmissionRelatedToCorporateIncomeTaxPaidOnCashBasis" xlink:label="loc_gri_ReasonForOmissionRelatedToCorporateIncomeTaxPaidOnCashBasis" />
    <link:definitionArc xlink:type="arc" xlink:arcrole="http://xbrl.org/int/dim/arcrole/domain-member" xlink:from="loc_gri_CorporateIncomeTaxPaidOnCashBasis" xlink:to="loc_gri_ReasonForOmissionRelatedToCorporateIncomeTaxPaidOnCashBasis" order="1.0" use="optional" />
    <link:loc xlink:type="locator" xlink:href="../core/gri_srs_core_2025-06-23.xsd#gri_ExplanationForReasonForOmissionRelatedToCorporateIncomeTaxPaidOnCashBasisTextBlock" xlink:label="loc_gri_ExplanationForReasonForOmissionRelatedToCorporateIncomeTaxPaidOnCashBasisTextBlock" />
    <link:definitionArc xlink:type="arc" xlink:arcrole="http://xbrl.org/int/dim/arcrole/domain-member" xlink:from="loc_gri_CorporateIncomeTaxPaidOnCashBasis" xlink:to="loc_gri_ExplanationForReasonForOmissionRelatedToCorporateIncomeTaxPaidOnCashBasisTextBlock" order="2.0" use="optional" />
    <link:loc xlink:type="locator" xlink:href="../core/gri_srs_core_2025-06-23.xsd#gri_CorporateIncomeTaxAccruedOnProfitOrLoss" xlink:label="loc_gri_CorporateIncomeTaxAccruedOnProfitOrLoss" />
    <link:definitionArc xlink:type="arc" xlink:arcrole="http://xbrl.org/int/dim/arcrole/domain-member" xlink:from="loc_gri_AllTaxJurisdictionsWhereEntitiesIncludedInOrganizationsAuditedConsolidatedFinancialStatementsOrInFinancialInformationFiledOnPublicRecordAreResidentForTaxPurposesAbstract" xlink:to="loc_gri_CorporateIncomeTaxAccruedOnProfitOrLoss" order="10.0" use="optional" />
    <link:loc xlink:type="locator" xlink:href="../core/gri_srs_core_2025-06-23.xsd#gri_ReasonForOmissionRelatedToCorporateIncomeTaxAccruedOnProfitOrLoss" xlink:label="loc_gri_ReasonForOmissionRelatedToCorporateIncomeTaxAccruedOnProfitOrLoss" />
    <link:definitionArc xlink:type="arc" xlink:arcrole="http://xbrl.org/int/dim/arcrole/domain-member" xlink:from="loc_gri_CorporateIncomeTaxAccruedOnProfitOrLoss" xlink:to="loc_gri_ReasonForOmissionRelatedToCorporateIncomeTaxAccruedOnProfitOrLoss" order="1.0" use="optional" />
    <link:loc xlink:type="locator" xlink:href="../core/gri_srs_core_2025-06-23.xsd#gri_ExplanationForReasonForOmissionRelatedToCorporateIncomeTaxAccruedOnProfitOrLossTextBlock" xlink:label="loc_gri_ExplanationForReasonForOmissionRelatedToCorporateIncomeTaxAccruedOnProfitOrLossTextBlock" />
    <link:definitionArc xlink:type="arc" xlink:arcrole="http://xbrl.org/int/dim/arcrole/domain-member" xlink:from="loc_gri_CorporateIncomeTaxAccruedOnProfitOrLoss" xlink:to="loc_gri_ExplanationForReasonForOmissionRelatedToCorporateIncomeTaxAccruedOnProfitOrLossTextBlock" order="2.0" use="optional" />
    <link:loc xlink:type="locator" xlink:href="../core/gri_srs_core_2025-06-23.xsd#gri_ReasonsForDifferenceBetweenCorporateIncomeTaxAccruedOnProfitOrLossAndTaxDueIfStatutoryTaxRateIsAppliedToProfitOrLossBeforeTaxTextBlock" xlink:label="loc_gri_ReasonsForDifferenceBetweenCorporateIncomeTaxAccruedOnProfitOrLossAndTaxDueIfStatutoryTaxRateIsAppliedToProfitOrLossBeforeTaxTextBlock" />
    <link:definitionArc xlink:type="arc" xlink:arcrole="http://xbrl.org/int/dim/arcrole/domain-member" xlink:from="loc_gri_AllTaxJurisdictionsWhereEntitiesIncludedInOrganizationsAuditedConsolidatedFinancialStatementsOrInFinancialInformationFiledOnPublicRecordAreResidentForTaxPurposesAbstract" xlink:to="loc_gri_ReasonsForDifferenceBetweenCorporateIncomeTaxAccruedOnProfitOrLossAndTaxDueIfStatutoryTaxRateIsAppliedToProfitOrLossBeforeTaxTextBlock" order="11.0" use="optional" />
    <link:loc xlink:type="locator" xlink:href="../core/gri_srs_core_2025-06-23.xsd#gri_ReasonForOmissionRelatedToDescriptionOfReasonsForDifferenceBetweenCorporateIncomeTaxAccruedOnProfitOrLossAndTaxDueIfStatutoryTaxRateIsAppliedToProfitOrLossBeforeTax" xlink:label="loc_gri_ReasonForOmissionRelatedToDescriptionOfReasonsForDifferenceBetweenCorporateIncomeTaxAccruedOnProfitOrLossAndTaxDueIfStatutoryTaxRateIsAppliedToProfitOrLossBeforeTax" />
    <link:definitionArc xlink:type="arc" xlink:arcrole="http://xbrl.org/int/dim/arcrole/domain-member" xlink:from="loc_gri_ReasonsForDifferenceBetweenCorporateIncomeTaxAccruedOnProfitOrLossAndTaxDueIfStatutoryTaxRateIsAppliedToProfitOrLossBeforeTaxTextBlock" xlink:to="loc_gri_ReasonForOmissionRelatedToDescriptionOfReasonsForDifferenceBetweenCorporateIncomeTaxAccruedOnProfitOrLossAndTaxDueIfStatutoryTaxRateIsAppliedToProfitOrLossBeforeTax" order="1.0" use="optional" />
    <link:loc xlink:type="locator" xlink:href="../core/gri_srs_core_2025-06-23.xsd#gri_ExplanationForReasonForOmissionRelatedToDescriptionOfReasonsForDifferenceBetweenCorporateIncomeTaxAccruedOnProfitOrLossAndTaxDueIfStatutoryTaxRateIsAppliedToProfitOrLossBeforeTaxTextBlock" xlink:label="loc_gri_ExplanationForReasonForOmissionRelatedToDescriptionOfReasonsForDifferenceBetweenCorporateIncomeTaxAccruedOnProfitOrLossAndTaxDueIfStatutoryTaxRateIsAppliedToProfitOrLossBeforeTaxTextBlock" />
    <link:definitionArc xlink:type="arc" xlink:arcrole="http://xbrl.org/int/dim/arcrole/domain-member" xlink:from="loc_gri_ReasonsForDifferenceBetweenCorporateIncomeTaxAccruedOnProfitOrLossAndTaxDueIfStatutoryTaxRateIsAppliedToProfitOrLossBeforeTaxTextBlock" xlink:to="loc_gri_ExplanationForReasonForOmissionRelatedToDescriptionOfReasonsForDifferenceBetweenCorporateIncomeTaxAccruedOnProfitOrLossAndTaxDueIfStatutoryTaxRateIsAppliedToProfitOrLossBeforeTaxTextBlock" order="2.0" use="optional" />
  </link:definitionLink>
  <link:definitionLink xlink:type="extended" xlink:role="https://taxonomy.globalreporting.org/gri-sustainability-taxonomy/gri_srs/gri_srs_role/role_gri_207_4_TJ">
    <link:loc xlink:type="locator" xlink:href="../core/gri_srs_core_2025-06-23.xsd#gri_ReportingByTaxJurisdictionAbstract" xlink:label="loc_gri_ReportingByTaxJurisdictionAbstract" />
    <link:loc xlink:type="locator" xlink:href="../core/gri_srs_core_2025-06-23.xsd#gri_ReportingByTaxJurisdictionTable" xlink:label="loc_gri_ReportingByTaxJurisdictionTable" />
    <link:definitionArc xlink:type="arc" xlink:arcrole="http://xbrl.org/int/dim/arcrole/all" xlink:from="loc_gri_ReportingByTaxJurisdictionAbstract" xlink:to="loc_gri_ReportingByTaxJurisdictionTable" order="1.0" xbrldt:contextElement="scenario" xbrldt:closed="false" use="optional" />
    <link:loc xlink:type="locator" xlink:href="../core/gri_srs_core_2025-06-23.xsd#gri_TaxJurisdictionAxis" xlink:label="loc_gri_TaxJurisdictionAxis" />
    <link:definitionArc xlink:type="arc" xlink:arcrole="http://xbrl.org/int/dim/arcrole/hypercube-dimension" xlink:from="loc_gri_ReportingByTaxJurisdictionTable" xlink:to="loc_gri_TaxJurisdictionAxis" order="1.0" use="optional" />
    <link:loc xlink:type="locator" xlink:href="../core/gri_srs_core_2025-06-23.xsd#gri_ReportingByTaxJurisdictionLineItems" xlink:label="loc_gri_ReportingByTaxJurisdictionLineItems" />
    <link:definitionArc xlink:type="arc" xlink:arcrole="http://xbrl.org/int/dim/arcrole/domain-member" xlink:from="loc_gri_ReportingByTaxJurisdictionAbstract" xlink:to="loc_gri_ReportingByTaxJurisdictionLineItems" order="2.0" use="optional" />
    <link:loc xlink:type="locator" xlink:href="../core/gri_srs_core_2025-06-23.xsd#gri_AllTaxJurisdictionsThatAreNotCountriesWhereEntitiesIncludedInOrganizationsAuditedConsolidatedFinancialStatementsOrInFinancialInformationFiledOnPublicRecordAreResidentForTaxPurposesAbstract" xlink:label="loc_gri_AllTaxJurisdictionsThatAreNotCountriesWhereEntitiesIncludedInOrganizationsAuditedConsolidatedFinancialStatementsOrInFinancialInformationFiledOnPublicRecordAreResidentForTaxPurposesAbstract" />
    <link:definitionArc xlink:type="arc" xlink:arcrole="http://xbrl.org/int/dim/arcrole/domain-member" xlink:from="loc_gri_ReportingByTaxJurisdictionLineItems" xlink:to="loc_gri_AllTaxJurisdictionsThatAreNotCountriesWhereEntitiesIncludedInOrganizationsAuditedConsolidatedFinancialStatementsOrInFinancialInformationFiledOnPublicRecordAreResidentForTaxPurposesAbstract" order="1.0" use="optional" />
    <link:loc xlink:type="locator" xlink:href="../core/gri_srs_core_2025-06-23.xsd#gri_NamesOfResidentEntitiesTextBlock" xlink:label="loc_gri_NamesOfResidentEntitiesTextBlock" />
    <link:definitionArc xlink:type="arc" xlink:arcrole="http://xbrl.org/int/dim/arcrole/domain-member" xlink:from="loc_gri_AllTaxJurisdictionsThatAreNotCountriesWhereEntitiesIncludedInOrganizationsAuditedConsolidatedFinancialStatementsOrInFinancialInformationFiledOnPublicRecordAreResidentForTaxPurposesAbstract" xlink:to="loc_gri_NamesOfResidentEntitiesTextBlock" order="1.0" use="optional" />
    <link:loc xlink:type="locator" xlink:href="../core/gri_srs_core_2025-06-23.xsd#gri_ReasonForOmissionRelatedToNamesOfResidentEntities" xlink:label="loc_gri_ReasonForOmissionRelatedToNamesOfResidentEntities" />
    <link:definitionArc xlink:type="arc" xlink:arcrole="http://xbrl.org/int/dim/arcrole/domain-member" xlink:from="loc_gri_NamesOfResidentEntitiesTextBlock" xlink:to="loc_gri_ReasonForOmissionRelatedToNamesOfResidentEntities" order="1.0" use="optional" />
    <link:loc xlink:type="locator" xlink:href="../core/gri_srs_core_2025-06-23.xsd#gri_ExplanationForReasonForOmissionRelatedToNamesOfResidentEntitiesTextBlock" xlink:label="loc_gri_ExplanationForReasonForOmissionRelatedToNamesOfResidentEntitiesTextBlock" />
    <link:definitionArc xlink:type="arc" xlink:arcrole="http://xbrl.org/int/dim/arcrole/domain-member" xlink:from="loc_gri_NamesOfResidentEntitiesTextBlock" xlink:to="loc_gri_ExplanationForReasonForOmissionRelatedToNamesOfResidentEntitiesTextBlock" order="2.0" use="optional" />
    <link:loc xlink:type="locator" xlink:href="../core/gri_srs_core_2025-06-23.xsd#gri_DescriptionOfPrimaryActivitiesOfOrganizationTextBlock" xlink:label="loc_gri_DescriptionOfPrimaryActivitiesOfOrganizationTextBlock" />
    <link:definitionArc xlink:type="arc" xlink:arcrole="http://xbrl.org/int/dim/arcrole/domain-member" xlink:from="loc_gri_AllTaxJurisdictionsThatAreNotCountriesWhereEntitiesIncludedInOrganizationsAuditedConsolidatedFinancialStatementsOrInFinancialInformationFiledOnPublicRecordAreResidentForTaxPurposesAbstract" xlink:to="loc_gri_DescriptionOfPrimaryActivitiesOfOrganizationTextBlock" order="2.0" use="optional" />
    <link:loc xlink:type="locator" xlink:href="../core/gri_srs_core_2025-06-23.xsd#gri_ReasonForOmissionRelatedToDescriptionOfPrimaryActivitiesOfOrganization" xlink:label="loc_gri_ReasonForOmissionRelatedToDescriptionOfPrimaryActivitiesOfOrganization" />
    <link:definitionArc xlink:type="arc" xlink:arcrole="http://xbrl.org/int/dim/arcrole/domain-member" xlink:from="loc_gri_DescriptionOfPrimaryActivitiesOfOrganizationTextBlock" xlink:to="loc_gri_ReasonForOmissionRelatedToDescriptionOfPrimaryActivitiesOfOrganization" order="1.0" use="optional" />
    <link:loc xlink:type="locator" xlink:href="../core/gri_srs_core_2025-06-23.xsd#gri_ExplanationForReasonForOmissionRelatedToDescriptionOfPrimaryActivitiesOfOrganizationTextBlock" xlink:label="loc_gri_ExplanationForReasonForOmissionRelatedToDescriptionOfPrimaryActivitiesOfOrganizationTextBlock" />
    <link:definitionArc xlink:type="arc" xlink:arcrole="http://xbrl.org/int/dim/arcrole/domain-member" xlink:from="loc_gri_DescriptionOfPrimaryActivitiesOfOrganizationTextBlock" xlink:to="loc_gri_ExplanationForReasonForOmissionRelatedToDescriptionOfPrimaryActivitiesOfOrganizationTextBlock" order="2.0" use="optional" />
    <link:loc xlink:type="locator" xlink:href="../core/gri_srs_core_2025-06-23.xsd#gri_NumberOfEmployees" xlink:label="loc_gri_NumberOfEmployees" />
    <link:definitionArc xlink:type="arc" xlink:arcrole="http://xbrl.org/int/dim/arcrole/domain-member" xlink:from="loc_gri_AllTaxJurisdictionsThatAreNotCountriesWhereEntitiesIncludedInOrganizationsAuditedConsolidatedFinancialStatementsOrInFinancialInformationFiledOnPublicRecordAreResidentForTaxPurposesAbstract" xlink:to="loc_gri_NumberOfEmployees" order="3.0" use="optional" />
    <link:loc xlink:type="locator" xlink:href="../core/gri_srs_core_2025-06-23.xsd#gri_ReasonForOmissionRelatedToNumberOfEmployees" xlink:label="loc_gri_ReasonForOmissionRelatedToNumberOfEmployees" />
    <link:definitionArc xlink:type="arc" xlink:arcrole="http://xbrl.org/int/dim/arcrole/domain-member" xlink:from="loc_gri_NumberOfEmployees" xlink:to="loc_gri_ReasonForOmissionRelatedToNumberOfEmployees" order="1.0" use="optional" />
    <link:loc xlink:type="locator" xlink:href="../core/gri_srs_core_2025-06-23.xsd#gri_ExplanationForReasonForOmissionRelatedToNumberOfEmployeesTextBlock" xlink:label="loc_gri_ExplanationForReasonForOmissionRelatedToNumberOfEmployeesTextBlock" />
    <link:definitionArc xlink:type="arc" xlink:arcrole="http://xbrl.org/int/dim/arcrole/domain-member" xlink:from="loc_gri_NumberOfEmployees" xlink:to="loc_gri_ExplanationForReasonForOmissionRelatedToNumberOfEmployeesTextBlock" order="2.0" use="optional" />
    <link:loc xlink:type="locator" xlink:href="../core/gri_srs_core_2025-06-23.xsd#gri_BasisOfCalculationOfNumberOfEmployeesTextBlock" xlink:label="loc_gri_BasisOfCalculationOfNumberOfEmployeesTextBlock" />
    <link:definitionArc xlink:type="arc" xlink:arcrole="http://xbrl.org/int/dim/arcrole/domain-member" xlink:from="loc_gri_AllTaxJurisdictionsThatAreNotCountriesWhereEntitiesIncludedInOrganizationsAuditedConsolidatedFinancialStatementsOrInFinancialInformationFiledOnPublicRecordAreResidentForTaxPurposesAbstract" xlink:to="loc_gri_BasisOfCalculationOfNumberOfEmployeesTextBlock" order="4.0" use="optional" />
    <link:loc xlink:type="locator" xlink:href="../core/gri_srs_core_2025-06-23.xsd#gri_ReasonForOmissionRelatedToBasisOfCalculationOfNumberOfEmployees" xlink:label="loc_gri_ReasonForOmissionRelatedToBasisOfCalculationOfNumberOfEmployees" />
    <link:definitionArc xlink:type="arc" xlink:arcrole="http://xbrl.org/int/dim/arcrole/domain-member" xlink:from="loc_gri_BasisOfCalculationOfNumberOfEmployeesTextBlock" xlink:to="loc_gri_ReasonForOmissionRelatedToBasisOfCalculationOfNumberOfEmployees" order="1.0" use="optional" />
    <link:loc xlink:type="locator" xlink:href="../core/gri_srs_core_2025-06-23.xsd#gri_ExplanationForReasonForOmissionRelatedToBasisOfCalculationOfNumberOfEmployeesTextBlock" xlink:label="loc_gri_ExplanationForReasonForOmissionRelatedToBasisOfCalculationOfNumberOfEmployeesTextBlock" />
    <link:definitionArc xlink:type="arc" xlink:arcrole="http://xbrl.org/int/dim/arcrole/domain-member" xlink:from="loc_gri_BasisOfCalculationOfNumberOfEmployeesTextBlock" xlink:to="loc_gri_ExplanationForReasonForOmissionRelatedToBasisOfCalculationOfNumberOfEmployeesTextBlock" order="2.0" use="optional" />
    <link:loc xlink:type="locator" xlink:href="../core/gri_srs_core_2025-06-23.xsd#gri_RevenuesFromThirdPartySales" xlink:label="loc_gri_RevenuesFromThirdPartySales" />
    <link:definitionArc xlink:type="arc" xlink:arcrole="http://xbrl.org/int/dim/arcrole/domain-member" xlink:from="loc_gri_AllTaxJurisdictionsThatAreNotCountriesWhereEntitiesIncludedInOrganizationsAuditedConsolidatedFinancialStatementsOrInFinancialInformationFiledOnPublicRecordAreResidentForTaxPurposesAbstract" xlink:to="loc_gri_RevenuesFromThirdPartySales" order="5.0" use="optional" />
    <link:loc xlink:type="locator" xlink:href="../core/gri_srs_core_2025-06-23.xsd#gri_ReasonForOmissionRelatedToRevenuesFromThirdPartySales" xlink:label="loc_gri_ReasonForOmissionRelatedToRevenuesFromThirdPartySales" />
    <link:definitionArc xlink:type="arc" xlink:arcrole="http://xbrl.org/int/dim/arcrole/domain-member" xlink:from="loc_gri_RevenuesFromThirdPartySales" xlink:to="loc_gri_ReasonForOmissionRelatedToRevenuesFromThirdPartySales" order="1.0" use="optional" />
    <link:loc xlink:type="locator" xlink:href="../core/gri_srs_core_2025-06-23.xsd#gri_ExplanationForReasonForOmissionRelatedToRevenuesFromThirdPartySalesTextBlock" xlink:label="loc_gri_ExplanationForReasonForOmissionRelatedToRevenuesFromThirdPartySalesTextBlock" />
    <link:definitionArc xlink:type="arc" xlink:arcrole="http://xbrl.org/int/dim/arcrole/domain-member" xlink:from="loc_gri_RevenuesFromThirdPartySales" xlink:to="loc_gri_ExplanationForReasonForOmissionRelatedToRevenuesFromThirdPartySalesTextBlock" order="2.0" use="optional" />
    <link:loc xlink:type="locator" xlink:href="../core/gri_srs_core_2025-06-23.xsd#gri_RevenuesFromIntraGroupTransactionsWithOtherTaxJurisdictions" xlink:label="loc_gri_RevenuesFromIntraGroupTransactionsWithOtherTaxJurisdictions" />
    <link:definitionArc xlink:type="arc" xlink:arcrole="http://xbrl.org/int/dim/arcrole/domain-member" xlink:from="loc_gri_AllTaxJurisdictionsThatAreNotCountriesWhereEntitiesIncludedInOrganizationsAuditedConsolidatedFinancialStatementsOrInFinancialInformationFiledOnPublicRecordAreResidentForTaxPurposesAbstract" xlink:to="loc_gri_RevenuesFromIntraGroupTransactionsWithOtherTaxJurisdictions" order="6.0" use="optional" />
    <link:loc xlink:type="locator" xlink:href="../core/gri_srs_core_2025-06-23.xsd#gri_ReasonForOmissionRelatedToRevenuesFromIntraGroupTransactionsWithOtherTaxJurisdictions" xlink:label="loc_gri_ReasonForOmissionRelatedToRevenuesFromIntraGroupTransactionsWithOtherTaxJurisdictions" />
    <link:definitionArc xlink:type="arc" xlink:arcrole="http://xbrl.org/int/dim/arcrole/domain-member" xlink:from="loc_gri_RevenuesFromIntraGroupTransactionsWithOtherTaxJurisdictions" xlink:to="loc_gri_ReasonForOmissionRelatedToRevenuesFromIntraGroupTransactionsWithOtherTaxJurisdictions" order="1.0" use="optional" />
    <link:loc xlink:type="locator" xlink:href="../core/gri_srs_core_2025-06-23.xsd#gri_ExplanationForReasonForOmissionRelatedToRevenuesFromIntraGroupTransactionsWithOtherTaxJurisdictionsTextBlock" xlink:label="loc_gri_ExplanationForReasonForOmissionRelatedToRevenuesFromIntraGroupTransactionsWithOtherTaxJurisdictionsTextBlock" />
    <link:definitionArc xlink:type="arc" xlink:arcrole="http://xbrl.org/int/dim/arcrole/domain-member" xlink:from="loc_gri_RevenuesFromIntraGroupTransactionsWithOtherTaxJurisdictions" xlink:to="loc_gri_ExplanationForReasonForOmissionRelatedToRevenuesFromIntraGroupTransactionsWithOtherTaxJurisdictionsTextBlock" order="2.0" use="optional" />
    <link:loc xlink:type="locator" xlink:href="../core/gri_srs_core_2025-06-23.xsd#gri_ProfitOrLossBeforeTax" xlink:label="loc_gri_ProfitOrLossBeforeTax" />
    <link:definitionArc xlink:type="arc" xlink:arcrole="http://xbrl.org/int/dim/arcrole/domain-member" xlink:from="loc_gri_AllTaxJurisdictionsThatAreNotCountriesWhereEntitiesIncludedInOrganizationsAuditedConsolidatedFinancialStatementsOrInFinancialInformationFiledOnPublicRecordAreResidentForTaxPurposesAbstract" xlink:to="loc_gri_ProfitOrLossBeforeTax" order="7.0" use="optional" />
    <link:loc xlink:type="locator" xlink:href="../core/gri_srs_core_2025-06-23.xsd#gri_ReasonForOmissionRelatedToProfitOrLossBeforeTax" xlink:label="loc_gri_ReasonForOmissionRelatedToProfitOrLossBeforeTax" />
    <link:definitionArc xlink:type="arc" xlink:arcrole="http://xbrl.org/int/dim/arcrole/domain-member" xlink:from="loc_gri_ProfitOrLossBeforeTax" xlink:to="loc_gri_ReasonForOmissionRelatedToProfitOrLossBeforeTax" order="1.0" use="optional" />
    <link:loc xlink:type="locator" xlink:href="../core/gri_srs_core_2025-06-23.xsd#gri_ExplanationForReasonForOmissionRelatedToProfitOrLossBeforeTaxTextBlock" xlink:label="loc_gri_ExplanationForReasonForOmissionRelatedToProfitOrLossBeforeTaxTextBlock" />
    <link:definitionArc xlink:type="arc" xlink:arcrole="http://xbrl.org/int/dim/arcrole/domain-member" xlink:from="loc_gri_ProfitOrLossBeforeTax" xlink:to="loc_gri_ExplanationForReasonForOmissionRelatedToProfitOrLossBeforeTaxTextBlock" order="2.0" use="optional" />
    <link:loc xlink:type="locator" xlink:href="../core/gri_srs_core_2025-06-23.xsd#gri_TangibleAssetsOtherThanCashAndCashEquivalents" xlink:label="loc_gri_TangibleAssetsOtherThanCashAndCashEquivalents" />
    <link:definitionArc xlink:type="arc" xlink:arcrole="http://xbrl.org/int/dim/arcrole/domain-member" xlink:from="loc_gri_AllTaxJurisdictionsThatAreNotCountriesWhereEntitiesIncludedInOrganizationsAuditedConsolidatedFinancialStatementsOrInFinancialInformationFiledOnPublicRecordAreResidentForTaxPurposesAbstract" xlink:to="loc_gri_TangibleAssetsOtherThanCashAndCashEquivalents" order="8.0" use="optional" />
    <link:loc xlink:type="locator" xlink:href="../core/gri_srs_core_2025-06-23.xsd#gri_ReasonForOmissionRelatedToTangibleAssetsOtherThanCashAndCashEquivalents" xlink:label="loc_gri_ReasonForOmissionRelatedToTangibleAssetsOtherThanCashAndCashEquivalents" />
    <link:definitionArc xlink:type="arc" xlink:arcrole="http://xbrl.org/int/dim/arcrole/domain-member" xlink:from="loc_gri_TangibleAssetsOtherThanCashAndCashEquivalents" xlink:to="loc_gri_ReasonForOmissionRelatedToTangibleAssetsOtherThanCashAndCashEquivalents" order="1.0" use="optional" />
    <link:loc xlink:type="locator" xlink:href="../core/gri_srs_core_2025-06-23.xsd#gri_ExplanationForReasonForOmissionRelatedToTangibleAssetsOtherThanCashAndCashEquivalentsTextBlock" xlink:label="loc_gri_ExplanationForReasonForOmissionRelatedToTangibleAssetsOtherThanCashAndCashEquivalentsTextBlock" />
    <link:definitionArc xlink:type="arc" xlink:arcrole="http://xbrl.org/int/dim/arcrole/domain-member" xlink:from="loc_gri_TangibleAssetsOtherThanCashAndCashEquivalents" xlink:to="loc_gri_ExplanationForReasonForOmissionRelatedToTangibleAssetsOtherThanCashAndCashEquivalentsTextBlock" order="2.0" use="optional" />
    <link:loc xlink:type="locator" xlink:href="../core/gri_srs_core_2025-06-23.xsd#gri_CorporateIncomeTaxPaidOnCashBasis" xlink:label="loc_gri_CorporateIncomeTaxPaidOnCashBasis" />
    <link:definitionArc xlink:type="arc" xlink:arcrole="http://xbrl.org/int/dim/arcrole/domain-member" xlink:from="loc_gri_AllTaxJurisdictionsThatAreNotCountriesWhereEntitiesIncludedInOrganizationsAuditedConsolidatedFinancialStatementsOrInFinancialInformationFiledOnPublicRecordAreResidentForTaxPurposesAbstract" xlink:to="loc_gri_CorporateIncomeTaxPaidOnCashBasis" order="9.0" use="optional" />
    <link:loc xlink:type="locator" xlink:href="../core/gri_srs_core_2025-06-23.xsd#gri_ReasonForOmissionRelatedToCorporateIncomeTaxPaidOnCashBasis" xlink:label="loc_gri_ReasonForOmissionRelatedToCorporateIncomeTaxPaidOnCashBasis" />
    <link:definitionArc xlink:type="arc" xlink:arcrole="http://xbrl.org/int/dim/arcrole/domain-member" xlink:from="loc_gri_CorporateIncomeTaxPaidOnCashBasis" xlink:to="loc_gri_ReasonForOmissionRelatedToCorporateIncomeTaxPaidOnCashBasis" order="1.0" use="optional" />
    <link:loc xlink:type="locator" xlink:href="../core/gri_srs_core_2025-06-23.xsd#gri_ExplanationForReasonForOmissionRelatedToCorporateIncomeTaxPaidOnCashBasisTextBlock" xlink:label="loc_gri_ExplanationForReasonForOmissionRelatedToCorporateIncomeTaxPaidOnCashBasisTextBlock" />
    <link:definitionArc xlink:type="arc" xlink:arcrole="http://xbrl.org/int/dim/arcrole/domain-member" xlink:from="loc_gri_CorporateIncomeTaxPaidOnCashBasis" xlink:to="loc_gri_ExplanationForReasonForOmissionRelatedToCorporateIncomeTaxPaidOnCashBasisTextBlock" order="2.0" use="optional" />
    <link:loc xlink:type="locator" xlink:href="../core/gri_srs_core_2025-06-23.xsd#gri_CorporateIncomeTaxAccruedOnProfitOrLoss" xlink:label="loc_gri_CorporateIncomeTaxAccruedOnProfitOrLoss" />
    <link:definitionArc xlink:type="arc" xlink:arcrole="http://xbrl.org/int/dim/arcrole/domain-member" xlink:from="loc_gri_AllTaxJurisdictionsThatAreNotCountriesWhereEntitiesIncludedInOrganizationsAuditedConsolidatedFinancialStatementsOrInFinancialInformationFiledOnPublicRecordAreResidentForTaxPurposesAbstract" xlink:to="loc_gri_CorporateIncomeTaxAccruedOnProfitOrLoss" order="10.0" use="optional" />
    <link:loc xlink:type="locator" xlink:href="../core/gri_srs_core_2025-06-23.xsd#gri_ReasonForOmissionRelatedToCorporateIncomeTaxAccruedOnProfitOrLoss" xlink:label="loc_gri_ReasonForOmissionRelatedToCorporateIncomeTaxAccruedOnProfitOrLoss" />
    <link:definitionArc xlink:type="arc" xlink:arcrole="http://xbrl.org/int/dim/arcrole/domain-member" xlink:from="loc_gri_CorporateIncomeTaxAccruedOnProfitOrLoss" xlink:to="loc_gri_ReasonForOmissionRelatedToCorporateIncomeTaxAccruedOnProfitOrLoss" order="1.0" use="optional" />
    <link:loc xlink:type="locator" xlink:href="../core/gri_srs_core_2025-06-23.xsd#gri_ExplanationForReasonForOmissionRelatedToCorporateIncomeTaxAccruedOnProfitOrLossTextBlock" xlink:label="loc_gri_ExplanationForReasonForOmissionRelatedToCorporateIncomeTaxAccruedOnProfitOrLossTextBlock" />
    <link:definitionArc xlink:type="arc" xlink:arcrole="http://xbrl.org/int/dim/arcrole/domain-member" xlink:from="loc_gri_CorporateIncomeTaxAccruedOnProfitOrLoss" xlink:to="loc_gri_ExplanationForReasonForOmissionRelatedToCorporateIncomeTaxAccruedOnProfitOrLossTextBlock" order="2.0" use="optional" />
    <link:loc xlink:type="locator" xlink:href="../core/gri_srs_core_2025-06-23.xsd#gri_ReasonsForDifferenceBetweenCorporateIncomeTaxAccruedOnProfitOrLossAndTaxDueIfStatutoryTaxRateIsAppliedToProfitOrLossBeforeTaxTextBlock" xlink:label="loc_gri_ReasonsForDifferenceBetweenCorporateIncomeTaxAccruedOnProfitOrLossAndTaxDueIfStatutoryTaxRateIsAppliedToProfitOrLossBeforeTaxTextBlock" />
    <link:definitionArc xlink:type="arc" xlink:arcrole="http://xbrl.org/int/dim/arcrole/domain-member" xlink:from="loc_gri_AllTaxJurisdictionsThatAreNotCountriesWhereEntitiesIncludedInOrganizationsAuditedConsolidatedFinancialStatementsOrInFinancialInformationFiledOnPublicRecordAreResidentForTaxPurposesAbstract" xlink:to="loc_gri_ReasonsForDifferenceBetweenCorporateIncomeTaxAccruedOnProfitOrLossAndTaxDueIfStatutoryTaxRateIsAppliedToProfitOrLossBeforeTaxTextBlock" order="11.0" use="optional" />
    <link:loc xlink:type="locator" xlink:href="../core/gri_srs_core_2025-06-23.xsd#gri_ReasonForOmissionRelatedToDescriptionOfReasonsForDifferenceBetweenCorporateIncomeTaxAccruedOnProfitOrLossAndTaxDueIfStatutoryTaxRateIsAppliedToProfitOrLossBeforeTax" xlink:label="loc_gri_ReasonForOmissionRelatedToDescriptionOfReasonsForDifferenceBetweenCorporateIncomeTaxAccruedOnProfitOrLossAndTaxDueIfStatutoryTaxRateIsAppliedToProfitOrLossBeforeTax" />
    <link:definitionArc xlink:type="arc" xlink:arcrole="http://xbrl.org/int/dim/arcrole/domain-member" xlink:from="loc_gri_ReasonsForDifferenceBetweenCorporateIncomeTaxAccruedOnProfitOrLossAndTaxDueIfStatutoryTaxRateIsAppliedToProfitOrLossBeforeTaxTextBlock" xlink:to="loc_gri_ReasonForOmissionRelatedToDescriptionOfReasonsForDifferenceBetweenCorporateIncomeTaxAccruedOnProfitOrLossAndTaxDueIfStatutoryTaxRateIsAppliedToProfitOrLossBeforeTax" order="1.0" use="optional" />
    <link:loc xlink:type="locator" xlink:href="../core/gri_srs_core_2025-06-23.xsd#gri_ExplanationForReasonForOmissionRelatedToDescriptionOfReasonsForDifferenceBetweenCorporateIncomeTaxAccruedOnProfitOrLossAndTaxDueIfStatutoryTaxRateIsAppliedToProfitOrLossBeforeTaxTextBlock" xlink:label="loc_gri_ExplanationForReasonForOmissionRelatedToDescriptionOfReasonsForDifferenceBetweenCorporateIncomeTaxAccruedOnProfitOrLossAndTaxDueIfStatutoryTaxRateIsAppliedToProfitOrLossBeforeTaxTextBlock" />
    <link:definitionArc xlink:type="arc" xlink:arcrole="http://xbrl.org/int/dim/arcrole/domain-member" xlink:from="loc_gri_ReasonsForDifferenceBetweenCorporateIncomeTaxAccruedOnProfitOrLossAndTaxDueIfStatutoryTaxRateIsAppliedToProfitOrLossBeforeTaxTextBlock" xlink:to="loc_gri_ExplanationForReasonForOmissionRelatedToDescriptionOfReasonsForDifferenceBetweenCorporateIncomeTaxAccruedOnProfitOrLossAndTaxDueIfStatutoryTaxRateIsAppliedToProfitOrLossBeforeTaxTextBlock" order="2.0" use="optional" />
  </link:definitionLink>
  <link:definitionLink xlink:type="extended" xlink:role="https://taxonomy.globalreporting.org/gri-sustainability-taxonomy/gri_srs/gri_srs_role/role_gri_207_4_TJ_D">
    <link:loc xlink:type="locator" xlink:href="../core/gri_srs_core_2025-06-23.xsd#gri_ReportingByTaxJurisdictionAbstract" xlink:label="loc_gri_ReportingByTaxJurisdictionAbstract" />
    <link:loc xlink:type="locator" xlink:href="../core/gri_srs_core_2025-06-23.xsd#gri_ReportingByTaxJurisdictionTable" xlink:label="loc_gri_ReportingByTaxJurisdictionTable" />
    <link:definitionArc xlink:type="arc" xlink:arcrole="http://xbrl.org/int/dim/arcrole/all" xlink:from="loc_gri_ReportingByTaxJurisdictionAbstract" xlink:to="loc_gri_ReportingByTaxJurisdictionTable" order="1.0" xbrldt:contextElement="scenario" xbrldt:closed="false" use="optional" />
    <link:loc xlink:type="locator" xlink:href="../core/gri_srs_core_2025-06-23.xsd#gri_ReportingByTaxJurisdictionLineItems" xlink:label="loc_gri_ReportingByTaxJurisdictionLineItems" />
    <link:definitionArc xlink:type="arc" xlink:arcrole="http://xbrl.org/int/dim/arcrole/domain-member" xlink:from="loc_gri_ReportingByTaxJurisdictionAbstract" xlink:to="loc_gri_ReportingByTaxJurisdictionLineItems" order="2.0" use="optional" />
    <link:loc xlink:type="locator" xlink:href="../core/gri_srs_core_2025-06-23.xsd#gri_AllTaxJurisdictionsThatAreNotCountriesWhereEntitiesIncludedInOrganizationsAuditedConsolidatedFinancialStatementsOrInFinancialInformationFiledOnPublicRecordAreResidentForTaxPurposesAbstract" xlink:label="loc_gri_AllTaxJurisdictionsThatAreNotCountriesWhereEntitiesIncludedInOrganizationsAuditedConsolidatedFinancialStatementsOrInFinancialInformationFiledOnPublicRecordAreResidentForTaxPurposesAbstract" />
    <link:definitionArc xlink:type="arc" xlink:arcrole="http://xbrl.org/int/dim/arcrole/domain-member" xlink:from="loc_gri_ReportingByTaxJurisdictionLineItems" xlink:to="loc_gri_AllTaxJurisdictionsThatAreNotCountriesWhereEntitiesIncludedInOrganizationsAuditedConsolidatedFinancialStatementsOrInFinancialInformationFiledOnPublicRecordAreResidentForTaxPurposesAbstract" order="1.0" use="optional" />
    <link:loc xlink:type="locator" xlink:href="../core/gri_srs_core_2025-06-23.xsd#gri_NamesOfResidentEntitiesTextBlock" xlink:label="loc_gri_NamesOfResidentEntitiesTextBlock" />
    <link:definitionArc xlink:type="arc" xlink:arcrole="http://xbrl.org/int/dim/arcrole/domain-member" xlink:from="loc_gri_AllTaxJurisdictionsThatAreNotCountriesWhereEntitiesIncludedInOrganizationsAuditedConsolidatedFinancialStatementsOrInFinancialInformationFiledOnPublicRecordAreResidentForTaxPurposesAbstract" xlink:to="loc_gri_NamesOfResidentEntitiesTextBlock" order="1.0" use="optional" />
    <link:loc xlink:type="locator" xlink:href="../core/gri_srs_core_2025-06-23.xsd#gri_ReasonForOmissionRelatedToNamesOfResidentEntities" xlink:label="loc_gri_ReasonForOmissionRelatedToNamesOfResidentEntities" />
    <link:definitionArc xlink:type="arc" xlink:arcrole="http://xbrl.org/int/dim/arcrole/domain-member" xlink:from="loc_gri_NamesOfResidentEntitiesTextBlock" xlink:to="loc_gri_ReasonForOmissionRelatedToNamesOfResidentEntities" order="1.0" use="optional" />
    <link:loc xlink:type="locator" xlink:href="../core/gri_srs_core_2025-06-23.xsd#gri_ExplanationForReasonForOmissionRelatedToNamesOfResidentEntitiesTextBlock" xlink:label="loc_gri_ExplanationForReasonForOmissionRelatedToNamesOfResidentEntitiesTextBlock" />
    <link:definitionArc xlink:type="arc" xlink:arcrole="http://xbrl.org/int/dim/arcrole/domain-member" xlink:from="loc_gri_NamesOfResidentEntitiesTextBlock" xlink:to="loc_gri_ExplanationForReasonForOmissionRelatedToNamesOfResidentEntitiesTextBlock" order="2.0" use="optional" />
    <link:loc xlink:type="locator" xlink:href="../core/gri_srs_core_2025-06-23.xsd#gri_DescriptionOfPrimaryActivitiesOfOrganizationTextBlock" xlink:label="loc_gri_DescriptionOfPrimaryActivitiesOfOrganizationTextBlock" />
    <link:definitionArc xlink:type="arc" xlink:arcrole="http://xbrl.org/int/dim/arcrole/domain-member" xlink:from="loc_gri_AllTaxJurisdictionsThatAreNotCountriesWhereEntitiesIncludedInOrganizationsAuditedConsolidatedFinancialStatementsOrInFinancialInformationFiledOnPublicRecordAreResidentForTaxPurposesAbstract" xlink:to="loc_gri_DescriptionOfPrimaryActivitiesOfOrganizationTextBlock" order="2.0" use="optional" />
    <link:loc xlink:type="locator" xlink:href="../core/gri_srs_core_2025-06-23.xsd#gri_ReasonForOmissionRelatedToDescriptionOfPrimaryActivitiesOfOrganization" xlink:label="loc_gri_ReasonForOmissionRelatedToDescriptionOfPrimaryActivitiesOfOrganization" />
    <link:definitionArc xlink:type="arc" xlink:arcrole="http://xbrl.org/int/dim/arcrole/domain-member" xlink:from="loc_gri_DescriptionOfPrimaryActivitiesOfOrganizationTextBlock" xlink:to="loc_gri_ReasonForOmissionRelatedToDescriptionOfPrimaryActivitiesOfOrganization" order="1.0" use="optional" />
    <link:loc xlink:type="locator" xlink:href="../core/gri_srs_core_2025-06-23.xsd#gri_ExplanationForReasonForOmissionRelatedToDescriptionOfPrimaryActivitiesOfOrganizationTextBlock" xlink:label="loc_gri_ExplanationForReasonForOmissionRelatedToDescriptionOfPrimaryActivitiesOfOrganizationTextBlock" />
    <link:definitionArc xlink:type="arc" xlink:arcrole="http://xbrl.org/int/dim/arcrole/domain-member" xlink:from="loc_gri_DescriptionOfPrimaryActivitiesOfOrganizationTextBlock" xlink:to="loc_gri_ExplanationForReasonForOmissionRelatedToDescriptionOfPrimaryActivitiesOfOrganizationTextBlock" order="2.0" use="optional" />
    <link:loc xlink:type="locator" xlink:href="../core/gri_srs_core_2025-06-23.xsd#gri_NumberOfEmployees" xlink:label="loc_gri_NumberOfEmployees" />
    <link:definitionArc xlink:type="arc" xlink:arcrole="http://xbrl.org/int/dim/arcrole/domain-member" xlink:from="loc_gri_AllTaxJurisdictionsThatAreNotCountriesWhereEntitiesIncludedInOrganizationsAuditedConsolidatedFinancialStatementsOrInFinancialInformationFiledOnPublicRecordAreResidentForTaxPurposesAbstract" xlink:to="loc_gri_NumberOfEmployees" order="3.0" use="optional" />
    <link:loc xlink:type="locator" xlink:href="../core/gri_srs_core_2025-06-23.xsd#gri_ReasonForOmissionRelatedToNumberOfEmployees" xlink:label="loc_gri_ReasonForOmissionRelatedToNumberOfEmployees" />
    <link:definitionArc xlink:type="arc" xlink:arcrole="http://xbrl.org/int/dim/arcrole/domain-member" xlink:from="loc_gri_NumberOfEmployees" xlink:to="loc_gri_ReasonForOmissionRelatedToNumberOfEmployees" order="1.0" use="optional" />
    <link:loc xlink:type="locator" xlink:href="../core/gri_srs_core_2025-06-23.xsd#gri_ExplanationForReasonForOmissionRelatedToNumberOfEmployeesTextBlock" xlink:label="loc_gri_ExplanationForReasonForOmissionRelatedToNumberOfEmployeesTextBlock" />
    <link:definitionArc xlink:type="arc" xlink:arcrole="http://xbrl.org/int/dim/arcrole/domain-member" xlink:from="loc_gri_NumberOfEmployees" xlink:to="loc_gri_ExplanationForReasonForOmissionRelatedToNumberOfEmployeesTextBlock" order="2.0" use="optional" />
    <link:loc xlink:type="locator" xlink:href="../core/gri_srs_core_2025-06-23.xsd#gri_BasisOfCalculationOfNumberOfEmployeesTextBlock" xlink:label="loc_gri_BasisOfCalculationOfNumberOfEmployeesTextBlock" />
    <link:definitionArc xlink:type="arc" xlink:arcrole="http://xbrl.org/int/dim/arcrole/domain-member" xlink:from="loc_gri_AllTaxJurisdictionsThatAreNotCountriesWhereEntitiesIncludedInOrganizationsAuditedConsolidatedFinancialStatementsOrInFinancialInformationFiledOnPublicRecordAreResidentForTaxPurposesAbstract" xlink:to="loc_gri_BasisOfCalculationOfNumberOfEmployeesTextBlock" order="4.0" use="optional" />
    <link:loc xlink:type="locator" xlink:href="../core/gri_srs_core_2025-06-23.xsd#gri_ReasonForOmissionRelatedToBasisOfCalculationOfNumberOfEmployees" xlink:label="loc_gri_ReasonForOmissionRelatedToBasisOfCalculationOfNumberOfEmployees" />
    <link:definitionArc xlink:type="arc" xlink:arcrole="http://xbrl.org/int/dim/arcrole/domain-member" xlink:from="loc_gri_BasisOfCalculationOfNumberOfEmployeesTextBlock" xlink:to="loc_gri_ReasonForOmissionRelatedToBasisOfCalculationOfNumberOfEmployees" order="1.0" use="optional" />
    <link:loc xlink:type="locator" xlink:href="../core/gri_srs_core_2025-06-23.xsd#gri_ExplanationForReasonForOmissionRelatedToBasisOfCalculationOfNumberOfEmployeesTextBlock" xlink:label="loc_gri_ExplanationForReasonForOmissionRelatedToBasisOfCalculationOfNumberOfEmployeesTextBlock" />
    <link:definitionArc xlink:type="arc" xlink:arcrole="http://xbrl.org/int/dim/arcrole/domain-member" xlink:from="loc_gri_BasisOfCalculationOfNumberOfEmployeesTextBlock" xlink:to="loc_gri_ExplanationForReasonForOmissionRelatedToBasisOfCalculationOfNumberOfEmployeesTextBlock" order="2.0" use="optional" />
    <link:loc xlink:type="locator" xlink:href="../core/gri_srs_core_2025-06-23.xsd#gri_RevenuesFromThirdPartySales" xlink:label="loc_gri_RevenuesFromThirdPartySales" />
    <link:definitionArc xlink:type="arc" xlink:arcrole="http://xbrl.org/int/dim/arcrole/domain-member" xlink:from="loc_gri_AllTaxJurisdictionsThatAreNotCountriesWhereEntitiesIncludedInOrganizationsAuditedConsolidatedFinancialStatementsOrInFinancialInformationFiledOnPublicRecordAreResidentForTaxPurposesAbstract" xlink:to="loc_gri_RevenuesFromThirdPartySales" order="5.0" use="optional" />
    <link:loc xlink:type="locator" xlink:href="../core/gri_srs_core_2025-06-23.xsd#gri_ReasonForOmissionRelatedToRevenuesFromThirdPartySales" xlink:label="loc_gri_ReasonForOmissionRelatedToRevenuesFromThirdPartySales" />
    <link:definitionArc xlink:type="arc" xlink:arcrole="http://xbrl.org/int/dim/arcrole/domain-member" xlink:from="loc_gri_RevenuesFromThirdPartySales" xlink:to="loc_gri_ReasonForOmissionRelatedToRevenuesFromThirdPartySales" order="1.0" use="optional" />
    <link:loc xlink:type="locator" xlink:href="../core/gri_srs_core_2025-06-23.xsd#gri_ExplanationForReasonForOmissionRelatedToRevenuesFromThirdPartySalesTextBlock" xlink:label="loc_gri_ExplanationForReasonForOmissionRelatedToRevenuesFromThirdPartySalesTextBlock" />
    <link:definitionArc xlink:type="arc" xlink:arcrole="http://xbrl.org/int/dim/arcrole/domain-member" xlink:from="loc_gri_RevenuesFromThirdPartySales" xlink:to="loc_gri_ExplanationForReasonForOmissionRelatedToRevenuesFromThirdPartySalesTextBlock" order="2.0" use="optional" />
    <link:loc xlink:type="locator" xlink:href="../core/gri_srs_core_2025-06-23.xsd#gri_RevenuesFromIntraGroupTransactionsWithOtherTaxJurisdictions" xlink:label="loc_gri_RevenuesFromIntraGroupTransactionsWithOtherTaxJurisdictions" />
    <link:definitionArc xlink:type="arc" xlink:arcrole="http://xbrl.org/int/dim/arcrole/domain-member" xlink:from="loc_gri_AllTaxJurisdictionsThatAreNotCountriesWhereEntitiesIncludedInOrganizationsAuditedConsolidatedFinancialStatementsOrInFinancialInformationFiledOnPublicRecordAreResidentForTaxPurposesAbstract" xlink:to="loc_gri_RevenuesFromIntraGroupTransactionsWithOtherTaxJurisdictions" order="6.0" use="optional" />
    <link:loc xlink:type="locator" xlink:href="../core/gri_srs_core_2025-06-23.xsd#gri_ReasonForOmissionRelatedToRevenuesFromIntraGroupTransactionsWithOtherTaxJurisdictions" xlink:label="loc_gri_ReasonForOmissionRelatedToRevenuesFromIntraGroupTransactionsWithOtherTaxJurisdictions" />
    <link:definitionArc xlink:type="arc" xlink:arcrole="http://xbrl.org/int/dim/arcrole/domain-member" xlink:from="loc_gri_RevenuesFromIntraGroupTransactionsWithOtherTaxJurisdictions" xlink:to="loc_gri_ReasonForOmissionRelatedToRevenuesFromIntraGroupTransactionsWithOtherTaxJurisdictions" order="1.0" use="optional" />
    <link:loc xlink:type="locator" xlink:href="../core/gri_srs_core_2025-06-23.xsd#gri_ExplanationForReasonForOmissionRelatedToRevenuesFromIntraGroupTransactionsWithOtherTaxJurisdictionsTextBlock" xlink:label="loc_gri_ExplanationForReasonForOmissionRelatedToRevenuesFromIntraGroupTransactionsWithOtherTaxJurisdictionsTextBlock" />
    <link:definitionArc xlink:type="arc" xlink:arcrole="http://xbrl.org/int/dim/arcrole/domain-member" xlink:from="loc_gri_RevenuesFromIntraGroupTransactionsWithOtherTaxJurisdictions" xlink:to="loc_gri_ExplanationForReasonForOmissionRelatedToRevenuesFromIntraGroupTransactionsWithOtherTaxJurisdictionsTextBlock" order="2.0" use="optional" />
    <link:loc xlink:type="locator" xlink:href="../core/gri_srs_core_2025-06-23.xsd#gri_ProfitOrLossBeforeTax" xlink:label="loc_gri_ProfitOrLossBeforeTax" />
    <link:definitionArc xlink:type="arc" xlink:arcrole="http://xbrl.org/int/dim/arcrole/domain-member" xlink:from="loc_gri_AllTaxJurisdictionsThatAreNotCountriesWhereEntitiesIncludedInOrganizationsAuditedConsolidatedFinancialStatementsOrInFinancialInformationFiledOnPublicRecordAreResidentForTaxPurposesAbstract" xlink:to="loc_gri_ProfitOrLossBeforeTax" order="7.0" use="optional" />
    <link:loc xlink:type="locator" xlink:href="../core/gri_srs_core_2025-06-23.xsd#gri_ReasonForOmissionRelatedToProfitOrLossBeforeTax" xlink:label="loc_gri_ReasonForOmissionRelatedToProfitOrLossBeforeTax" />
    <link:definitionArc xlink:type="arc" xlink:arcrole="http://xbrl.org/int/dim/arcrole/domain-member" xlink:from="loc_gri_ProfitOrLossBeforeTax" xlink:to="loc_gri_ReasonForOmissionRelatedToProfitOrLossBeforeTax" order="1.0" use="optional" />
    <link:loc xlink:type="locator" xlink:href="../core/gri_srs_core_2025-06-23.xsd#gri_ExplanationForReasonForOmissionRelatedToProfitOrLossBeforeTaxTextBlock" xlink:label="loc_gri_ExplanationForReasonForOmissionRelatedToProfitOrLossBeforeTaxTextBlock" />
    <link:definitionArc xlink:type="arc" xlink:arcrole="http://xbrl.org/int/dim/arcrole/domain-member" xlink:from="loc_gri_ProfitOrLossBeforeTax" xlink:to="loc_gri_ExplanationForReasonForOmissionRelatedToProfitOrLossBeforeTaxTextBlock" order="2.0" use="optional" />
    <link:loc xlink:type="locator" xlink:href="../core/gri_srs_core_2025-06-23.xsd#gri_TangibleAssetsOtherThanCashAndCashEquivalents" xlink:label="loc_gri_TangibleAssetsOtherThanCashAndCashEquivalents" />
    <link:definitionArc xlink:type="arc" xlink:arcrole="http://xbrl.org/int/dim/arcrole/domain-member" xlink:from="loc_gri_AllTaxJurisdictionsThatAreNotCountriesWhereEntitiesIncludedInOrganizationsAuditedConsolidatedFinancialStatementsOrInFinancialInformationFiledOnPublicRecordAreResidentForTaxPurposesAbstract" xlink:to="loc_gri_TangibleAssetsOtherThanCashAndCashEquivalents" order="8.0" use="optional" />
    <link:loc xlink:type="locator" xlink:href="../core/gri_srs_core_2025-06-23.xsd#gri_ReasonForOmissionRelatedToTangibleAssetsOtherThanCashAndCashEquivalents" xlink:label="loc_gri_ReasonForOmissionRelatedToTangibleAssetsOtherThanCashAndCashEquivalents" />
    <link:definitionArc xlink:type="arc" xlink:arcrole="http://xbrl.org/int/dim/arcrole/domain-member" xlink:from="loc_gri_TangibleAssetsOtherThanCashAndCashEquivalents" xlink:to="loc_gri_ReasonForOmissionRelatedToTangibleAssetsOtherThanCashAndCashEquivalents" order="1.0" use="optional" />
    <link:loc xlink:type="locator" xlink:href="../core/gri_srs_core_2025-06-23.xsd#gri_ExplanationForReasonForOmissionRelatedToTangibleAssetsOtherThanCashAndCashEquivalentsTextBlock" xlink:label="loc_gri_ExplanationForReasonForOmissionRelatedToTangibleAssetsOtherThanCashAndCashEquivalentsTextBlock" />
    <link:definitionArc xlink:type="arc" xlink:arcrole="http://xbrl.org/int/dim/arcrole/domain-member" xlink:from="loc_gri_TangibleAssetsOtherThanCashAndCashEquivalents" xlink:to="loc_gri_ExplanationForReasonForOmissionRelatedToTangibleAssetsOtherThanCashAndCashEquivalentsTextBlock" order="2.0" use="optional" />
    <link:loc xlink:type="locator" xlink:href="../core/gri_srs_core_2025-06-23.xsd#gri_CorporateIncomeTaxPaidOnCashBasis" xlink:label="loc_gri_CorporateIncomeTaxPaidOnCashBasis" />
    <link:definitionArc xlink:type="arc" xlink:arcrole="http://xbrl.org/int/dim/arcrole/domain-member" xlink:from="loc_gri_AllTaxJurisdictionsThatAreNotCountriesWhereEntitiesIncludedInOrganizationsAuditedConsolidatedFinancialStatementsOrInFinancialInformationFiledOnPublicRecordAreResidentForTaxPurposesAbstract" xlink:to="loc_gri_CorporateIncomeTaxPaidOnCashBasis" order="9.0" use="optional" />
    <link:loc xlink:type="locator" xlink:href="../core/gri_srs_core_2025-06-23.xsd#gri_ReasonForOmissionRelatedToCorporateIncomeTaxPaidOnCashBasis" xlink:label="loc_gri_ReasonForOmissionRelatedToCorporateIncomeTaxPaidOnCashBasis" />
    <link:definitionArc xlink:type="arc" xlink:arcrole="http://xbrl.org/int/dim/arcrole/domain-member" xlink:from="loc_gri_CorporateIncomeTaxPaidOnCashBasis" xlink:to="loc_gri_ReasonForOmissionRelatedToCorporateIncomeTaxPaidOnCashBasis" order="1.0" use="optional" />
    <link:loc xlink:type="locator" xlink:href="../core/gri_srs_core_2025-06-23.xsd#gri_ExplanationForReasonForOmissionRelatedToCorporateIncomeTaxPaidOnCashBasisTextBlock" xlink:label="loc_gri_ExplanationForReasonForOmissionRelatedToCorporateIncomeTaxPaidOnCashBasisTextBlock" />
    <link:definitionArc xlink:type="arc" xlink:arcrole="http://xbrl.org/int/dim/arcrole/domain-member" xlink:from="loc_gri_CorporateIncomeTaxPaidOnCashBasis" xlink:to="loc_gri_ExplanationForReasonForOmissionRelatedToCorporateIncomeTaxPaidOnCashBasisTextBlock" order="2.0" use="optional" />
    <link:loc xlink:type="locator" xlink:href="../core/gri_srs_core_2025-06-23.xsd#gri_CorporateIncomeTaxAccruedOnProfitOrLoss" xlink:label="loc_gri_CorporateIncomeTaxAccruedOnProfitOrLoss" />
    <link:definitionArc xlink:type="arc" xlink:arcrole="http://xbrl.org/int/dim/arcrole/domain-member" xlink:from="loc_gri_AllTaxJurisdictionsThatAreNotCountriesWhereEntitiesIncludedInOrganizationsAuditedConsolidatedFinancialStatementsOrInFinancialInformationFiledOnPublicRecordAreResidentForTaxPurposesAbstract" xlink:to="loc_gri_CorporateIncomeTaxAccruedOnProfitOrLoss" order="10.0" use="optional" />
    <link:loc xlink:type="locator" xlink:href="../core/gri_srs_core_2025-06-23.xsd#gri_ReasonForOmissionRelatedToCorporateIncomeTaxAccruedOnProfitOrLoss" xlink:label="loc_gri_ReasonForOmissionRelatedToCorporateIncomeTaxAccruedOnProfitOrLoss" />
    <link:definitionArc xlink:type="arc" xlink:arcrole="http://xbrl.org/int/dim/arcrole/domain-member" xlink:from="loc_gri_CorporateIncomeTaxAccruedOnProfitOrLoss" xlink:to="loc_gri_ReasonForOmissionRelatedToCorporateIncomeTaxAccruedOnProfitOrLoss" order="1.0" use="optional" />
    <link:loc xlink:type="locator" xlink:href="../core/gri_srs_core_2025-06-23.xsd#gri_ExplanationForReasonForOmissionRelatedToCorporateIncomeTaxAccruedOnProfitOrLossTextBlock" xlink:label="loc_gri_ExplanationForReasonForOmissionRelatedToCorporateIncomeTaxAccruedOnProfitOrLossTextBlock" />
    <link:definitionArc xlink:type="arc" xlink:arcrole="http://xbrl.org/int/dim/arcrole/domain-member" xlink:from="loc_gri_CorporateIncomeTaxAccruedOnProfitOrLoss" xlink:to="loc_gri_ExplanationForReasonForOmissionRelatedToCorporateIncomeTaxAccruedOnProfitOrLossTextBlock" order="2.0" use="optional" />
    <link:loc xlink:type="locator" xlink:href="../core/gri_srs_core_2025-06-23.xsd#gri_ReasonsForDifferenceBetweenCorporateIncomeTaxAccruedOnProfitOrLossAndTaxDueIfStatutoryTaxRateIsAppliedToProfitOrLossBeforeTaxTextBlock" xlink:label="loc_gri_ReasonsForDifferenceBetweenCorporateIncomeTaxAccruedOnProfitOrLossAndTaxDueIfStatutoryTaxRateIsAppliedToProfitOrLossBeforeTaxTextBlock" />
    <link:definitionArc xlink:type="arc" xlink:arcrole="http://xbrl.org/int/dim/arcrole/domain-member" xlink:from="loc_gri_AllTaxJurisdictionsThatAreNotCountriesWhereEntitiesIncludedInOrganizationsAuditedConsolidatedFinancialStatementsOrInFinancialInformationFiledOnPublicRecordAreResidentForTaxPurposesAbstract" xlink:to="loc_gri_ReasonsForDifferenceBetweenCorporateIncomeTaxAccruedOnProfitOrLossAndTaxDueIfStatutoryTaxRateIsAppliedToProfitOrLossBeforeTaxTextBlock" order="11.0" use="optional" />
    <link:loc xlink:type="locator" xlink:href="../core/gri_srs_core_2025-06-23.xsd#gri_ReasonForOmissionRelatedToDescriptionOfReasonsForDifferenceBetweenCorporateIncomeTaxAccruedOnProfitOrLossAndTaxDueIfStatutoryTaxRateIsAppliedToProfitOrLossBeforeTax" xlink:label="loc_gri_ReasonForOmissionRelatedToDescriptionOfReasonsForDifferenceBetweenCorporateIncomeTaxAccruedOnProfitOrLossAndTaxDueIfStatutoryTaxRateIsAppliedToProfitOrLossBeforeTax" />
    <link:definitionArc xlink:type="arc" xlink:arcrole="http://xbrl.org/int/dim/arcrole/domain-member" xlink:from="loc_gri_ReasonsForDifferenceBetweenCorporateIncomeTaxAccruedOnProfitOrLossAndTaxDueIfStatutoryTaxRateIsAppliedToProfitOrLossBeforeTaxTextBlock" xlink:to="loc_gri_ReasonForOmissionRelatedToDescriptionOfReasonsForDifferenceBetweenCorporateIncomeTaxAccruedOnProfitOrLossAndTaxDueIfStatutoryTaxRateIsAppliedToProfitOrLossBeforeTax" order="1.0" use="optional" />
    <link:loc xlink:type="locator" xlink:href="../core/gri_srs_core_2025-06-23.xsd#gri_ExplanationForReasonForOmissionRelatedToDescriptionOfReasonsForDifferenceBetweenCorporateIncomeTaxAccruedOnProfitOrLossAndTaxDueIfStatutoryTaxRateIsAppliedToProfitOrLossBeforeTaxTextBlock" xlink:label="loc_gri_ExplanationForReasonForOmissionRelatedToDescriptionOfReasonsForDifferenceBetweenCorporateIncomeTaxAccruedOnProfitOrLossAndTaxDueIfStatutoryTaxRateIsAppliedToProfitOrLossBeforeTaxTextBlock" />
    <link:definitionArc xlink:type="arc" xlink:arcrole="http://xbrl.org/int/dim/arcrole/domain-member" xlink:from="loc_gri_ReasonsForDifferenceBetweenCorporateIncomeTaxAccruedOnProfitOrLossAndTaxDueIfStatutoryTaxRateIsAppliedToProfitOrLossBeforeTaxTextBlock" xlink:to="loc_gri_ExplanationForReasonForOmissionRelatedToDescriptionOfReasonsForDifferenceBetweenCorporateIncomeTaxAccruedOnProfitOrLossAndTaxDueIfStatutoryTaxRateIsAppliedToProfitOrLossBeforeTaxTextBlock" order="2.0" use="optional" />
  </link:definitionLink>
</link:linkbase>