﻿<?xml version="1.0" encoding="utf-8"?>
<!-- Generated by GRI Taxonomy Editor-->
<link:linkbase xsi:schemaLocation="http://www.xbrl.org/2003/linkbase http://www.xbrl.org/2003/xbrl-linkbase-2003-12-31.xsd http://xbrl.org/2005/xbrldt http://www.xbrl.org/2005/xbrldt-2005.xsd http://www.xbrl.org/2003/instance http://www.xbrl.org/2003/xbrl-instance-2003-12-31.xsd http://www.w3.org/1999/xlink http://www.xbrl.org/2003/xlink-2003-12-31.xsd " xmlns:link="http://www.xbrl.org/2003/linkbase" xmlns:xbrldt="http://xbrl.org/2005/xbrldt" xmlns:xbrli="http://www.xbrl.org/2003/instance" xmlns:xlink="http://www.w3.org/1999/xlink" xmlns:xsi="http://www.w3.org/2001/XMLSchema-instance">
  <!-- Role Ref -->
  <link:roleRef roleURI="https://taxonomy.globalreporting.org/gri-sustainability-taxonomy/gri_srs/gri_srs_role/role_gri_302_3" xlink:type="simple" xlink:href="role_gri_srs_2025-06-23.xsd#role_gri_302_3" />
  <link:roleRef roleURI="https://taxonomy.globalreporting.org/gri-sustainability-taxonomy/gri_srs/gri_srs_role/role_gri_302-3_D" xlink:type="simple" xlink:href="role_gri_srs_2025-06-23.xsd#role_gri_302-3_D" />
  <!-- ArcRole Ref -->
  <link:arcroleRef arcroleURI="http://xbrl.org/int/dim/arcrole/all" xlink:type="simple" xlink:href="http://www.xbrl.org/2005/xbrldt-2005.xsd#all" />
  <link:arcroleRef arcroleURI="http://xbrl.org/int/dim/arcrole/dimension-domain" xlink:type="simple" xlink:href="http://www.xbrl.org/2005/xbrldt-2005.xsd#dimension-domain" />
  <link:arcroleRef arcroleURI="http://xbrl.org/int/dim/arcrole/domain-member" xlink:type="simple" xlink:href="http://www.xbrl.org/2005/xbrldt-2005.xsd#domain-member" />
  <link:arcroleRef arcroleURI="http://xbrl.org/int/dim/arcrole/hypercube-dimension" xlink:type="simple" xlink:href="http://www.xbrl.org/2005/xbrldt-2005.xsd#hypercube-dimension" />
  <link:definitionLink xlink:type="extended" xlink:role="https://taxonomy.globalreporting.org/gri-sustainability-taxonomy/gri_srs/gri_srs_role/role_gri_302_3">
    <link:loc xlink:type="locator" xlink:href="../core/gri_srs_core_2025-06-23.xsd#gri_DisclosureOfEnergyIntensityAbstract" xlink:label="loc_gri_DisclosureOfEnergyIntensityAbstract" />
    <link:loc xlink:type="locator" xlink:href="../core/gri_srs_core_2025-06-23.xsd#gri_EnergyIntensityRatioTable" xlink:label="loc_gri_EnergyIntensityRatioTable" />
    <link:definitionArc xlink:type="arc" xlink:arcrole="http://xbrl.org/int/dim/arcrole/all" xlink:from="loc_gri_DisclosureOfEnergyIntensityAbstract" xlink:to="loc_gri_EnergyIntensityRatioTable" order="1.0" xbrldt:contextElement="scenario" xbrldt:closed="false" use="optional" />
    <link:loc xlink:type="locator" xlink:href="../core/gri_srs_core_2025-06-23.xsd#gri_SourceOfEnergyIncludedInEnergyIntensityRatioAxis" xlink:label="loc_gri_SourceOfEnergyIncludedInEnergyIntensityRatioAxis" />
    <link:definitionArc xlink:type="arc" xlink:arcrole="http://xbrl.org/int/dim/arcrole/hypercube-dimension" xlink:from="loc_gri_EnergyIntensityRatioTable" xlink:to="loc_gri_SourceOfEnergyIncludedInEnergyIntensityRatioAxis" order="1.0" use="optional" />
    <link:loc xlink:type="locator" xlink:href="../core/gri_srs_core_2025-06-23.xsd#gri_SourceOfEnergyIncludedInEnergyIntensityRatioDomain" xlink:label="loc_gri_SourceOfEnergyIncludedInEnergyIntensityRatioDomain" />
    <link:definitionArc xlink:type="arc" xlink:arcrole="http://xbrl.org/int/dim/arcrole/dimension-domain" xlink:from="loc_gri_SourceOfEnergyIncludedInEnergyIntensityRatioAxis" xlink:to="loc_gri_SourceOfEnergyIncludedInEnergyIntensityRatioDomain" order="1.0" use="optional" />
    <link:loc xlink:type="locator" xlink:href="../core/gri_srs_core_2025-06-23.xsd#gri_WithinOrganizationMember" xlink:label="loc_gri_WithinOrganizationMember" />
    <link:definitionArc xlink:type="arc" xlink:arcrole="http://xbrl.org/int/dim/arcrole/domain-member" xlink:from="loc_gri_SourceOfEnergyIncludedInEnergyIntensityRatioDomain" xlink:to="loc_gri_WithinOrganizationMember" order="1.0" use="optional" />
    <link:loc xlink:type="locator" xlink:href="../core/gri_srs_core_2025-06-23.xsd#gri_OutsideOrganizationMember" xlink:label="loc_gri_OutsideOrganizationMember" />
    <link:definitionArc xlink:type="arc" xlink:arcrole="http://xbrl.org/int/dim/arcrole/domain-member" xlink:from="loc_gri_SourceOfEnergyIncludedInEnergyIntensityRatioDomain" xlink:to="loc_gri_OutsideOrganizationMember" order="2.0" use="optional" />
    <link:loc xlink:type="locator" xlink:href="../core/gri_srs_core_2025-06-23.xsd#gri_OrganizationSpecificMetricDenominatorChosenToCalculateEnergyIntensityRatioAxis" xlink:label="loc_gri_OrganizationSpecificMetricDenominatorChosenToCalculateEnergyIntensityRatioAxis" />
    <link:definitionArc xlink:type="arc" xlink:arcrole="http://xbrl.org/int/dim/arcrole/hypercube-dimension" xlink:from="loc_gri_EnergyIntensityRatioTable" xlink:to="loc_gri_OrganizationSpecificMetricDenominatorChosenToCalculateEnergyIntensityRatioAxis" order="2.0" use="optional" />
    <link:loc xlink:type="locator" xlink:href="../core/gri_srs_core_2025-06-23.xsd#gri_EnergyIntensityRatioLineItems" xlink:label="loc_gri_EnergyIntensityRatioLineItems" />
    <link:definitionArc xlink:type="arc" xlink:arcrole="http://xbrl.org/int/dim/arcrole/domain-member" xlink:from="loc_gri_DisclosureOfEnergyIntensityAbstract" xlink:to="loc_gri_EnergyIntensityRatioLineItems" order="2.0" use="optional" />
    <link:loc xlink:type="locator" xlink:href="../core/gri_srs_core_2025-06-23.xsd#gri_ValueOfOrganizationSpecificMetricDenominatorChosenToCalculateEnergyIntensityRatio" xlink:label="loc_gri_ValueOfOrganizationSpecificMetricDenominatorChosenToCalculateEnergyIntensityRatio" />
    <link:definitionArc xlink:type="arc" xlink:arcrole="http://xbrl.org/int/dim/arcrole/domain-member" xlink:from="loc_gri_EnergyIntensityRatioLineItems" xlink:to="loc_gri_ValueOfOrganizationSpecificMetricDenominatorChosenToCalculateEnergyIntensityRatio" order="1.0" use="optional" />
    <link:loc xlink:type="locator" xlink:href="../core/gri_srs_core_2025-06-23.xsd#gri_EnergyIntensityRatioForOrganization" xlink:label="loc_gri_EnergyIntensityRatioForOrganization" />
    <link:definitionArc xlink:type="arc" xlink:arcrole="http://xbrl.org/int/dim/arcrole/domain-member" xlink:from="loc_gri_EnergyIntensityRatioLineItems" xlink:to="loc_gri_EnergyIntensityRatioForOrganization" order="2.0" use="optional" />
    <link:loc xlink:type="locator" xlink:href="../core/gri_srs_core_2025-06-23.xsd#gri_ReasonForOmissionRelatedToEnergyIntensityRatioForOrganization" xlink:label="loc_gri_ReasonForOmissionRelatedToEnergyIntensityRatioForOrganization" />
    <link:definitionArc xlink:type="arc" xlink:arcrole="http://xbrl.org/int/dim/arcrole/domain-member" xlink:from="loc_gri_EnergyIntensityRatioForOrganization" xlink:to="loc_gri_ReasonForOmissionRelatedToEnergyIntensityRatioForOrganization" order="1.0" use="optional" />
    <link:loc xlink:type="locator" xlink:href="../core/gri_srs_core_2025-06-23.xsd#gri_ExplanationForReasonForOmissionRelatedToEnergyIntensityRatioForOrganizationTextBlock" xlink:label="loc_gri_ExplanationForReasonForOmissionRelatedToEnergyIntensityRatioForOrganizationTextBlock" />
    <link:definitionArc xlink:type="arc" xlink:arcrole="http://xbrl.org/int/dim/arcrole/domain-member" xlink:from="loc_gri_EnergyIntensityRatioForOrganization" xlink:to="loc_gri_ExplanationForReasonForOmissionRelatedToEnergyIntensityRatioForOrganizationTextBlock" order="2.0" use="optional" />
    <link:loc xlink:type="locator" xlink:href="../core/gri_srs_core_2025-06-23.xsd#gri_TypesOfEnergyIncludedInEnergyIntensityRatio" xlink:label="loc_gri_TypesOfEnergyIncludedInEnergyIntensityRatio" />
    <link:definitionArc xlink:type="arc" xlink:arcrole="http://xbrl.org/int/dim/arcrole/domain-member" xlink:from="loc_gri_EnergyIntensityRatioLineItems" xlink:to="loc_gri_TypesOfEnergyIncludedInEnergyIntensityRatio" order="3.0" use="optional" />
    <link:loc xlink:type="locator" xlink:href="../core/gri_srs_core_2025-06-23.xsd#gri_ReasonForOmissionRelatedToTypesOfEnergyIncludedInEnergyIntensityRatio" xlink:label="loc_gri_ReasonForOmissionRelatedToTypesOfEnergyIncludedInEnergyIntensityRatio" />
    <link:definitionArc xlink:type="arc" xlink:arcrole="http://xbrl.org/int/dim/arcrole/domain-member" xlink:from="loc_gri_TypesOfEnergyIncludedInEnergyIntensityRatio" xlink:to="loc_gri_ReasonForOmissionRelatedToTypesOfEnergyIncludedInEnergyIntensityRatio" order="1.0" use="optional" />
    <link:loc xlink:type="locator" xlink:href="../core/gri_srs_core_2025-06-23.xsd#gri_ExplanationForReasonForOmissionRelatedToTypesOfEnergyIncludedInEnergyIntensityRatioTextBlock" xlink:label="loc_gri_ExplanationForReasonForOmissionRelatedToTypesOfEnergyIncludedInEnergyIntensityRatioTextBlock" />
    <link:definitionArc xlink:type="arc" xlink:arcrole="http://xbrl.org/int/dim/arcrole/domain-member" xlink:from="loc_gri_TypesOfEnergyIncludedInEnergyIntensityRatio" xlink:to="loc_gri_ExplanationForReasonForOmissionRelatedToTypesOfEnergyIncludedInEnergyIntensityRatioTextBlock" order="2.0" use="optional" />
  </link:definitionLink>
  <link:definitionLink xlink:type="extended" xlink:role="https://taxonomy.globalreporting.org/gri-sustainability-taxonomy/gri_srs/gri_srs_role/role_gri_302-3_D">
    <link:loc xlink:type="locator" xlink:href="../core/gri_srs_core_2025-06-23.xsd#gri_DisclosureOfEnergyIntensityAbstract" xlink:label="loc_gri_DisclosureOfEnergyIntensityAbstract" />
    <link:loc xlink:type="locator" xlink:href="../core/gri_srs_core_2025-06-23.xsd#gri_EnergyIntensityRatioTable" xlink:label="loc_gri_EnergyIntensityRatioTable" />
    <link:definitionArc xlink:type="arc" xlink:arcrole="http://xbrl.org/int/dim/arcrole/all" xlink:from="loc_gri_DisclosureOfEnergyIntensityAbstract" xlink:to="loc_gri_EnergyIntensityRatioTable" order="1.0" xbrldt:contextElement="scenario" xbrldt:closed="false" use="optional" />
    <link:loc xlink:type="locator" xlink:href="../core/gri_srs_core_2025-06-23.xsd#gri_EnergyIntensityRatioLineItems" xlink:label="loc_gri_EnergyIntensityRatioLineItems" />
    <link:definitionArc xlink:type="arc" xlink:arcrole="http://xbrl.org/int/dim/arcrole/domain-member" xlink:from="loc_gri_DisclosureOfEnergyIntensityAbstract" xlink:to="loc_gri_EnergyIntensityRatioLineItems" order="2.0" use="optional" />
    <link:loc xlink:type="locator" xlink:href="../core/gri_srs_core_2025-06-23.xsd#gri_ValueOfOrganizationSpecificMetricDenominatorChosenToCalculateEnergyIntensityRatio" xlink:label="loc_gri_ValueOfOrganizationSpecificMetricDenominatorChosenToCalculateEnergyIntensityRatio" />
    <link:definitionArc xlink:type="arc" xlink:arcrole="http://xbrl.org/int/dim/arcrole/domain-member" xlink:from="loc_gri_EnergyIntensityRatioLineItems" xlink:to="loc_gri_ValueOfOrganizationSpecificMetricDenominatorChosenToCalculateEnergyIntensityRatio" order="1.0" use="optional" />
    <link:loc xlink:type="locator" xlink:href="../core/gri_srs_core_2025-06-23.xsd#gri_EnergyIntensityRatioForOrganization" xlink:label="loc_gri_EnergyIntensityRatioForOrganization" />
    <link:definitionArc xlink:type="arc" xlink:arcrole="http://xbrl.org/int/dim/arcrole/domain-member" xlink:from="loc_gri_EnergyIntensityRatioLineItems" xlink:to="loc_gri_EnergyIntensityRatioForOrganization" order="2.0" use="optional" />
    <link:loc xlink:type="locator" xlink:href="../core/gri_srs_core_2025-06-23.xsd#gri_ReasonForOmissionRelatedToEnergyIntensityRatioForOrganization" xlink:label="loc_gri_ReasonForOmissionRelatedToEnergyIntensityRatioForOrganization" />
    <link:definitionArc xlink:type="arc" xlink:arcrole="http://xbrl.org/int/dim/arcrole/domain-member" xlink:from="loc_gri_EnergyIntensityRatioForOrganization" xlink:to="loc_gri_ReasonForOmissionRelatedToEnergyIntensityRatioForOrganization" order="1.0" use="optional" />
    <link:loc xlink:type="locator" xlink:href="../core/gri_srs_core_2025-06-23.xsd#gri_ExplanationForReasonForOmissionRelatedToEnergyIntensityRatioForOrganizationTextBlock" xlink:label="loc_gri_ExplanationForReasonForOmissionRelatedToEnergyIntensityRatioForOrganizationTextBlock" />
    <link:definitionArc xlink:type="arc" xlink:arcrole="http://xbrl.org/int/dim/arcrole/domain-member" xlink:from="loc_gri_EnergyIntensityRatioForOrganization" xlink:to="loc_gri_ExplanationForReasonForOmissionRelatedToEnergyIntensityRatioForOrganizationTextBlock" order="2.0" use="optional" />
    <link:loc xlink:type="locator" xlink:href="../core/gri_srs_core_2025-06-23.xsd#gri_TypesOfEnergyIncludedInEnergyIntensityRatio" xlink:label="loc_gri_TypesOfEnergyIncludedInEnergyIntensityRatio" />
    <link:definitionArc xlink:type="arc" xlink:arcrole="http://xbrl.org/int/dim/arcrole/domain-member" xlink:from="loc_gri_EnergyIntensityRatioLineItems" xlink:to="loc_gri_TypesOfEnergyIncludedInEnergyIntensityRatio" order="3.0" use="optional" />
    <link:loc xlink:type="locator" xlink:href="../core/gri_srs_core_2025-06-23.xsd#gri_ReasonForOmissionRelatedToTypesOfEnergyIncludedInEnergyIntensityRatio" xlink:label="loc_gri_ReasonForOmissionRelatedToTypesOfEnergyIncludedInEnergyIntensityRatio" />
    <link:definitionArc xlink:type="arc" xlink:arcrole="http://xbrl.org/int/dim/arcrole/domain-member" xlink:from="loc_gri_TypesOfEnergyIncludedInEnergyIntensityRatio" xlink:to="loc_gri_ReasonForOmissionRelatedToTypesOfEnergyIncludedInEnergyIntensityRatio" order="1.0" use="optional" />
    <link:loc xlink:type="locator" xlink:href="../core/gri_srs_core_2025-06-23.xsd#gri_ExplanationForReasonForOmissionRelatedToTypesOfEnergyIncludedInEnergyIntensityRatioTextBlock" xlink:label="loc_gri_ExplanationForReasonForOmissionRelatedToTypesOfEnergyIncludedInEnergyIntensityRatioTextBlock" />
    <link:definitionArc xlink:type="arc" xlink:arcrole="http://xbrl.org/int/dim/arcrole/domain-member" xlink:from="loc_gri_TypesOfEnergyIncludedInEnergyIntensityRatio" xlink:to="loc_gri_ExplanationForReasonForOmissionRelatedToTypesOfEnergyIncludedInEnergyIntensityRatioTextBlock" order="2.0" use="optional" />
  </link:definitionLink>
</link:linkbase>