﻿<?xml version="1.0" encoding="utf-8"?>
<!-- Generated by GRI Taxonomy Editor-->
<link:linkbase xsi:schemaLocation="http://www.xbrl.org/2003/linkbase http://www.xbrl.org/2003/xbrl-linkbase-2003-12-31.xsd http://www.xbrl.org/2003/instance http://www.xbrl.org/2003/xbrl-instance-2003-12-31.xsd http://www.w3.org/1999/xlink http://www.xbrl.org/2003/xlink-2003-12-31.xsd " xmlns:link="http://www.xbrl.org/2003/linkbase" xmlns:xbrli="http://www.xbrl.org/2003/instance" xmlns:xlink="http://www.w3.org/1999/xlink" xmlns:xsi="http://www.w3.org/2001/XMLSchema-instance">
  <!-- Role Ref -->
  <link:roleRef roleURI="https://taxonomy.globalreporting.org/gri-sustainability-taxonomy/gri_srs/gri_srs_role/role_gri_409" xlink:type="simple" xlink:href="role_gri_srs_2025-06-23.xsd#role_gri_409" />
  <link:presentationLink xlink:type="extended" xlink:role="https://taxonomy.globalreporting.org/gri-sustainability-taxonomy/gri_srs/gri_srs_role/role_gri_409">
    <link:loc xlink:type="locator" xlink:href="../core/gri_srs_core_2025-06-23.xsd#gri_DisclosureOfForcedOrCompulsoryLaborAbstract" xlink:label="loc_gri_DisclosureOfForcedOrCompulsoryLaborAbstract" />
    <link:loc xlink:type="locator" xlink:href="../core/gri_srs_core_2025-06-23.xsd#gri_DisclosureOfOperationsAndSuppliersAtSignificantRiskForIncidentsOfForcedOrCompulsoryLaborAbstract" xlink:label="loc_gri_DisclosureOfOperationsAndSuppliersAtSignificantRiskForIncidentsOfForcedOrCompulsoryLaborAbstract" />
    <link:presentationArc xlink:type="arc" xlink:arcrole="http://www.xbrl.org/2003/arcrole/parent-child" xlink:from="loc_gri_DisclosureOfForcedOrCompulsoryLaborAbstract" xlink:to="loc_gri_DisclosureOfOperationsAndSuppliersAtSignificantRiskForIncidentsOfForcedOrCompulsoryLaborAbstract" order="1.0" preferredLabel="http://www.xbrl.org/2003/role/terseLabel" use="optional" />
    <link:loc xlink:type="locator" xlink:href="../core/gri_srs_core_2025-06-23.xsd#gri_DescriptionOfOperationsConsideredToHaveSignificantRiskForIncidentsOfForcedOrCompulsoryLaborInTermsOfTypeOfOperationTextBlock" xlink:label="loc_gri_DescriptionOfOperationsConsideredToHaveSignificantRiskForIncidentsOfForcedOrCompulsoryLaborInTermsOfTypeOfOperationTextBlock" />
    <link:presentationArc xlink:type="arc" xlink:arcrole="http://www.xbrl.org/2003/arcrole/parent-child" xlink:from="loc_gri_DisclosureOfOperationsAndSuppliersAtSignificantRiskForIncidentsOfForcedOrCompulsoryLaborAbstract" xlink:to="loc_gri_DescriptionOfOperationsConsideredToHaveSignificantRiskForIncidentsOfForcedOrCompulsoryLaborInTermsOfTypeOfOperationTextBlock" order="1.0" preferredLabel="http://www.xbrl.org/2003/role/verboseLabel" use="optional" />
    <link:loc xlink:type="locator" xlink:href="../core/gri_srs_core_2025-06-23.xsd#gri_DescriptionOfSuppliersConsideredToHaveSignificantRiskForIncidentsOfForcedOrCompulsoryLaborInTermsOfTypeOfSupplierTextBlock" xlink:label="loc_gri_DescriptionOfSuppliersConsideredToHaveSignificantRiskForIncidentsOfForcedOrCompulsoryLaborInTermsOfTypeOfSupplierTextBlock" />
    <link:presentationArc xlink:type="arc" xlink:arcrole="http://www.xbrl.org/2003/arcrole/parent-child" xlink:from="loc_gri_DisclosureOfOperationsAndSuppliersAtSignificantRiskForIncidentsOfForcedOrCompulsoryLaborAbstract" xlink:to="loc_gri_DescriptionOfSuppliersConsideredToHaveSignificantRiskForIncidentsOfForcedOrCompulsoryLaborInTermsOfTypeOfSupplierTextBlock" order="2.0" preferredLabel="http://www.xbrl.org/2003/role/verboseLabel" use="optional" />
    <link:loc xlink:type="locator" xlink:href="../core/gri_srs_core_2025-06-23.xsd#gri_DescriptionOfOperationsConsideredToHaveSignificantRiskForIncidentsOfForcedOrCompulsoryLaborInTermsOfCountriesOrGeographicAreasWithOperationsConsideredAtRiskTextBlock" xlink:label="loc_gri_DescriptionOfOperationsConsideredToHaveSignificantRiskForIncidentsOfForcedOrCompulsoryLaborInTermsOfCountriesOrGeographicAreasWithOperationsConsideredAtRiskTextBlock" />
    <link:presentationArc xlink:type="arc" xlink:arcrole="http://www.xbrl.org/2003/arcrole/parent-child" xlink:from="loc_gri_DisclosureOfOperationsAndSuppliersAtSignificantRiskForIncidentsOfForcedOrCompulsoryLaborAbstract" xlink:to="loc_gri_DescriptionOfOperationsConsideredToHaveSignificantRiskForIncidentsOfForcedOrCompulsoryLaborInTermsOfCountriesOrGeographicAreasWithOperationsConsideredAtRiskTextBlock" order="3.0" preferredLabel="http://www.xbrl.org/2003/role/verboseLabel" use="optional" />
    <link:loc xlink:type="locator" xlink:href="../core/gri_srs_core_2025-06-23.xsd#gri_DescriptionOfSuppliersConsideredToHaveSignificantRiskForIncidentsOfForcedOrCompulsoryLaborInTermsOfCountriesOrGeographicAreasWithOperationsConsideredAtRiskTextBlock" xlink:label="loc_gri_DescriptionOfSuppliersConsideredToHaveSignificantRiskForIncidentsOfForcedOrCompulsoryLaborInTermsOfCountriesOrGeographicAreasWithOperationsConsideredAtRiskTextBlock" />
    <link:presentationArc xlink:type="arc" xlink:arcrole="http://www.xbrl.org/2003/arcrole/parent-child" xlink:from="loc_gri_DisclosureOfOperationsAndSuppliersAtSignificantRiskForIncidentsOfForcedOrCompulsoryLaborAbstract" xlink:to="loc_gri_DescriptionOfSuppliersConsideredToHaveSignificantRiskForIncidentsOfForcedOrCompulsoryLaborInTermsOfCountriesOrGeographicAreasWithOperationsConsideredAtRiskTextBlock" order="4.0" preferredLabel="http://www.xbrl.org/2003/role/verboseLabel" use="optional" />
    <link:loc xlink:type="locator" xlink:href="../core/gri_srs_core_2025-06-23.xsd#gri_DescriptionOfMeasuresTakenIntendedToContributeToEliminationOfForcedOrCompulsoryLaborTextBlock" xlink:label="loc_gri_DescriptionOfMeasuresTakenIntendedToContributeToEliminationOfForcedOrCompulsoryLaborTextBlock" />
    <link:presentationArc xlink:type="arc" xlink:arcrole="http://www.xbrl.org/2003/arcrole/parent-child" xlink:from="loc_gri_DisclosureOfOperationsAndSuppliersAtSignificantRiskForIncidentsOfForcedOrCompulsoryLaborAbstract" xlink:to="loc_gri_DescriptionOfMeasuresTakenIntendedToContributeToEliminationOfForcedOrCompulsoryLaborTextBlock" order="5.0" preferredLabel="http://www.xbrl.org/2003/role/verboseLabel" use="optional" />
  </link:presentationLink>
</link:linkbase>