﻿<?xml version="1.0" encoding="utf-8"?>
<!-- Generated by GRI Taxonomy Editor-->
<link:linkbase xsi:schemaLocation="http://www.xbrl.org/2003/linkbase http://www.xbrl.org/2003/xbrl-linkbase-2003-12-31.xsd http://www.xbrl.org/2003/instance http://www.xbrl.org/2003/xbrl-instance-2003-12-31.xsd http://www.w3.org/1999/xlink http://www.xbrl.org/2003/xlink-2003-12-31.xsd " xmlns:link="http://www.xbrl.org/2003/linkbase" xmlns:xbrli="http://www.xbrl.org/2003/instance" xmlns:xlink="http://www.w3.org/1999/xlink" xmlns:xsi="http://www.w3.org/2001/XMLSchema-instance">
  <!-- Role Ref -->
  <link:roleRef roleURI="https://taxonomy.globalreporting.org/gri-sustainability-taxonomy/gri_srs/gri_srs_role/role_gri_404" xlink:type="simple" xlink:href="role_gri_srs_2025-06-23.xsd#role_gri_404" />
  <link:presentationLink xlink:type="extended" xlink:role="https://taxonomy.globalreporting.org/gri-sustainability-taxonomy/gri_srs/gri_srs_role/role_gri_404">
    <link:loc xlink:type="locator" xlink:href="../core/gri_srs_core_2025-06-23.xsd#gri_DisclosureOfTrainingAndEducationAbstract" xlink:label="loc_gri_DisclosureOfTrainingAndEducationAbstract" />
    <link:loc xlink:type="locator" xlink:href="../core/gri_srs_core_2025-06-23.xsd#gri_DisclosureOfAverageHoursOfTrainingPerYearPerEmployeeAbstract" xlink:label="loc_gri_DisclosureOfAverageHoursOfTrainingPerYearPerEmployeeAbstract" />
    <link:presentationArc xlink:type="arc" xlink:arcrole="http://www.xbrl.org/2003/arcrole/parent-child" xlink:from="loc_gri_DisclosureOfTrainingAndEducationAbstract" xlink:to="loc_gri_DisclosureOfAverageHoursOfTrainingPerYearPerEmployeeAbstract" order="1.0" preferredLabel="http://www.xbrl.org/2003/role/terseLabel" use="optional" />
    <link:loc xlink:type="locator" xlink:href="../core/gri_srs_core_2025-06-23.xsd#gri_AverageHoursOfTrainingPerYearPerEmployeeReportingByGenderAbstract" xlink:label="loc_gri_AverageHoursOfTrainingPerYearPerEmployeeReportingByGenderAbstract" />
    <link:presentationArc xlink:type="arc" xlink:arcrole="http://www.xbrl.org/2003/arcrole/parent-child" xlink:from="loc_gri_DisclosureOfAverageHoursOfTrainingPerYearPerEmployeeAbstract" xlink:to="loc_gri_AverageHoursOfTrainingPerYearPerEmployeeReportingByGenderAbstract" order="3.0" use="optional" />
    <link:loc xlink:type="locator" xlink:href="../core/gri_srs_core_2025-06-23.xsd#gri_AverageHoursOfTrainingPerYearPerEmployeeReportingByGenderTable" xlink:label="loc_gri_AverageHoursOfTrainingPerYearPerEmployeeReportingByGenderTable" />
    <link:presentationArc xlink:type="arc" xlink:arcrole="http://www.xbrl.org/2003/arcrole/parent-child" xlink:from="loc_gri_AverageHoursOfTrainingPerYearPerEmployeeReportingByGenderAbstract" xlink:to="loc_gri_AverageHoursOfTrainingPerYearPerEmployeeReportingByGenderTable" order="1.0" use="optional" />
    <link:loc xlink:type="locator" xlink:href="../core/gri_srs_core_2025-06-23.xsd#gri_GenderAxis" xlink:label="loc_gri_GenderAxis" />
    <link:presentationArc xlink:type="arc" xlink:arcrole="http://www.xbrl.org/2003/arcrole/parent-child" xlink:from="loc_gri_AverageHoursOfTrainingPerYearPerEmployeeReportingByGenderTable" xlink:to="loc_gri_GenderAxis" order="1.0" use="optional" />
    <link:loc xlink:type="locator" xlink:href="../core/gri_srs_core_2025-06-23.xsd#gri_AverageHoursOfTrainingPerYearPerEmployeeReportingByGenderLineItems" xlink:label="loc_gri_AverageHoursOfTrainingPerYearPerEmployeeReportingByGenderLineItems" />
    <link:presentationArc xlink:type="arc" xlink:arcrole="http://www.xbrl.org/2003/arcrole/parent-child" xlink:from="loc_gri_AverageHoursOfTrainingPerYearPerEmployeeReportingByGenderAbstract" xlink:to="loc_gri_AverageHoursOfTrainingPerYearPerEmployeeReportingByGenderLineItems" order="2.0" use="optional" />
    <link:loc xlink:type="locator" xlink:href="../core/gri_srs_core_2025-06-23.xsd#gri_AverageHoursOfTrainingEmployeesHaveUndertakenDuringReportingPeriod" xlink:label="loc_gri_AverageHoursOfTrainingEmployeesHaveUndertakenDuringReportingPeriod" />
    <link:presentationArc xlink:type="arc" xlink:arcrole="http://www.xbrl.org/2003/arcrole/parent-child" xlink:from="loc_gri_AverageHoursOfTrainingPerYearPerEmployeeReportingByGenderLineItems" xlink:to="loc_gri_AverageHoursOfTrainingEmployeesHaveUndertakenDuringReportingPeriod" order="1.0" preferredLabel="http://www.xbrl.org/2003/role/verboseLabel" use="optional" />
    <link:loc xlink:type="locator" xlink:href="../core/gri_srs_core_2025-06-23.xsd#gri_ReasonForOmissionRelatedToAverageHoursOfTrainingEmployeesHaveUndertakenDuringReportingPeriod" xlink:label="loc_gri_ReasonForOmissionRelatedToAverageHoursOfTrainingEmployeesHaveUndertakenDuringReportingPeriod" />
    <link:presentationArc xlink:type="arc" xlink:arcrole="http://www.xbrl.org/2003/arcrole/parent-child" xlink:from="loc_gri_AverageHoursOfTrainingEmployeesHaveUndertakenDuringReportingPeriod" xlink:to="loc_gri_ReasonForOmissionRelatedToAverageHoursOfTrainingEmployeesHaveUndertakenDuringReportingPeriod" order="1.0" preferredLabel="http://www.xbrl.org/2003/role/verboseLabel" use="optional" />
    <link:loc xlink:type="locator" xlink:href="../core/gri_srs_core_2025-06-23.xsd#gri_ExplanationForReasonForOmissionRelatedToAverageHoursOfTrainingEmployeesHaveUndertakenDuringReportingPeriodTextBlock" xlink:label="loc_gri_ExplanationForReasonForOmissionRelatedToAverageHoursOfTrainingEmployeesHaveUndertakenDuringReportingPeriodTextBlock" />
    <link:presentationArc xlink:type="arc" xlink:arcrole="http://www.xbrl.org/2003/arcrole/parent-child" xlink:from="loc_gri_AverageHoursOfTrainingEmployeesHaveUndertakenDuringReportingPeriod" xlink:to="loc_gri_ExplanationForReasonForOmissionRelatedToAverageHoursOfTrainingEmployeesHaveUndertakenDuringReportingPeriodTextBlock" order="2.0" preferredLabel="http://www.xbrl.org/2003/role/verboseLabel" use="optional" />
    <link:loc xlink:type="locator" xlink:href="../core/gri_srs_core_2025-06-23.xsd#gri_AverageHoursOfTrainingPerYearPerEmployeeReportingByEmployeeCategoryAbstract" xlink:label="loc_gri_AverageHoursOfTrainingPerYearPerEmployeeReportingByEmployeeCategoryAbstract" />
    <link:presentationArc xlink:type="arc" xlink:arcrole="http://www.xbrl.org/2003/arcrole/parent-child" xlink:from="loc_gri_DisclosureOfAverageHoursOfTrainingPerYearPerEmployeeAbstract" xlink:to="loc_gri_AverageHoursOfTrainingPerYearPerEmployeeReportingByEmployeeCategoryAbstract" order="5.0" use="optional" />
    <link:loc xlink:type="locator" xlink:href="../core/gri_srs_core_2025-06-23.xsd#gri_AverageHoursOfTrainingPerYearPerEmployeeReportingByEmployeeCategoryTable" xlink:label="loc_gri_AverageHoursOfTrainingPerYearPerEmployeeReportingByEmployeeCategoryTable" />
    <link:presentationArc xlink:type="arc" xlink:arcrole="http://www.xbrl.org/2003/arcrole/parent-child" xlink:from="loc_gri_AverageHoursOfTrainingPerYearPerEmployeeReportingByEmployeeCategoryAbstract" xlink:to="loc_gri_AverageHoursOfTrainingPerYearPerEmployeeReportingByEmployeeCategoryTable" order="1.0" use="optional" />
    <link:loc xlink:type="locator" xlink:href="../core/gri_srs_core_2025-06-23.xsd#gri_EmployeeCategoryAxis" xlink:label="loc_gri_EmployeeCategoryAxis" />
    <link:presentationArc xlink:type="arc" xlink:arcrole="http://www.xbrl.org/2003/arcrole/parent-child" xlink:from="loc_gri_AverageHoursOfTrainingPerYearPerEmployeeReportingByEmployeeCategoryTable" xlink:to="loc_gri_EmployeeCategoryAxis" order="1.0" use="optional" />
    <link:loc xlink:type="locator" xlink:href="../core/gri_srs_core_2025-06-23.xsd#gri_AverageHoursOfTrainingPerYearPerEmployeeReportingByEmployeeCategoryLineItems" xlink:label="loc_gri_AverageHoursOfTrainingPerYearPerEmployeeReportingByEmployeeCategoryLineItems" />
    <link:presentationArc xlink:type="arc" xlink:arcrole="http://www.xbrl.org/2003/arcrole/parent-child" xlink:from="loc_gri_AverageHoursOfTrainingPerYearPerEmployeeReportingByEmployeeCategoryAbstract" xlink:to="loc_gri_AverageHoursOfTrainingPerYearPerEmployeeReportingByEmployeeCategoryLineItems" order="2.0" use="optional" />
    <link:loc xlink:type="locator" xlink:href="../core/gri_srs_core_2025-06-23.xsd#gri_AverageHoursOfTrainingEmployeesHaveUndertakenDuringReportingPeriod" xlink:label="loc_gri_AverageHoursOfTrainingEmployeesHaveUndertakenDuringReportingPeriod_1" />
    <link:presentationArc xlink:type="arc" xlink:arcrole="http://www.xbrl.org/2003/arcrole/parent-child" xlink:from="loc_gri_AverageHoursOfTrainingPerYearPerEmployeeReportingByEmployeeCategoryLineItems" xlink:to="loc_gri_AverageHoursOfTrainingEmployeesHaveUndertakenDuringReportingPeriod_1" order="1.0" preferredLabel="http://www.xbrl.org/2003/role/verboseLabel" use="optional" />
    <link:loc xlink:type="locator" xlink:href="../core/gri_srs_core_2025-06-23.xsd#gri_ReasonForOmissionRelatedToAverageHoursOfTrainingEmployeesHaveUndertakenDuringReportingPeriod" xlink:label="loc_gri_ReasonForOmissionRelatedToAverageHoursOfTrainingEmployeesHaveUndertakenDuringReportingPeriod_1" />
    <link:presentationArc xlink:type="arc" xlink:arcrole="http://www.xbrl.org/2003/arcrole/parent-child" xlink:from="loc_gri_AverageHoursOfTrainingEmployeesHaveUndertakenDuringReportingPeriod_1" xlink:to="loc_gri_ReasonForOmissionRelatedToAverageHoursOfTrainingEmployeesHaveUndertakenDuringReportingPeriod_1" order="1.0" preferredLabel="http://www.xbrl.org/2003/role/verboseLabel" use="optional" />
    <link:loc xlink:type="locator" xlink:href="../core/gri_srs_core_2025-06-23.xsd#gri_ExplanationForReasonForOmissionRelatedToAverageHoursOfTrainingEmployeesHaveUndertakenDuringReportingPeriodTextBlock" xlink:label="loc_gri_ExplanationForReasonForOmissionRelatedToAverageHoursOfTrainingEmployeesHaveUndertakenDuringReportingPeriodTextBlock_1" />
    <link:presentationArc xlink:type="arc" xlink:arcrole="http://www.xbrl.org/2003/arcrole/parent-child" xlink:from="loc_gri_AverageHoursOfTrainingEmployeesHaveUndertakenDuringReportingPeriod_1" xlink:to="loc_gri_ExplanationForReasonForOmissionRelatedToAverageHoursOfTrainingEmployeesHaveUndertakenDuringReportingPeriodTextBlock_1" order="2.0" preferredLabel="http://www.xbrl.org/2003/role/verboseLabel" use="optional" />
    <link:loc xlink:type="locator" xlink:href="../core/gri_srs_core_2025-06-23.xsd#gri_DisclosureOfProgramsForUpgradingEmployeeSkillsAndTransitionAssistanceProgramsAbstract" xlink:label="loc_gri_DisclosureOfProgramsForUpgradingEmployeeSkillsAndTransitionAssistanceProgramsAbstract" />
    <link:presentationArc xlink:type="arc" xlink:arcrole="http://www.xbrl.org/2003/arcrole/parent-child" xlink:from="loc_gri_DisclosureOfTrainingAndEducationAbstract" xlink:to="loc_gri_DisclosureOfProgramsForUpgradingEmployeeSkillsAndTransitionAssistanceProgramsAbstract" order="2.0" preferredLabel="http://www.xbrl.org/2003/role/terseLabel" use="optional" />
    <link:loc xlink:type="locator" xlink:href="../core/gri_srs_core_2025-06-23.xsd#gri_DescriptionOfTypeAndScopeOfProgramsImplementedAndAssistanceProvidedToUpgradeEmployeeSkillsTextBlock" xlink:label="loc_gri_DescriptionOfTypeAndScopeOfProgramsImplementedAndAssistanceProvidedToUpgradeEmployeeSkillsTextBlock" />
    <link:presentationArc xlink:type="arc" xlink:arcrole="http://www.xbrl.org/2003/arcrole/parent-child" xlink:from="loc_gri_DisclosureOfProgramsForUpgradingEmployeeSkillsAndTransitionAssistanceProgramsAbstract" xlink:to="loc_gri_DescriptionOfTypeAndScopeOfProgramsImplementedAndAssistanceProvidedToUpgradeEmployeeSkillsTextBlock" order="1.0" preferredLabel="http://www.xbrl.org/2003/role/verboseLabel" use="optional" />
    <link:loc xlink:type="locator" xlink:href="../core/gri_srs_core_2025-06-23.xsd#gri_DescriptionOfTransitionAssistanceProgramsProvidedToFacilitateContinuedEmployabilityAndManagementOfCareerEndingsResultingFromRetirementOrTerminationOfEmploymentTextBlock" xlink:label="loc_gri_DescriptionOfTransitionAssistanceProgramsProvidedToFacilitateContinuedEmployabilityAndManagementOfCareerEndingsResultingFromRetirementOrTerminationOfEmploymentTextBlock" />
    <link:presentationArc xlink:type="arc" xlink:arcrole="http://www.xbrl.org/2003/arcrole/parent-child" xlink:from="loc_gri_DisclosureOfProgramsForUpgradingEmployeeSkillsAndTransitionAssistanceProgramsAbstract" xlink:to="loc_gri_DescriptionOfTransitionAssistanceProgramsProvidedToFacilitateContinuedEmployabilityAndManagementOfCareerEndingsResultingFromRetirementOrTerminationOfEmploymentTextBlock" order="2.0" preferredLabel="http://www.xbrl.org/2003/role/verboseLabel" use="optional" />
    <link:loc xlink:type="locator" xlink:href="../core/gri_srs_core_2025-06-23.xsd#gri_DisclosureOfPercentageOfEmployeesReceivingRegularPerformanceAndCareerDevelopmentReviewsAbstract" xlink:label="loc_gri_DisclosureOfPercentageOfEmployeesReceivingRegularPerformanceAndCareerDevelopmentReviewsAbstract" />
    <link:presentationArc xlink:type="arc" xlink:arcrole="http://www.xbrl.org/2003/arcrole/parent-child" xlink:from="loc_gri_DisclosureOfTrainingAndEducationAbstract" xlink:to="loc_gri_DisclosureOfPercentageOfEmployeesReceivingRegularPerformanceAndCareerDevelopmentReviewsAbstract" order="3.0" preferredLabel="http://www.xbrl.org/2003/role/terseLabel" use="optional" />
    <link:loc xlink:type="locator" xlink:href="../core/gri_srs_core_2025-06-23.xsd#gri_PercentageOfEmployeesReceivingRegularPerformanceAndCareerDevelopmentReviewsReportingByGenderAbstract" xlink:label="loc_gri_PercentageOfEmployeesReceivingRegularPerformanceAndCareerDevelopmentReviewsReportingByGenderAbstract" />
    <link:presentationArc xlink:type="arc" xlink:arcrole="http://www.xbrl.org/2003/arcrole/parent-child" xlink:from="loc_gri_DisclosureOfPercentageOfEmployeesReceivingRegularPerformanceAndCareerDevelopmentReviewsAbstract" xlink:to="loc_gri_PercentageOfEmployeesReceivingRegularPerformanceAndCareerDevelopmentReviewsReportingByGenderAbstract" order="1.0" use="optional" />
    <link:loc xlink:type="locator" xlink:href="../core/gri_srs_core_2025-06-23.xsd#gri_PercentageOfEmployeesReceivingRegularPerformanceAndCareerDevelopmentReviewsReportingByGenderTable" xlink:label="loc_gri_PercentageOfEmployeesReceivingRegularPerformanceAndCareerDevelopmentReviewsReportingByGenderTable" />
    <link:presentationArc xlink:type="arc" xlink:arcrole="http://www.xbrl.org/2003/arcrole/parent-child" xlink:from="loc_gri_PercentageOfEmployeesReceivingRegularPerformanceAndCareerDevelopmentReviewsReportingByGenderAbstract" xlink:to="loc_gri_PercentageOfEmployeesReceivingRegularPerformanceAndCareerDevelopmentReviewsReportingByGenderTable" order="1.0" use="optional" />
    <link:loc xlink:type="locator" xlink:href="../core/gri_srs_core_2025-06-23.xsd#gri_GenderAxis" xlink:label="loc_gri_GenderAxis_1" />
    <link:presentationArc xlink:type="arc" xlink:arcrole="http://www.xbrl.org/2003/arcrole/parent-child" xlink:from="loc_gri_PercentageOfEmployeesReceivingRegularPerformanceAndCareerDevelopmentReviewsReportingByGenderTable" xlink:to="loc_gri_GenderAxis_1" order="1.0" use="optional" />
    <link:loc xlink:type="locator" xlink:href="../core/gri_srs_core_2025-06-23.xsd#gri_PercentageOfEmployeesReceivingRegularPerformanceAndCareerDevelopmentReviewsReportingByGenderLineItems" xlink:label="loc_gri_PercentageOfEmployeesReceivingRegularPerformanceAndCareerDevelopmentReviewsReportingByGenderLineItems" />
    <link:presentationArc xlink:type="arc" xlink:arcrole="http://www.xbrl.org/2003/arcrole/parent-child" xlink:from="loc_gri_PercentageOfEmployeesReceivingRegularPerformanceAndCareerDevelopmentReviewsReportingByGenderAbstract" xlink:to="loc_gri_PercentageOfEmployeesReceivingRegularPerformanceAndCareerDevelopmentReviewsReportingByGenderLineItems" order="2.0" use="optional" />
    <link:loc xlink:type="locator" xlink:href="../core/gri_srs_core_2025-06-23.xsd#gri_PercentageOfTotalEmployeesWhoReceivedRegularPerformanceAndCareerDevelopmentReviewDuringReportingPeriod" xlink:label="loc_gri_PercentageOfTotalEmployeesWhoReceivedRegularPerformanceAndCareerDevelopmentReviewDuringReportingPeriod" />
    <link:presentationArc xlink:type="arc" xlink:arcrole="http://www.xbrl.org/2003/arcrole/parent-child" xlink:from="loc_gri_PercentageOfEmployeesReceivingRegularPerformanceAndCareerDevelopmentReviewsReportingByGenderLineItems" xlink:to="loc_gri_PercentageOfTotalEmployeesWhoReceivedRegularPerformanceAndCareerDevelopmentReviewDuringReportingPeriod" order="1.0" preferredLabel="http://www.xbrl.org/2003/role/verboseLabel" use="optional" />
    <link:loc xlink:type="locator" xlink:href="../core/gri_srs_core_2025-06-23.xsd#gri_ReasonForOmissionRelatedToPercentageOfTotalEmployeesWhoReceivedRegularPerformanceAndCareerDevelopmentReviewDuringReportingPeriod" xlink:label="loc_gri_ReasonForOmissionRelatedToPercentageOfTotalEmployeesWhoReceivedRegularPerformanceAndCareerDevelopmentReviewDuringReportingPeriod" />
    <link:presentationArc xlink:type="arc" xlink:arcrole="http://www.xbrl.org/2003/arcrole/parent-child" xlink:from="loc_gri_PercentageOfTotalEmployeesWhoReceivedRegularPerformanceAndCareerDevelopmentReviewDuringReportingPeriod" xlink:to="loc_gri_ReasonForOmissionRelatedToPercentageOfTotalEmployeesWhoReceivedRegularPerformanceAndCareerDevelopmentReviewDuringReportingPeriod" order="1.0" preferredLabel="http://www.xbrl.org/2003/role/verboseLabel" use="optional" />
    <link:loc xlink:type="locator" xlink:href="../core/gri_srs_core_2025-06-23.xsd#gri_ExplanationForReasonForOmissionRelatedToPercentageOfTotalEmployeesWhoReceivedRegularPerformanceAndCareerDevelopmentReviewDuringReportingPeriodTextBlock" xlink:label="loc_gri_ExplanationForReasonForOmissionRelatedToPercentageOfTotalEmployeesWhoReceivedRegularPerformanceAndCareerDevelopmentReviewDuringReportingPeriodTextBlock" />
    <link:presentationArc xlink:type="arc" xlink:arcrole="http://www.xbrl.org/2003/arcrole/parent-child" xlink:from="loc_gri_PercentageOfTotalEmployeesWhoReceivedRegularPerformanceAndCareerDevelopmentReviewDuringReportingPeriod" xlink:to="loc_gri_ExplanationForReasonForOmissionRelatedToPercentageOfTotalEmployeesWhoReceivedRegularPerformanceAndCareerDevelopmentReviewDuringReportingPeriodTextBlock" order="2.0" preferredLabel="http://www.xbrl.org/2003/role/verboseLabel" use="optional" />
    <link:loc xlink:type="locator" xlink:href="../core/gri_srs_core_2025-06-23.xsd#gri_PercentageOfEmployeesReceivingRegularPerformanceAndCareerDevelopmentReviewsReportingByEmployeeCategoryAbstract" xlink:label="loc_gri_PercentageOfEmployeesReceivingRegularPerformanceAndCareerDevelopmentReviewsReportingByEmployeeCategoryAbstract" />
    <link:presentationArc xlink:type="arc" xlink:arcrole="http://www.xbrl.org/2003/arcrole/parent-child" xlink:from="loc_gri_DisclosureOfPercentageOfEmployeesReceivingRegularPerformanceAndCareerDevelopmentReviewsAbstract" xlink:to="loc_gri_PercentageOfEmployeesReceivingRegularPerformanceAndCareerDevelopmentReviewsReportingByEmployeeCategoryAbstract" order="2.0" use="optional" />
    <link:loc xlink:type="locator" xlink:href="../core/gri_srs_core_2025-06-23.xsd#gri_PercentageOfEmployeesReceivingRegularPerformanceAndCareerDevelopmentReviewsReportingByEmployeeCategoryTable" xlink:label="loc_gri_PercentageOfEmployeesReceivingRegularPerformanceAndCareerDevelopmentReviewsReportingByEmployeeCategoryTable" />
    <link:presentationArc xlink:type="arc" xlink:arcrole="http://www.xbrl.org/2003/arcrole/parent-child" xlink:from="loc_gri_PercentageOfEmployeesReceivingRegularPerformanceAndCareerDevelopmentReviewsReportingByEmployeeCategoryAbstract" xlink:to="loc_gri_PercentageOfEmployeesReceivingRegularPerformanceAndCareerDevelopmentReviewsReportingByEmployeeCategoryTable" order="1.0" use="optional" />
    <link:loc xlink:type="locator" xlink:href="../core/gri_srs_core_2025-06-23.xsd#gri_EmployeeCategoryAxis" xlink:label="loc_gri_EmployeeCategoryAxis_1" />
    <link:presentationArc xlink:type="arc" xlink:arcrole="http://www.xbrl.org/2003/arcrole/parent-child" xlink:from="loc_gri_PercentageOfEmployeesReceivingRegularPerformanceAndCareerDevelopmentReviewsReportingByEmployeeCategoryTable" xlink:to="loc_gri_EmployeeCategoryAxis_1" order="1.0" use="optional" />
    <link:loc xlink:type="locator" xlink:href="../core/gri_srs_core_2025-06-23.xsd#gri_PercentageOfEmployeesReceivingRegularPerformanceAndCareerDevelopmentReviewsReportingByEmployeeCategoryLineItems" xlink:label="loc_gri_PercentageOfEmployeesReceivingRegularPerformanceAndCareerDevelopmentReviewsReportingByEmployeeCategoryLineItems" />
    <link:presentationArc xlink:type="arc" xlink:arcrole="http://www.xbrl.org/2003/arcrole/parent-child" xlink:from="loc_gri_PercentageOfEmployeesReceivingRegularPerformanceAndCareerDevelopmentReviewsReportingByEmployeeCategoryAbstract" xlink:to="loc_gri_PercentageOfEmployeesReceivingRegularPerformanceAndCareerDevelopmentReviewsReportingByEmployeeCategoryLineItems" order="2.0" use="optional" />
    <link:loc xlink:type="locator" xlink:href="../core/gri_srs_core_2025-06-23.xsd#gri_PercentageOfTotalEmployeesWhoReceivedRegularPerformanceAndCareerDevelopmentReviewDuringReportingPeriod" xlink:label="loc_gri_PercentageOfTotalEmployeesWhoReceivedRegularPerformanceAndCareerDevelopmentReviewDuringReportingPeriod_1" />
    <link:presentationArc xlink:type="arc" xlink:arcrole="http://www.xbrl.org/2003/arcrole/parent-child" xlink:from="loc_gri_PercentageOfEmployeesReceivingRegularPerformanceAndCareerDevelopmentReviewsReportingByEmployeeCategoryLineItems" xlink:to="loc_gri_PercentageOfTotalEmployeesWhoReceivedRegularPerformanceAndCareerDevelopmentReviewDuringReportingPeriod_1" order="1.0" preferredLabel="http://www.xbrl.org/2003/role/verboseLabel" use="optional" />
    <link:loc xlink:type="locator" xlink:href="../core/gri_srs_core_2025-06-23.xsd#gri_ReasonForOmissionRelatedToPercentageOfTotalEmployeesWhoReceivedRegularPerformanceAndCareerDevelopmentReviewDuringReportingPeriod" xlink:label="loc_gri_ReasonForOmissionRelatedToPercentageOfTotalEmployeesWhoReceivedRegularPerformanceAndCareerDevelopmentReviewDuringReportingPeriod_1" />
    <link:presentationArc xlink:type="arc" xlink:arcrole="http://www.xbrl.org/2003/arcrole/parent-child" xlink:from="loc_gri_PercentageOfTotalEmployeesWhoReceivedRegularPerformanceAndCareerDevelopmentReviewDuringReportingPeriod_1" xlink:to="loc_gri_ReasonForOmissionRelatedToPercentageOfTotalEmployeesWhoReceivedRegularPerformanceAndCareerDevelopmentReviewDuringReportingPeriod_1" order="1.0" preferredLabel="http://www.xbrl.org/2003/role/verboseLabel" use="optional" />
    <link:loc xlink:type="locator" xlink:href="../core/gri_srs_core_2025-06-23.xsd#gri_ExplanationForReasonForOmissionRelatedToPercentageOfTotalEmployeesWhoReceivedRegularPerformanceAndCareerDevelopmentReviewDuringReportingPeriodTextBlock" xlink:label="loc_gri_ExplanationForReasonForOmissionRelatedToPercentageOfTotalEmployeesWhoReceivedRegularPerformanceAndCareerDevelopmentReviewDuringReportingPeriodTextBlock_1" />
    <link:presentationArc xlink:type="arc" xlink:arcrole="http://www.xbrl.org/2003/arcrole/parent-child" xlink:from="loc_gri_PercentageOfTotalEmployeesWhoReceivedRegularPerformanceAndCareerDevelopmentReviewDuringReportingPeriod_1" xlink:to="loc_gri_ExplanationForReasonForOmissionRelatedToPercentageOfTotalEmployeesWhoReceivedRegularPerformanceAndCareerDevelopmentReviewDuringReportingPeriodTextBlock_1" order="2.0" preferredLabel="http://www.xbrl.org/2003/role/verboseLabel" use="optional" />
  </link:presentationLink>
</link:linkbase>