﻿<?xml version="1.0" encoding="utf-8"?>
<!-- Generated by GRI Taxonomy Editor-->
<link:linkbase xsi:schemaLocation="http://www.xbrl.org/2003/linkbase http://www.xbrl.org/2003/xbrl-linkbase-2003-12-31.xsd http://www.xbrl.org/2003/instance http://www.xbrl.org/2003/xbrl-instance-2003-12-31.xsd http://www.w3.org/1999/xlink http://www.xbrl.org/2003/xlink-2003-12-31.xsd " xmlns:link="http://www.xbrl.org/2003/linkbase" xmlns:xbrli="http://www.xbrl.org/2003/instance" xmlns:xlink="http://www.w3.org/1999/xlink" xmlns:xsi="http://www.w3.org/2001/XMLSchema-instance">
  <!-- Role Ref -->
  <link:roleRef roleURI="https://taxonomy.globalreporting.org/gri-sustainability-taxonomy/gri_srs/gri_srs_role/role_gri_416" xlink:type="simple" xlink:href="role_gri_srs_2025-06-23.xsd#role_gri_416" />
  <link:presentationLink xlink:type="extended" xlink:role="https://taxonomy.globalreporting.org/gri-sustainability-taxonomy/gri_srs/gri_srs_role/role_gri_416">
    <link:loc xlink:type="locator" xlink:href="../core/gri_srs_core_2025-06-23.xsd#gri_DisclosureOfCustomerHealthAndSafetyAbstract" xlink:label="loc_gri_DisclosureOfCustomerHealthAndSafetyAbstract" />
    <link:loc xlink:type="locator" xlink:href="../core/gri_srs_core_2025-06-23.xsd#gri_DisclosureOfAssessmentOfHealthAndSafetyImpactsOfProductAndServiceCategoriesAbstract" xlink:label="loc_gri_DisclosureOfAssessmentOfHealthAndSafetyImpactsOfProductAndServiceCategoriesAbstract" />
    <link:presentationArc xlink:type="arc" xlink:arcrole="http://www.xbrl.org/2003/arcrole/parent-child" xlink:from="loc_gri_DisclosureOfCustomerHealthAndSafetyAbstract" xlink:to="loc_gri_DisclosureOfAssessmentOfHealthAndSafetyImpactsOfProductAndServiceCategoriesAbstract" order="1.0" preferredLabel="http://www.xbrl.org/2003/role/terseLabel" use="optional" />
    <link:loc xlink:type="locator" xlink:href="../core/gri_srs_core_2025-06-23.xsd#gri_PercentageOfSignificantProductAndServiceCategoriesForWhichHealthAndSafetyImpactsAreAssessedForImprovement" xlink:label="loc_gri_PercentageOfSignificantProductAndServiceCategoriesForWhichHealthAndSafetyImpactsAreAssessedForImprovement" />
    <link:presentationArc xlink:type="arc" xlink:arcrole="http://www.xbrl.org/2003/arcrole/parent-child" xlink:from="loc_gri_DisclosureOfAssessmentOfHealthAndSafetyImpactsOfProductAndServiceCategoriesAbstract" xlink:to="loc_gri_PercentageOfSignificantProductAndServiceCategoriesForWhichHealthAndSafetyImpactsAreAssessedForImprovement" order="1.0" preferredLabel="http://www.xbrl.org/2003/role/verboseLabel" use="optional" />
    <link:loc xlink:type="locator" xlink:href="../core/gri_srs_core_2025-06-23.xsd#gri_DisclosureOfIncidentsOfNonComplianceConcerningHealthAndSafetyImpactsOfProductsAndServicesAbstract" xlink:label="loc_gri_DisclosureOfIncidentsOfNonComplianceConcerningHealthAndSafetyImpactsOfProductsAndServicesAbstract" />
    <link:presentationArc xlink:type="arc" xlink:arcrole="http://www.xbrl.org/2003/arcrole/parent-child" xlink:from="loc_gri_DisclosureOfCustomerHealthAndSafetyAbstract" xlink:to="loc_gri_DisclosureOfIncidentsOfNonComplianceConcerningHealthAndSafetyImpactsOfProductsAndServicesAbstract" order="2.0" preferredLabel="http://www.xbrl.org/2003/role/terseLabel" use="optional" />
    <link:loc xlink:type="locator" xlink:href="../core/gri_srs_core_2025-06-23.xsd#gri_IncidentsOfNonComplianceConcerningHealthAndSafetyImpactsOfProductsAndServicesTable" xlink:label="loc_gri_IncidentsOfNonComplianceConcerningHealthAndSafetyImpactsOfProductsAndServicesTable" />
    <link:presentationArc xlink:type="arc" xlink:arcrole="http://www.xbrl.org/2003/arcrole/parent-child" xlink:from="loc_gri_DisclosureOfIncidentsOfNonComplianceConcerningHealthAndSafetyImpactsOfProductsAndServicesAbstract" xlink:to="loc_gri_IncidentsOfNonComplianceConcerningHealthAndSafetyImpactsOfProductsAndServicesTable" order="1.0" use="optional" />
    <link:loc xlink:type="locator" xlink:href="../core/gri_srs_core_2025-06-23.xsd#gri_IncidentsOfNonComplianceAxis" xlink:label="loc_gri_IncidentsOfNonComplianceAxis" />
    <link:presentationArc xlink:type="arc" xlink:arcrole="http://www.xbrl.org/2003/arcrole/parent-child" xlink:from="loc_gri_IncidentsOfNonComplianceConcerningHealthAndSafetyImpactsOfProductsAndServicesTable" xlink:to="loc_gri_IncidentsOfNonComplianceAxis" order="1.0" use="optional" />
    <link:loc xlink:type="locator" xlink:href="../core/gri_srs_core_2025-06-23.xsd#gri_IncidentsOfNonComplianceDomain" xlink:label="loc_gri_IncidentsOfNonComplianceDomain" />
    <link:presentationArc xlink:type="arc" xlink:arcrole="http://www.xbrl.org/2003/arcrole/parent-child" xlink:from="loc_gri_IncidentsOfNonComplianceAxis" xlink:to="loc_gri_IncidentsOfNonComplianceDomain" order="1.0" use="optional" />
    <link:loc xlink:type="locator" xlink:href="../core/gri_srs_core_2025-06-23.xsd#gri_IncidentsOfNonComplianceWithRegulationsResultingInFineOrPenaltyMember" xlink:label="loc_gri_IncidentsOfNonComplianceWithRegulationsResultingInFineOrPenaltyMember" />
    <link:presentationArc xlink:type="arc" xlink:arcrole="http://www.xbrl.org/2003/arcrole/parent-child" xlink:from="loc_gri_IncidentsOfNonComplianceDomain" xlink:to="loc_gri_IncidentsOfNonComplianceWithRegulationsResultingInFineOrPenaltyMember" order="1.0" preferredLabel="http://www.xbrl.org/2003/role/terseLabel" use="optional" />
    <link:loc xlink:type="locator" xlink:href="../core/gri_srs_core_2025-06-23.xsd#gri_IncidentsOfNonComplianceWithRegulationsResultingInWarningMember" xlink:label="loc_gri_IncidentsOfNonComplianceWithRegulationsResultingInWarningMember" />
    <link:presentationArc xlink:type="arc" xlink:arcrole="http://www.xbrl.org/2003/arcrole/parent-child" xlink:from="loc_gri_IncidentsOfNonComplianceDomain" xlink:to="loc_gri_IncidentsOfNonComplianceWithRegulationsResultingInWarningMember" order="2.0" preferredLabel="http://www.xbrl.org/2003/role/terseLabel" use="optional" />
    <link:loc xlink:type="locator" xlink:href="../core/gri_srs_core_2025-06-23.xsd#gri_IncidentsOfNonComplianceWithVoluntaryCodesMember" xlink:label="loc_gri_IncidentsOfNonComplianceWithVoluntaryCodesMember" />
    <link:presentationArc xlink:type="arc" xlink:arcrole="http://www.xbrl.org/2003/arcrole/parent-child" xlink:from="loc_gri_IncidentsOfNonComplianceDomain" xlink:to="loc_gri_IncidentsOfNonComplianceWithVoluntaryCodesMember" order="3.0" preferredLabel="http://www.xbrl.org/2003/role/terseLabel" use="optional" />
    <link:loc xlink:type="locator" xlink:href="../core/gri_srs_core_2025-06-23.xsd#gri_IncidentsOfNonComplianceConcerningHealthAndSafetyImpactsOfProductsAndServicesLineItems" xlink:label="loc_gri_IncidentsOfNonComplianceConcerningHealthAndSafetyImpactsOfProductsAndServicesLineItems" />
    <link:presentationArc xlink:type="arc" xlink:arcrole="http://www.xbrl.org/2003/arcrole/parent-child" xlink:from="loc_gri_DisclosureOfIncidentsOfNonComplianceConcerningHealthAndSafetyImpactsOfProductsAndServicesAbstract" xlink:to="loc_gri_IncidentsOfNonComplianceConcerningHealthAndSafetyImpactsOfProductsAndServicesLineItems" order="2.0" use="optional" />
    <link:loc xlink:type="locator" xlink:href="../core/gri_srs_core_2025-06-23.xsd#gri_TotalNumberOfIncidentsOfNonComplianceWithRegulationsAndOrVoluntaryCodesConcerningHealthAndSafetyImpactsOfProductsAndServices" xlink:label="loc_gri_TotalNumberOfIncidentsOfNonComplianceWithRegulationsAndOrVoluntaryCodesConcerningHealthAndSafetyImpactsOfProductsAndServices" />
    <link:presentationArc xlink:type="arc" xlink:arcrole="http://www.xbrl.org/2003/arcrole/parent-child" xlink:from="loc_gri_IncidentsOfNonComplianceConcerningHealthAndSafetyImpactsOfProductsAndServicesLineItems" xlink:to="loc_gri_TotalNumberOfIncidentsOfNonComplianceWithRegulationsAndOrVoluntaryCodesConcerningHealthAndSafetyImpactsOfProductsAndServices" order="1.0" preferredLabel="http://www.xbrl.org/2003/role/verboseLabel" use="optional" />
    <link:loc xlink:type="locator" xlink:href="../core/gri_srs_core_2025-06-23.xsd#gri_ReasonForOmissionRelatedToTotalNumberOfIncidentsOfNonComplianceWithRegulationsAndOrVoluntaryCodesConcerningHealthAndSafetyImpactsOfProductsAndServices" xlink:label="loc_gri_ReasonForOmissionRelatedToTotalNumberOfIncidentsOfNonComplianceWithRegulationsAndOrVoluntaryCodesConcerningHealthAndSafetyImpactsOfProductsAndServices" />
    <link:presentationArc xlink:type="arc" xlink:arcrole="http://www.xbrl.org/2003/arcrole/parent-child" xlink:from="loc_gri_TotalNumberOfIncidentsOfNonComplianceWithRegulationsAndOrVoluntaryCodesConcerningHealthAndSafetyImpactsOfProductsAndServices" xlink:to="loc_gri_ReasonForOmissionRelatedToTotalNumberOfIncidentsOfNonComplianceWithRegulationsAndOrVoluntaryCodesConcerningHealthAndSafetyImpactsOfProductsAndServices" order="1.0" preferredLabel="http://www.xbrl.org/2003/role/verboseLabel" use="optional" />
    <link:loc xlink:type="locator" xlink:href="../core/gri_srs_core_2025-06-23.xsd#gri_ExplanationForReasonForOmissionRelatedToTotalNumberOfIncidentsOfNonComplianceWithRegulationsAndOrVoluntaryCodesConcerningHealthAndSafetyImpactsOfProductsAndServicesTextBlock" xlink:label="loc_gri_ExplanationForReasonForOmissionRelatedToTotalNumberOfIncidentsOfNonComplianceWithRegulationsAndOrVoluntaryCodesConcerningHealthAndSafetyImpactsOfProductsAndServicesTextBlock" />
    <link:presentationArc xlink:type="arc" xlink:arcrole="http://www.xbrl.org/2003/arcrole/parent-child" xlink:from="loc_gri_TotalNumberOfIncidentsOfNonComplianceWithRegulationsAndOrVoluntaryCodesConcerningHealthAndSafetyImpactsOfProductsAndServices" xlink:to="loc_gri_ExplanationForReasonForOmissionRelatedToTotalNumberOfIncidentsOfNonComplianceWithRegulationsAndOrVoluntaryCodesConcerningHealthAndSafetyImpactsOfProductsAndServicesTextBlock" order="2.0" preferredLabel="http://www.xbrl.org/2003/role/verboseLabel" use="optional" />
    <link:loc xlink:type="locator" xlink:href="../core/gri_srs_core_2025-06-23.xsd#gri_StatementRegardingNonComplianceWithRegulationsAndOrVoluntaryCodes4162TextBlock" xlink:label="loc_gri_StatementRegardingNonComplianceWithRegulationsAndOrVoluntaryCodes4162TextBlock" />
    <link:presentationArc xlink:type="arc" xlink:arcrole="http://www.xbrl.org/2003/arcrole/parent-child" xlink:from="loc_gri_DisclosureOfIncidentsOfNonComplianceConcerningHealthAndSafetyImpactsOfProductsAndServicesAbstract" xlink:to="loc_gri_StatementRegardingNonComplianceWithRegulationsAndOrVoluntaryCodes4162TextBlock" order="3.0" preferredLabel="http://www.xbrl.org/2003/role/verboseLabel" use="optional" />
    <link:loc xlink:type="locator" xlink:href="../core/gri_srs_core_2025-06-23.xsd#gri_DescriptionOfIncidentsOfNonComplianceThatRelateToEventsInPeriodsPriorToReportingPeriod4162TextBlock" xlink:label="loc_gri_DescriptionOfIncidentsOfNonComplianceThatRelateToEventsInPeriodsPriorToReportingPeriod4162TextBlock" />
    <link:presentationArc xlink:type="arc" xlink:arcrole="http://www.xbrl.org/2003/arcrole/parent-child" xlink:from="loc_gri_DisclosureOfIncidentsOfNonComplianceConcerningHealthAndSafetyImpactsOfProductsAndServicesAbstract" xlink:to="loc_gri_DescriptionOfIncidentsOfNonComplianceThatRelateToEventsInPeriodsPriorToReportingPeriod4162TextBlock" order="4.0" preferredLabel="http://www.xbrl.org/2003/role/verboseLabel" use="optional" />
  </link:presentationLink>
</link:linkbase>