﻿<?xml version="1.0" encoding="utf-8"?>
<!-- Generated by GRI Taxonomy Editor-->
<link:linkbase xsi:schemaLocation="http://www.xbrl.org/2003/linkbase http://www.xbrl.org/2003/xbrl-linkbase-2003-12-31.xsd http://www.xbrl.org/2003/instance http://www.xbrl.org/2003/xbrl-instance-2003-12-31.xsd http://www.w3.org/1999/xlink http://www.xbrl.org/2003/xlink-2003-12-31.xsd " xmlns:link="http://www.xbrl.org/2003/linkbase" xmlns:xbrli="http://www.xbrl.org/2003/instance" xmlns:xlink="http://www.w3.org/1999/xlink" xmlns:xsi="http://www.w3.org/2001/XMLSchema-instance">
  <!-- Role Ref -->
  <link:roleRef roleURI="https://taxonomy.globalreporting.org/gri-sustainability-taxonomy/gri_srs/gri_srs_role/role_gri_203" xlink:type="simple" xlink:href="role_gri_srs_2025-06-23.xsd#role_gri_203" />
  <link:presentationLink xlink:type="extended" xlink:role="https://taxonomy.globalreporting.org/gri-sustainability-taxonomy/gri_srs/gri_srs_role/role_gri_203">
    <link:loc xlink:type="locator" xlink:href="../core/gri_srs_core_2025-06-23.xsd#gri_DisclosureOfIndirectEconomicImpactsAbstract" xlink:label="loc_gri_DisclosureOfIndirectEconomicImpactsAbstract" />
    <link:loc xlink:type="locator" xlink:href="../core/gri_srs_core_2025-06-23.xsd#gri_DisclosureOfInfrastructureInvestmentsAndServicesSupportedAbstract" xlink:label="loc_gri_DisclosureOfInfrastructureInvestmentsAndServicesSupportedAbstract" />
    <link:presentationArc xlink:type="arc" xlink:arcrole="http://www.xbrl.org/2003/arcrole/parent-child" xlink:from="loc_gri_DisclosureOfIndirectEconomicImpactsAbstract" xlink:to="loc_gri_DisclosureOfInfrastructureInvestmentsAndServicesSupportedAbstract" order="1.0" preferredLabel="http://www.xbrl.org/2003/role/terseLabel" use="optional" />
    <link:loc xlink:type="locator" xlink:href="../core/gri_srs_core_2025-06-23.xsd#gri_DescriptionOfExtentOfDevelopmentOfSignificantInfrastructureInvestmentsAndServicesSupportedTextBlock" xlink:label="loc_gri_DescriptionOfExtentOfDevelopmentOfSignificantInfrastructureInvestmentsAndServicesSupportedTextBlock" />
    <link:presentationArc xlink:type="arc" xlink:arcrole="http://www.xbrl.org/2003/arcrole/parent-child" xlink:from="loc_gri_DisclosureOfInfrastructureInvestmentsAndServicesSupportedAbstract" xlink:to="loc_gri_DescriptionOfExtentOfDevelopmentOfSignificantInfrastructureInvestmentsAndServicesSupportedTextBlock" order="1.0" preferredLabel="http://www.xbrl.org/2003/role/verboseLabel" use="optional" />
    <link:loc xlink:type="locator" xlink:href="../core/gri_srs_core_2025-06-23.xsd#gri_DescriptionOfCurrentOrExpectedImpactsOnCommunitiesAndLocalEconomiesTextBlock" xlink:label="loc_gri_DescriptionOfCurrentOrExpectedImpactsOnCommunitiesAndLocalEconomiesTextBlock" />
    <link:presentationArc xlink:type="arc" xlink:arcrole="http://www.xbrl.org/2003/arcrole/parent-child" xlink:from="loc_gri_DisclosureOfInfrastructureInvestmentsAndServicesSupportedAbstract" xlink:to="loc_gri_DescriptionOfCurrentOrExpectedImpactsOnCommunitiesAndLocalEconomiesTextBlock" order="2.0" preferredLabel="http://www.xbrl.org/2003/role/verboseLabel" use="optional" />
    <link:loc xlink:type="locator" xlink:href="../core/gri_srs_core_2025-06-23.xsd#gri_DescriptionOfWhetherInvestmentsAndServicesAreCommercialInKindOrProBonoEngagementsTextBlock" xlink:label="loc_gri_DescriptionOfWhetherInvestmentsAndServicesAreCommercialInKindOrProBonoEngagementsTextBlock" />
    <link:presentationArc xlink:type="arc" xlink:arcrole="http://www.xbrl.org/2003/arcrole/parent-child" xlink:from="loc_gri_DisclosureOfInfrastructureInvestmentsAndServicesSupportedAbstract" xlink:to="loc_gri_DescriptionOfWhetherInvestmentsAndServicesAreCommercialInKindOrProBonoEngagementsTextBlock" order="3.0" preferredLabel="http://www.xbrl.org/2003/role/verboseLabel" use="optional" />
    <link:loc xlink:type="locator" xlink:href="../core/gri_srs_core_2025-06-23.xsd#gri_DisclosureOfSignificantIndirectEconomicImpactsAbstract" xlink:label="loc_gri_DisclosureOfSignificantIndirectEconomicImpactsAbstract" />
    <link:presentationArc xlink:type="arc" xlink:arcrole="http://www.xbrl.org/2003/arcrole/parent-child" xlink:from="loc_gri_DisclosureOfIndirectEconomicImpactsAbstract" xlink:to="loc_gri_DisclosureOfSignificantIndirectEconomicImpactsAbstract" order="2.0" preferredLabel="http://www.xbrl.org/2003/role/terseLabel" use="optional" />
    <link:loc xlink:type="locator" xlink:href="../core/gri_srs_core_2025-06-23.xsd#gri_ExamplesOfSignificantIdentifiedIndirectEconomicImpactsTextBlock" xlink:label="loc_gri_ExamplesOfSignificantIdentifiedIndirectEconomicImpactsTextBlock" />
    <link:presentationArc xlink:type="arc" xlink:arcrole="http://www.xbrl.org/2003/arcrole/parent-child" xlink:from="loc_gri_DisclosureOfSignificantIndirectEconomicImpactsAbstract" xlink:to="loc_gri_ExamplesOfSignificantIdentifiedIndirectEconomicImpactsTextBlock" order="1.0" preferredLabel="http://www.xbrl.org/2003/role/verboseLabel" use="optional" />
    <link:loc xlink:type="locator" xlink:href="../core/gri_srs_core_2025-06-23.xsd#gri_SignificanceOfIndirectEconomicImpactsInContextOfExternalBenchmarksAndStakeholderPrioritiesTextBlock" xlink:label="loc_gri_SignificanceOfIndirectEconomicImpactsInContextOfExternalBenchmarksAndStakeholderPrioritiesTextBlock" />
    <link:presentationArc xlink:type="arc" xlink:arcrole="http://www.xbrl.org/2003/arcrole/parent-child" xlink:from="loc_gri_DisclosureOfSignificantIndirectEconomicImpactsAbstract" xlink:to="loc_gri_SignificanceOfIndirectEconomicImpactsInContextOfExternalBenchmarksAndStakeholderPrioritiesTextBlock" order="2.0" preferredLabel="http://www.xbrl.org/2003/role/verboseLabel" use="optional" />
  </link:presentationLink>
</link:linkbase>