﻿<?xml version="1.0" encoding="utf-8"?>
<!-- Generated by GRI Taxonomy Editor-->
<link:linkbase xsi:schemaLocation="http://www.xbrl.org/2003/linkbase http://www.xbrl.org/2003/xbrl-linkbase-2003-12-31.xsd http://www.xbrl.org/2003/instance http://www.xbrl.org/2003/xbrl-instance-2003-12-31.xsd http://www.w3.org/1999/xlink http://www.xbrl.org/2003/xlink-2003-12-31.xsd " xmlns:link="http://www.xbrl.org/2003/linkbase" xmlns:xbrli="http://www.xbrl.org/2003/instance" xmlns:xlink="http://www.w3.org/1999/xlink" xmlns:xsi="http://www.w3.org/2001/XMLSchema-instance">
  <!-- Role Ref -->
  <link:roleRef roleURI="https://taxonomy.globalreporting.org/gri-sustainability-taxonomy/gri_srs/gri_srs_role/role_gri_413" xlink:type="simple" xlink:href="role_gri_srs_2025-06-23.xsd#role_gri_413" />
  <link:presentationLink xlink:type="extended" xlink:role="https://taxonomy.globalreporting.org/gri-sustainability-taxonomy/gri_srs/gri_srs_role/role_gri_413">
    <link:loc xlink:type="locator" xlink:href="../core/gri_srs_core_2025-06-23.xsd#gri_DisclosureOfLocalCommunitiesAbstract" xlink:label="loc_gri_DisclosureOfLocalCommunitiesAbstract" />
    <link:loc xlink:type="locator" xlink:href="../core/gri_srs_core_2025-06-23.xsd#gri_DisclosureOfOperationsWithLocalCommunityEngagementImpactAssessmentsAndDevelopmentProgramsAbstract" xlink:label="loc_gri_DisclosureOfOperationsWithLocalCommunityEngagementImpactAssessmentsAndDevelopmentProgramsAbstract" />
    <link:presentationArc xlink:type="arc" xlink:arcrole="http://www.xbrl.org/2003/arcrole/parent-child" xlink:from="loc_gri_DisclosureOfLocalCommunitiesAbstract" xlink:to="loc_gri_DisclosureOfOperationsWithLocalCommunityEngagementImpactAssessmentsAndDevelopmentProgramsAbstract" order="1.0" preferredLabel="http://www.xbrl.org/2003/role/terseLabel" use="optional" />
    <link:loc xlink:type="locator" xlink:href="../core/gri_srs_core_2025-06-23.xsd#gri_PercentageOfOperationsWithImplementedLocalCommunityEngagementImpactAssessmentsAndOrDevelopmentPrograms" xlink:label="loc_gri_PercentageOfOperationsWithImplementedLocalCommunityEngagementImpactAssessmentsAndOrDevelopmentPrograms" />
    <link:presentationArc xlink:type="arc" xlink:arcrole="http://www.xbrl.org/2003/arcrole/parent-child" xlink:from="loc_gri_DisclosureOfOperationsWithLocalCommunityEngagementImpactAssessmentsAndDevelopmentProgramsAbstract" xlink:to="loc_gri_PercentageOfOperationsWithImplementedLocalCommunityEngagementImpactAssessmentsAndOrDevelopmentPrograms" order="1.0" preferredLabel="http://www.xbrl.org/2003/role/verboseLabel" use="optional" />
    <link:loc xlink:type="locator" xlink:href="../core/gri_srs_core_2025-06-23.xsd#gri_DisclosureOfOperationsWithSignificantActualAndPotentialNegativeImpactsOnLocalCommunitiesAbstract" xlink:label="loc_gri_DisclosureOfOperationsWithSignificantActualAndPotentialNegativeImpactsOnLocalCommunitiesAbstract" />
    <link:presentationArc xlink:type="arc" xlink:arcrole="http://www.xbrl.org/2003/arcrole/parent-child" xlink:from="loc_gri_DisclosureOfLocalCommunitiesAbstract" xlink:to="loc_gri_DisclosureOfOperationsWithSignificantActualAndPotentialNegativeImpactsOnLocalCommunitiesAbstract" order="2.0" preferredLabel="http://www.xbrl.org/2003/role/terseLabel" use="optional" />
    <link:loc xlink:type="locator" xlink:href="../core/gri_srs_core_2025-06-23.xsd#gri_DescriptionOfOperationsWithSignificantActualAndPotentialImpactsOnLocalCommunitiesTextBlock" xlink:label="loc_gri_DescriptionOfOperationsWithSignificantActualAndPotentialImpactsOnLocalCommunitiesTextBlock" />
    <link:presentationArc xlink:type="arc" xlink:arcrole="http://www.xbrl.org/2003/arcrole/parent-child" xlink:from="loc_gri_DisclosureOfOperationsWithSignificantActualAndPotentialNegativeImpactsOnLocalCommunitiesAbstract" xlink:to="loc_gri_DescriptionOfOperationsWithSignificantActualAndPotentialImpactsOnLocalCommunitiesTextBlock" order="1.0" preferredLabel="http://www.xbrl.org/2003/role/verboseLabel" use="optional" />
    <link:loc xlink:type="locator" xlink:href="../core/gri_srs_core_2025-06-23.xsd#gri_DescriptionOfLocationOfOperationsWithSignificantActualAndPotentialNegativeImpactsOnLocalCommunitiesTextBlock" xlink:label="loc_gri_DescriptionOfLocationOfOperationsWithSignificantActualAndPotentialNegativeImpactsOnLocalCommunitiesTextBlock" />
    <link:presentationArc xlink:type="arc" xlink:arcrole="http://www.xbrl.org/2003/arcrole/parent-child" xlink:from="loc_gri_DescriptionOfOperationsWithSignificantActualAndPotentialImpactsOnLocalCommunitiesTextBlock" xlink:to="loc_gri_DescriptionOfLocationOfOperationsWithSignificantActualAndPotentialNegativeImpactsOnLocalCommunitiesTextBlock" order="1.0" preferredLabel="http://www.xbrl.org/2003/role/verboseLabel" use="optional" />
    <link:loc xlink:type="locator" xlink:href="../core/gri_srs_core_2025-06-23.xsd#gri_DescriptionOfSignificantActualAndPotentialNegativeImpactsOfOperationsTextBlock" xlink:label="loc_gri_DescriptionOfSignificantActualAndPotentialNegativeImpactsOfOperationsTextBlock" />
    <link:presentationArc xlink:type="arc" xlink:arcrole="http://www.xbrl.org/2003/arcrole/parent-child" xlink:from="loc_gri_DescriptionOfOperationsWithSignificantActualAndPotentialImpactsOnLocalCommunitiesTextBlock" xlink:to="loc_gri_DescriptionOfSignificantActualAndPotentialNegativeImpactsOfOperationsTextBlock" order="2.0" preferredLabel="http://www.xbrl.org/2003/role/verboseLabel" use="optional" />
  </link:presentationLink>
</link:linkbase>