﻿<?xml version="1.0" encoding="utf-8"?>
<!-- Generated by GRI Taxonomy Editor-->
<link:linkbase xsi:schemaLocation="http://www.xbrl.org/2003/linkbase http://www.xbrl.org/2003/xbrl-linkbase-2003-12-31.xsd http://www.xbrl.org/2003/instance http://www.xbrl.org/2003/xbrl-instance-2003-12-31.xsd http://www.w3.org/1999/xlink http://www.xbrl.org/2003/xlink-2003-12-31.xsd " xmlns:link="http://www.xbrl.org/2003/linkbase" xmlns:xbrli="http://www.xbrl.org/2003/instance" xmlns:xlink="http://www.w3.org/1999/xlink" xmlns:xsi="http://www.w3.org/2001/XMLSchema-instance">
  <!-- Role Ref -->
  <link:roleRef roleURI="https://taxonomy.globalreporting.org/gri-sustainability-taxonomy/gri_srs/gri_srs_role/role_gri_303" xlink:type="simple" xlink:href="role_gri_srs_2025-06-23.xsd#role_gri_303" />
  <link:presentationLink xlink:type="extended" xlink:role="https://taxonomy.globalreporting.org/gri-sustainability-taxonomy/gri_srs/gri_srs_role/role_gri_303">
    <link:loc xlink:type="locator" xlink:href="../core/gri_srs_core_2025-06-23.xsd#gri_DisclosureOfWaterAndEffluentsAbstract" xlink:label="loc_gri_DisclosureOfWaterAndEffluentsAbstract" />
    <link:loc xlink:type="locator" xlink:href="../core/gri_srs_core_2025-06-23.xsd#gri_DisclosureOfInteractionsWithWaterAsSharedResourceAbstract" xlink:label="loc_gri_DisclosureOfInteractionsWithWaterAsSharedResourceAbstract" />
    <link:presentationArc xlink:type="arc" xlink:arcrole="http://www.xbrl.org/2003/arcrole/parent-child" xlink:from="loc_gri_DisclosureOfWaterAndEffluentsAbstract" xlink:to="loc_gri_DisclosureOfInteractionsWithWaterAsSharedResourceAbstract" order="1.0" preferredLabel="http://www.xbrl.org/2003/role/terseLabel" use="optional" />
    <link:loc xlink:type="locator" xlink:href="../core/gri_srs_core_2025-06-23.xsd#gri_DescriptionOfHowOrganizationInteractsWithWaterTextBlock" xlink:label="loc_gri_DescriptionOfHowOrganizationInteractsWithWaterTextBlock" />
    <link:presentationArc xlink:type="arc" xlink:arcrole="http://www.xbrl.org/2003/arcrole/parent-child" xlink:from="loc_gri_DisclosureOfInteractionsWithWaterAsSharedResourceAbstract" xlink:to="loc_gri_DescriptionOfHowOrganizationInteractsWithWaterTextBlock" order="1.0" preferredLabel="http://www.xbrl.org/2003/role/verboseLabel" use="optional" />
    <link:loc xlink:type="locator" xlink:href="../core/gri_srs_core_2025-06-23.xsd#gri_DescriptionOfHowAndWhereWaterIsWithdrawnConsumedAndDischargedTextBlock" xlink:label="loc_gri_DescriptionOfHowAndWhereWaterIsWithdrawnConsumedAndDischargedTextBlock" />
    <link:presentationArc xlink:type="arc" xlink:arcrole="http://www.xbrl.org/2003/arcrole/parent-child" xlink:from="loc_gri_DisclosureOfInteractionsWithWaterAsSharedResourceAbstract" xlink:to="loc_gri_DescriptionOfHowAndWhereWaterIsWithdrawnConsumedAndDischargedTextBlock" order="2.0" preferredLabel="http://www.xbrl.org/2003/role/verboseLabel" use="optional" />
    <link:loc xlink:type="locator" xlink:href="../core/gri_srs_core_2025-06-23.xsd#gri_DescriptionOfWaterRelatedImpactsOrganizationHasCausedOrContributedToOrThatAreDirectlyLinkedToOperationsProductsOrServicesByBusinessRelationshipsTextBlock" xlink:label="loc_gri_DescriptionOfWaterRelatedImpactsOrganizationHasCausedOrContributedToOrThatAreDirectlyLinkedToOperationsProductsOrServicesByBusinessRelationshipsTextBlock" />
    <link:presentationArc xlink:type="arc" xlink:arcrole="http://www.xbrl.org/2003/arcrole/parent-child" xlink:from="loc_gri_DisclosureOfInteractionsWithWaterAsSharedResourceAbstract" xlink:to="loc_gri_DescriptionOfWaterRelatedImpactsOrganizationHasCausedOrContributedToOrThatAreDirectlyLinkedToOperationsProductsOrServicesByBusinessRelationshipsTextBlock" order="3.0" preferredLabel="http://www.xbrl.org/2003/role/verboseLabel" use="optional" />
    <link:loc xlink:type="locator" xlink:href="../core/gri_srs_core_2025-06-23.xsd#gri_DescriptionOfApproachUsedToIdentifyWaterRelatedImpactsIncludingScopeOfAssessmentsTheirTimeframeAndAnyToolsOrMethodologiesUsedTextBlock" xlink:label="loc_gri_DescriptionOfApproachUsedToIdentifyWaterRelatedImpactsIncludingScopeOfAssessmentsTheirTimeframeAndAnyToolsOrMethodologiesUsedTextBlock" />
    <link:presentationArc xlink:type="arc" xlink:arcrole="http://www.xbrl.org/2003/arcrole/parent-child" xlink:from="loc_gri_DisclosureOfInteractionsWithWaterAsSharedResourceAbstract" xlink:to="loc_gri_DescriptionOfApproachUsedToIdentifyWaterRelatedImpactsIncludingScopeOfAssessmentsTheirTimeframeAndAnyToolsOrMethodologiesUsedTextBlock" order="4.0" preferredLabel="http://www.xbrl.org/2003/role/verboseLabel" use="optional" />
    <link:loc xlink:type="locator" xlink:href="../core/gri_srs_core_2025-06-23.xsd#gri_DescriptionOfHowWaterRelatedImpactsAreAddressedTextBlock" xlink:label="loc_gri_DescriptionOfHowWaterRelatedImpactsAreAddressedTextBlock" />
    <link:presentationArc xlink:type="arc" xlink:arcrole="http://www.xbrl.org/2003/arcrole/parent-child" xlink:from="loc_gri_DisclosureOfInteractionsWithWaterAsSharedResourceAbstract" xlink:to="loc_gri_DescriptionOfHowWaterRelatedImpactsAreAddressedTextBlock" order="5.0" preferredLabel="http://www.xbrl.org/2003/role/verboseLabel" use="optional" />
    <link:loc xlink:type="locator" xlink:href="../core/gri_srs_core_2025-06-23.xsd#gri_DescriptionOfHowOrganizationWorksWithStakeholdersToStewardWaterAsSharedResourceTextBlock" xlink:label="loc_gri_DescriptionOfHowOrganizationWorksWithStakeholdersToStewardWaterAsSharedResourceTextBlock" />
    <link:presentationArc xlink:type="arc" xlink:arcrole="http://www.xbrl.org/2003/arcrole/parent-child" xlink:from="loc_gri_DisclosureOfInteractionsWithWaterAsSharedResourceAbstract" xlink:to="loc_gri_DescriptionOfHowOrganizationWorksWithStakeholdersToStewardWaterAsSharedResourceTextBlock" order="6.0" preferredLabel="http://www.xbrl.org/2003/role/verboseLabel" use="optional" />
    <link:loc xlink:type="locator" xlink:href="../core/gri_srs_core_2025-06-23.xsd#gri_DescriptionOfHowOrganizationEngagesWithSuppliersOrCustomersWithSignificantWaterRelatedImpactsTextBlock" xlink:label="loc_gri_DescriptionOfHowOrganizationEngagesWithSuppliersOrCustomersWithSignificantWaterRelatedImpactsTextBlock" />
    <link:presentationArc xlink:type="arc" xlink:arcrole="http://www.xbrl.org/2003/arcrole/parent-child" xlink:from="loc_gri_DisclosureOfInteractionsWithWaterAsSharedResourceAbstract" xlink:to="loc_gri_DescriptionOfHowOrganizationEngagesWithSuppliersOrCustomersWithSignificantWaterRelatedImpactsTextBlock" order="7.0" preferredLabel="http://www.xbrl.org/2003/role/verboseLabel" use="optional" />
    <link:loc xlink:type="locator" xlink:href="../core/gri_srs_core_2025-06-23.xsd#gri_ExplanationOfProcessForSettingAnyWaterRelatedGoalsAndTargetsThatArePartOfApproachToManagingWaterAndEffluentsTextBlock" xlink:label="loc_gri_ExplanationOfProcessForSettingAnyWaterRelatedGoalsAndTargetsThatArePartOfApproachToManagingWaterAndEffluentsTextBlock" />
    <link:presentationArc xlink:type="arc" xlink:arcrole="http://www.xbrl.org/2003/arcrole/parent-child" xlink:from="loc_gri_DisclosureOfInteractionsWithWaterAsSharedResourceAbstract" xlink:to="loc_gri_ExplanationOfProcessForSettingAnyWaterRelatedGoalsAndTargetsThatArePartOfApproachToManagingWaterAndEffluentsTextBlock" order="8.0" preferredLabel="http://www.xbrl.org/2003/role/verboseLabel" use="optional" />
    <link:loc xlink:type="locator" xlink:href="../core/gri_srs_core_2025-06-23.xsd#gri_ExplanationOfHowWaterRelatedGoalsAndTargetsRelateToPublicPolicyAndLocalContextOfEachAreaWithWaterStressTextBlock" xlink:label="loc_gri_ExplanationOfHowWaterRelatedGoalsAndTargetsRelateToPublicPolicyAndLocalContextOfEachAreaWithWaterStressTextBlock" />
    <link:presentationArc xlink:type="arc" xlink:arcrole="http://www.xbrl.org/2003/arcrole/parent-child" xlink:from="loc_gri_DisclosureOfInteractionsWithWaterAsSharedResourceAbstract" xlink:to="loc_gri_ExplanationOfHowWaterRelatedGoalsAndTargetsRelateToPublicPolicyAndLocalContextOfEachAreaWithWaterStressTextBlock" order="9.0" preferredLabel="http://www.xbrl.org/2003/role/verboseLabel" use="optional" />
    <link:loc xlink:type="locator" xlink:href="../core/gri_srs_core_2025-06-23.xsd#gri_DisclosureOfManagementOfWaterDischargeRelatedImpactsAbstract" xlink:label="loc_gri_DisclosureOfManagementOfWaterDischargeRelatedImpactsAbstract" />
    <link:presentationArc xlink:type="arc" xlink:arcrole="http://www.xbrl.org/2003/arcrole/parent-child" xlink:from="loc_gri_DisclosureOfWaterAndEffluentsAbstract" xlink:to="loc_gri_DisclosureOfManagementOfWaterDischargeRelatedImpactsAbstract" order="2.0" preferredLabel="http://www.xbrl.org/2003/role/terseLabel" use="optional" />
    <link:loc xlink:type="locator" xlink:href="../core/gri_srs_core_2025-06-23.xsd#gri_DescriptionOfAnyMinimumStandardsSetForQualityOfEffluentDischargeTextBlock" xlink:label="loc_gri_DescriptionOfAnyMinimumStandardsSetForQualityOfEffluentDischargeTextBlock" />
    <link:presentationArc xlink:type="arc" xlink:arcrole="http://www.xbrl.org/2003/arcrole/parent-child" xlink:from="loc_gri_DisclosureOfManagementOfWaterDischargeRelatedImpactsAbstract" xlink:to="loc_gri_DescriptionOfAnyMinimumStandardsSetForQualityOfEffluentDischargeTextBlock" order="1.0" preferredLabel="http://www.xbrl.org/2003/role/verboseLabel" use="optional" />
    <link:loc xlink:type="locator" xlink:href="../core/gri_srs_core_2025-06-23.xsd#gri_DescriptionOfHowMinimumStandardsSetForQualityOfEffluentDischargeWereDeterminedTextBlock" xlink:label="loc_gri_DescriptionOfHowMinimumStandardsSetForQualityOfEffluentDischargeWereDeterminedTextBlock" />
    <link:presentationArc xlink:type="arc" xlink:arcrole="http://www.xbrl.org/2003/arcrole/parent-child" xlink:from="loc_gri_DisclosureOfManagementOfWaterDischargeRelatedImpactsAbstract" xlink:to="loc_gri_DescriptionOfHowMinimumStandardsSetForQualityOfEffluentDischargeWereDeterminedTextBlock" order="2.0" preferredLabel="http://www.xbrl.org/2003/role/verboseLabel" use="optional" />
    <link:loc xlink:type="locator" xlink:href="../core/gri_srs_core_2025-06-23.xsd#gri_DescriptionOfHowStandardsForFacilitiesOperatingInLocationsWithNoLocalDischargeRequirementsWereDeterminedTextBlock" xlink:label="loc_gri_DescriptionOfHowStandardsForFacilitiesOperatingInLocationsWithNoLocalDischargeRequirementsWereDeterminedTextBlock" />
    <link:presentationArc xlink:type="arc" xlink:arcrole="http://www.xbrl.org/2003/arcrole/parent-child" xlink:from="loc_gri_DescriptionOfHowMinimumStandardsSetForQualityOfEffluentDischargeWereDeterminedTextBlock" xlink:to="loc_gri_DescriptionOfHowStandardsForFacilitiesOperatingInLocationsWithNoLocalDischargeRequirementsWereDeterminedTextBlock" order="1.0" preferredLabel="http://www.xbrl.org/2003/role/verboseLabel" use="optional" />
    <link:loc xlink:type="locator" xlink:href="../core/gri_srs_core_2025-06-23.xsd#gri_DescriptionOfAnyInternallyDevelopedWaterQualityStandardsOrGuidelinesTextBlock" xlink:label="loc_gri_DescriptionOfAnyInternallyDevelopedWaterQualityStandardsOrGuidelinesTextBlock" />
    <link:presentationArc xlink:type="arc" xlink:arcrole="http://www.xbrl.org/2003/arcrole/parent-child" xlink:from="loc_gri_DescriptionOfHowMinimumStandardsSetForQualityOfEffluentDischargeWereDeterminedTextBlock" xlink:to="loc_gri_DescriptionOfAnyInternallyDevelopedWaterQualityStandardsOrGuidelinesTextBlock" order="2.0" preferredLabel="http://www.xbrl.org/2003/role/verboseLabel" use="optional" />
    <link:loc xlink:type="locator" xlink:href="../core/gri_srs_core_2025-06-23.xsd#gri_DescriptionOfAnySectorSpecificStandardsConsideredTextBlock" xlink:label="loc_gri_DescriptionOfAnySectorSpecificStandardsConsideredTextBlock" />
    <link:presentationArc xlink:type="arc" xlink:arcrole="http://www.xbrl.org/2003/arcrole/parent-child" xlink:from="loc_gri_DescriptionOfHowMinimumStandardsSetForQualityOfEffluentDischargeWereDeterminedTextBlock" xlink:to="loc_gri_DescriptionOfAnySectorSpecificStandardsConsideredTextBlock" order="3.0" preferredLabel="http://www.xbrl.org/2003/role/verboseLabel" use="optional" />
    <link:loc xlink:type="locator" xlink:href="../core/gri_srs_core_2025-06-23.xsd#gri_DescriptionOfWhetherProfileOfReceivingWaterbodyWasConsideredTextBlock" xlink:label="loc_gri_DescriptionOfWhetherProfileOfReceivingWaterbodyWasConsideredTextBlock" />
    <link:presentationArc xlink:type="arc" xlink:arcrole="http://www.xbrl.org/2003/arcrole/parent-child" xlink:from="loc_gri_DescriptionOfHowMinimumStandardsSetForQualityOfEffluentDischargeWereDeterminedTextBlock" xlink:to="loc_gri_DescriptionOfWhetherProfileOfReceivingWaterbodyWasConsideredTextBlock" order="4.0" preferredLabel="http://www.xbrl.org/2003/role/verboseLabel" use="optional" />
    <link:loc xlink:type="locator" xlink:href="../core/gri_srs_core_2025-06-23.xsd#gri_DisclosureOfWaterWithdrawalAbstract" xlink:label="loc_gri_DisclosureOfWaterWithdrawalAbstract" />
    <link:presentationArc xlink:type="arc" xlink:arcrole="http://www.xbrl.org/2003/arcrole/parent-child" xlink:from="loc_gri_DisclosureOfWaterAndEffluentsAbstract" xlink:to="loc_gri_DisclosureOfWaterWithdrawalAbstract" order="3.0" preferredLabel="http://www.xbrl.org/2003/role/terseLabel" use="optional" />
    <link:loc xlink:type="locator" xlink:href="../core/gri_srs_core_2025-06-23.xsd#gri_TotalWaterWithdrawalFromAllAreas" xlink:label="loc_gri_TotalWaterWithdrawalFromAllAreas" />
    <link:presentationArc xlink:type="arc" xlink:arcrole="http://www.xbrl.org/2003/arcrole/parent-child" xlink:from="loc_gri_DisclosureOfWaterWithdrawalAbstract" xlink:to="loc_gri_TotalWaterWithdrawalFromAllAreas" order="1.0" preferredLabel="http://www.xbrl.org/2003/role/totalLabel" use="optional" />
    <link:loc xlink:type="locator" xlink:href="../core/gri_srs_core_2025-06-23.xsd#gri_TotalWaterWithdrawalFromAllAreasWithWaterStress" xlink:label="loc_gri_TotalWaterWithdrawalFromAllAreasWithWaterStress" />
    <link:presentationArc xlink:type="arc" xlink:arcrole="http://www.xbrl.org/2003/arcrole/parent-child" xlink:from="loc_gri_DisclosureOfWaterWithdrawalAbstract" xlink:to="loc_gri_TotalWaterWithdrawalFromAllAreasWithWaterStress" order="2.0" preferredLabel="http://www.xbrl.org/2003/role/totalLabel" use="optional" />
    <link:loc xlink:type="locator" xlink:href="../core/gri_srs_core_2025-06-23.xsd#gri_WaterWithdrawalBreakdownBySourcesOfWaterAbstract" xlink:label="loc_gri_WaterWithdrawalBreakdownBySourcesOfWaterAbstract" />
    <link:presentationArc xlink:type="arc" xlink:arcrole="http://www.xbrl.org/2003/arcrole/parent-child" xlink:from="loc_gri_DisclosureOfWaterWithdrawalAbstract" xlink:to="loc_gri_WaterWithdrawalBreakdownBySourcesOfWaterAbstract" order="3.0" use="optional" />
    <link:loc xlink:type="locator" xlink:href="../core/gri_srs_core_2025-06-23.xsd#gri_WaterWithdrawalTable" xlink:label="loc_gri_WaterWithdrawalTable" />
    <link:presentationArc xlink:type="arc" xlink:arcrole="http://www.xbrl.org/2003/arcrole/parent-child" xlink:from="loc_gri_WaterWithdrawalBreakdownBySourcesOfWaterAbstract" xlink:to="loc_gri_WaterWithdrawalTable" order="1.0" use="optional" />
    <link:loc xlink:type="locator" xlink:href="../core/gri_srs_core_2025-06-23.xsd#gri_WaterWithdrawalBreakdownBySourcesOfWaterAxis" xlink:label="loc_gri_WaterWithdrawalBreakdownBySourcesOfWaterAxis" />
    <link:presentationArc xlink:type="arc" xlink:arcrole="http://www.xbrl.org/2003/arcrole/parent-child" xlink:from="loc_gri_WaterWithdrawalTable" xlink:to="loc_gri_WaterWithdrawalBreakdownBySourcesOfWaterAxis" order="1.0" use="optional" />
    <link:loc xlink:type="locator" xlink:href="../core/gri_srs_core_2025-06-23.xsd#gri_WaterWithdrawalBreakdownBySourcesOfWaterDomain" xlink:label="loc_gri_WaterWithdrawalBreakdownBySourcesOfWaterDomain" />
    <link:presentationArc xlink:type="arc" xlink:arcrole="http://www.xbrl.org/2003/arcrole/parent-child" xlink:from="loc_gri_WaterWithdrawalBreakdownBySourcesOfWaterAxis" xlink:to="loc_gri_WaterWithdrawalBreakdownBySourcesOfWaterDomain" order="1.0" use="optional" />
    <link:loc xlink:type="locator" xlink:href="../core/gri_srs_core_2025-06-23.xsd#gri_SurfaceWaterMember" xlink:label="loc_gri_SurfaceWaterMember" />
    <link:presentationArc xlink:type="arc" xlink:arcrole="http://www.xbrl.org/2003/arcrole/parent-child" xlink:from="loc_gri_WaterWithdrawalBreakdownBySourcesOfWaterDomain" xlink:to="loc_gri_SurfaceWaterMember" order="1.0" preferredLabel="http://www.xbrl.org/2003/role/terseLabel" use="optional" />
    <link:loc xlink:type="locator" xlink:href="../core/gri_srs_core_2025-06-23.xsd#gri_GroundwaterMember" xlink:label="loc_gri_GroundwaterMember" />
    <link:presentationArc xlink:type="arc" xlink:arcrole="http://www.xbrl.org/2003/arcrole/parent-child" xlink:from="loc_gri_WaterWithdrawalBreakdownBySourcesOfWaterDomain" xlink:to="loc_gri_GroundwaterMember" order="2.0" preferredLabel="http://www.xbrl.org/2003/role/terseLabel" use="optional" />
    <link:loc xlink:type="locator" xlink:href="../core/gri_srs_core_2025-06-23.xsd#gri_SeawaterMember" xlink:label="loc_gri_SeawaterMember" />
    <link:presentationArc xlink:type="arc" xlink:arcrole="http://www.xbrl.org/2003/arcrole/parent-child" xlink:from="loc_gri_WaterWithdrawalBreakdownBySourcesOfWaterDomain" xlink:to="loc_gri_SeawaterMember" order="3.0" preferredLabel="http://www.xbrl.org/2003/role/terseLabel" use="optional" />
    <link:loc xlink:type="locator" xlink:href="../core/gri_srs_core_2025-06-23.xsd#gri_ProducedWaterMember" xlink:label="loc_gri_ProducedWaterMember" />
    <link:presentationArc xlink:type="arc" xlink:arcrole="http://www.xbrl.org/2003/arcrole/parent-child" xlink:from="loc_gri_WaterWithdrawalBreakdownBySourcesOfWaterDomain" xlink:to="loc_gri_ProducedWaterMember" order="4.0" preferredLabel="http://www.xbrl.org/2003/role/terseLabel" use="optional" />
    <link:loc xlink:type="locator" xlink:href="../core/gri_srs_core_2025-06-23.xsd#gri_ThirdPartyWaterMember" xlink:label="loc_gri_ThirdPartyWaterMember" />
    <link:presentationArc xlink:type="arc" xlink:arcrole="http://www.xbrl.org/2003/arcrole/parent-child" xlink:from="loc_gri_WaterWithdrawalBreakdownBySourcesOfWaterDomain" xlink:to="loc_gri_ThirdPartyWaterMember" order="5.0" preferredLabel="http://www.xbrl.org/2003/role/terseLabel" use="optional" />
    <link:loc xlink:type="locator" xlink:href="../core/gri_srs_core_2025-06-23.xsd#gri_WaterWithdrawalBreakdownByWaterCategoriesAxis" xlink:label="loc_gri_WaterWithdrawalBreakdownByWaterCategoriesAxis" />
    <link:presentationArc xlink:type="arc" xlink:arcrole="http://www.xbrl.org/2003/arcrole/parent-child" xlink:from="loc_gri_WaterWithdrawalTable" xlink:to="loc_gri_WaterWithdrawalBreakdownByWaterCategoriesAxis" order="2.0" use="optional" />
    <link:loc xlink:type="locator" xlink:href="../core/gri_srs_core_2025-06-23.xsd#gri_WaterWithdrawalBreakdownByWaterCategoriesDomain" xlink:label="loc_gri_WaterWithdrawalBreakdownByWaterCategoriesDomain" />
    <link:presentationArc xlink:type="arc" xlink:arcrole="http://www.xbrl.org/2003/arcrole/parent-child" xlink:from="loc_gri_WaterWithdrawalBreakdownByWaterCategoriesAxis" xlink:to="loc_gri_WaterWithdrawalBreakdownByWaterCategoriesDomain" order="1.0" use="optional" />
    <link:loc xlink:type="locator" xlink:href="../core/gri_srs_core_2025-06-23.xsd#gri_FreshwaterLessThanOrEqualTo1000MgPerLiterTotalDissolvedSolidsMember" xlink:label="loc_gri_FreshwaterLessThanOrEqualTo1000MgPerLiterTotalDissolvedSolidsMember" />
    <link:presentationArc xlink:type="arc" xlink:arcrole="http://www.xbrl.org/2003/arcrole/parent-child" xlink:from="loc_gri_WaterWithdrawalBreakdownByWaterCategoriesDomain" xlink:to="loc_gri_FreshwaterLessThanOrEqualTo1000MgPerLiterTotalDissolvedSolidsMember" order="1.0" preferredLabel="http://www.xbrl.org/2003/role/terseLabel" use="optional" />
    <link:loc xlink:type="locator" xlink:href="../core/gri_srs_core_2025-06-23.xsd#gri_OtherWaterMoreThan1000MgPerLiterTotalDissolvedSolidsMember" xlink:label="loc_gri_OtherWaterMoreThan1000MgPerLiterTotalDissolvedSolidsMember" />
    <link:presentationArc xlink:type="arc" xlink:arcrole="http://www.xbrl.org/2003/arcrole/parent-child" xlink:from="loc_gri_WaterWithdrawalBreakdownByWaterCategoriesDomain" xlink:to="loc_gri_OtherWaterMoreThan1000MgPerLiterTotalDissolvedSolidsMember" order="2.0" preferredLabel="http://www.xbrl.org/2003/role/terseLabel" use="optional" />
    <link:loc xlink:type="locator" xlink:href="../core/gri_srs_core_2025-06-23.xsd#gri_WaterWithdrawalLineItems" xlink:label="loc_gri_WaterWithdrawalLineItems" />
    <link:presentationArc xlink:type="arc" xlink:arcrole="http://www.xbrl.org/2003/arcrole/parent-child" xlink:from="loc_gri_WaterWithdrawalBreakdownBySourcesOfWaterAbstract" xlink:to="loc_gri_WaterWithdrawalLineItems" order="2.0" preferredLabel="http://www.xbrl.org/2003/role/label" use="optional" />
    <link:loc xlink:type="locator" xlink:href="../core/gri_srs_core_2025-06-23.xsd#gri_TotalWaterWithdrawalFromAllAreas" xlink:label="loc_gri_TotalWaterWithdrawalFromAllAreas_1" />
    <link:presentationArc xlink:type="arc" xlink:arcrole="http://www.xbrl.org/2003/arcrole/parent-child" xlink:from="loc_gri_WaterWithdrawalLineItems" xlink:to="loc_gri_TotalWaterWithdrawalFromAllAreas_1" order="1.0" preferredLabel="http://www.xbrl.org/2003/role/verboseLabel" use="optional" />
    <link:loc xlink:type="locator" xlink:href="../core/gri_srs_core_2025-06-23.xsd#gri_ReasonForOmissionRelatedToTotalWaterWithdrawalFromAllAreas" xlink:label="loc_gri_ReasonForOmissionRelatedToTotalWaterWithdrawalFromAllAreas_1" />
    <link:presentationArc xlink:type="arc" xlink:arcrole="http://www.xbrl.org/2003/arcrole/parent-child" xlink:from="loc_gri_TotalWaterWithdrawalFromAllAreas_1" xlink:to="loc_gri_ReasonForOmissionRelatedToTotalWaterWithdrawalFromAllAreas_1" order="1.0" preferredLabel="http://www.xbrl.org/2003/role/verboseLabel" use="optional" />
    <link:loc xlink:type="locator" xlink:href="../core/gri_srs_core_2025-06-23.xsd#gri_ExplanationForReasonForOmissionRelatedToTotalWaterWithdrawalFromAllAreasTextBlock" xlink:label="loc_gri_ExplanationForReasonForOmissionRelatedToTotalWaterWithdrawalFromAllAreasTextBlock_1" />
    <link:presentationArc xlink:type="arc" xlink:arcrole="http://www.xbrl.org/2003/arcrole/parent-child" xlink:from="loc_gri_TotalWaterWithdrawalFromAllAreas_1" xlink:to="loc_gri_ExplanationForReasonForOmissionRelatedToTotalWaterWithdrawalFromAllAreasTextBlock_1" order="2.0" preferredLabel="http://www.xbrl.org/2003/role/verboseLabel" use="optional" />
    <link:loc xlink:type="locator" xlink:href="../core/gri_srs_core_2025-06-23.xsd#gri_TotalWaterWithdrawalFromAllAreasWithWaterStress" xlink:label="loc_gri_TotalWaterWithdrawalFromAllAreasWithWaterStress_1" />
    <link:presentationArc xlink:type="arc" xlink:arcrole="http://www.xbrl.org/2003/arcrole/parent-child" xlink:from="loc_gri_WaterWithdrawalLineItems" xlink:to="loc_gri_TotalWaterWithdrawalFromAllAreasWithWaterStress_1" order="2.0" preferredLabel="http://www.xbrl.org/2003/role/verboseLabel" use="optional" />
    <link:loc xlink:type="locator" xlink:href="../core/gri_srs_core_2025-06-23.xsd#gri_ReasonForOmissionRelatedToTotalWaterWithdrawalFromAllAreasWithWaterStress" xlink:label="loc_gri_ReasonForOmissionRelatedToTotalWaterWithdrawalFromAllAreasWithWaterStress_1" />
    <link:presentationArc xlink:type="arc" xlink:arcrole="http://www.xbrl.org/2003/arcrole/parent-child" xlink:from="loc_gri_TotalWaterWithdrawalFromAllAreasWithWaterStress_1" xlink:to="loc_gri_ReasonForOmissionRelatedToTotalWaterWithdrawalFromAllAreasWithWaterStress_1" order="1.0" preferredLabel="http://www.xbrl.org/2003/role/verboseLabel" use="optional" />
    <link:loc xlink:type="locator" xlink:href="../core/gri_srs_core_2025-06-23.xsd#gri_ExplanationForReasonForOmissionRelatedToTotalWaterWithdrawalFromAllAreasWithWaterStressTextBlock" xlink:label="loc_gri_ExplanationForReasonForOmissionRelatedToTotalWaterWithdrawalFromAllAreasWithWaterStressTextBlock_1" />
    <link:presentationArc xlink:type="arc" xlink:arcrole="http://www.xbrl.org/2003/arcrole/parent-child" xlink:from="loc_gri_TotalWaterWithdrawalFromAllAreasWithWaterStress_1" xlink:to="loc_gri_ExplanationForReasonForOmissionRelatedToTotalWaterWithdrawalFromAllAreasWithWaterStressTextBlock_1" order="2.0" preferredLabel="http://www.xbrl.org/2003/role/verboseLabel" use="optional" />
    <link:loc xlink:type="locator" xlink:href="../core/gri_srs_core_2025-06-23.xsd#gri_ThirdPartyWaterWithdrawalBreakdownBySourcesOfWaterAbstract" xlink:label="loc_gri_ThirdPartyWaterWithdrawalBreakdownBySourcesOfWaterAbstract" />
    <link:presentationArc xlink:type="arc" xlink:arcrole="http://www.xbrl.org/2003/arcrole/parent-child" xlink:from="loc_gri_DisclosureOfWaterWithdrawalAbstract" xlink:to="loc_gri_ThirdPartyWaterWithdrawalBreakdownBySourcesOfWaterAbstract" order="4.0" use="optional" />
    <link:loc xlink:type="locator" xlink:href="../core/gri_srs_core_2025-06-23.xsd#gri_ThirdPartyWaterWithdrawalBreakdownBySourcesOfWaterTable" xlink:label="loc_gri_ThirdPartyWaterWithdrawalBreakdownBySourcesOfWaterTable" />
    <link:presentationArc xlink:type="arc" xlink:arcrole="http://www.xbrl.org/2003/arcrole/parent-child" xlink:from="loc_gri_ThirdPartyWaterWithdrawalBreakdownBySourcesOfWaterAbstract" xlink:to="loc_gri_ThirdPartyWaterWithdrawalBreakdownBySourcesOfWaterTable" order="1.0" use="optional" />
    <link:loc xlink:type="locator" xlink:href="../core/gri_srs_core_2025-06-23.xsd#gri_ThirdPartyWaterWithdrawalBreakdownBySourcesOfWaterAxis" xlink:label="loc_gri_ThirdPartyWaterWithdrawalBreakdownBySourcesOfWaterAxis" />
    <link:presentationArc xlink:type="arc" xlink:arcrole="http://www.xbrl.org/2003/arcrole/parent-child" xlink:from="loc_gri_ThirdPartyWaterWithdrawalBreakdownBySourcesOfWaterTable" xlink:to="loc_gri_ThirdPartyWaterWithdrawalBreakdownBySourcesOfWaterAxis" order="2.0" use="optional" />
    <link:loc xlink:type="locator" xlink:href="../core/gri_srs_core_2025-06-23.xsd#gri_ThirdPartyWaterWithdrawalBreakdownBySourcesOfWaterDomain" xlink:label="loc_gri_ThirdPartyWaterWithdrawalBreakdownBySourcesOfWaterDomain" />
    <link:presentationArc xlink:type="arc" xlink:arcrole="http://www.xbrl.org/2003/arcrole/parent-child" xlink:from="loc_gri_ThirdPartyWaterWithdrawalBreakdownBySourcesOfWaterAxis" xlink:to="loc_gri_ThirdPartyWaterWithdrawalBreakdownBySourcesOfWaterDomain" order="1.0" use="optional" />
    <link:loc xlink:type="locator" xlink:href="../core/gri_srs_core_2025-06-23.xsd#gri_SurfaceWaterMember" xlink:label="loc_gri_SurfaceWaterMember_1" />
    <link:presentationArc xlink:type="arc" xlink:arcrole="http://www.xbrl.org/2003/arcrole/parent-child" xlink:from="loc_gri_ThirdPartyWaterWithdrawalBreakdownBySourcesOfWaterDomain" xlink:to="loc_gri_SurfaceWaterMember_1" order="1.0" preferredLabel="http://www.xbrl.org/2003/role/terseLabel" use="optional" />
    <link:loc xlink:type="locator" xlink:href="../core/gri_srs_core_2025-06-23.xsd#gri_GroundwaterMember" xlink:label="loc_gri_GroundwaterMember_1" />
    <link:presentationArc xlink:type="arc" xlink:arcrole="http://www.xbrl.org/2003/arcrole/parent-child" xlink:from="loc_gri_ThirdPartyWaterWithdrawalBreakdownBySourcesOfWaterDomain" xlink:to="loc_gri_GroundwaterMember_1" order="2.0" preferredLabel="http://www.xbrl.org/2003/role/terseLabel" use="optional" />
    <link:loc xlink:type="locator" xlink:href="../core/gri_srs_core_2025-06-23.xsd#gri_SeawaterMember" xlink:label="loc_gri_SeawaterMember_1" />
    <link:presentationArc xlink:type="arc" xlink:arcrole="http://www.xbrl.org/2003/arcrole/parent-child" xlink:from="loc_gri_ThirdPartyWaterWithdrawalBreakdownBySourcesOfWaterDomain" xlink:to="loc_gri_SeawaterMember_1" order="3.0" preferredLabel="http://www.xbrl.org/2003/role/terseLabel" use="optional" />
    <link:loc xlink:type="locator" xlink:href="../core/gri_srs_core_2025-06-23.xsd#gri_ProducedWaterMember" xlink:label="loc_gri_ProducedWaterMember_1" />
    <link:presentationArc xlink:type="arc" xlink:arcrole="http://www.xbrl.org/2003/arcrole/parent-child" xlink:from="loc_gri_ThirdPartyWaterWithdrawalBreakdownBySourcesOfWaterDomain" xlink:to="loc_gri_ProducedWaterMember_1" order="4.0" preferredLabel="http://www.xbrl.org/2003/role/terseLabel" use="optional" />
    <link:loc xlink:type="locator" xlink:href="../core/gri_srs_core_2025-06-23.xsd#gri_ThirdPartyWaterWithdrawalBreakdownBySourcesOfWaterLineItems" xlink:label="loc_gri_ThirdPartyWaterWithdrawalBreakdownBySourcesOfWaterLineItems" />
    <link:presentationArc xlink:type="arc" xlink:arcrole="http://www.xbrl.org/2003/arcrole/parent-child" xlink:from="loc_gri_ThirdPartyWaterWithdrawalBreakdownBySourcesOfWaterAbstract" xlink:to="loc_gri_ThirdPartyWaterWithdrawalBreakdownBySourcesOfWaterLineItems" order="2.0" use="optional" />
    <link:loc xlink:type="locator" xlink:href="../core/gri_srs_core_2025-06-23.xsd#gri_TotalThirdPartyWaterWithdrawalFromAllAreasWithWaterStress" xlink:label="loc_gri_TotalThirdPartyWaterWithdrawalFromAllAreasWithWaterStress" />
    <link:presentationArc xlink:type="arc" xlink:arcrole="http://www.xbrl.org/2003/arcrole/parent-child" xlink:from="loc_gri_ThirdPartyWaterWithdrawalBreakdownBySourcesOfWaterLineItems" xlink:to="loc_gri_TotalThirdPartyWaterWithdrawalFromAllAreasWithWaterStress" order="1.0" preferredLabel="http://www.xbrl.org/2003/role/verboseLabel" use="optional" />
    <link:loc xlink:type="locator" xlink:href="../core/gri_srs_core_2025-06-23.xsd#gri_ReasonForOmissionRelatedToTotalThirdPartyWaterWithdrawalFromAllAreasWithWaterStress" xlink:label="loc_gri_ReasonForOmissionRelatedToTotalThirdPartyWaterWithdrawalFromAllAreasWithWaterStress" />
    <link:presentationArc xlink:type="arc" xlink:arcrole="http://www.xbrl.org/2003/arcrole/parent-child" xlink:from="loc_gri_TotalThirdPartyWaterWithdrawalFromAllAreasWithWaterStress" xlink:to="loc_gri_ReasonForOmissionRelatedToTotalThirdPartyWaterWithdrawalFromAllAreasWithWaterStress" order="1.0" preferredLabel="http://www.xbrl.org/2003/role/verboseLabel" use="optional" />
    <link:loc xlink:type="locator" xlink:href="../core/gri_srs_core_2025-06-23.xsd#gri_ExplanationForReasonForOmissionRelatedToTotalThirdPartyWaterWithdrawalFromAllAreasWithWaterStressTextBlock" xlink:label="loc_gri_ExplanationForReasonForOmissionRelatedToTotalThirdPartyWaterWithdrawalFromAllAreasWithWaterStressTextBlock" />
    <link:presentationArc xlink:type="arc" xlink:arcrole="http://www.xbrl.org/2003/arcrole/parent-child" xlink:from="loc_gri_TotalThirdPartyWaterWithdrawalFromAllAreasWithWaterStress" xlink:to="loc_gri_ExplanationForReasonForOmissionRelatedToTotalThirdPartyWaterWithdrawalFromAllAreasWithWaterStressTextBlock" order="2.0" preferredLabel="http://www.xbrl.org/2003/role/verboseLabel" use="optional" />
    <link:loc xlink:type="locator" xlink:href="../core/gri_srs_core_2025-06-23.xsd#gri_DescriptionOfAnyContextualInformationNecessaryToUnderstandHowDataHasBeenCompiled3033TextBlock" xlink:label="loc_gri_DescriptionOfAnyContextualInformationNecessaryToUnderstandHowDataHasBeenCompiled3033TextBlock" />
    <link:presentationArc xlink:type="arc" xlink:arcrole="http://www.xbrl.org/2003/arcrole/parent-child" xlink:from="loc_gri_DisclosureOfWaterWithdrawalAbstract" xlink:to="loc_gri_DescriptionOfAnyContextualInformationNecessaryToUnderstandHowDataHasBeenCompiled3033TextBlock" order="5.0" preferredLabel="http://www.xbrl.org/2003/role/verboseLabel" use="optional" />
    <link:loc xlink:type="locator" xlink:href="../core/gri_srs_core_2025-06-23.xsd#gri_DisclosureOfWaterDischargeAbstract" xlink:label="loc_gri_DisclosureOfWaterDischargeAbstract" />
    <link:presentationArc xlink:type="arc" xlink:arcrole="http://www.xbrl.org/2003/arcrole/parent-child" xlink:from="loc_gri_DisclosureOfWaterAndEffluentsAbstract" xlink:to="loc_gri_DisclosureOfWaterDischargeAbstract" order="4.0" preferredLabel="http://www.xbrl.org/2003/role/terseLabel" use="optional" />
    <link:loc xlink:type="locator" xlink:href="../core/gri_srs_core_2025-06-23.xsd#gri_TotalWaterDischargeToAllAreas" xlink:label="loc_gri_TotalWaterDischargeToAllAreas" />
    <link:presentationArc xlink:type="arc" xlink:arcrole="http://www.xbrl.org/2003/arcrole/parent-child" xlink:from="loc_gri_DisclosureOfWaterDischargeAbstract" xlink:to="loc_gri_TotalWaterDischargeToAllAreas" order="1.0" preferredLabel="http://www.xbrl.org/2003/role/verboseLabel" use="optional" />
    <link:loc xlink:type="locator" xlink:href="../core/gri_srs_core_2025-06-23.xsd#gri_WaterDischargeBreakdownByTypeOfDestinationAbstract" xlink:label="loc_gri_WaterDischargeBreakdownByTypeOfDestinationAbstract" />
    <link:presentationArc xlink:type="arc" xlink:arcrole="http://www.xbrl.org/2003/arcrole/parent-child" xlink:from="loc_gri_DisclosureOfWaterDischargeAbstract" xlink:to="loc_gri_WaterDischargeBreakdownByTypeOfDestinationAbstract" order="2.0" use="optional" />
    <link:loc xlink:type="locator" xlink:href="../core/gri_srs_core_2025-06-23.xsd#gri_WaterDischargeBreakdownByTypeOfDestinationTable" xlink:label="loc_gri_WaterDischargeBreakdownByTypeOfDestinationTable" />
    <link:presentationArc xlink:type="arc" xlink:arcrole="http://www.xbrl.org/2003/arcrole/parent-child" xlink:from="loc_gri_WaterDischargeBreakdownByTypeOfDestinationAbstract" xlink:to="loc_gri_WaterDischargeBreakdownByTypeOfDestinationTable" order="1.0" use="optional" />
    <link:loc xlink:type="locator" xlink:href="../core/gri_srs_core_2025-06-23.xsd#gri_WaterDischargeBreakdownByTypeOfDestinationAxis" xlink:label="loc_gri_WaterDischargeBreakdownByTypeOfDestinationAxis" />
    <link:presentationArc xlink:type="arc" xlink:arcrole="http://www.xbrl.org/2003/arcrole/parent-child" xlink:from="loc_gri_WaterDischargeBreakdownByTypeOfDestinationTable" xlink:to="loc_gri_WaterDischargeBreakdownByTypeOfDestinationAxis" order="1.0" use="optional" />
    <link:loc xlink:type="locator" xlink:href="../core/gri_srs_core_2025-06-23.xsd#gri_WaterDischargeBreakdownByTypeOfDestinationDomain" xlink:label="loc_gri_WaterDischargeBreakdownByTypeOfDestinationDomain" />
    <link:presentationArc xlink:type="arc" xlink:arcrole="http://www.xbrl.org/2003/arcrole/parent-child" xlink:from="loc_gri_WaterDischargeBreakdownByTypeOfDestinationAxis" xlink:to="loc_gri_WaterDischargeBreakdownByTypeOfDestinationDomain" order="1.0" use="optional" />
    <link:loc xlink:type="locator" xlink:href="../core/gri_srs_core_2025-06-23.xsd#gri_SurfaceWaterMember" xlink:label="loc_gri_SurfaceWaterMember_1_1" />
    <link:presentationArc xlink:type="arc" xlink:arcrole="http://www.xbrl.org/2003/arcrole/parent-child" xlink:from="loc_gri_WaterDischargeBreakdownByTypeOfDestinationDomain" xlink:to="loc_gri_SurfaceWaterMember_1_1" order="1.0" preferredLabel="http://www.xbrl.org/2003/role/terseLabel" use="optional" />
    <link:loc xlink:type="locator" xlink:href="../core/gri_srs_core_2025-06-23.xsd#gri_GroundwaterMember" xlink:label="loc_gri_GroundwaterMember_1_1" />
    <link:presentationArc xlink:type="arc" xlink:arcrole="http://www.xbrl.org/2003/arcrole/parent-child" xlink:from="loc_gri_WaterDischargeBreakdownByTypeOfDestinationDomain" xlink:to="loc_gri_GroundwaterMember_1_1" order="2.0" preferredLabel="http://www.xbrl.org/2003/role/terseLabel" use="optional" />
    <link:loc xlink:type="locator" xlink:href="../core/gri_srs_core_2025-06-23.xsd#gri_SeawaterMember" xlink:label="loc_gri_SeawaterMember_1_1" />
    <link:presentationArc xlink:type="arc" xlink:arcrole="http://www.xbrl.org/2003/arcrole/parent-child" xlink:from="loc_gri_WaterDischargeBreakdownByTypeOfDestinationDomain" xlink:to="loc_gri_SeawaterMember_1_1" order="3.0" preferredLabel="http://www.xbrl.org/2003/role/terseLabel" use="optional" />
    <link:loc xlink:type="locator" xlink:href="../core/gri_srs_core_2025-06-23.xsd#gri_ThirdPartyWaterMember" xlink:label="loc_gri_ThirdPartyWaterMember_1" />
    <link:presentationArc xlink:type="arc" xlink:arcrole="http://www.xbrl.org/2003/arcrole/parent-child" xlink:from="loc_gri_WaterDischargeBreakdownByTypeOfDestinationDomain" xlink:to="loc_gri_ThirdPartyWaterMember_1" order="4.0" preferredLabel="http://www.xbrl.org/2003/role/terseLabel" use="optional" />
    <link:loc xlink:type="locator" xlink:href="../core/gri_srs_core_2025-06-23.xsd#gri_WaterDischargeLineItems" xlink:label="loc_gri_WaterDischargeLineItems" />
    <link:presentationArc xlink:type="arc" xlink:arcrole="http://www.xbrl.org/2003/arcrole/parent-child" xlink:from="loc_gri_WaterDischargeBreakdownByTypeOfDestinationAbstract" xlink:to="loc_gri_WaterDischargeLineItems" order="2.0" use="optional" />
    <link:loc xlink:type="locator" xlink:href="../core/gri_srs_core_2025-06-23.xsd#gri_TotalWaterDischargeToAllAreas" xlink:label="loc_gri_TotalWaterDischargeToAllAreas_1" />
    <link:presentationArc xlink:type="arc" xlink:arcrole="http://www.xbrl.org/2003/arcrole/parent-child" xlink:from="loc_gri_WaterDischargeLineItems" xlink:to="loc_gri_TotalWaterDischargeToAllAreas_1" order="1.0" preferredLabel="http://www.xbrl.org/2003/role/verboseLabel" use="optional" />
    <link:loc xlink:type="locator" xlink:href="../core/gri_srs_core_2025-06-23.xsd#gri_ReasonForOmissionRelatedToTotalWaterDischargeToAllAreas" xlink:label="loc_gri_ReasonForOmissionRelatedToTotalWaterDischargeToAllAreas_1" />
    <link:presentationArc xlink:type="arc" xlink:arcrole="http://www.xbrl.org/2003/arcrole/parent-child" xlink:from="loc_gri_TotalWaterDischargeToAllAreas_1" xlink:to="loc_gri_ReasonForOmissionRelatedToTotalWaterDischargeToAllAreas_1" order="1.0" preferredLabel="http://www.xbrl.org/2003/role/verboseLabel" use="optional" />
    <link:loc xlink:type="locator" xlink:href="../core/gri_srs_core_2025-06-23.xsd#gri_ExplanationForReasonForOmissionRelatedToTotalWaterDischargeToAllAreasTextBlock" xlink:label="loc_gri_ExplanationForReasonForOmissionRelatedToTotalWaterDischargeToAllAreasTextBlock_1" />
    <link:presentationArc xlink:type="arc" xlink:arcrole="http://www.xbrl.org/2003/arcrole/parent-child" xlink:from="loc_gri_TotalWaterDischargeToAllAreas_1" xlink:to="loc_gri_ExplanationForReasonForOmissionRelatedToTotalWaterDischargeToAllAreasTextBlock_1" order="2.0" preferredLabel="http://www.xbrl.org/2003/role/verboseLabel" use="optional" />
    <link:loc xlink:type="locator" xlink:href="../core/gri_srs_core_2025-06-23.xsd#gri_WhetherThirdPartyWaterIsSentForUseToOtherOrganizations" xlink:label="loc_gri_WhetherThirdPartyWaterIsSentForUseToOtherOrganizations" />
    <link:presentationArc xlink:type="arc" xlink:arcrole="http://www.xbrl.org/2003/arcrole/parent-child" xlink:from="loc_gri_DisclosureOfWaterDischargeAbstract" xlink:to="loc_gri_WhetherThirdPartyWaterIsSentForUseToOtherOrganizations" order="3.0" preferredLabel="http://www.xbrl.org/2003/role/terseLabel" use="optional" />
    <link:loc xlink:type="locator" xlink:href="../core/gri_srs_core_2025-06-23.xsd#gri_VolumeOfThirdPartyWaterSentForUseToOtherOrganizations" xlink:label="loc_gri_VolumeOfThirdPartyWaterSentForUseToOtherOrganizations" />
    <link:presentationArc xlink:type="arc" xlink:arcrole="http://www.xbrl.org/2003/arcrole/parent-child" xlink:from="loc_gri_DisclosureOfWaterDischargeAbstract" xlink:to="loc_gri_VolumeOfThirdPartyWaterSentForUseToOtherOrganizations" order="4.0" preferredLabel="http://www.xbrl.org/2003/role/verboseLabel" use="optional" />
    <link:loc xlink:type="locator" xlink:href="../core/gri_srs_core_2025-06-23.xsd#gri_WaterDischargeBreakdownByCategoryAbstract" xlink:label="loc_gri_WaterDischargeBreakdownByCategoryAbstract" />
    <link:presentationArc xlink:type="arc" xlink:arcrole="http://www.xbrl.org/2003/arcrole/parent-child" xlink:from="loc_gri_DisclosureOfWaterDischargeAbstract" xlink:to="loc_gri_WaterDischargeBreakdownByCategoryAbstract" order="5.0" use="optional" />
    <link:loc xlink:type="locator" xlink:href="../core/gri_srs_core_2025-06-23.xsd#gri_WaterDischargeBreakdownByCategoryTable" xlink:label="loc_gri_WaterDischargeBreakdownByCategoryTable" />
    <link:presentationArc xlink:type="arc" xlink:arcrole="http://www.xbrl.org/2003/arcrole/parent-child" xlink:from="loc_gri_WaterDischargeBreakdownByCategoryAbstract" xlink:to="loc_gri_WaterDischargeBreakdownByCategoryTable" order="1.0" use="optional" />
    <link:loc xlink:type="locator" xlink:href="../core/gri_srs_core_2025-06-23.xsd#gri_WaterDischargeBreakdownByWaterCategoriesAxis" xlink:label="loc_gri_WaterDischargeBreakdownByWaterCategoriesAxis" />
    <link:presentationArc xlink:type="arc" xlink:arcrole="http://www.xbrl.org/2003/arcrole/parent-child" xlink:from="loc_gri_WaterDischargeBreakdownByCategoryTable" xlink:to="loc_gri_WaterDischargeBreakdownByWaterCategoriesAxis" order="1.0" use="optional" />
    <link:loc xlink:type="locator" xlink:href="../core/gri_srs_core_2025-06-23.xsd#gri_WaterDischargeBreakdownByWaterCategoriesDomain" xlink:label="loc_gri_WaterDischargeBreakdownByWaterCategoriesDomain" />
    <link:presentationArc xlink:type="arc" xlink:arcrole="http://www.xbrl.org/2003/arcrole/parent-child" xlink:from="loc_gri_WaterDischargeBreakdownByWaterCategoriesAxis" xlink:to="loc_gri_WaterDischargeBreakdownByWaterCategoriesDomain" order="1.0" use="optional" />
    <link:loc xlink:type="locator" xlink:href="../core/gri_srs_core_2025-06-23.xsd#gri_FreshwaterLessThanOrEqualTo1000MgPerLiterTotalDissolvedSolidsMember" xlink:label="loc_gri_FreshwaterLessThanOrEqualTo1000MgPerLiterTotalDissolvedSolidsMember_1" />
    <link:presentationArc xlink:type="arc" xlink:arcrole="http://www.xbrl.org/2003/arcrole/parent-child" xlink:from="loc_gri_WaterDischargeBreakdownByWaterCategoriesDomain" xlink:to="loc_gri_FreshwaterLessThanOrEqualTo1000MgPerLiterTotalDissolvedSolidsMember_1" order="1.0" preferredLabel="http://www.xbrl.org/2003/role/terseLabel" use="optional" />
    <link:loc xlink:type="locator" xlink:href="../core/gri_srs_core_2025-06-23.xsd#gri_OtherWaterMoreThan1000MgPerLiterTotalDissolvedSolidsMember" xlink:label="loc_gri_OtherWaterMoreThan1000MgPerLiterTotalDissolvedSolidsMember_1" />
    <link:presentationArc xlink:type="arc" xlink:arcrole="http://www.xbrl.org/2003/arcrole/parent-child" xlink:from="loc_gri_WaterDischargeBreakdownByWaterCategoriesDomain" xlink:to="loc_gri_OtherWaterMoreThan1000MgPerLiterTotalDissolvedSolidsMember_1" order="2.0" preferredLabel="http://www.xbrl.org/2003/role/terseLabel" use="optional" />
    <link:loc xlink:type="locator" xlink:href="../core/gri_srs_core_2025-06-23.xsd#gri_WaterDischargeBreakdownByCategoryLineItems" xlink:label="loc_gri_WaterDischargeBreakdownByCategoryLineItems" />
    <link:presentationArc xlink:type="arc" xlink:arcrole="http://www.xbrl.org/2003/arcrole/parent-child" xlink:from="loc_gri_WaterDischargeBreakdownByCategoryAbstract" xlink:to="loc_gri_WaterDischargeBreakdownByCategoryLineItems" order="2.0" use="optional" />
    <link:loc xlink:type="locator" xlink:href="../core/gri_srs_core_2025-06-23.xsd#gri_TotalWaterDischargeToAllAreas" xlink:label="loc_gri_TotalWaterDischargeToAllAreas_1_1" />
    <link:presentationArc xlink:type="arc" xlink:arcrole="http://www.xbrl.org/2003/arcrole/parent-child" xlink:from="loc_gri_WaterDischargeBreakdownByCategoryLineItems" xlink:to="loc_gri_TotalWaterDischargeToAllAreas_1_1" order="1.0" preferredLabel="http://www.xbrl.org/2003/role/verboseLabel" use="optional" />
    <link:loc xlink:type="locator" xlink:href="../core/gri_srs_core_2025-06-23.xsd#gri_ReasonForOmissionRelatedToTotalWaterDischargeToAllAreas" xlink:label="loc_gri_ReasonForOmissionRelatedToTotalWaterDischargeToAllAreas_1_1" />
    <link:presentationArc xlink:type="arc" xlink:arcrole="http://www.xbrl.org/2003/arcrole/parent-child" xlink:from="loc_gri_TotalWaterDischargeToAllAreas_1_1" xlink:to="loc_gri_ReasonForOmissionRelatedToTotalWaterDischargeToAllAreas_1_1" order="1.0" preferredLabel="http://www.xbrl.org/2003/role/verboseLabel" use="optional" />
    <link:loc xlink:type="locator" xlink:href="../core/gri_srs_core_2025-06-23.xsd#gri_ExplanationForReasonForOmissionRelatedToTotalWaterDischargeToAllAreasTextBlock" xlink:label="loc_gri_ExplanationForReasonForOmissionRelatedToTotalWaterDischargeToAllAreasTextBlock_1_1" />
    <link:presentationArc xlink:type="arc" xlink:arcrole="http://www.xbrl.org/2003/arcrole/parent-child" xlink:from="loc_gri_TotalWaterDischargeToAllAreas_1_1" xlink:to="loc_gri_ExplanationForReasonForOmissionRelatedToTotalWaterDischargeToAllAreasTextBlock_1_1" order="2.0" preferredLabel="http://www.xbrl.org/2003/role/verboseLabel" use="optional" />
    <link:loc xlink:type="locator" xlink:href="../core/gri_srs_core_2025-06-23.xsd#gri_TotalWaterDischargeToAllAreasWithWaterStress" xlink:label="loc_gri_TotalWaterDischargeToAllAreasWithWaterStress" />
    <link:presentationArc xlink:type="arc" xlink:arcrole="http://www.xbrl.org/2003/arcrole/parent-child" xlink:from="loc_gri_WaterDischargeBreakdownByCategoryLineItems" xlink:to="loc_gri_TotalWaterDischargeToAllAreasWithWaterStress" order="2.0" preferredLabel="http://www.xbrl.org/2003/role/verboseLabel" use="optional" />
    <link:loc xlink:type="locator" xlink:href="../core/gri_srs_core_2025-06-23.xsd#gri_ReasonForOmissionRelatedToTotalWaterDischargeToAllAreasWithWaterStress" xlink:label="loc_gri_ReasonForOmissionRelatedToTotalWaterDischargeToAllAreasWithWaterStress" />
    <link:presentationArc xlink:type="arc" xlink:arcrole="http://www.xbrl.org/2003/arcrole/parent-child" xlink:from="loc_gri_TotalWaterDischargeToAllAreasWithWaterStress" xlink:to="loc_gri_ReasonForOmissionRelatedToTotalWaterDischargeToAllAreasWithWaterStress" order="1.0" preferredLabel="http://www.xbrl.org/2003/role/verboseLabel" use="optional" />
    <link:loc xlink:type="locator" xlink:href="../core/gri_srs_core_2025-06-23.xsd#gri_ExplanationForReasonForOmissionRelatedToTotalWaterDischargeToAllAreasWithWaterStressTextBlock" xlink:label="loc_gri_ExplanationForReasonForOmissionRelatedToTotalWaterDischargeToAllAreasWithWaterStressTextBlock" />
    <link:presentationArc xlink:type="arc" xlink:arcrole="http://www.xbrl.org/2003/arcrole/parent-child" xlink:from="loc_gri_TotalWaterDischargeToAllAreasWithWaterStress" xlink:to="loc_gri_ExplanationForReasonForOmissionRelatedToTotalWaterDischargeToAllAreasWithWaterStressTextBlock" order="2.0" preferredLabel="http://www.xbrl.org/2003/role/verboseLabel" use="optional" />
    <link:loc xlink:type="locator" xlink:href="../core/gri_srs_core_2025-06-23.xsd#gri_TotalWaterDischargeToAllAreasWithWaterStress" xlink:label="loc_gri_TotalWaterDischargeToAllAreasWithWaterStress_1" />
    <link:presentationArc xlink:type="arc" xlink:arcrole="http://www.xbrl.org/2003/arcrole/parent-child" xlink:from="loc_gri_DisclosureOfWaterDischargeAbstract" xlink:to="loc_gri_TotalWaterDischargeToAllAreasWithWaterStress_1" order="6.0" preferredLabel="http://www.xbrl.org/2003/role/verboseLabel" use="optional" />
    <link:loc xlink:type="locator" xlink:href="../core/gri_srs_core_2025-06-23.xsd#gri_DescriptionOfPrioritySubstancesOfConcernForWhichDischargesAreTreatedTextBlock" xlink:label="loc_gri_DescriptionOfPrioritySubstancesOfConcernForWhichDischargesAreTreatedTextBlock" />
    <link:presentationArc xlink:type="arc" xlink:arcrole="http://www.xbrl.org/2003/arcrole/parent-child" xlink:from="loc_gri_DisclosureOfWaterDischargeAbstract" xlink:to="loc_gri_DescriptionOfPrioritySubstancesOfConcernForWhichDischargesAreTreatedTextBlock" order="7.0" preferredLabel="http://www.xbrl.org/2003/role/verboseLabel" use="optional" />
    <link:loc xlink:type="locator" xlink:href="../core/gri_srs_core_2025-06-23.xsd#gri_DescriptionOfHowPrioritySubstancesOfConcernWereDefinedTextBlock" xlink:label="loc_gri_DescriptionOfHowPrioritySubstancesOfConcernWereDefinedTextBlock" />
    <link:presentationArc xlink:type="arc" xlink:arcrole="http://www.xbrl.org/2003/arcrole/parent-child" xlink:from="loc_gri_DescriptionOfPrioritySubstancesOfConcernForWhichDischargesAreTreatedTextBlock" xlink:to="loc_gri_DescriptionOfHowPrioritySubstancesOfConcernWereDefinedTextBlock" order="1.0" preferredLabel="http://www.xbrl.org/2003/role/verboseLabel" use="optional" />
    <link:loc xlink:type="locator" xlink:href="../core/gri_srs_core_2025-06-23.xsd#gri_DescriptionOfAnyInternationalStandardAuthoritativeListOrCriteriaUsedToDefinePrioritySubstancesTextBlock" xlink:label="loc_gri_DescriptionOfAnyInternationalStandardAuthoritativeListOrCriteriaUsedToDefinePrioritySubstancesTextBlock" />
    <link:presentationArc xlink:type="arc" xlink:arcrole="http://www.xbrl.org/2003/arcrole/parent-child" xlink:from="loc_gri_DescriptionOfPrioritySubstancesOfConcernForWhichDischargesAreTreatedTextBlock" xlink:to="loc_gri_DescriptionOfAnyInternationalStandardAuthoritativeListOrCriteriaUsedToDefinePrioritySubstancesTextBlock" order="2.0" preferredLabel="http://www.xbrl.org/2003/role/verboseLabel" use="optional" />
    <link:loc xlink:type="locator" xlink:href="../core/gri_srs_core_2025-06-23.xsd#gri_DescriptionOfApproachForSettingDischargeLimitsForPrioritySubstancesOfConcernTextBlock" xlink:label="loc_gri_DescriptionOfApproachForSettingDischargeLimitsForPrioritySubstancesOfConcernTextBlock" />
    <link:presentationArc xlink:type="arc" xlink:arcrole="http://www.xbrl.org/2003/arcrole/parent-child" xlink:from="loc_gri_DescriptionOfPrioritySubstancesOfConcernForWhichDischargesAreTreatedTextBlock" xlink:to="loc_gri_DescriptionOfApproachForSettingDischargeLimitsForPrioritySubstancesOfConcernTextBlock" order="3.0" preferredLabel="http://www.xbrl.org/2003/role/verboseLabel" use="optional" />
    <link:loc xlink:type="locator" xlink:href="../core/gri_srs_core_2025-06-23.xsd#gri_NumberOfIncidentsOfNonComplianceWithDischargeLimits" xlink:label="loc_gri_NumberOfIncidentsOfNonComplianceWithDischargeLimits" />
    <link:presentationArc xlink:type="arc" xlink:arcrole="http://www.xbrl.org/2003/arcrole/parent-child" xlink:from="loc_gri_DescriptionOfPrioritySubstancesOfConcernForWhichDischargesAreTreatedTextBlock" xlink:to="loc_gri_NumberOfIncidentsOfNonComplianceWithDischargeLimits" order="4.0" preferredLabel="http://www.xbrl.org/2003/role/verboseLabel" use="optional" />
    <link:loc xlink:type="locator" xlink:href="../core/gri_srs_core_2025-06-23.xsd#gri_DescriptionOfAnyContextualInformationNecessaryToUnderstandHowDataHasBeenCompiled3034TextBlock" xlink:label="loc_gri_DescriptionOfAnyContextualInformationNecessaryToUnderstandHowDataHasBeenCompiled3034TextBlock" />
    <link:presentationArc xlink:type="arc" xlink:arcrole="http://www.xbrl.org/2003/arcrole/parent-child" xlink:from="loc_gri_DisclosureOfWaterDischargeAbstract" xlink:to="loc_gri_DescriptionOfAnyContextualInformationNecessaryToUnderstandHowDataHasBeenCompiled3034TextBlock" order="8.0" preferredLabel="http://www.xbrl.org/2003/role/verboseLabel" use="optional" />
    <link:loc xlink:type="locator" xlink:href="../core/gri_srs_core_2025-06-23.xsd#gri_DisclosureOfWaterConsumptionAbstract" xlink:label="loc_gri_DisclosureOfWaterConsumptionAbstract" />
    <link:presentationArc xlink:type="arc" xlink:arcrole="http://www.xbrl.org/2003/arcrole/parent-child" xlink:from="loc_gri_DisclosureOfWaterAndEffluentsAbstract" xlink:to="loc_gri_DisclosureOfWaterConsumptionAbstract" order="5.0" preferredLabel="http://www.xbrl.org/2003/role/terseLabel" use="optional" />
    <link:loc xlink:type="locator" xlink:href="../core/gri_srs_core_2025-06-23.xsd#gri_TotalWaterConsumptionFromAllAreas" xlink:label="loc_gri_TotalWaterConsumptionFromAllAreas" />
    <link:presentationArc xlink:type="arc" xlink:arcrole="http://www.xbrl.org/2003/arcrole/parent-child" xlink:from="loc_gri_DisclosureOfWaterConsumptionAbstract" xlink:to="loc_gri_TotalWaterConsumptionFromAllAreas" order="1.0" preferredLabel="http://www.xbrl.org/2003/role/verboseLabel" use="optional" />
    <link:loc xlink:type="locator" xlink:href="../core/gri_srs_core_2025-06-23.xsd#gri_TotalWaterConsumptionFromAllAreasWithWaterStress" xlink:label="loc_gri_TotalWaterConsumptionFromAllAreasWithWaterStress" />
    <link:presentationArc xlink:type="arc" xlink:arcrole="http://www.xbrl.org/2003/arcrole/parent-child" xlink:from="loc_gri_DisclosureOfWaterConsumptionAbstract" xlink:to="loc_gri_TotalWaterConsumptionFromAllAreasWithWaterStress" order="2.0" preferredLabel="http://www.xbrl.org/2003/role/verboseLabel" use="optional" />
    <link:loc xlink:type="locator" xlink:href="../core/gri_srs_core_2025-06-23.xsd#gri_ChangeInWaterStorageIfWaterStorageHasBeenIdentifiedAsHavingSignificantWaterRelatedImpact" xlink:label="loc_gri_ChangeInWaterStorageIfWaterStorageHasBeenIdentifiedAsHavingSignificantWaterRelatedImpact" />
    <link:presentationArc xlink:type="arc" xlink:arcrole="http://www.xbrl.org/2003/arcrole/parent-child" xlink:from="loc_gri_DisclosureOfWaterConsumptionAbstract" xlink:to="loc_gri_ChangeInWaterStorageIfWaterStorageHasBeenIdentifiedAsHavingSignificantWaterRelatedImpact" order="3.0" preferredLabel="http://www.xbrl.org/2003/role/verboseLabel" use="optional" />
    <link:loc xlink:type="locator" xlink:href="../core/gri_srs_core_2025-06-23.xsd#gri_DescriptionOfAnyContextualInformationNecessaryToUnderstandHowDataHasBeenCompiled3035TextBlock" xlink:label="loc_gri_DescriptionOfAnyContextualInformationNecessaryToUnderstandHowDataHasBeenCompiled3035TextBlock" />
    <link:presentationArc xlink:type="arc" xlink:arcrole="http://www.xbrl.org/2003/arcrole/parent-child" xlink:from="loc_gri_DisclosureOfWaterConsumptionAbstract" xlink:to="loc_gri_DescriptionOfAnyContextualInformationNecessaryToUnderstandHowDataHasBeenCompiled3035TextBlock" order="4.0" preferredLabel="http://www.xbrl.org/2003/role/verboseLabel" use="optional" />
    <link:loc xlink:type="locator" xlink:href="../core/gri_srs_core_2025-06-23.xsd#gri_DescriptionOfWhetherInformationIsCalculatedEstimatedModeledOrSourcedFromDirectMeasurementsAndApproachTakenForThisTextBlock" xlink:label="loc_gri_DescriptionOfWhetherInformationIsCalculatedEstimatedModeledOrSourcedFromDirectMeasurementsAndApproachTakenForThisTextBlock" />
    <link:presentationArc xlink:type="arc" xlink:arcrole="http://www.xbrl.org/2003/arcrole/parent-child" xlink:from="loc_gri_DisclosureOfWaterConsumptionAbstract" xlink:to="loc_gri_DescriptionOfWhetherInformationIsCalculatedEstimatedModeledOrSourcedFromDirectMeasurementsAndApproachTakenForThisTextBlock" order="5.0" preferredLabel="http://www.xbrl.org/2003/role/verboseLabel" use="optional" />
  </link:presentationLink>
</link:linkbase>