﻿<?xml version="1.0" encoding="utf-8"?>
<!-- Generated by GRI Taxonomy Editor-->
<link:linkbase xsi:schemaLocation="http://www.xbrl.org/2003/linkbase http://www.xbrl.org/2003/xbrl-linkbase-2003-12-31.xsd http://www.xbrl.org/2003/instance http://www.xbrl.org/2003/xbrl-instance-2003-12-31.xsd http://www.w3.org/1999/xlink http://www.xbrl.org/2003/xlink-2003-12-31.xsd " xmlns:link="http://www.xbrl.org/2003/linkbase" xmlns:xbrli="http://www.xbrl.org/2003/instance" xmlns:xlink="http://www.w3.org/1999/xlink" xmlns:xsi="http://www.w3.org/2001/XMLSchema-instance">
  <!-- Role Ref -->
  <link:roleRef roleURI="https://taxonomy.globalreporting.org/gri-sustainability-taxonomy/gri_srs/gri_srs_role/role_gri_207" xlink:type="simple" xlink:href="role_gri_srs_2025-06-23.xsd#role_gri_207" />
  <link:presentationLink xlink:type="extended" xlink:role="https://taxonomy.globalreporting.org/gri-sustainability-taxonomy/gri_srs/gri_srs_role/role_gri_207">
    <link:loc xlink:type="locator" xlink:href="../core/gri_srs_core_2025-06-23.xsd#gri_DisclosureOfTaxAbstract" xlink:label="loc_gri_DisclosureOfTaxAbstract" />
    <link:loc xlink:type="locator" xlink:href="../core/gri_srs_core_2025-06-23.xsd#gri_DisclosureOfApproachToTaxAbstract" xlink:label="loc_gri_DisclosureOfApproachToTaxAbstract" />
    <link:presentationArc xlink:type="arc" xlink:arcrole="http://www.xbrl.org/2003/arcrole/parent-child" xlink:from="loc_gri_DisclosureOfTaxAbstract" xlink:to="loc_gri_DisclosureOfApproachToTaxAbstract" order="1.0" preferredLabel="http://www.xbrl.org/2003/role/terseLabel" use="optional" />
    <link:loc xlink:type="locator" xlink:href="../core/gri_srs_core_2025-06-23.xsd#gri_DescriptionOfApproachToTaxTextBlock" xlink:label="loc_gri_DescriptionOfApproachToTaxTextBlock" />
    <link:presentationArc xlink:type="arc" xlink:arcrole="http://www.xbrl.org/2003/arcrole/parent-child" xlink:from="loc_gri_DisclosureOfApproachToTaxAbstract" xlink:to="loc_gri_DescriptionOfApproachToTaxTextBlock" order="1.0" preferredLabel="http://www.xbrl.org/2003/role/verboseLabel" use="optional" />
    <link:loc xlink:type="locator" xlink:href="../core/gri_srs_core_2025-06-23.xsd#gri_WhetherOrganizationHasTaxStrategy" xlink:label="loc_gri_WhetherOrganizationHasTaxStrategy" />
    <link:presentationArc xlink:type="arc" xlink:arcrole="http://www.xbrl.org/2003/arcrole/parent-child" xlink:from="loc_gri_DescriptionOfApproachToTaxTextBlock" xlink:to="loc_gri_WhetherOrganizationHasTaxStrategy" order="1.0" preferredLabel="http://www.xbrl.org/2003/role/verboseLabel" use="optional" />
    <link:loc xlink:type="locator" xlink:href="../core/gri_srs_core_2025-06-23.xsd#gri_ProvideLinkToTaxStrategyIfPubliclyAvailable" xlink:label="loc_gri_ProvideLinkToTaxStrategyIfPubliclyAvailable" />
    <link:presentationArc xlink:type="arc" xlink:arcrole="http://www.xbrl.org/2003/arcrole/parent-child" xlink:from="loc_gri_DescriptionOfApproachToTaxTextBlock" xlink:to="loc_gri_ProvideLinkToTaxStrategyIfPubliclyAvailable" order="2.0" preferredLabel="http://www.xbrl.org/2003/role/verboseLabel" use="optional" />
    <link:loc xlink:type="locator" xlink:href="../core/gri_srs_core_2025-06-23.xsd#gri_DescriptionOfGovernanceBodyOrExecutiveLevelPositionWithinOrganizationThatFormallyReviewsAndApprovesTaxStrategyTextBlock" xlink:label="loc_gri_DescriptionOfGovernanceBodyOrExecutiveLevelPositionWithinOrganizationThatFormallyReviewsAndApprovesTaxStrategyTextBlock" />
    <link:presentationArc xlink:type="arc" xlink:arcrole="http://www.xbrl.org/2003/arcrole/parent-child" xlink:from="loc_gri_DescriptionOfApproachToTaxTextBlock" xlink:to="loc_gri_DescriptionOfGovernanceBodyOrExecutiveLevelPositionWithinOrganizationThatFormallyReviewsAndApprovesTaxStrategyTextBlock" order="3.0" preferredLabel="http://www.xbrl.org/2003/role/verboseLabel" use="optional" />
    <link:loc xlink:type="locator" xlink:href="../core/gri_srs_core_2025-06-23.xsd#gri_FrequencyOfTaxStrategyReviewWithinOrganization" xlink:label="loc_gri_FrequencyOfTaxStrategyReviewWithinOrganization" />
    <link:presentationArc xlink:type="arc" xlink:arcrole="http://www.xbrl.org/2003/arcrole/parent-child" xlink:from="loc_gri_DescriptionOfApproachToTaxTextBlock" xlink:to="loc_gri_FrequencyOfTaxStrategyReviewWithinOrganization" order="4.0" preferredLabel="http://www.xbrl.org/2003/role/verboseLabel" use="optional" />
    <link:loc xlink:type="locator" xlink:href="../core/gri_srs_core_2025-06-23.xsd#gri_DescriptionOfApproachToRegulatoryComplianceTextBlock" xlink:label="loc_gri_DescriptionOfApproachToRegulatoryComplianceTextBlock" />
    <link:presentationArc xlink:type="arc" xlink:arcrole="http://www.xbrl.org/2003/arcrole/parent-child" xlink:from="loc_gri_DescriptionOfApproachToTaxTextBlock" xlink:to="loc_gri_DescriptionOfApproachToRegulatoryComplianceTextBlock" order="5.0" preferredLabel="http://www.xbrl.org/2003/role/verboseLabel" use="optional" />
    <link:loc xlink:type="locator" xlink:href="../core/gri_srs_core_2025-06-23.xsd#gri_DescriptionOfHowApproachToTaxIsLinkedToBusinessAndSustainableDevelopmentStrategiesOfOrganizationTextBlock" xlink:label="loc_gri_DescriptionOfHowApproachToTaxIsLinkedToBusinessAndSustainableDevelopmentStrategiesOfOrganizationTextBlock" />
    <link:presentationArc xlink:type="arc" xlink:arcrole="http://www.xbrl.org/2003/arcrole/parent-child" xlink:from="loc_gri_DescriptionOfApproachToTaxTextBlock" xlink:to="loc_gri_DescriptionOfHowApproachToTaxIsLinkedToBusinessAndSustainableDevelopmentStrategiesOfOrganizationTextBlock" order="6.0" preferredLabel="http://www.xbrl.org/2003/role/verboseLabel" use="optional" />
    <link:loc xlink:type="locator" xlink:href="../core/gri_srs_core_2025-06-23.xsd#gri_DisclosureOfTaxGovernanceControlAndRiskManagementAbstract" xlink:label="loc_gri_DisclosureOfTaxGovernanceControlAndRiskManagementAbstract" />
    <link:presentationArc xlink:type="arc" xlink:arcrole="http://www.xbrl.org/2003/arcrole/parent-child" xlink:from="loc_gri_DisclosureOfTaxAbstract" xlink:to="loc_gri_DisclosureOfTaxGovernanceControlAndRiskManagementAbstract" order="2.0" preferredLabel="http://www.xbrl.org/2003/role/terseLabel" use="optional" />
    <link:loc xlink:type="locator" xlink:href="../core/gri_srs_core_2025-06-23.xsd#gri_DescriptionOfTaxGovernanceAndControlFrameworkTextBlock" xlink:label="loc_gri_DescriptionOfTaxGovernanceAndControlFrameworkTextBlock" />
    <link:presentationArc xlink:type="arc" xlink:arcrole="http://www.xbrl.org/2003/arcrole/parent-child" xlink:from="loc_gri_DisclosureOfTaxGovernanceControlAndRiskManagementAbstract" xlink:to="loc_gri_DescriptionOfTaxGovernanceAndControlFrameworkTextBlock" order="1.0" preferredLabel="http://www.xbrl.org/2003/role/verboseLabel" use="optional" />
    <link:loc xlink:type="locator" xlink:href="../core/gri_srs_core_2025-06-23.xsd#gri_DescriptionOfGovernanceBodyOrExecutiveLevelPositionWithinOrganizationAccountableForComplianceWithTaxStrategyTextBlock" xlink:label="loc_gri_DescriptionOfGovernanceBodyOrExecutiveLevelPositionWithinOrganizationAccountableForComplianceWithTaxStrategyTextBlock" />
    <link:presentationArc xlink:type="arc" xlink:arcrole="http://www.xbrl.org/2003/arcrole/parent-child" xlink:from="loc_gri_DescriptionOfTaxGovernanceAndControlFrameworkTextBlock" xlink:to="loc_gri_DescriptionOfGovernanceBodyOrExecutiveLevelPositionWithinOrganizationAccountableForComplianceWithTaxStrategyTextBlock" order="1.0" preferredLabel="http://www.xbrl.org/2003/role/verboseLabel" use="optional" />
    <link:loc xlink:type="locator" xlink:href="../core/gri_srs_core_2025-06-23.xsd#gri_DescriptionOfHowApproachToTaxGovernanceIsEmbeddedWithinOrganizationTextBlock" xlink:label="loc_gri_DescriptionOfHowApproachToTaxGovernanceIsEmbeddedWithinOrganizationTextBlock" />
    <link:presentationArc xlink:type="arc" xlink:arcrole="http://www.xbrl.org/2003/arcrole/parent-child" xlink:from="loc_gri_DescriptionOfTaxGovernanceAndControlFrameworkTextBlock" xlink:to="loc_gri_DescriptionOfHowApproachToTaxGovernanceIsEmbeddedWithinOrganizationTextBlock" order="2.0" preferredLabel="http://www.xbrl.org/2003/role/verboseLabel" use="optional" />
    <link:loc xlink:type="locator" xlink:href="../core/gri_srs_core_2025-06-23.xsd#gri_DescriptionOfApproachToTaxRisksIncludingHowRisksAreIdentifiedManagedAndMonitoredTextBlock" xlink:label="loc_gri_DescriptionOfApproachToTaxRisksIncludingHowRisksAreIdentifiedManagedAndMonitoredTextBlock" />
    <link:presentationArc xlink:type="arc" xlink:arcrole="http://www.xbrl.org/2003/arcrole/parent-child" xlink:from="loc_gri_DescriptionOfTaxGovernanceAndControlFrameworkTextBlock" xlink:to="loc_gri_DescriptionOfApproachToTaxRisksIncludingHowRisksAreIdentifiedManagedAndMonitoredTextBlock" order="3.0" preferredLabel="http://www.xbrl.org/2003/role/verboseLabel" use="optional" />
    <link:loc xlink:type="locator" xlink:href="../core/gri_srs_core_2025-06-23.xsd#gri_DescriptionOfHowComplianceWithTaxGovernanceAndControlFrameworkIsEvaluatedTextBlock" xlink:label="loc_gri_DescriptionOfHowComplianceWithTaxGovernanceAndControlFrameworkIsEvaluatedTextBlock" />
    <link:presentationArc xlink:type="arc" xlink:arcrole="http://www.xbrl.org/2003/arcrole/parent-child" xlink:from="loc_gri_DescriptionOfTaxGovernanceAndControlFrameworkTextBlock" xlink:to="loc_gri_DescriptionOfHowComplianceWithTaxGovernanceAndControlFrameworkIsEvaluatedTextBlock" order="4.0" preferredLabel="http://www.xbrl.org/2003/role/verboseLabel" use="optional" />
    <link:loc xlink:type="locator" xlink:href="../core/gri_srs_core_2025-06-23.xsd#gri_DescriptionOfMechanismsToRaiseConcernsAboutOrganizationsBusinessConductAndOrganizationsIntegrityInRelationToTaxTextBlock" xlink:label="loc_gri_DescriptionOfMechanismsToRaiseConcernsAboutOrganizationsBusinessConductAndOrganizationsIntegrityInRelationToTaxTextBlock" />
    <link:presentationArc xlink:type="arc" xlink:arcrole="http://www.xbrl.org/2003/arcrole/parent-child" xlink:from="loc_gri_DisclosureOfTaxGovernanceControlAndRiskManagementAbstract" xlink:to="loc_gri_DescriptionOfMechanismsToRaiseConcernsAboutOrganizationsBusinessConductAndOrganizationsIntegrityInRelationToTaxTextBlock" order="2.0" preferredLabel="http://www.xbrl.org/2003/role/verboseLabel" use="optional" />
    <link:loc xlink:type="locator" xlink:href="../core/gri_srs_core_2025-06-23.xsd#gri_DescriptionOfAssuranceProcessForDisclosuresOnTaxIncludingIfApplicableLinkOrReferenceToExternalAssuranceReportsOrAssuranceStatementsTextBlock" xlink:label="loc_gri_DescriptionOfAssuranceProcessForDisclosuresOnTaxIncludingIfApplicableLinkOrReferenceToExternalAssuranceReportsOrAssuranceStatementsTextBlock" />
    <link:presentationArc xlink:type="arc" xlink:arcrole="http://www.xbrl.org/2003/arcrole/parent-child" xlink:from="loc_gri_DisclosureOfTaxGovernanceControlAndRiskManagementAbstract" xlink:to="loc_gri_DescriptionOfAssuranceProcessForDisclosuresOnTaxIncludingIfApplicableLinkOrReferenceToExternalAssuranceReportsOrAssuranceStatementsTextBlock" order="3.0" preferredLabel="http://www.xbrl.org/2003/role/verboseLabel" use="optional" />
    <link:loc xlink:type="locator" xlink:href="../core/gri_srs_core_2025-06-23.xsd#gri_DisclosureOfStakeholderEngagementAndManagementOfConcernsRelatedToTaxAbstract" xlink:label="loc_gri_DisclosureOfStakeholderEngagementAndManagementOfConcernsRelatedToTaxAbstract" />
    <link:presentationArc xlink:type="arc" xlink:arcrole="http://www.xbrl.org/2003/arcrole/parent-child" xlink:from="loc_gri_DisclosureOfTaxAbstract" xlink:to="loc_gri_DisclosureOfStakeholderEngagementAndManagementOfConcernsRelatedToTaxAbstract" order="3.0" preferredLabel="http://www.xbrl.org/2003/role/terseLabel" use="optional" />
    <link:loc xlink:type="locator" xlink:href="../core/gri_srs_core_2025-06-23.xsd#gri_DescriptionOfApproachToStakeholderEngagementAndManagementOfStakeholderConcernsRelatedToTaxTextBlock" xlink:label="loc_gri_DescriptionOfApproachToStakeholderEngagementAndManagementOfStakeholderConcernsRelatedToTaxTextBlock" />
    <link:presentationArc xlink:type="arc" xlink:arcrole="http://www.xbrl.org/2003/arcrole/parent-child" xlink:from="loc_gri_DisclosureOfStakeholderEngagementAndManagementOfConcernsRelatedToTaxAbstract" xlink:to="loc_gri_DescriptionOfApproachToStakeholderEngagementAndManagementOfStakeholderConcernsRelatedToTaxTextBlock" order="1.0" preferredLabel="http://www.xbrl.org/2003/role/verboseLabel" use="optional" />
    <link:loc xlink:type="locator" xlink:href="../core/gri_srs_core_2025-06-23.xsd#gri_DescriptionOfApproachToStakeholdersEngagementWithTaxAuthoritiesTextBlock" xlink:label="loc_gri_DescriptionOfApproachToStakeholdersEngagementWithTaxAuthoritiesTextBlock" />
    <link:presentationArc xlink:type="arc" xlink:arcrole="http://www.xbrl.org/2003/arcrole/parent-child" xlink:from="loc_gri_DescriptionOfApproachToStakeholderEngagementAndManagementOfStakeholderConcernsRelatedToTaxTextBlock" xlink:to="loc_gri_DescriptionOfApproachToStakeholdersEngagementWithTaxAuthoritiesTextBlock" order="1.0" preferredLabel="http://www.xbrl.org/2003/role/verboseLabel" use="optional" />
    <link:loc xlink:type="locator" xlink:href="../core/gri_srs_core_2025-06-23.xsd#gri_DescriptionOfApproachToPublicPolicyAdvocacyOnTaxTextBlock" xlink:label="loc_gri_DescriptionOfApproachToPublicPolicyAdvocacyOnTaxTextBlock" />
    <link:presentationArc xlink:type="arc" xlink:arcrole="http://www.xbrl.org/2003/arcrole/parent-child" xlink:from="loc_gri_DescriptionOfApproachToStakeholderEngagementAndManagementOfStakeholderConcernsRelatedToTaxTextBlock" xlink:to="loc_gri_DescriptionOfApproachToPublicPolicyAdvocacyOnTaxTextBlock" order="2.0" preferredLabel="http://www.xbrl.org/2003/role/verboseLabel" use="optional" />
    <link:loc xlink:type="locator" xlink:href="../core/gri_srs_core_2025-06-23.xsd#gri_DescriptionOfProcessesForCollectingAndConsideringViewsAndConcernsOfStakeholdersIncludingExternalStakeholdersTextBlock" xlink:label="loc_gri_DescriptionOfProcessesForCollectingAndConsideringViewsAndConcernsOfStakeholdersIncludingExternalStakeholdersTextBlock" />
    <link:presentationArc xlink:type="arc" xlink:arcrole="http://www.xbrl.org/2003/arcrole/parent-child" xlink:from="loc_gri_DescriptionOfApproachToStakeholderEngagementAndManagementOfStakeholderConcernsRelatedToTaxTextBlock" xlink:to="loc_gri_DescriptionOfProcessesForCollectingAndConsideringViewsAndConcernsOfStakeholdersIncludingExternalStakeholdersTextBlock" order="3.0" preferredLabel="http://www.xbrl.org/2003/role/verboseLabel" use="optional" />
    <link:loc xlink:type="locator" xlink:href="../core/gri_srs_core_2025-06-23.xsd#gri_DisclosureOfCountryByCountryReportingAbstract" xlink:label="loc_gri_DisclosureOfCountryByCountryReportingAbstract" />
    <link:presentationArc xlink:type="arc" xlink:arcrole="http://www.xbrl.org/2003/arcrole/parent-child" xlink:from="loc_gri_DisclosureOfTaxAbstract" xlink:to="loc_gri_DisclosureOfCountryByCountryReportingAbstract" order="4.0" preferredLabel="http://www.xbrl.org/2003/role/terseLabel" use="optional" />
    <link:loc xlink:type="locator" xlink:href="../core/gri_srs_core_2025-06-23.xsd#gri_ReportingByCountryAbstract" xlink:label="loc_gri_ReportingByCountryAbstract" />
    <link:presentationArc xlink:type="arc" xlink:arcrole="http://www.xbrl.org/2003/arcrole/parent-child" xlink:from="loc_gri_DisclosureOfCountryByCountryReportingAbstract" xlink:to="loc_gri_ReportingByCountryAbstract" order="1.0" use="optional" />
    <link:loc xlink:type="locator" xlink:href="../core/gri_srs_core_2025-06-23.xsd#gri_CountryByCountryReportingTable" xlink:label="loc_gri_CountryByCountryReportingTable" />
    <link:presentationArc xlink:type="arc" xlink:arcrole="http://www.xbrl.org/2003/arcrole/parent-child" xlink:from="loc_gri_ReportingByCountryAbstract" xlink:to="loc_gri_CountryByCountryReportingTable" order="1.0" use="optional" />
    <link:loc xlink:type="locator" xlink:href="../core/gri_srs_core_2025-06-23.xsd#gri_CountryAxis" xlink:label="loc_gri_CountryAxis" />
    <link:presentationArc xlink:type="arc" xlink:arcrole="http://www.xbrl.org/2003/arcrole/parent-child" xlink:from="loc_gri_CountryByCountryReportingTable" xlink:to="loc_gri_CountryAxis" order="1.0" use="optional" />
    <link:loc xlink:type="locator" xlink:href="../core/country-current-PR-2024-01-31/elts.xsd#country_CountryDomain" xlink:label="loc_country_CountryDomain" />
    <link:presentationArc xlink:type="arc" xlink:arcrole="http://www.xbrl.org/2003/arcrole/parent-child" xlink:from="loc_gri_CountryAxis" xlink:to="loc_country_CountryDomain" order="1.0" use="optional" />
    <link:loc xlink:type="locator" xlink:href="../core/gri_srs_core_2025-06-23.xsd#gri_CountryByCountryReportingLineItems" xlink:label="loc_gri_CountryByCountryReportingLineItems" />
    <link:presentationArc xlink:type="arc" xlink:arcrole="http://www.xbrl.org/2003/arcrole/parent-child" xlink:from="loc_gri_ReportingByCountryAbstract" xlink:to="loc_gri_CountryByCountryReportingLineItems" order="2.0" use="optional" />
    <link:loc xlink:type="locator" xlink:href="../core/gri_srs_core_2025-06-23.xsd#gri_AllTaxJurisdictionsWhereEntitiesIncludedInOrganizationsAuditedConsolidatedFinancialStatementsOrInFinancialInformationFiledOnPublicRecordAreResidentForTaxPurposesAbstract" xlink:label="loc_gri_AllTaxJurisdictionsWhereEntitiesIncludedInOrganizationsAuditedConsolidatedFinancialStatementsOrInFinancialInformationFiledOnPublicRecordAreResidentForTaxPurposesAbstract" />
    <link:presentationArc xlink:type="arc" xlink:arcrole="http://www.xbrl.org/2003/arcrole/parent-child" xlink:from="loc_gri_CountryByCountryReportingLineItems" xlink:to="loc_gri_AllTaxJurisdictionsWhereEntitiesIncludedInOrganizationsAuditedConsolidatedFinancialStatementsOrInFinancialInformationFiledOnPublicRecordAreResidentForTaxPurposesAbstract" order="1.0" preferredLabel="http://www.xbrl.org/2003/role/verboseLabel" use="optional" />
    <link:loc xlink:type="locator" xlink:href="../core/gri_srs_core_2025-06-23.xsd#gri_NamesOfResidentEntitiesTextBlock" xlink:label="loc_gri_NamesOfResidentEntitiesTextBlock" />
    <link:presentationArc xlink:type="arc" xlink:arcrole="http://www.xbrl.org/2003/arcrole/parent-child" xlink:from="loc_gri_AllTaxJurisdictionsWhereEntitiesIncludedInOrganizationsAuditedConsolidatedFinancialStatementsOrInFinancialInformationFiledOnPublicRecordAreResidentForTaxPurposesAbstract" xlink:to="loc_gri_NamesOfResidentEntitiesTextBlock" order="1.0" preferredLabel="http://www.xbrl.org/2003/role/verboseLabel" use="optional" />
    <link:loc xlink:type="locator" xlink:href="../core/gri_srs_core_2025-06-23.xsd#gri_ReasonForOmissionRelatedToNamesOfResidentEntities" xlink:label="loc_gri_ReasonForOmissionRelatedToNamesOfResidentEntities" />
    <link:presentationArc xlink:type="arc" xlink:arcrole="http://www.xbrl.org/2003/arcrole/parent-child" xlink:from="loc_gri_NamesOfResidentEntitiesTextBlock" xlink:to="loc_gri_ReasonForOmissionRelatedToNamesOfResidentEntities" order="1.0" preferredLabel="http://www.xbrl.org/2003/role/verboseLabel" use="optional" />
    <link:loc xlink:type="locator" xlink:href="../core/gri_srs_core_2025-06-23.xsd#gri_ExplanationForReasonForOmissionRelatedToNamesOfResidentEntitiesTextBlock" xlink:label="loc_gri_ExplanationForReasonForOmissionRelatedToNamesOfResidentEntitiesTextBlock" />
    <link:presentationArc xlink:type="arc" xlink:arcrole="http://www.xbrl.org/2003/arcrole/parent-child" xlink:from="loc_gri_NamesOfResidentEntitiesTextBlock" xlink:to="loc_gri_ExplanationForReasonForOmissionRelatedToNamesOfResidentEntitiesTextBlock" order="2.0" preferredLabel="http://www.xbrl.org/2003/role/verboseLabel" use="optional" />
    <link:loc xlink:type="locator" xlink:href="../core/gri_srs_core_2025-06-23.xsd#gri_DescriptionOfPrimaryActivitiesOfOrganizationTextBlock" xlink:label="loc_gri_DescriptionOfPrimaryActivitiesOfOrganizationTextBlock" />
    <link:presentationArc xlink:type="arc" xlink:arcrole="http://www.xbrl.org/2003/arcrole/parent-child" xlink:from="loc_gri_AllTaxJurisdictionsWhereEntitiesIncludedInOrganizationsAuditedConsolidatedFinancialStatementsOrInFinancialInformationFiledOnPublicRecordAreResidentForTaxPurposesAbstract" xlink:to="loc_gri_DescriptionOfPrimaryActivitiesOfOrganizationTextBlock" order="2.0" preferredLabel="http://www.xbrl.org/2003/role/verboseLabel" use="optional" />
    <link:loc xlink:type="locator" xlink:href="../core/gri_srs_core_2025-06-23.xsd#gri_ReasonForOmissionRelatedToDescriptionOfPrimaryActivitiesOfOrganization" xlink:label="loc_gri_ReasonForOmissionRelatedToDescriptionOfPrimaryActivitiesOfOrganization" />
    <link:presentationArc xlink:type="arc" xlink:arcrole="http://www.xbrl.org/2003/arcrole/parent-child" xlink:from="loc_gri_DescriptionOfPrimaryActivitiesOfOrganizationTextBlock" xlink:to="loc_gri_ReasonForOmissionRelatedToDescriptionOfPrimaryActivitiesOfOrganization" order="1.0" preferredLabel="http://www.xbrl.org/2003/role/verboseLabel" use="optional" />
    <link:loc xlink:type="locator" xlink:href="../core/gri_srs_core_2025-06-23.xsd#gri_ExplanationForReasonForOmissionRelatedToDescriptionOfPrimaryActivitiesOfOrganizationTextBlock" xlink:label="loc_gri_ExplanationForReasonForOmissionRelatedToDescriptionOfPrimaryActivitiesOfOrganizationTextBlock" />
    <link:presentationArc xlink:type="arc" xlink:arcrole="http://www.xbrl.org/2003/arcrole/parent-child" xlink:from="loc_gri_DescriptionOfPrimaryActivitiesOfOrganizationTextBlock" xlink:to="loc_gri_ExplanationForReasonForOmissionRelatedToDescriptionOfPrimaryActivitiesOfOrganizationTextBlock" order="2.0" preferredLabel="http://www.xbrl.org/2003/role/verboseLabel" use="optional" />
    <link:loc xlink:type="locator" xlink:href="../core/gri_srs_core_2025-06-23.xsd#gri_NumberOfEmployees" xlink:label="loc_gri_NumberOfEmployees" />
    <link:presentationArc xlink:type="arc" xlink:arcrole="http://www.xbrl.org/2003/arcrole/parent-child" xlink:from="loc_gri_AllTaxJurisdictionsWhereEntitiesIncludedInOrganizationsAuditedConsolidatedFinancialStatementsOrInFinancialInformationFiledOnPublicRecordAreResidentForTaxPurposesAbstract" xlink:to="loc_gri_NumberOfEmployees" order="3.0" preferredLabel="http://www.xbrl.org/2003/role/verboseLabel" use="optional" />
    <link:loc xlink:type="locator" xlink:href="../core/gri_srs_core_2025-06-23.xsd#gri_ReasonForOmissionRelatedToNumberOfEmployees" xlink:label="loc_gri_ReasonForOmissionRelatedToNumberOfEmployees" />
    <link:presentationArc xlink:type="arc" xlink:arcrole="http://www.xbrl.org/2003/arcrole/parent-child" xlink:from="loc_gri_NumberOfEmployees" xlink:to="loc_gri_ReasonForOmissionRelatedToNumberOfEmployees" order="1.0" preferredLabel="http://www.xbrl.org/2003/role/verboseLabel" use="optional" />
    <link:loc xlink:type="locator" xlink:href="../core/gri_srs_core_2025-06-23.xsd#gri_ExplanationForReasonForOmissionRelatedToNumberOfEmployeesTextBlock" xlink:label="loc_gri_ExplanationForReasonForOmissionRelatedToNumberOfEmployeesTextBlock" />
    <link:presentationArc xlink:type="arc" xlink:arcrole="http://www.xbrl.org/2003/arcrole/parent-child" xlink:from="loc_gri_NumberOfEmployees" xlink:to="loc_gri_ExplanationForReasonForOmissionRelatedToNumberOfEmployeesTextBlock" order="2.0" preferredLabel="http://www.xbrl.org/2003/role/verboseLabel" use="optional" />
    <link:loc xlink:type="locator" xlink:href="../core/gri_srs_core_2025-06-23.xsd#gri_BasisOfCalculationOfNumberOfEmployeesTextBlock" xlink:label="loc_gri_BasisOfCalculationOfNumberOfEmployeesTextBlock" />
    <link:presentationArc xlink:type="arc" xlink:arcrole="http://www.xbrl.org/2003/arcrole/parent-child" xlink:from="loc_gri_AllTaxJurisdictionsWhereEntitiesIncludedInOrganizationsAuditedConsolidatedFinancialStatementsOrInFinancialInformationFiledOnPublicRecordAreResidentForTaxPurposesAbstract" xlink:to="loc_gri_BasisOfCalculationOfNumberOfEmployeesTextBlock" order="4.0" preferredLabel="http://www.xbrl.org/2003/role/verboseLabel" use="optional" />
    <link:loc xlink:type="locator" xlink:href="../core/gri_srs_core_2025-06-23.xsd#gri_ReasonForOmissionRelatedToBasisOfCalculationOfNumberOfEmployees" xlink:label="loc_gri_ReasonForOmissionRelatedToBasisOfCalculationOfNumberOfEmployees" />
    <link:presentationArc xlink:type="arc" xlink:arcrole="http://www.xbrl.org/2003/arcrole/parent-child" xlink:from="loc_gri_BasisOfCalculationOfNumberOfEmployeesTextBlock" xlink:to="loc_gri_ReasonForOmissionRelatedToBasisOfCalculationOfNumberOfEmployees" order="1.0" preferredLabel="http://www.xbrl.org/2003/role/verboseLabel" use="optional" />
    <link:loc xlink:type="locator" xlink:href="../core/gri_srs_core_2025-06-23.xsd#gri_ExplanationForReasonForOmissionRelatedToBasisOfCalculationOfNumberOfEmployeesTextBlock" xlink:label="loc_gri_ExplanationForReasonForOmissionRelatedToBasisOfCalculationOfNumberOfEmployeesTextBlock" />
    <link:presentationArc xlink:type="arc" xlink:arcrole="http://www.xbrl.org/2003/arcrole/parent-child" xlink:from="loc_gri_BasisOfCalculationOfNumberOfEmployeesTextBlock" xlink:to="loc_gri_ExplanationForReasonForOmissionRelatedToBasisOfCalculationOfNumberOfEmployeesTextBlock" order="2.0" preferredLabel="http://www.xbrl.org/2003/role/verboseLabel" use="optional" />
    <link:loc xlink:type="locator" xlink:href="../core/gri_srs_core_2025-06-23.xsd#gri_RevenuesFromThirdPartySales" xlink:label="loc_gri_RevenuesFromThirdPartySales" />
    <link:presentationArc xlink:type="arc" xlink:arcrole="http://www.xbrl.org/2003/arcrole/parent-child" xlink:from="loc_gri_AllTaxJurisdictionsWhereEntitiesIncludedInOrganizationsAuditedConsolidatedFinancialStatementsOrInFinancialInformationFiledOnPublicRecordAreResidentForTaxPurposesAbstract" xlink:to="loc_gri_RevenuesFromThirdPartySales" order="5.0" preferredLabel="http://www.xbrl.org/2003/role/verboseLabel" use="optional" />
    <link:loc xlink:type="locator" xlink:href="../core/gri_srs_core_2025-06-23.xsd#gri_ReasonForOmissionRelatedToRevenuesFromThirdPartySales" xlink:label="loc_gri_ReasonForOmissionRelatedToRevenuesFromThirdPartySales" />
    <link:presentationArc xlink:type="arc" xlink:arcrole="http://www.xbrl.org/2003/arcrole/parent-child" xlink:from="loc_gri_RevenuesFromThirdPartySales" xlink:to="loc_gri_ReasonForOmissionRelatedToRevenuesFromThirdPartySales" order="1.0" preferredLabel="http://www.xbrl.org/2003/role/verboseLabel" use="optional" />
    <link:loc xlink:type="locator" xlink:href="../core/gri_srs_core_2025-06-23.xsd#gri_ExplanationForReasonForOmissionRelatedToRevenuesFromThirdPartySalesTextBlock" xlink:label="loc_gri_ExplanationForReasonForOmissionRelatedToRevenuesFromThirdPartySalesTextBlock" />
    <link:presentationArc xlink:type="arc" xlink:arcrole="http://www.xbrl.org/2003/arcrole/parent-child" xlink:from="loc_gri_RevenuesFromThirdPartySales" xlink:to="loc_gri_ExplanationForReasonForOmissionRelatedToRevenuesFromThirdPartySalesTextBlock" order="2.0" preferredLabel="http://www.xbrl.org/2003/role/verboseLabel" use="optional" />
    <link:loc xlink:type="locator" xlink:href="../core/gri_srs_core_2025-06-23.xsd#gri_RevenuesFromIntraGroupTransactionsWithOtherTaxJurisdictions" xlink:label="loc_gri_RevenuesFromIntraGroupTransactionsWithOtherTaxJurisdictions" />
    <link:presentationArc xlink:type="arc" xlink:arcrole="http://www.xbrl.org/2003/arcrole/parent-child" xlink:from="loc_gri_AllTaxJurisdictionsWhereEntitiesIncludedInOrganizationsAuditedConsolidatedFinancialStatementsOrInFinancialInformationFiledOnPublicRecordAreResidentForTaxPurposesAbstract" xlink:to="loc_gri_RevenuesFromIntraGroupTransactionsWithOtherTaxJurisdictions" order="6.0" preferredLabel="http://www.xbrl.org/2003/role/verboseLabel" use="optional" />
    <link:loc xlink:type="locator" xlink:href="../core/gri_srs_core_2025-06-23.xsd#gri_ReasonForOmissionRelatedToRevenuesFromIntraGroupTransactionsWithOtherTaxJurisdictions" xlink:label="loc_gri_ReasonForOmissionRelatedToRevenuesFromIntraGroupTransactionsWithOtherTaxJurisdictions" />
    <link:presentationArc xlink:type="arc" xlink:arcrole="http://www.xbrl.org/2003/arcrole/parent-child" xlink:from="loc_gri_RevenuesFromIntraGroupTransactionsWithOtherTaxJurisdictions" xlink:to="loc_gri_ReasonForOmissionRelatedToRevenuesFromIntraGroupTransactionsWithOtherTaxJurisdictions" order="1.0" preferredLabel="http://www.xbrl.org/2003/role/verboseLabel" use="optional" />
    <link:loc xlink:type="locator" xlink:href="../core/gri_srs_core_2025-06-23.xsd#gri_ExplanationForReasonForOmissionRelatedToRevenuesFromIntraGroupTransactionsWithOtherTaxJurisdictionsTextBlock" xlink:label="loc_gri_ExplanationForReasonForOmissionRelatedToRevenuesFromIntraGroupTransactionsWithOtherTaxJurisdictionsTextBlock" />
    <link:presentationArc xlink:type="arc" xlink:arcrole="http://www.xbrl.org/2003/arcrole/parent-child" xlink:from="loc_gri_RevenuesFromIntraGroupTransactionsWithOtherTaxJurisdictions" xlink:to="loc_gri_ExplanationForReasonForOmissionRelatedToRevenuesFromIntraGroupTransactionsWithOtherTaxJurisdictionsTextBlock" order="2.0" preferredLabel="http://www.xbrl.org/2003/role/verboseLabel" use="optional" />
    <link:loc xlink:type="locator" xlink:href="../core/gri_srs_core_2025-06-23.xsd#gri_ProfitOrLossBeforeTax" xlink:label="loc_gri_ProfitOrLossBeforeTax" />
    <link:presentationArc xlink:type="arc" xlink:arcrole="http://www.xbrl.org/2003/arcrole/parent-child" xlink:from="loc_gri_AllTaxJurisdictionsWhereEntitiesIncludedInOrganizationsAuditedConsolidatedFinancialStatementsOrInFinancialInformationFiledOnPublicRecordAreResidentForTaxPurposesAbstract" xlink:to="loc_gri_ProfitOrLossBeforeTax" order="7.0" preferredLabel="http://www.xbrl.org/2003/role/verboseLabel" use="optional" />
    <link:loc xlink:type="locator" xlink:href="../core/gri_srs_core_2025-06-23.xsd#gri_ReasonForOmissionRelatedToProfitOrLossBeforeTax" xlink:label="loc_gri_ReasonForOmissionRelatedToProfitOrLossBeforeTax" />
    <link:presentationArc xlink:type="arc" xlink:arcrole="http://www.xbrl.org/2003/arcrole/parent-child" xlink:from="loc_gri_ProfitOrLossBeforeTax" xlink:to="loc_gri_ReasonForOmissionRelatedToProfitOrLossBeforeTax" order="1.0" preferredLabel="http://www.xbrl.org/2003/role/verboseLabel" use="optional" />
    <link:loc xlink:type="locator" xlink:href="../core/gri_srs_core_2025-06-23.xsd#gri_ExplanationForReasonForOmissionRelatedToProfitOrLossBeforeTaxTextBlock" xlink:label="loc_gri_ExplanationForReasonForOmissionRelatedToProfitOrLossBeforeTaxTextBlock" />
    <link:presentationArc xlink:type="arc" xlink:arcrole="http://www.xbrl.org/2003/arcrole/parent-child" xlink:from="loc_gri_ProfitOrLossBeforeTax" xlink:to="loc_gri_ExplanationForReasonForOmissionRelatedToProfitOrLossBeforeTaxTextBlock" order="2.0" preferredLabel="http://www.xbrl.org/2003/role/verboseLabel" use="optional" />
    <link:loc xlink:type="locator" xlink:href="../core/gri_srs_core_2025-06-23.xsd#gri_TangibleAssetsOtherThanCashAndCashEquivalents" xlink:label="loc_gri_TangibleAssetsOtherThanCashAndCashEquivalents" />
    <link:presentationArc xlink:type="arc" xlink:arcrole="http://www.xbrl.org/2003/arcrole/parent-child" xlink:from="loc_gri_AllTaxJurisdictionsWhereEntitiesIncludedInOrganizationsAuditedConsolidatedFinancialStatementsOrInFinancialInformationFiledOnPublicRecordAreResidentForTaxPurposesAbstract" xlink:to="loc_gri_TangibleAssetsOtherThanCashAndCashEquivalents" order="8.0" preferredLabel="http://www.xbrl.org/2003/role/verboseLabel" use="optional" />
    <link:loc xlink:type="locator" xlink:href="../core/gri_srs_core_2025-06-23.xsd#gri_ReasonForOmissionRelatedToTangibleAssetsOtherThanCashAndCashEquivalents" xlink:label="loc_gri_ReasonForOmissionRelatedToTangibleAssetsOtherThanCashAndCashEquivalents" />
    <link:presentationArc xlink:type="arc" xlink:arcrole="http://www.xbrl.org/2003/arcrole/parent-child" xlink:from="loc_gri_TangibleAssetsOtherThanCashAndCashEquivalents" xlink:to="loc_gri_ReasonForOmissionRelatedToTangibleAssetsOtherThanCashAndCashEquivalents" order="1.0" preferredLabel="http://www.xbrl.org/2003/role/verboseLabel" use="optional" />
    <link:loc xlink:type="locator" xlink:href="../core/gri_srs_core_2025-06-23.xsd#gri_ExplanationForReasonForOmissionRelatedToTangibleAssetsOtherThanCashAndCashEquivalentsTextBlock" xlink:label="loc_gri_ExplanationForReasonForOmissionRelatedToTangibleAssetsOtherThanCashAndCashEquivalentsTextBlock" />
    <link:presentationArc xlink:type="arc" xlink:arcrole="http://www.xbrl.org/2003/arcrole/parent-child" xlink:from="loc_gri_TangibleAssetsOtherThanCashAndCashEquivalents" xlink:to="loc_gri_ExplanationForReasonForOmissionRelatedToTangibleAssetsOtherThanCashAndCashEquivalentsTextBlock" order="2.0" preferredLabel="http://www.xbrl.org/2003/role/verboseLabel" use="optional" />
    <link:loc xlink:type="locator" xlink:href="../core/gri_srs_core_2025-06-23.xsd#gri_CorporateIncomeTaxPaidOnCashBasis" xlink:label="loc_gri_CorporateIncomeTaxPaidOnCashBasis" />
    <link:presentationArc xlink:type="arc" xlink:arcrole="http://www.xbrl.org/2003/arcrole/parent-child" xlink:from="loc_gri_AllTaxJurisdictionsWhereEntitiesIncludedInOrganizationsAuditedConsolidatedFinancialStatementsOrInFinancialInformationFiledOnPublicRecordAreResidentForTaxPurposesAbstract" xlink:to="loc_gri_CorporateIncomeTaxPaidOnCashBasis" order="9.0" preferredLabel="http://www.xbrl.org/2003/role/verboseLabel" use="optional" />
    <link:loc xlink:type="locator" xlink:href="../core/gri_srs_core_2025-06-23.xsd#gri_ReasonForOmissionRelatedToCorporateIncomeTaxPaidOnCashBasis" xlink:label="loc_gri_ReasonForOmissionRelatedToCorporateIncomeTaxPaidOnCashBasis" />
    <link:presentationArc xlink:type="arc" xlink:arcrole="http://www.xbrl.org/2003/arcrole/parent-child" xlink:from="loc_gri_CorporateIncomeTaxPaidOnCashBasis" xlink:to="loc_gri_ReasonForOmissionRelatedToCorporateIncomeTaxPaidOnCashBasis" order="1.0" preferredLabel="http://www.xbrl.org/2003/role/verboseLabel" use="optional" />
    <link:loc xlink:type="locator" xlink:href="../core/gri_srs_core_2025-06-23.xsd#gri_ExplanationForReasonForOmissionRelatedToCorporateIncomeTaxPaidOnCashBasisTextBlock" xlink:label="loc_gri_ExplanationForReasonForOmissionRelatedToCorporateIncomeTaxPaidOnCashBasisTextBlock" />
    <link:presentationArc xlink:type="arc" xlink:arcrole="http://www.xbrl.org/2003/arcrole/parent-child" xlink:from="loc_gri_CorporateIncomeTaxPaidOnCashBasis" xlink:to="loc_gri_ExplanationForReasonForOmissionRelatedToCorporateIncomeTaxPaidOnCashBasisTextBlock" order="2.0" preferredLabel="http://www.xbrl.org/2003/role/verboseLabel" use="optional" />
    <link:loc xlink:type="locator" xlink:href="../core/gri_srs_core_2025-06-23.xsd#gri_CorporateIncomeTaxAccruedOnProfitOrLoss" xlink:label="loc_gri_CorporateIncomeTaxAccruedOnProfitOrLoss" />
    <link:presentationArc xlink:type="arc" xlink:arcrole="http://www.xbrl.org/2003/arcrole/parent-child" xlink:from="loc_gri_AllTaxJurisdictionsWhereEntitiesIncludedInOrganizationsAuditedConsolidatedFinancialStatementsOrInFinancialInformationFiledOnPublicRecordAreResidentForTaxPurposesAbstract" xlink:to="loc_gri_CorporateIncomeTaxAccruedOnProfitOrLoss" order="10.0" preferredLabel="http://www.xbrl.org/2003/role/verboseLabel" use="optional" />
    <link:loc xlink:type="locator" xlink:href="../core/gri_srs_core_2025-06-23.xsd#gri_ReasonForOmissionRelatedToCorporateIncomeTaxAccruedOnProfitOrLoss" xlink:label="loc_gri_ReasonForOmissionRelatedToCorporateIncomeTaxAccruedOnProfitOrLoss" />
    <link:presentationArc xlink:type="arc" xlink:arcrole="http://www.xbrl.org/2003/arcrole/parent-child" xlink:from="loc_gri_CorporateIncomeTaxAccruedOnProfitOrLoss" xlink:to="loc_gri_ReasonForOmissionRelatedToCorporateIncomeTaxAccruedOnProfitOrLoss" order="1.0" preferredLabel="http://www.xbrl.org/2003/role/verboseLabel" use="optional" />
    <link:loc xlink:type="locator" xlink:href="../core/gri_srs_core_2025-06-23.xsd#gri_ExplanationForReasonForOmissionRelatedToCorporateIncomeTaxAccruedOnProfitOrLossTextBlock" xlink:label="loc_gri_ExplanationForReasonForOmissionRelatedToCorporateIncomeTaxAccruedOnProfitOrLossTextBlock" />
    <link:presentationArc xlink:type="arc" xlink:arcrole="http://www.xbrl.org/2003/arcrole/parent-child" xlink:from="loc_gri_CorporateIncomeTaxAccruedOnProfitOrLoss" xlink:to="loc_gri_ExplanationForReasonForOmissionRelatedToCorporateIncomeTaxAccruedOnProfitOrLossTextBlock" order="2.0" preferredLabel="http://www.xbrl.org/2003/role/verboseLabel" use="optional" />
    <link:loc xlink:type="locator" xlink:href="../core/gri_srs_core_2025-06-23.xsd#gri_ReasonsForDifferenceBetweenCorporateIncomeTaxAccruedOnProfitOrLossAndTaxDueIfStatutoryTaxRateIsAppliedToProfitOrLossBeforeTaxTextBlock" xlink:label="loc_gri_ReasonsForDifferenceBetweenCorporateIncomeTaxAccruedOnProfitOrLossAndTaxDueIfStatutoryTaxRateIsAppliedToProfitOrLossBeforeTaxTextBlock" />
    <link:presentationArc xlink:type="arc" xlink:arcrole="http://www.xbrl.org/2003/arcrole/parent-child" xlink:from="loc_gri_AllTaxJurisdictionsWhereEntitiesIncludedInOrganizationsAuditedConsolidatedFinancialStatementsOrInFinancialInformationFiledOnPublicRecordAreResidentForTaxPurposesAbstract" xlink:to="loc_gri_ReasonsForDifferenceBetweenCorporateIncomeTaxAccruedOnProfitOrLossAndTaxDueIfStatutoryTaxRateIsAppliedToProfitOrLossBeforeTaxTextBlock" order="11.0" preferredLabel="http://www.xbrl.org/2003/role/verboseLabel" use="optional" />
    <link:loc xlink:type="locator" xlink:href="../core/gri_srs_core_2025-06-23.xsd#gri_ReasonForOmissionRelatedToDescriptionOfReasonsForDifferenceBetweenCorporateIncomeTaxAccruedOnProfitOrLossAndTaxDueIfStatutoryTaxRateIsAppliedToProfitOrLossBeforeTax" xlink:label="loc_gri_ReasonForOmissionRelatedToDescriptionOfReasonsForDifferenceBetweenCorporateIncomeTaxAccruedOnProfitOrLossAndTaxDueIfStatutoryTaxRateIsAppliedToProfitOrLossBeforeTax" />
    <link:presentationArc xlink:type="arc" xlink:arcrole="http://www.xbrl.org/2003/arcrole/parent-child" xlink:from="loc_gri_ReasonsForDifferenceBetweenCorporateIncomeTaxAccruedOnProfitOrLossAndTaxDueIfStatutoryTaxRateIsAppliedToProfitOrLossBeforeTaxTextBlock" xlink:to="loc_gri_ReasonForOmissionRelatedToDescriptionOfReasonsForDifferenceBetweenCorporateIncomeTaxAccruedOnProfitOrLossAndTaxDueIfStatutoryTaxRateIsAppliedToProfitOrLossBeforeTax" order="1.0" preferredLabel="http://www.xbrl.org/2003/role/verboseLabel" use="optional" />
    <link:loc xlink:type="locator" xlink:href="../core/gri_srs_core_2025-06-23.xsd#gri_ExplanationForReasonForOmissionRelatedToDescriptionOfReasonsForDifferenceBetweenCorporateIncomeTaxAccruedOnProfitOrLossAndTaxDueIfStatutoryTaxRateIsAppliedToProfitOrLossBeforeTaxTextBlock" xlink:label="loc_gri_ExplanationForReasonForOmissionRelatedToDescriptionOfReasonsForDifferenceBetweenCorporateIncomeTaxAccruedOnProfitOrLossAndTaxDueIfStatutoryTaxRateIsAppliedToProfitOrLossBeforeTaxTextBlock" />
    <link:presentationArc xlink:type="arc" xlink:arcrole="http://www.xbrl.org/2003/arcrole/parent-child" xlink:from="loc_gri_ReasonsForDifferenceBetweenCorporateIncomeTaxAccruedOnProfitOrLossAndTaxDueIfStatutoryTaxRateIsAppliedToProfitOrLossBeforeTaxTextBlock" xlink:to="loc_gri_ExplanationForReasonForOmissionRelatedToDescriptionOfReasonsForDifferenceBetweenCorporateIncomeTaxAccruedOnProfitOrLossAndTaxDueIfStatutoryTaxRateIsAppliedToProfitOrLossBeforeTaxTextBlock" order="2.0" preferredLabel="http://www.xbrl.org/2003/role/verboseLabel" use="optional" />
    <link:loc xlink:type="locator" xlink:href="../core/gri_srs_core_2025-06-23.xsd#gri_ReportingByTaxJurisdictionAbstract" xlink:label="loc_gri_ReportingByTaxJurisdictionAbstract" />
    <link:presentationArc xlink:type="arc" xlink:arcrole="http://www.xbrl.org/2003/arcrole/parent-child" xlink:from="loc_gri_DisclosureOfCountryByCountryReportingAbstract" xlink:to="loc_gri_ReportingByTaxJurisdictionAbstract" order="2.0" use="optional" />
    <link:loc xlink:type="locator" xlink:href="../core/gri_srs_core_2025-06-23.xsd#gri_ReportingByTaxJurisdictionTable" xlink:label="loc_gri_ReportingByTaxJurisdictionTable" />
    <link:presentationArc xlink:type="arc" xlink:arcrole="http://www.xbrl.org/2003/arcrole/parent-child" xlink:from="loc_gri_ReportingByTaxJurisdictionAbstract" xlink:to="loc_gri_ReportingByTaxJurisdictionTable" order="1.0" use="optional" />
    <link:loc xlink:type="locator" xlink:href="../core/gri_srs_core_2025-06-23.xsd#gri_TaxJurisdictionAxis" xlink:label="loc_gri_TaxJurisdictionAxis" />
    <link:presentationArc xlink:type="arc" xlink:arcrole="http://www.xbrl.org/2003/arcrole/parent-child" xlink:from="loc_gri_ReportingByTaxJurisdictionTable" xlink:to="loc_gri_TaxJurisdictionAxis" order="1.0" use="optional" />
    <link:loc xlink:type="locator" xlink:href="../core/gri_srs_core_2025-06-23.xsd#gri_ReportingByTaxJurisdictionLineItems" xlink:label="loc_gri_ReportingByTaxJurisdictionLineItems" />
    <link:presentationArc xlink:type="arc" xlink:arcrole="http://www.xbrl.org/2003/arcrole/parent-child" xlink:from="loc_gri_ReportingByTaxJurisdictionAbstract" xlink:to="loc_gri_ReportingByTaxJurisdictionLineItems" order="2.0" use="optional" />
    <link:loc xlink:type="locator" xlink:href="../core/gri_srs_core_2025-06-23.xsd#gri_AllTaxJurisdictionsThatAreNotCountriesWhereEntitiesIncludedInOrganizationsAuditedConsolidatedFinancialStatementsOrInFinancialInformationFiledOnPublicRecordAreResidentForTaxPurposesAbstract" xlink:label="loc_gri_AllTaxJurisdictionsThatAreNotCountriesWhereEntitiesIncludedInOrganizationsAuditedConsolidatedFinancialStatementsOrInFinancialInformationFiledOnPublicRecordAreResidentForTaxPurposesAbstract" />
    <link:presentationArc xlink:type="arc" xlink:arcrole="http://www.xbrl.org/2003/arcrole/parent-child" xlink:from="loc_gri_ReportingByTaxJurisdictionLineItems" xlink:to="loc_gri_AllTaxJurisdictionsThatAreNotCountriesWhereEntitiesIncludedInOrganizationsAuditedConsolidatedFinancialStatementsOrInFinancialInformationFiledOnPublicRecordAreResidentForTaxPurposesAbstract" order="1.0" preferredLabel="http://www.xbrl.org/2003/role/verboseLabel" use="optional" />
    <link:loc xlink:type="locator" xlink:href="../core/gri_srs_core_2025-06-23.xsd#gri_NamesOfResidentEntitiesTextBlock" xlink:label="loc_gri_NamesOfResidentEntitiesTextBlock_1" />
    <link:presentationArc xlink:type="arc" xlink:arcrole="http://www.xbrl.org/2003/arcrole/parent-child" xlink:from="loc_gri_AllTaxJurisdictionsThatAreNotCountriesWhereEntitiesIncludedInOrganizationsAuditedConsolidatedFinancialStatementsOrInFinancialInformationFiledOnPublicRecordAreResidentForTaxPurposesAbstract" xlink:to="loc_gri_NamesOfResidentEntitiesTextBlock_1" order="1.0" preferredLabel="http://www.xbrl.org/2003/role/verboseLabel" use="optional" />
    <link:loc xlink:type="locator" xlink:href="../core/gri_srs_core_2025-06-23.xsd#gri_ReasonForOmissionRelatedToNamesOfResidentEntities" xlink:label="loc_gri_ReasonForOmissionRelatedToNamesOfResidentEntities_1" />
    <link:presentationArc xlink:type="arc" xlink:arcrole="http://www.xbrl.org/2003/arcrole/parent-child" xlink:from="loc_gri_NamesOfResidentEntitiesTextBlock_1" xlink:to="loc_gri_ReasonForOmissionRelatedToNamesOfResidentEntities_1" order="1.0" preferredLabel="http://www.xbrl.org/2003/role/verboseLabel" use="optional" />
    <link:loc xlink:type="locator" xlink:href="../core/gri_srs_core_2025-06-23.xsd#gri_ExplanationForReasonForOmissionRelatedToNamesOfResidentEntitiesTextBlock" xlink:label="loc_gri_ExplanationForReasonForOmissionRelatedToNamesOfResidentEntitiesTextBlock_1" />
    <link:presentationArc xlink:type="arc" xlink:arcrole="http://www.xbrl.org/2003/arcrole/parent-child" xlink:from="loc_gri_NamesOfResidentEntitiesTextBlock_1" xlink:to="loc_gri_ExplanationForReasonForOmissionRelatedToNamesOfResidentEntitiesTextBlock_1" order="2.0" preferredLabel="http://www.xbrl.org/2003/role/verboseLabel" use="optional" />
    <link:loc xlink:type="locator" xlink:href="../core/gri_srs_core_2025-06-23.xsd#gri_DescriptionOfPrimaryActivitiesOfOrganizationTextBlock" xlink:label="loc_gri_DescriptionOfPrimaryActivitiesOfOrganizationTextBlock_1" />
    <link:presentationArc xlink:type="arc" xlink:arcrole="http://www.xbrl.org/2003/arcrole/parent-child" xlink:from="loc_gri_AllTaxJurisdictionsThatAreNotCountriesWhereEntitiesIncludedInOrganizationsAuditedConsolidatedFinancialStatementsOrInFinancialInformationFiledOnPublicRecordAreResidentForTaxPurposesAbstract" xlink:to="loc_gri_DescriptionOfPrimaryActivitiesOfOrganizationTextBlock_1" order="2.0" preferredLabel="http://www.xbrl.org/2003/role/verboseLabel" use="optional" />
    <link:loc xlink:type="locator" xlink:href="../core/gri_srs_core_2025-06-23.xsd#gri_ReasonForOmissionRelatedToDescriptionOfPrimaryActivitiesOfOrganization" xlink:label="loc_gri_ReasonForOmissionRelatedToDescriptionOfPrimaryActivitiesOfOrganization_1" />
    <link:presentationArc xlink:type="arc" xlink:arcrole="http://www.xbrl.org/2003/arcrole/parent-child" xlink:from="loc_gri_DescriptionOfPrimaryActivitiesOfOrganizationTextBlock_1" xlink:to="loc_gri_ReasonForOmissionRelatedToDescriptionOfPrimaryActivitiesOfOrganization_1" order="1.0" preferredLabel="http://www.xbrl.org/2003/role/verboseLabel" use="optional" />
    <link:loc xlink:type="locator" xlink:href="../core/gri_srs_core_2025-06-23.xsd#gri_ExplanationForReasonForOmissionRelatedToDescriptionOfPrimaryActivitiesOfOrganizationTextBlock" xlink:label="loc_gri_ExplanationForReasonForOmissionRelatedToDescriptionOfPrimaryActivitiesOfOrganizationTextBlock_1" />
    <link:presentationArc xlink:type="arc" xlink:arcrole="http://www.xbrl.org/2003/arcrole/parent-child" xlink:from="loc_gri_DescriptionOfPrimaryActivitiesOfOrganizationTextBlock_1" xlink:to="loc_gri_ExplanationForReasonForOmissionRelatedToDescriptionOfPrimaryActivitiesOfOrganizationTextBlock_1" order="2.0" preferredLabel="http://www.xbrl.org/2003/role/verboseLabel" use="optional" />
    <link:loc xlink:type="locator" xlink:href="../core/gri_srs_core_2025-06-23.xsd#gri_NumberOfEmployees" xlink:label="loc_gri_NumberOfEmployees_1" />
    <link:presentationArc xlink:type="arc" xlink:arcrole="http://www.xbrl.org/2003/arcrole/parent-child" xlink:from="loc_gri_AllTaxJurisdictionsThatAreNotCountriesWhereEntitiesIncludedInOrganizationsAuditedConsolidatedFinancialStatementsOrInFinancialInformationFiledOnPublicRecordAreResidentForTaxPurposesAbstract" xlink:to="loc_gri_NumberOfEmployees_1" order="3.0" preferredLabel="http://www.xbrl.org/2003/role/verboseLabel" use="optional" />
    <link:loc xlink:type="locator" xlink:href="../core/gri_srs_core_2025-06-23.xsd#gri_ReasonForOmissionRelatedToNumberOfEmployees" xlink:label="loc_gri_ReasonForOmissionRelatedToNumberOfEmployees_1" />
    <link:presentationArc xlink:type="arc" xlink:arcrole="http://www.xbrl.org/2003/arcrole/parent-child" xlink:from="loc_gri_NumberOfEmployees_1" xlink:to="loc_gri_ReasonForOmissionRelatedToNumberOfEmployees_1" order="1.0" preferredLabel="http://www.xbrl.org/2003/role/verboseLabel" use="optional" />
    <link:loc xlink:type="locator" xlink:href="../core/gri_srs_core_2025-06-23.xsd#gri_ExplanationForReasonForOmissionRelatedToNumberOfEmployeesTextBlock" xlink:label="loc_gri_ExplanationForReasonForOmissionRelatedToNumberOfEmployeesTextBlock_1" />
    <link:presentationArc xlink:type="arc" xlink:arcrole="http://www.xbrl.org/2003/arcrole/parent-child" xlink:from="loc_gri_NumberOfEmployees_1" xlink:to="loc_gri_ExplanationForReasonForOmissionRelatedToNumberOfEmployeesTextBlock_1" order="2.0" preferredLabel="http://www.xbrl.org/2003/role/verboseLabel" use="optional" />
    <link:loc xlink:type="locator" xlink:href="../core/gri_srs_core_2025-06-23.xsd#gri_BasisOfCalculationOfNumberOfEmployeesTextBlock" xlink:label="loc_gri_BasisOfCalculationOfNumberOfEmployeesTextBlock_1" />
    <link:presentationArc xlink:type="arc" xlink:arcrole="http://www.xbrl.org/2003/arcrole/parent-child" xlink:from="loc_gri_AllTaxJurisdictionsThatAreNotCountriesWhereEntitiesIncludedInOrganizationsAuditedConsolidatedFinancialStatementsOrInFinancialInformationFiledOnPublicRecordAreResidentForTaxPurposesAbstract" xlink:to="loc_gri_BasisOfCalculationOfNumberOfEmployeesTextBlock_1" order="4.0" preferredLabel="http://www.xbrl.org/2003/role/verboseLabel" use="optional" />
    <link:loc xlink:type="locator" xlink:href="../core/gri_srs_core_2025-06-23.xsd#gri_ReasonForOmissionRelatedToBasisOfCalculationOfNumberOfEmployees" xlink:label="loc_gri_ReasonForOmissionRelatedToBasisOfCalculationOfNumberOfEmployees_1" />
    <link:presentationArc xlink:type="arc" xlink:arcrole="http://www.xbrl.org/2003/arcrole/parent-child" xlink:from="loc_gri_BasisOfCalculationOfNumberOfEmployeesTextBlock_1" xlink:to="loc_gri_ReasonForOmissionRelatedToBasisOfCalculationOfNumberOfEmployees_1" order="1.0" preferredLabel="http://www.xbrl.org/2003/role/verboseLabel" use="optional" />
    <link:loc xlink:type="locator" xlink:href="../core/gri_srs_core_2025-06-23.xsd#gri_ExplanationForReasonForOmissionRelatedToBasisOfCalculationOfNumberOfEmployeesTextBlock" xlink:label="loc_gri_ExplanationForReasonForOmissionRelatedToBasisOfCalculationOfNumberOfEmployeesTextBlock_1" />
    <link:presentationArc xlink:type="arc" xlink:arcrole="http://www.xbrl.org/2003/arcrole/parent-child" xlink:from="loc_gri_BasisOfCalculationOfNumberOfEmployeesTextBlock_1" xlink:to="loc_gri_ExplanationForReasonForOmissionRelatedToBasisOfCalculationOfNumberOfEmployeesTextBlock_1" order="2.0" preferredLabel="http://www.xbrl.org/2003/role/verboseLabel" use="optional" />
    <link:loc xlink:type="locator" xlink:href="../core/gri_srs_core_2025-06-23.xsd#gri_RevenuesFromThirdPartySales" xlink:label="loc_gri_RevenuesFromThirdPartySales_1" />
    <link:presentationArc xlink:type="arc" xlink:arcrole="http://www.xbrl.org/2003/arcrole/parent-child" xlink:from="loc_gri_AllTaxJurisdictionsThatAreNotCountriesWhereEntitiesIncludedInOrganizationsAuditedConsolidatedFinancialStatementsOrInFinancialInformationFiledOnPublicRecordAreResidentForTaxPurposesAbstract" xlink:to="loc_gri_RevenuesFromThirdPartySales_1" order="5.0" preferredLabel="http://www.xbrl.org/2003/role/verboseLabel" use="optional" />
    <link:loc xlink:type="locator" xlink:href="../core/gri_srs_core_2025-06-23.xsd#gri_ReasonForOmissionRelatedToRevenuesFromThirdPartySales" xlink:label="loc_gri_ReasonForOmissionRelatedToRevenuesFromThirdPartySales_1" />
    <link:presentationArc xlink:type="arc" xlink:arcrole="http://www.xbrl.org/2003/arcrole/parent-child" xlink:from="loc_gri_RevenuesFromThirdPartySales_1" xlink:to="loc_gri_ReasonForOmissionRelatedToRevenuesFromThirdPartySales_1" order="1.0" preferredLabel="http://www.xbrl.org/2003/role/verboseLabel" use="optional" />
    <link:loc xlink:type="locator" xlink:href="../core/gri_srs_core_2025-06-23.xsd#gri_ExplanationForReasonForOmissionRelatedToRevenuesFromThirdPartySalesTextBlock" xlink:label="loc_gri_ExplanationForReasonForOmissionRelatedToRevenuesFromThirdPartySalesTextBlock_1" />
    <link:presentationArc xlink:type="arc" xlink:arcrole="http://www.xbrl.org/2003/arcrole/parent-child" xlink:from="loc_gri_RevenuesFromThirdPartySales_1" xlink:to="loc_gri_ExplanationForReasonForOmissionRelatedToRevenuesFromThirdPartySalesTextBlock_1" order="2.0" preferredLabel="http://www.xbrl.org/2003/role/verboseLabel" use="optional" />
    <link:loc xlink:type="locator" xlink:href="../core/gri_srs_core_2025-06-23.xsd#gri_RevenuesFromIntraGroupTransactionsWithOtherTaxJurisdictions" xlink:label="loc_gri_RevenuesFromIntraGroupTransactionsWithOtherTaxJurisdictions_1" />
    <link:presentationArc xlink:type="arc" xlink:arcrole="http://www.xbrl.org/2003/arcrole/parent-child" xlink:from="loc_gri_AllTaxJurisdictionsThatAreNotCountriesWhereEntitiesIncludedInOrganizationsAuditedConsolidatedFinancialStatementsOrInFinancialInformationFiledOnPublicRecordAreResidentForTaxPurposesAbstract" xlink:to="loc_gri_RevenuesFromIntraGroupTransactionsWithOtherTaxJurisdictions_1" order="6.0" preferredLabel="http://www.xbrl.org/2003/role/verboseLabel" use="optional" />
    <link:loc xlink:type="locator" xlink:href="../core/gri_srs_core_2025-06-23.xsd#gri_ReasonForOmissionRelatedToRevenuesFromIntraGroupTransactionsWithOtherTaxJurisdictions" xlink:label="loc_gri_ReasonForOmissionRelatedToRevenuesFromIntraGroupTransactionsWithOtherTaxJurisdictions_1" />
    <link:presentationArc xlink:type="arc" xlink:arcrole="http://www.xbrl.org/2003/arcrole/parent-child" xlink:from="loc_gri_RevenuesFromIntraGroupTransactionsWithOtherTaxJurisdictions_1" xlink:to="loc_gri_ReasonForOmissionRelatedToRevenuesFromIntraGroupTransactionsWithOtherTaxJurisdictions_1" order="1.0" preferredLabel="http://www.xbrl.org/2003/role/verboseLabel" use="optional" />
    <link:loc xlink:type="locator" xlink:href="../core/gri_srs_core_2025-06-23.xsd#gri_ExplanationForReasonForOmissionRelatedToRevenuesFromIntraGroupTransactionsWithOtherTaxJurisdictionsTextBlock" xlink:label="loc_gri_ExplanationForReasonForOmissionRelatedToRevenuesFromIntraGroupTransactionsWithOtherTaxJurisdictionsTextBlock_1" />
    <link:presentationArc xlink:type="arc" xlink:arcrole="http://www.xbrl.org/2003/arcrole/parent-child" xlink:from="loc_gri_RevenuesFromIntraGroupTransactionsWithOtherTaxJurisdictions_1" xlink:to="loc_gri_ExplanationForReasonForOmissionRelatedToRevenuesFromIntraGroupTransactionsWithOtherTaxJurisdictionsTextBlock_1" order="2.0" preferredLabel="http://www.xbrl.org/2003/role/verboseLabel" use="optional" />
    <link:loc xlink:type="locator" xlink:href="../core/gri_srs_core_2025-06-23.xsd#gri_ProfitOrLossBeforeTax" xlink:label="loc_gri_ProfitOrLossBeforeTax_1" />
    <link:presentationArc xlink:type="arc" xlink:arcrole="http://www.xbrl.org/2003/arcrole/parent-child" xlink:from="loc_gri_AllTaxJurisdictionsThatAreNotCountriesWhereEntitiesIncludedInOrganizationsAuditedConsolidatedFinancialStatementsOrInFinancialInformationFiledOnPublicRecordAreResidentForTaxPurposesAbstract" xlink:to="loc_gri_ProfitOrLossBeforeTax_1" order="7.0" preferredLabel="http://www.xbrl.org/2003/role/verboseLabel" use="optional" />
    <link:loc xlink:type="locator" xlink:href="../core/gri_srs_core_2025-06-23.xsd#gri_ReasonForOmissionRelatedToProfitOrLossBeforeTax" xlink:label="loc_gri_ReasonForOmissionRelatedToProfitOrLossBeforeTax_1" />
    <link:presentationArc xlink:type="arc" xlink:arcrole="http://www.xbrl.org/2003/arcrole/parent-child" xlink:from="loc_gri_ProfitOrLossBeforeTax_1" xlink:to="loc_gri_ReasonForOmissionRelatedToProfitOrLossBeforeTax_1" order="1.0" preferredLabel="http://www.xbrl.org/2003/role/verboseLabel" use="optional" />
    <link:loc xlink:type="locator" xlink:href="../core/gri_srs_core_2025-06-23.xsd#gri_ExplanationForReasonForOmissionRelatedToProfitOrLossBeforeTaxTextBlock" xlink:label="loc_gri_ExplanationForReasonForOmissionRelatedToProfitOrLossBeforeTaxTextBlock_1" />
    <link:presentationArc xlink:type="arc" xlink:arcrole="http://www.xbrl.org/2003/arcrole/parent-child" xlink:from="loc_gri_ProfitOrLossBeforeTax_1" xlink:to="loc_gri_ExplanationForReasonForOmissionRelatedToProfitOrLossBeforeTaxTextBlock_1" order="2.0" preferredLabel="http://www.xbrl.org/2003/role/verboseLabel" use="optional" />
    <link:loc xlink:type="locator" xlink:href="../core/gri_srs_core_2025-06-23.xsd#gri_TangibleAssetsOtherThanCashAndCashEquivalents" xlink:label="loc_gri_TangibleAssetsOtherThanCashAndCashEquivalents_1" />
    <link:presentationArc xlink:type="arc" xlink:arcrole="http://www.xbrl.org/2003/arcrole/parent-child" xlink:from="loc_gri_AllTaxJurisdictionsThatAreNotCountriesWhereEntitiesIncludedInOrganizationsAuditedConsolidatedFinancialStatementsOrInFinancialInformationFiledOnPublicRecordAreResidentForTaxPurposesAbstract" xlink:to="loc_gri_TangibleAssetsOtherThanCashAndCashEquivalents_1" order="8.0" preferredLabel="http://www.xbrl.org/2003/role/verboseLabel" use="optional" />
    <link:loc xlink:type="locator" xlink:href="../core/gri_srs_core_2025-06-23.xsd#gri_ReasonForOmissionRelatedToTangibleAssetsOtherThanCashAndCashEquivalents" xlink:label="loc_gri_ReasonForOmissionRelatedToTangibleAssetsOtherThanCashAndCashEquivalents_1" />
    <link:presentationArc xlink:type="arc" xlink:arcrole="http://www.xbrl.org/2003/arcrole/parent-child" xlink:from="loc_gri_TangibleAssetsOtherThanCashAndCashEquivalents_1" xlink:to="loc_gri_ReasonForOmissionRelatedToTangibleAssetsOtherThanCashAndCashEquivalents_1" order="1.0" preferredLabel="http://www.xbrl.org/2003/role/verboseLabel" use="optional" />
    <link:loc xlink:type="locator" xlink:href="../core/gri_srs_core_2025-06-23.xsd#gri_ExplanationForReasonForOmissionRelatedToTangibleAssetsOtherThanCashAndCashEquivalentsTextBlock" xlink:label="loc_gri_ExplanationForReasonForOmissionRelatedToTangibleAssetsOtherThanCashAndCashEquivalentsTextBlock_1" />
    <link:presentationArc xlink:type="arc" xlink:arcrole="http://www.xbrl.org/2003/arcrole/parent-child" xlink:from="loc_gri_TangibleAssetsOtherThanCashAndCashEquivalents_1" xlink:to="loc_gri_ExplanationForReasonForOmissionRelatedToTangibleAssetsOtherThanCashAndCashEquivalentsTextBlock_1" order="2.0" preferredLabel="http://www.xbrl.org/2003/role/verboseLabel" use="optional" />
    <link:loc xlink:type="locator" xlink:href="../core/gri_srs_core_2025-06-23.xsd#gri_CorporateIncomeTaxPaidOnCashBasis" xlink:label="loc_gri_CorporateIncomeTaxPaidOnCashBasis_1" />
    <link:presentationArc xlink:type="arc" xlink:arcrole="http://www.xbrl.org/2003/arcrole/parent-child" xlink:from="loc_gri_AllTaxJurisdictionsThatAreNotCountriesWhereEntitiesIncludedInOrganizationsAuditedConsolidatedFinancialStatementsOrInFinancialInformationFiledOnPublicRecordAreResidentForTaxPurposesAbstract" xlink:to="loc_gri_CorporateIncomeTaxPaidOnCashBasis_1" order="9.0" preferredLabel="http://www.xbrl.org/2003/role/verboseLabel" use="optional" />
    <link:loc xlink:type="locator" xlink:href="../core/gri_srs_core_2025-06-23.xsd#gri_ReasonForOmissionRelatedToCorporateIncomeTaxPaidOnCashBasis" xlink:label="loc_gri_ReasonForOmissionRelatedToCorporateIncomeTaxPaidOnCashBasis_1" />
    <link:presentationArc xlink:type="arc" xlink:arcrole="http://www.xbrl.org/2003/arcrole/parent-child" xlink:from="loc_gri_CorporateIncomeTaxPaidOnCashBasis_1" xlink:to="loc_gri_ReasonForOmissionRelatedToCorporateIncomeTaxPaidOnCashBasis_1" order="1.0" preferredLabel="http://www.xbrl.org/2003/role/verboseLabel" use="optional" />
    <link:loc xlink:type="locator" xlink:href="../core/gri_srs_core_2025-06-23.xsd#gri_ExplanationForReasonForOmissionRelatedToCorporateIncomeTaxPaidOnCashBasisTextBlock" xlink:label="loc_gri_ExplanationForReasonForOmissionRelatedToCorporateIncomeTaxPaidOnCashBasisTextBlock_1" />
    <link:presentationArc xlink:type="arc" xlink:arcrole="http://www.xbrl.org/2003/arcrole/parent-child" xlink:from="loc_gri_CorporateIncomeTaxPaidOnCashBasis_1" xlink:to="loc_gri_ExplanationForReasonForOmissionRelatedToCorporateIncomeTaxPaidOnCashBasisTextBlock_1" order="2.0" preferredLabel="http://www.xbrl.org/2003/role/verboseLabel" use="optional" />
    <link:loc xlink:type="locator" xlink:href="../core/gri_srs_core_2025-06-23.xsd#gri_CorporateIncomeTaxAccruedOnProfitOrLoss" xlink:label="loc_gri_CorporateIncomeTaxAccruedOnProfitOrLoss_1" />
    <link:presentationArc xlink:type="arc" xlink:arcrole="http://www.xbrl.org/2003/arcrole/parent-child" xlink:from="loc_gri_AllTaxJurisdictionsThatAreNotCountriesWhereEntitiesIncludedInOrganizationsAuditedConsolidatedFinancialStatementsOrInFinancialInformationFiledOnPublicRecordAreResidentForTaxPurposesAbstract" xlink:to="loc_gri_CorporateIncomeTaxAccruedOnProfitOrLoss_1" order="10.0" preferredLabel="http://www.xbrl.org/2003/role/verboseLabel" use="optional" />
    <link:loc xlink:type="locator" xlink:href="../core/gri_srs_core_2025-06-23.xsd#gri_ReasonForOmissionRelatedToCorporateIncomeTaxAccruedOnProfitOrLoss" xlink:label="loc_gri_ReasonForOmissionRelatedToCorporateIncomeTaxAccruedOnProfitOrLoss_1" />
    <link:presentationArc xlink:type="arc" xlink:arcrole="http://www.xbrl.org/2003/arcrole/parent-child" xlink:from="loc_gri_CorporateIncomeTaxAccruedOnProfitOrLoss_1" xlink:to="loc_gri_ReasonForOmissionRelatedToCorporateIncomeTaxAccruedOnProfitOrLoss_1" order="1.0" preferredLabel="http://www.xbrl.org/2003/role/verboseLabel" use="optional" />
    <link:loc xlink:type="locator" xlink:href="../core/gri_srs_core_2025-06-23.xsd#gri_ExplanationForReasonForOmissionRelatedToCorporateIncomeTaxAccruedOnProfitOrLossTextBlock" xlink:label="loc_gri_ExplanationForReasonForOmissionRelatedToCorporateIncomeTaxAccruedOnProfitOrLossTextBlock_1" />
    <link:presentationArc xlink:type="arc" xlink:arcrole="http://www.xbrl.org/2003/arcrole/parent-child" xlink:from="loc_gri_CorporateIncomeTaxAccruedOnProfitOrLoss_1" xlink:to="loc_gri_ExplanationForReasonForOmissionRelatedToCorporateIncomeTaxAccruedOnProfitOrLossTextBlock_1" order="2.0" preferredLabel="http://www.xbrl.org/2003/role/verboseLabel" use="optional" />
    <link:loc xlink:type="locator" xlink:href="../core/gri_srs_core_2025-06-23.xsd#gri_ReasonsForDifferenceBetweenCorporateIncomeTaxAccruedOnProfitOrLossAndTaxDueIfStatutoryTaxRateIsAppliedToProfitOrLossBeforeTaxTextBlock" xlink:label="loc_gri_ReasonsForDifferenceBetweenCorporateIncomeTaxAccruedOnProfitOrLossAndTaxDueIfStatutoryTaxRateIsAppliedToProfitOrLossBeforeTaxTextBlock_1" />
    <link:presentationArc xlink:type="arc" xlink:arcrole="http://www.xbrl.org/2003/arcrole/parent-child" xlink:from="loc_gri_AllTaxJurisdictionsThatAreNotCountriesWhereEntitiesIncludedInOrganizationsAuditedConsolidatedFinancialStatementsOrInFinancialInformationFiledOnPublicRecordAreResidentForTaxPurposesAbstract" xlink:to="loc_gri_ReasonsForDifferenceBetweenCorporateIncomeTaxAccruedOnProfitOrLossAndTaxDueIfStatutoryTaxRateIsAppliedToProfitOrLossBeforeTaxTextBlock_1" order="11.0" preferredLabel="http://www.xbrl.org/2003/role/verboseLabel" use="optional" />
    <link:loc xlink:type="locator" xlink:href="../core/gri_srs_core_2025-06-23.xsd#gri_ReasonForOmissionRelatedToDescriptionOfReasonsForDifferenceBetweenCorporateIncomeTaxAccruedOnProfitOrLossAndTaxDueIfStatutoryTaxRateIsAppliedToProfitOrLossBeforeTax" xlink:label="loc_gri_ReasonForOmissionRelatedToDescriptionOfReasonsForDifferenceBetweenCorporateIncomeTaxAccruedOnProfitOrLossAndTaxDueIfStatutoryTaxRateIsAppliedToProfitOrLossBeforeTax_1" />
    <link:presentationArc xlink:type="arc" xlink:arcrole="http://www.xbrl.org/2003/arcrole/parent-child" xlink:from="loc_gri_ReasonsForDifferenceBetweenCorporateIncomeTaxAccruedOnProfitOrLossAndTaxDueIfStatutoryTaxRateIsAppliedToProfitOrLossBeforeTaxTextBlock_1" xlink:to="loc_gri_ReasonForOmissionRelatedToDescriptionOfReasonsForDifferenceBetweenCorporateIncomeTaxAccruedOnProfitOrLossAndTaxDueIfStatutoryTaxRateIsAppliedToProfitOrLossBeforeTax_1" order="1.0" preferredLabel="http://www.xbrl.org/2003/role/verboseLabel" use="optional" />
    <link:loc xlink:type="locator" xlink:href="../core/gri_srs_core_2025-06-23.xsd#gri_ExplanationForReasonForOmissionRelatedToDescriptionOfReasonsForDifferenceBetweenCorporateIncomeTaxAccruedOnProfitOrLossAndTaxDueIfStatutoryTaxRateIsAppliedToProfitOrLossBeforeTaxTextBlock" xlink:label="loc_gri_ExplanationForReasonForOmissionRelatedToDescriptionOfReasonsForDifferenceBetweenCorporateIncomeTaxAccruedOnProfitOrLossAndTaxDueIfStatutoryTaxRateIsAppliedToProfitOrLossBeforeTaxTextBlock_1" />
    <link:presentationArc xlink:type="arc" xlink:arcrole="http://www.xbrl.org/2003/arcrole/parent-child" xlink:from="loc_gri_ReasonsForDifferenceBetweenCorporateIncomeTaxAccruedOnProfitOrLossAndTaxDueIfStatutoryTaxRateIsAppliedToProfitOrLossBeforeTaxTextBlock_1" xlink:to="loc_gri_ExplanationForReasonForOmissionRelatedToDescriptionOfReasonsForDifferenceBetweenCorporateIncomeTaxAccruedOnProfitOrLossAndTaxDueIfStatutoryTaxRateIsAppliedToProfitOrLossBeforeTaxTextBlock_1" order="2.0" preferredLabel="http://www.xbrl.org/2003/role/verboseLabel" use="optional" />
    <link:loc xlink:type="locator" xlink:href="../core/gri_srs_core_2025-06-23.xsd#gri_TimePeriodCoveredByInformationReportedInDisclosure2074StartDate" xlink:label="loc_gri_TimePeriodCoveredByInformationReportedInDisclosure2074StartDate" />
    <link:presentationArc xlink:type="arc" xlink:arcrole="http://www.xbrl.org/2003/arcrole/parent-child" xlink:from="loc_gri_DisclosureOfCountryByCountryReportingAbstract" xlink:to="loc_gri_TimePeriodCoveredByInformationReportedInDisclosure2074StartDate" order="3.0" preferredLabel="http://www.xbrl.org/2003/role/verboseLabel" use="optional" />
    <link:loc xlink:type="locator" xlink:href="../core/gri_srs_core_2025-06-23.xsd#gri_TimePeriodCoveredByInformationReportedInDisclosure2074EndDate" xlink:label="loc_gri_TimePeriodCoveredByInformationReportedInDisclosure2074EndDate" />
    <link:presentationArc xlink:type="arc" xlink:arcrole="http://www.xbrl.org/2003/arcrole/parent-child" xlink:from="loc_gri_DisclosureOfCountryByCountryReportingAbstract" xlink:to="loc_gri_TimePeriodCoveredByInformationReportedInDisclosure2074EndDate" order="4.0" preferredLabel="http://www.xbrl.org/2003/role/verboseLabel" use="optional" />
    <link:loc xlink:type="locator" xlink:href="../core/gri_srs_core_2025-06-23.xsd#gri_ExplanationForDifferenceIfDataReportedForDisclosures2074bivAndviAndviiAndviiiDoesNotReconcileWithAuditedConsolidatedFinancialStatementsOrFinancialInformationFiledOnPublicRecordTextBlock" xlink:label="loc_gri_ExplanationForDifferenceIfDataReportedForDisclosures2074bivAndviAndviiAndviiiDoesNotReconcileWithAuditedConsolidatedFinancialStatementsOrFinancialInformationFiledOnPublicRecordTextBlock" />
    <link:presentationArc xlink:type="arc" xlink:arcrole="http://www.xbrl.org/2003/arcrole/parent-child" xlink:from="loc_gri_DisclosureOfCountryByCountryReportingAbstract" xlink:to="loc_gri_ExplanationForDifferenceIfDataReportedForDisclosures2074bivAndviAndviiAndviiiDoesNotReconcileWithAuditedConsolidatedFinancialStatementsOrFinancialInformationFiledOnPublicRecordTextBlock" order="5.0" preferredLabel="http://www.xbrl.org/2003/role/verboseLabel" use="optional" />
  </link:presentationLink>
</link:linkbase>