﻿<?xml version="1.0" encoding="utf-8"?>
<!-- Generated by GRI Taxonomy Editor-->
<link:linkbase xsi:schemaLocation="http://www.xbrl.org/2003/linkbase http://www.xbrl.org/2003/xbrl-linkbase-2003-12-31.xsd http://www.xbrl.org/2003/instance http://www.xbrl.org/2003/xbrl-instance-2003-12-31.xsd http://www.w3.org/1999/xlink http://www.xbrl.org/2003/xlink-2003-12-31.xsd " xmlns:link="http://www.xbrl.org/2003/linkbase" xmlns:xbrli="http://www.xbrl.org/2003/instance" xmlns:xlink="http://www.w3.org/1999/xlink" xmlns:xsi="http://www.w3.org/2001/XMLSchema-instance">
  <!-- Role Ref -->
  <link:roleRef roleURI="https://taxonomy.globalreporting.org/gri-sustainability-taxonomy/gri_srs/gri_srs_role/role_gri_201" xlink:type="simple" xlink:href="role_gri_srs_2025-06-23.xsd#role_gri_201" />
  <link:presentationLink xlink:type="extended" xlink:role="https://taxonomy.globalreporting.org/gri-sustainability-taxonomy/gri_srs/gri_srs_role/role_gri_201">
    <link:loc xlink:type="locator" xlink:href="../core/gri_srs_core_2025-06-23.xsd#gri_DisclosureOfEconomicPerformanceAbstract" xlink:label="loc_gri_DisclosureOfEconomicPerformanceAbstract" />
    <link:loc xlink:type="locator" xlink:href="../core/gri_srs_core_2025-06-23.xsd#gri_DisclosureOfDirectEconomicValueGeneratedAndDistributedAbstract" xlink:label="loc_gri_DisclosureOfDirectEconomicValueGeneratedAndDistributedAbstract" />
    <link:presentationArc xlink:type="arc" xlink:arcrole="http://www.xbrl.org/2003/arcrole/parent-child" xlink:from="loc_gri_DisclosureOfEconomicPerformanceAbstract" xlink:to="loc_gri_DisclosureOfDirectEconomicValueGeneratedAndDistributedAbstract" order="1.0" preferredLabel="http://www.xbrl.org/2003/role/terseLabel" use="optional" />
    <link:loc xlink:type="locator" xlink:href="../core/gri_srs_core_2025-06-23.xsd#gri_WhetherDataForDirectEconomicValueGeneratedAndDistributedIsPresentedOnAccrualsOrCashBasis" xlink:label="loc_gri_WhetherDataForDirectEconomicValueGeneratedAndDistributedIsPresentedOnAccrualsOrCashBasis" />
    <link:presentationArc xlink:type="arc" xlink:arcrole="http://www.xbrl.org/2003/arcrole/parent-child" xlink:from="loc_gri_DisclosureOfDirectEconomicValueGeneratedAndDistributedAbstract" xlink:to="loc_gri_WhetherDataForDirectEconomicValueGeneratedAndDistributedIsPresentedOnAccrualsOrCashBasis" order="1.0" preferredLabel="http://www.xbrl.org/2003/role/verboseLabel" use="optional" />
    <link:loc xlink:type="locator" xlink:href="../core/gri_srs_core_2025-06-23.xsd#gri_ExplanationOfJustificationForDecisionToPresentDirectEconomicValueGeneratedAndDistributedOnCashBasisTextBlock" xlink:label="loc_gri_ExplanationOfJustificationForDecisionToPresentDirectEconomicValueGeneratedAndDistributedOnCashBasisTextBlock" />
    <link:presentationArc xlink:type="arc" xlink:arcrole="http://www.xbrl.org/2003/arcrole/parent-child" xlink:from="loc_gri_DisclosureOfDirectEconomicValueGeneratedAndDistributedAbstract" xlink:to="loc_gri_ExplanationOfJustificationForDecisionToPresentDirectEconomicValueGeneratedAndDistributedOnCashBasisTextBlock" order="2.0" preferredLabel="http://www.xbrl.org/2003/role/verboseLabel" use="optional" />
    <link:loc xlink:type="locator" xlink:href="../core/gri_srs_core_2025-06-23.xsd#gri_RevenuesGeneratedFromDirectEconomicValue" xlink:label="loc_gri_RevenuesGeneratedFromDirectEconomicValue" />
    <link:presentationArc xlink:type="arc" xlink:arcrole="http://www.xbrl.org/2003/arcrole/parent-child" xlink:from="loc_gri_DisclosureOfDirectEconomicValueGeneratedAndDistributedAbstract" xlink:to="loc_gri_RevenuesGeneratedFromDirectEconomicValue" order="3.0" preferredLabel="http://www.xbrl.org/2003/role/totalLabel" use="optional" />
    <link:loc xlink:type="locator" xlink:href="../core/gri_srs_core_2025-06-23.xsd#gri_EconomicValueDistributed" xlink:label="loc_gri_EconomicValueDistributed" />
    <link:presentationArc xlink:type="arc" xlink:arcrole="http://www.xbrl.org/2003/arcrole/parent-child" xlink:from="loc_gri_DisclosureOfDirectEconomicValueGeneratedAndDistributedAbstract" xlink:to="loc_gri_EconomicValueDistributed" order="4.0" preferredLabel="http://www.xbrl.org/2003/role/totalLabel" use="optional" />
    <link:loc xlink:type="locator" xlink:href="../core/gri_srs_core_2025-06-23.xsd#gri_OperatingCosts" xlink:label="loc_gri_OperatingCosts" />
    <link:presentationArc xlink:type="arc" xlink:arcrole="http://www.xbrl.org/2003/arcrole/parent-child" xlink:from="loc_gri_DisclosureOfDirectEconomicValueGeneratedAndDistributedAbstract" xlink:to="loc_gri_OperatingCosts" order="5.0" preferredLabel="http://www.xbrl.org/2003/role/totalLabel" use="optional" />
    <link:loc xlink:type="locator" xlink:href="../core/gri_srs_core_2025-06-23.xsd#gri_EmployeeWagesAndBenefits" xlink:label="loc_gri_EmployeeWagesAndBenefits" />
    <link:presentationArc xlink:type="arc" xlink:arcrole="http://www.xbrl.org/2003/arcrole/parent-child" xlink:from="loc_gri_DisclosureOfDirectEconomicValueGeneratedAndDistributedAbstract" xlink:to="loc_gri_EmployeeWagesAndBenefits" order="6.0" preferredLabel="http://www.xbrl.org/2003/role/totalLabel" use="optional" />
    <link:loc xlink:type="locator" xlink:href="../core/gri_srs_core_2025-06-23.xsd#gri_PaymentsToProvidersOfCapital" xlink:label="loc_gri_PaymentsToProvidersOfCapital" />
    <link:presentationArc xlink:type="arc" xlink:arcrole="http://www.xbrl.org/2003/arcrole/parent-child" xlink:from="loc_gri_DisclosureOfDirectEconomicValueGeneratedAndDistributedAbstract" xlink:to="loc_gri_PaymentsToProvidersOfCapital" order="7.0" preferredLabel="http://www.xbrl.org/2003/role/totalLabel" use="optional" />
    <link:loc xlink:type="locator" xlink:href="../core/gri_srs_core_2025-06-23.xsd#gri_PaymentsToGovernment" xlink:label="loc_gri_PaymentsToGovernment" />
    <link:presentationArc xlink:type="arc" xlink:arcrole="http://www.xbrl.org/2003/arcrole/parent-child" xlink:from="loc_gri_DisclosureOfDirectEconomicValueGeneratedAndDistributedAbstract" xlink:to="loc_gri_PaymentsToGovernment" order="8.0" preferredLabel="http://www.xbrl.org/2003/role/totalLabel" use="optional" />
    <link:loc xlink:type="locator" xlink:href="../core/gri_srs_core_2025-06-23.xsd#gri_CommunityInvestments" xlink:label="loc_gri_CommunityInvestments" />
    <link:presentationArc xlink:type="arc" xlink:arcrole="http://www.xbrl.org/2003/arcrole/parent-child" xlink:from="loc_gri_DisclosureOfDirectEconomicValueGeneratedAndDistributedAbstract" xlink:to="loc_gri_CommunityInvestments" order="9.0" preferredLabel="http://www.xbrl.org/2003/role/totalLabel" use="optional" />
    <link:loc xlink:type="locator" xlink:href="../core/gri_srs_core_2025-06-23.xsd#gri_EconomicValueRetained" xlink:label="loc_gri_EconomicValueRetained" />
    <link:presentationArc xlink:type="arc" xlink:arcrole="http://www.xbrl.org/2003/arcrole/parent-child" xlink:from="loc_gri_DisclosureOfDirectEconomicValueGeneratedAndDistributedAbstract" xlink:to="loc_gri_EconomicValueRetained" order="10.0" preferredLabel="http://www.xbrl.org/2003/role/totalLabel" use="optional" />
    <link:loc xlink:type="locator" xlink:href="../core/gri_srs_core_2025-06-23.xsd#gri_DirectEconomicValueGeneratedAndDistributedReportingByCountryAbstract" xlink:label="loc_gri_DirectEconomicValueGeneratedAndDistributedReportingByCountryAbstract" />
    <link:presentationArc xlink:type="arc" xlink:arcrole="http://www.xbrl.org/2003/arcrole/parent-child" xlink:from="loc_gri_DisclosureOfDirectEconomicValueGeneratedAndDistributedAbstract" xlink:to="loc_gri_DirectEconomicValueGeneratedAndDistributedReportingByCountryAbstract" order="11.0" use="optional" />
    <link:loc xlink:type="locator" xlink:href="../core/gri_srs_core_2025-06-23.xsd#gri_DirectEconomicValueGeneratedAndDistributedReportingByCountryTable" xlink:label="loc_gri_DirectEconomicValueGeneratedAndDistributedReportingByCountryTable" />
    <link:presentationArc xlink:type="arc" xlink:arcrole="http://www.xbrl.org/2003/arcrole/parent-child" xlink:from="loc_gri_DirectEconomicValueGeneratedAndDistributedReportingByCountryAbstract" xlink:to="loc_gri_DirectEconomicValueGeneratedAndDistributedReportingByCountryTable" order="1.0" use="optional" />
    <link:loc xlink:type="locator" xlink:href="../core/gri_srs_core_2025-06-23.xsd#gri_CountryAxis" xlink:label="loc_gri_CountryAxis" />
    <link:presentationArc xlink:type="arc" xlink:arcrole="http://www.xbrl.org/2003/arcrole/parent-child" xlink:from="loc_gri_DirectEconomicValueGeneratedAndDistributedReportingByCountryTable" xlink:to="loc_gri_CountryAxis" order="1.0" use="optional" />
    <link:loc xlink:type="locator" xlink:href="../core/country-current-PR-2024-01-31/elts.xsd#country_CountryDomain" xlink:label="loc_country_CountryDomain" />
    <link:presentationArc xlink:type="arc" xlink:arcrole="http://www.xbrl.org/2003/arcrole/parent-child" xlink:from="loc_gri_CountryAxis" xlink:to="loc_country_CountryDomain" order="1.0" use="optional" />
    <link:loc xlink:type="locator" xlink:href="../core/gri_srs_core_2025-06-23.xsd#gri_DirectEconomicValueGeneratedAndDistributedReportingByCountryLineItems" xlink:label="loc_gri_DirectEconomicValueGeneratedAndDistributedReportingByCountryLineItems" />
    <link:presentationArc xlink:type="arc" xlink:arcrole="http://www.xbrl.org/2003/arcrole/parent-child" xlink:from="loc_gri_DirectEconomicValueGeneratedAndDistributedReportingByCountryAbstract" xlink:to="loc_gri_DirectEconomicValueGeneratedAndDistributedReportingByCountryLineItems" order="2.0" use="optional" />
    <link:loc xlink:type="locator" xlink:href="../core/gri_srs_core_2025-06-23.xsd#gri_RevenuesGeneratedFromDirectEconomicValue" xlink:label="loc_gri_RevenuesGeneratedFromDirectEconomicValue_1" />
    <link:presentationArc xlink:type="arc" xlink:arcrole="http://www.xbrl.org/2003/arcrole/parent-child" xlink:from="loc_gri_DirectEconomicValueGeneratedAndDistributedReportingByCountryLineItems" xlink:to="loc_gri_RevenuesGeneratedFromDirectEconomicValue_1" order="1.0" preferredLabel="http://www.xbrl.org/2003/role/verboseLabel" use="optional" />
    <link:loc xlink:type="locator" xlink:href="../core/gri_srs_core_2025-06-23.xsd#gri_ReasonForOmissionRelatedToRevenuesGeneratedFromDirectEconomicValue" xlink:label="loc_gri_ReasonForOmissionRelatedToRevenuesGeneratedFromDirectEconomicValue_1" />
    <link:presentationArc xlink:type="arc" xlink:arcrole="http://www.xbrl.org/2003/arcrole/parent-child" xlink:from="loc_gri_RevenuesGeneratedFromDirectEconomicValue_1" xlink:to="loc_gri_ReasonForOmissionRelatedToRevenuesGeneratedFromDirectEconomicValue_1" order="1.0" preferredLabel="http://www.xbrl.org/2003/role/verboseLabel" use="optional" />
    <link:loc xlink:type="locator" xlink:href="../core/gri_srs_core_2025-06-23.xsd#gri_ExplanationForReasonForOmissionRelatedToRevenuesGeneratedFromDirectEconomicValueTextBlock" xlink:label="loc_gri_ExplanationForReasonForOmissionRelatedToRevenuesGeneratedFromDirectEconomicValueTextBlock_1" />
    <link:presentationArc xlink:type="arc" xlink:arcrole="http://www.xbrl.org/2003/arcrole/parent-child" xlink:from="loc_gri_RevenuesGeneratedFromDirectEconomicValue_1" xlink:to="loc_gri_ExplanationForReasonForOmissionRelatedToRevenuesGeneratedFromDirectEconomicValueTextBlock_1" order="2.0" preferredLabel="http://www.xbrl.org/2003/role/verboseLabel" use="optional" />
    <link:loc xlink:type="locator" xlink:href="../core/gri_srs_core_2025-06-23.xsd#gri_EconomicValueDistributed" xlink:label="loc_gri_EconomicValueDistributed_1" />
    <link:presentationArc xlink:type="arc" xlink:arcrole="http://www.xbrl.org/2003/arcrole/parent-child" xlink:from="loc_gri_DirectEconomicValueGeneratedAndDistributedReportingByCountryLineItems" xlink:to="loc_gri_EconomicValueDistributed_1" order="2.0" preferredLabel="http://www.xbrl.org/2003/role/verboseLabel" use="optional" />
    <link:loc xlink:type="locator" xlink:href="../core/gri_srs_core_2025-06-23.xsd#gri_ReasonForOmissionRelatedToEconomicValueDistributed" xlink:label="loc_gri_ReasonForOmissionRelatedToEconomicValueDistributed_1" />
    <link:presentationArc xlink:type="arc" xlink:arcrole="http://www.xbrl.org/2003/arcrole/parent-child" xlink:from="loc_gri_EconomicValueDistributed_1" xlink:to="loc_gri_ReasonForOmissionRelatedToEconomicValueDistributed_1" order="1.0" preferredLabel="http://www.xbrl.org/2003/role/verboseLabel" use="optional" />
    <link:loc xlink:type="locator" xlink:href="../core/gri_srs_core_2025-06-23.xsd#gri_ExplanationForReasonForOmissionRelatedToEconomicValueDistributedTextBlock" xlink:label="loc_gri_ExplanationForReasonForOmissionRelatedToEconomicValueDistributedTextBlock_1" />
    <link:presentationArc xlink:type="arc" xlink:arcrole="http://www.xbrl.org/2003/arcrole/parent-child" xlink:from="loc_gri_EconomicValueDistributed_1" xlink:to="loc_gri_ExplanationForReasonForOmissionRelatedToEconomicValueDistributedTextBlock_1" order="2.0" preferredLabel="http://www.xbrl.org/2003/role/verboseLabel" use="optional" />
    <link:loc xlink:type="locator" xlink:href="../core/gri_srs_core_2025-06-23.xsd#gri_OperatingCosts" xlink:label="loc_gri_OperatingCosts_1" />
    <link:presentationArc xlink:type="arc" xlink:arcrole="http://www.xbrl.org/2003/arcrole/parent-child" xlink:from="loc_gri_DirectEconomicValueGeneratedAndDistributedReportingByCountryLineItems" xlink:to="loc_gri_OperatingCosts_1" order="3.0" preferredLabel="http://www.xbrl.org/2003/role/verboseLabel" use="optional" />
    <link:loc xlink:type="locator" xlink:href="../core/gri_srs_core_2025-06-23.xsd#gri_ReasonForOmissionRelatedToOperatingCosts" xlink:label="loc_gri_ReasonForOmissionRelatedToOperatingCosts_1" />
    <link:presentationArc xlink:type="arc" xlink:arcrole="http://www.xbrl.org/2003/arcrole/parent-child" xlink:from="loc_gri_OperatingCosts_1" xlink:to="loc_gri_ReasonForOmissionRelatedToOperatingCosts_1" order="1.0" preferredLabel="http://www.xbrl.org/2003/role/verboseLabel" use="optional" />
    <link:loc xlink:type="locator" xlink:href="../core/gri_srs_core_2025-06-23.xsd#gri_ExplanationForReasonForOmissionRelatedToOperatingCostsTextBlock" xlink:label="loc_gri_ExplanationForReasonForOmissionRelatedToOperatingCostsTextBlock_1" />
    <link:presentationArc xlink:type="arc" xlink:arcrole="http://www.xbrl.org/2003/arcrole/parent-child" xlink:from="loc_gri_OperatingCosts_1" xlink:to="loc_gri_ExplanationForReasonForOmissionRelatedToOperatingCostsTextBlock_1" order="2.0" preferredLabel="http://www.xbrl.org/2003/role/verboseLabel" use="optional" />
    <link:loc xlink:type="locator" xlink:href="../core/gri_srs_core_2025-06-23.xsd#gri_EmployeeWagesAndBenefits" xlink:label="loc_gri_EmployeeWagesAndBenefits_1" />
    <link:presentationArc xlink:type="arc" xlink:arcrole="http://www.xbrl.org/2003/arcrole/parent-child" xlink:from="loc_gri_DirectEconomicValueGeneratedAndDistributedReportingByCountryLineItems" xlink:to="loc_gri_EmployeeWagesAndBenefits_1" order="4.0" preferredLabel="http://www.xbrl.org/2003/role/verboseLabel" use="optional" />
    <link:loc xlink:type="locator" xlink:href="../core/gri_srs_core_2025-06-23.xsd#gri_ReasonForOmissionRelatedToEmployeeWagesAndBenefits" xlink:label="loc_gri_ReasonForOmissionRelatedToEmployeeWagesAndBenefits_1" />
    <link:presentationArc xlink:type="arc" xlink:arcrole="http://www.xbrl.org/2003/arcrole/parent-child" xlink:from="loc_gri_EmployeeWagesAndBenefits_1" xlink:to="loc_gri_ReasonForOmissionRelatedToEmployeeWagesAndBenefits_1" order="1.0" preferredLabel="http://www.xbrl.org/2003/role/verboseLabel" use="optional" />
    <link:loc xlink:type="locator" xlink:href="../core/gri_srs_core_2025-06-23.xsd#gri_ExplanationForReasonForOmissionRelatedToEmployeeWagesAndBenefitsTextBlock" xlink:label="loc_gri_ExplanationForReasonForOmissionRelatedToEmployeeWagesAndBenefitsTextBlock_1" />
    <link:presentationArc xlink:type="arc" xlink:arcrole="http://www.xbrl.org/2003/arcrole/parent-child" xlink:from="loc_gri_EmployeeWagesAndBenefits_1" xlink:to="loc_gri_ExplanationForReasonForOmissionRelatedToEmployeeWagesAndBenefitsTextBlock_1" order="2.0" preferredLabel="http://www.xbrl.org/2003/role/verboseLabel" use="optional" />
    <link:loc xlink:type="locator" xlink:href="../core/gri_srs_core_2025-06-23.xsd#gri_PaymentsToProvidersOfCapital" xlink:label="loc_gri_PaymentsToProvidersOfCapital_1" />
    <link:presentationArc xlink:type="arc" xlink:arcrole="http://www.xbrl.org/2003/arcrole/parent-child" xlink:from="loc_gri_DirectEconomicValueGeneratedAndDistributedReportingByCountryLineItems" xlink:to="loc_gri_PaymentsToProvidersOfCapital_1" order="5.0" preferredLabel="http://www.xbrl.org/2003/role/verboseLabel" use="optional" />
    <link:loc xlink:type="locator" xlink:href="../core/gri_srs_core_2025-06-23.xsd#gri_ReasonForOmissionRelatedToPaymentsToProvidersOfCapital" xlink:label="loc_gri_ReasonForOmissionRelatedToPaymentsToProvidersOfCapital_1" />
    <link:presentationArc xlink:type="arc" xlink:arcrole="http://www.xbrl.org/2003/arcrole/parent-child" xlink:from="loc_gri_PaymentsToProvidersOfCapital_1" xlink:to="loc_gri_ReasonForOmissionRelatedToPaymentsToProvidersOfCapital_1" order="1.0" preferredLabel="http://www.xbrl.org/2003/role/verboseLabel" use="optional" />
    <link:loc xlink:type="locator" xlink:href="../core/gri_srs_core_2025-06-23.xsd#gri_ExplanationForReasonForOmissionRelatedToPaymentsToProvidersOfCapitalTextBlock" xlink:label="loc_gri_ExplanationForReasonForOmissionRelatedToPaymentsToProvidersOfCapitalTextBlock_1" />
    <link:presentationArc xlink:type="arc" xlink:arcrole="http://www.xbrl.org/2003/arcrole/parent-child" xlink:from="loc_gri_PaymentsToProvidersOfCapital_1" xlink:to="loc_gri_ExplanationForReasonForOmissionRelatedToPaymentsToProvidersOfCapitalTextBlock_1" order="2.0" preferredLabel="http://www.xbrl.org/2003/role/verboseLabel" use="optional" />
    <link:loc xlink:type="locator" xlink:href="../core/gri_srs_core_2025-06-23.xsd#gri_PaymentsToGovernment" xlink:label="loc_gri_PaymentsToGovernment_1" />
    <link:presentationArc xlink:type="arc" xlink:arcrole="http://www.xbrl.org/2003/arcrole/parent-child" xlink:from="loc_gri_DirectEconomicValueGeneratedAndDistributedReportingByCountryLineItems" xlink:to="loc_gri_PaymentsToGovernment_1" order="6.0" preferredLabel="http://www.xbrl.org/2003/role/verboseLabel" use="optional" />
    <link:loc xlink:type="locator" xlink:href="../core/gri_srs_core_2025-06-23.xsd#gri_ReasonForOmissionRelatedToPaymentsToGovernment" xlink:label="loc_gri_ReasonForOmissionRelatedToPaymentsToGovernment_1" />
    <link:presentationArc xlink:type="arc" xlink:arcrole="http://www.xbrl.org/2003/arcrole/parent-child" xlink:from="loc_gri_PaymentsToGovernment_1" xlink:to="loc_gri_ReasonForOmissionRelatedToPaymentsToGovernment_1" order="1.0" preferredLabel="http://www.xbrl.org/2003/role/verboseLabel" use="optional" />
    <link:loc xlink:type="locator" xlink:href="../core/gri_srs_core_2025-06-23.xsd#gri_ExplanationForReasonForOmissionRelatedToPaymentsToGovernmentTextBlock" xlink:label="loc_gri_ExplanationForReasonForOmissionRelatedToPaymentsToGovernmentTextBlock_1" />
    <link:presentationArc xlink:type="arc" xlink:arcrole="http://www.xbrl.org/2003/arcrole/parent-child" xlink:from="loc_gri_PaymentsToGovernment_1" xlink:to="loc_gri_ExplanationForReasonForOmissionRelatedToPaymentsToGovernmentTextBlock_1" order="2.0" preferredLabel="http://www.xbrl.org/2003/role/verboseLabel" use="optional" />
    <link:loc xlink:type="locator" xlink:href="../core/gri_srs_core_2025-06-23.xsd#gri_CommunityInvestments" xlink:label="loc_gri_CommunityInvestments_1" />
    <link:presentationArc xlink:type="arc" xlink:arcrole="http://www.xbrl.org/2003/arcrole/parent-child" xlink:from="loc_gri_DirectEconomicValueGeneratedAndDistributedReportingByCountryLineItems" xlink:to="loc_gri_CommunityInvestments_1" order="7.0" preferredLabel="http://www.xbrl.org/2003/role/verboseLabel" use="optional" />
    <link:loc xlink:type="locator" xlink:href="../core/gri_srs_core_2025-06-23.xsd#gri_ReasonForOmissionRelatedToCommunityInvestments" xlink:label="loc_gri_ReasonForOmissionRelatedToCommunityInvestments_1" />
    <link:presentationArc xlink:type="arc" xlink:arcrole="http://www.xbrl.org/2003/arcrole/parent-child" xlink:from="loc_gri_CommunityInvestments_1" xlink:to="loc_gri_ReasonForOmissionRelatedToCommunityInvestments_1" order="1.0" preferredLabel="http://www.xbrl.org/2003/role/verboseLabel" use="optional" />
    <link:loc xlink:type="locator" xlink:href="../core/gri_srs_core_2025-06-23.xsd#gri_ExplanationForReasonForOmissionRelatedToCommunityInvestmentsTextBlock" xlink:label="loc_gri_ExplanationForReasonForOmissionRelatedToCommunityInvestmentsTextBlock_1" />
    <link:presentationArc xlink:type="arc" xlink:arcrole="http://www.xbrl.org/2003/arcrole/parent-child" xlink:from="loc_gri_CommunityInvestments_1" xlink:to="loc_gri_ExplanationForReasonForOmissionRelatedToCommunityInvestmentsTextBlock_1" order="2.0" preferredLabel="http://www.xbrl.org/2003/role/verboseLabel" use="optional" />
    <link:loc xlink:type="locator" xlink:href="../core/gri_srs_core_2025-06-23.xsd#gri_EconomicValueRetained" xlink:label="loc_gri_EconomicValueRetained_1" />
    <link:presentationArc xlink:type="arc" xlink:arcrole="http://www.xbrl.org/2003/arcrole/parent-child" xlink:from="loc_gri_DirectEconomicValueGeneratedAndDistributedReportingByCountryLineItems" xlink:to="loc_gri_EconomicValueRetained_1" order="8.0" preferredLabel="http://www.xbrl.org/2003/role/verboseLabel" use="optional" />
    <link:loc xlink:type="locator" xlink:href="../core/gri_srs_core_2025-06-23.xsd#gri_ReasonForOmissionRelatedToEconomicValueRetained" xlink:label="loc_gri_ReasonForOmissionRelatedToEconomicValueRetained_1" />
    <link:presentationArc xlink:type="arc" xlink:arcrole="http://www.xbrl.org/2003/arcrole/parent-child" xlink:from="loc_gri_EconomicValueRetained_1" xlink:to="loc_gri_ReasonForOmissionRelatedToEconomicValueRetained_1" order="1.0" preferredLabel="http://www.xbrl.org/2003/role/verboseLabel" use="optional" />
    <link:loc xlink:type="locator" xlink:href="../core/gri_srs_core_2025-06-23.xsd#gri_ExplanationForReasonForOmissionRelatedToEconomicValueRetainedTextBlock" xlink:label="loc_gri_ExplanationForReasonForOmissionRelatedToEconomicValueRetainedTextBlock_1" />
    <link:presentationArc xlink:type="arc" xlink:arcrole="http://www.xbrl.org/2003/arcrole/parent-child" xlink:from="loc_gri_EconomicValueRetained_1" xlink:to="loc_gri_ExplanationForReasonForOmissionRelatedToEconomicValueRetainedTextBlock_1" order="2.0" preferredLabel="http://www.xbrl.org/2003/role/verboseLabel" use="optional" />
    <link:loc xlink:type="locator" xlink:href="../core/gri_srs_core_2025-06-23.xsd#gri_DirectEconomicValueGeneratedAndDistributedReportingByRegionalLevelAbstract" xlink:label="loc_gri_DirectEconomicValueGeneratedAndDistributedReportingByRegionalLevelAbstract" />
    <link:presentationArc xlink:type="arc" xlink:arcrole="http://www.xbrl.org/2003/arcrole/parent-child" xlink:from="loc_gri_DisclosureOfDirectEconomicValueGeneratedAndDistributedAbstract" xlink:to="loc_gri_DirectEconomicValueGeneratedAndDistributedReportingByRegionalLevelAbstract" order="12.0" use="optional" />
    <link:loc xlink:type="locator" xlink:href="../core/gri_srs_core_2025-06-23.xsd#gri_DirectEconomicValueGeneratedAndDistributedReportingByRegionalLevelTable" xlink:label="loc_gri_DirectEconomicValueGeneratedAndDistributedReportingByRegionalLevelTable" />
    <link:presentationArc xlink:type="arc" xlink:arcrole="http://www.xbrl.org/2003/arcrole/parent-child" xlink:from="loc_gri_DirectEconomicValueGeneratedAndDistributedReportingByRegionalLevelAbstract" xlink:to="loc_gri_DirectEconomicValueGeneratedAndDistributedReportingByRegionalLevelTable" order="1.0" use="optional" />
    <link:loc xlink:type="locator" xlink:href="../core/gri_srs_core_2025-06-23.xsd#gri_RegionalLevelAxis" xlink:label="loc_gri_RegionalLevelAxis" />
    <link:presentationArc xlink:type="arc" xlink:arcrole="http://www.xbrl.org/2003/arcrole/parent-child" xlink:from="loc_gri_DirectEconomicValueGeneratedAndDistributedReportingByRegionalLevelTable" xlink:to="loc_gri_RegionalLevelAxis" order="1.0" use="optional" />
    <link:loc xlink:type="locator" xlink:href="../core/gri_srs_core_2025-06-23.xsd#gri_DirectEconomicValueGeneratedAndDistributedReportingByRegionalLevelLineItems" xlink:label="loc_gri_DirectEconomicValueGeneratedAndDistributedReportingByRegionalLevelLineItems" />
    <link:presentationArc xlink:type="arc" xlink:arcrole="http://www.xbrl.org/2003/arcrole/parent-child" xlink:from="loc_gri_DirectEconomicValueGeneratedAndDistributedReportingByRegionalLevelAbstract" xlink:to="loc_gri_DirectEconomicValueGeneratedAndDistributedReportingByRegionalLevelLineItems" order="2.0" use="optional" />
    <link:loc xlink:type="locator" xlink:href="../core/gri_srs_core_2025-06-23.xsd#gri_RevenuesGeneratedFromDirectEconomicValue" xlink:label="loc_gri_RevenuesGeneratedFromDirectEconomicValue_1_1" />
    <link:presentationArc xlink:type="arc" xlink:arcrole="http://www.xbrl.org/2003/arcrole/parent-child" xlink:from="loc_gri_DirectEconomicValueGeneratedAndDistributedReportingByRegionalLevelLineItems" xlink:to="loc_gri_RevenuesGeneratedFromDirectEconomicValue_1_1" order="1.0" preferredLabel="http://www.xbrl.org/2003/role/verboseLabel" use="optional" />
    <link:loc xlink:type="locator" xlink:href="../core/gri_srs_core_2025-06-23.xsd#gri_ReasonForOmissionRelatedToRevenuesGeneratedFromDirectEconomicValue" xlink:label="loc_gri_ReasonForOmissionRelatedToRevenuesGeneratedFromDirectEconomicValue_1_1" />
    <link:presentationArc xlink:type="arc" xlink:arcrole="http://www.xbrl.org/2003/arcrole/parent-child" xlink:from="loc_gri_RevenuesGeneratedFromDirectEconomicValue_1_1" xlink:to="loc_gri_ReasonForOmissionRelatedToRevenuesGeneratedFromDirectEconomicValue_1_1" order="1.0" preferredLabel="http://www.xbrl.org/2003/role/verboseLabel" use="optional" />
    <link:loc xlink:type="locator" xlink:href="../core/gri_srs_core_2025-06-23.xsd#gri_ExplanationForReasonForOmissionRelatedToRevenuesGeneratedFromDirectEconomicValueTextBlock" xlink:label="loc_gri_ExplanationForReasonForOmissionRelatedToRevenuesGeneratedFromDirectEconomicValueTextBlock_1_1" />
    <link:presentationArc xlink:type="arc" xlink:arcrole="http://www.xbrl.org/2003/arcrole/parent-child" xlink:from="loc_gri_RevenuesGeneratedFromDirectEconomicValue_1_1" xlink:to="loc_gri_ExplanationForReasonForOmissionRelatedToRevenuesGeneratedFromDirectEconomicValueTextBlock_1_1" order="2.0" preferredLabel="http://www.xbrl.org/2003/role/verboseLabel" use="optional" />
    <link:loc xlink:type="locator" xlink:href="../core/gri_srs_core_2025-06-23.xsd#gri_EconomicValueDistributed" xlink:label="loc_gri_EconomicValueDistributed_1_1" />
    <link:presentationArc xlink:type="arc" xlink:arcrole="http://www.xbrl.org/2003/arcrole/parent-child" xlink:from="loc_gri_DirectEconomicValueGeneratedAndDistributedReportingByRegionalLevelLineItems" xlink:to="loc_gri_EconomicValueDistributed_1_1" order="2.0" preferredLabel="http://www.xbrl.org/2003/role/verboseLabel" use="optional" />
    <link:loc xlink:type="locator" xlink:href="../core/gri_srs_core_2025-06-23.xsd#gri_ReasonForOmissionRelatedToEconomicValueDistributed" xlink:label="loc_gri_ReasonForOmissionRelatedToEconomicValueDistributed_1_1" />
    <link:presentationArc xlink:type="arc" xlink:arcrole="http://www.xbrl.org/2003/arcrole/parent-child" xlink:from="loc_gri_EconomicValueDistributed_1_1" xlink:to="loc_gri_ReasonForOmissionRelatedToEconomicValueDistributed_1_1" order="1.0" preferredLabel="http://www.xbrl.org/2003/role/verboseLabel" use="optional" />
    <link:loc xlink:type="locator" xlink:href="../core/gri_srs_core_2025-06-23.xsd#gri_ExplanationForReasonForOmissionRelatedToEconomicValueDistributedTextBlock" xlink:label="loc_gri_ExplanationForReasonForOmissionRelatedToEconomicValueDistributedTextBlock_1_1" />
    <link:presentationArc xlink:type="arc" xlink:arcrole="http://www.xbrl.org/2003/arcrole/parent-child" xlink:from="loc_gri_EconomicValueDistributed_1_1" xlink:to="loc_gri_ExplanationForReasonForOmissionRelatedToEconomicValueDistributedTextBlock_1_1" order="2.0" preferredLabel="http://www.xbrl.org/2003/role/verboseLabel" use="optional" />
    <link:loc xlink:type="locator" xlink:href="../core/gri_srs_core_2025-06-23.xsd#gri_OperatingCosts" xlink:label="loc_gri_OperatingCosts_1_1" />
    <link:presentationArc xlink:type="arc" xlink:arcrole="http://www.xbrl.org/2003/arcrole/parent-child" xlink:from="loc_gri_DirectEconomicValueGeneratedAndDistributedReportingByRegionalLevelLineItems" xlink:to="loc_gri_OperatingCosts_1_1" order="3.0" preferredLabel="http://www.xbrl.org/2003/role/verboseLabel" use="optional" />
    <link:loc xlink:type="locator" xlink:href="../core/gri_srs_core_2025-06-23.xsd#gri_ReasonForOmissionRelatedToOperatingCosts" xlink:label="loc_gri_ReasonForOmissionRelatedToOperatingCosts_1_1" />
    <link:presentationArc xlink:type="arc" xlink:arcrole="http://www.xbrl.org/2003/arcrole/parent-child" xlink:from="loc_gri_OperatingCosts_1_1" xlink:to="loc_gri_ReasonForOmissionRelatedToOperatingCosts_1_1" order="1.0" preferredLabel="http://www.xbrl.org/2003/role/verboseLabel" use="optional" />
    <link:loc xlink:type="locator" xlink:href="../core/gri_srs_core_2025-06-23.xsd#gri_ExplanationForReasonForOmissionRelatedToOperatingCostsTextBlock" xlink:label="loc_gri_ExplanationForReasonForOmissionRelatedToOperatingCostsTextBlock_1_1" />
    <link:presentationArc xlink:type="arc" xlink:arcrole="http://www.xbrl.org/2003/arcrole/parent-child" xlink:from="loc_gri_OperatingCosts_1_1" xlink:to="loc_gri_ExplanationForReasonForOmissionRelatedToOperatingCostsTextBlock_1_1" order="2.0" preferredLabel="http://www.xbrl.org/2003/role/verboseLabel" use="optional" />
    <link:loc xlink:type="locator" xlink:href="../core/gri_srs_core_2025-06-23.xsd#gri_EmployeeWagesAndBenefits" xlink:label="loc_gri_EmployeeWagesAndBenefits_1_1" />
    <link:presentationArc xlink:type="arc" xlink:arcrole="http://www.xbrl.org/2003/arcrole/parent-child" xlink:from="loc_gri_DirectEconomicValueGeneratedAndDistributedReportingByRegionalLevelLineItems" xlink:to="loc_gri_EmployeeWagesAndBenefits_1_1" order="4.0" preferredLabel="http://www.xbrl.org/2003/role/verboseLabel" use="optional" />
    <link:loc xlink:type="locator" xlink:href="../core/gri_srs_core_2025-06-23.xsd#gri_ReasonForOmissionRelatedToEmployeeWagesAndBenefits" xlink:label="loc_gri_ReasonForOmissionRelatedToEmployeeWagesAndBenefits_1_1" />
    <link:presentationArc xlink:type="arc" xlink:arcrole="http://www.xbrl.org/2003/arcrole/parent-child" xlink:from="loc_gri_EmployeeWagesAndBenefits_1_1" xlink:to="loc_gri_ReasonForOmissionRelatedToEmployeeWagesAndBenefits_1_1" order="1.0" preferredLabel="http://www.xbrl.org/2003/role/verboseLabel" use="optional" />
    <link:loc xlink:type="locator" xlink:href="../core/gri_srs_core_2025-06-23.xsd#gri_ExplanationForReasonForOmissionRelatedToEmployeeWagesAndBenefitsTextBlock" xlink:label="loc_gri_ExplanationForReasonForOmissionRelatedToEmployeeWagesAndBenefitsTextBlock_1_1" />
    <link:presentationArc xlink:type="arc" xlink:arcrole="http://www.xbrl.org/2003/arcrole/parent-child" xlink:from="loc_gri_EmployeeWagesAndBenefits_1_1" xlink:to="loc_gri_ExplanationForReasonForOmissionRelatedToEmployeeWagesAndBenefitsTextBlock_1_1" order="2.0" preferredLabel="http://www.xbrl.org/2003/role/verboseLabel" use="optional" />
    <link:loc xlink:type="locator" xlink:href="../core/gri_srs_core_2025-06-23.xsd#gri_PaymentsToProvidersOfCapital" xlink:label="loc_gri_PaymentsToProvidersOfCapital_1_1" />
    <link:presentationArc xlink:type="arc" xlink:arcrole="http://www.xbrl.org/2003/arcrole/parent-child" xlink:from="loc_gri_DirectEconomicValueGeneratedAndDistributedReportingByRegionalLevelLineItems" xlink:to="loc_gri_PaymentsToProvidersOfCapital_1_1" order="5.0" preferredLabel="http://www.xbrl.org/2003/role/verboseLabel" use="optional" />
    <link:loc xlink:type="locator" xlink:href="../core/gri_srs_core_2025-06-23.xsd#gri_ReasonForOmissionRelatedToPaymentsToProvidersOfCapital" xlink:label="loc_gri_ReasonForOmissionRelatedToPaymentsToProvidersOfCapital_1_1" />
    <link:presentationArc xlink:type="arc" xlink:arcrole="http://www.xbrl.org/2003/arcrole/parent-child" xlink:from="loc_gri_PaymentsToProvidersOfCapital_1_1" xlink:to="loc_gri_ReasonForOmissionRelatedToPaymentsToProvidersOfCapital_1_1" order="1.0" preferredLabel="http://www.xbrl.org/2003/role/verboseLabel" use="optional" />
    <link:loc xlink:type="locator" xlink:href="../core/gri_srs_core_2025-06-23.xsd#gri_ExplanationForReasonForOmissionRelatedToPaymentsToProvidersOfCapitalTextBlock" xlink:label="loc_gri_ExplanationForReasonForOmissionRelatedToPaymentsToProvidersOfCapitalTextBlock_1_1" />
    <link:presentationArc xlink:type="arc" xlink:arcrole="http://www.xbrl.org/2003/arcrole/parent-child" xlink:from="loc_gri_PaymentsToProvidersOfCapital_1_1" xlink:to="loc_gri_ExplanationForReasonForOmissionRelatedToPaymentsToProvidersOfCapitalTextBlock_1_1" order="2.0" preferredLabel="http://www.xbrl.org/2003/role/verboseLabel" use="optional" />
    <link:loc xlink:type="locator" xlink:href="../core/gri_srs_core_2025-06-23.xsd#gri_PaymentsToGovernment" xlink:label="loc_gri_PaymentsToGovernment_1_1" />
    <link:presentationArc xlink:type="arc" xlink:arcrole="http://www.xbrl.org/2003/arcrole/parent-child" xlink:from="loc_gri_DirectEconomicValueGeneratedAndDistributedReportingByRegionalLevelLineItems" xlink:to="loc_gri_PaymentsToGovernment_1_1" order="6.0" preferredLabel="http://www.xbrl.org/2003/role/verboseLabel" use="optional" />
    <link:loc xlink:type="locator" xlink:href="../core/gri_srs_core_2025-06-23.xsd#gri_ReasonForOmissionRelatedToPaymentsToGovernment" xlink:label="loc_gri_ReasonForOmissionRelatedToPaymentsToGovernment_1_1" />
    <link:presentationArc xlink:type="arc" xlink:arcrole="http://www.xbrl.org/2003/arcrole/parent-child" xlink:from="loc_gri_PaymentsToGovernment_1_1" xlink:to="loc_gri_ReasonForOmissionRelatedToPaymentsToGovernment_1_1" order="1.0" preferredLabel="http://www.xbrl.org/2003/role/verboseLabel" use="optional" />
    <link:loc xlink:type="locator" xlink:href="../core/gri_srs_core_2025-06-23.xsd#gri_ExplanationForReasonForOmissionRelatedToPaymentsToGovernmentTextBlock" xlink:label="loc_gri_ExplanationForReasonForOmissionRelatedToPaymentsToGovernmentTextBlock_1_1" />
    <link:presentationArc xlink:type="arc" xlink:arcrole="http://www.xbrl.org/2003/arcrole/parent-child" xlink:from="loc_gri_PaymentsToGovernment_1_1" xlink:to="loc_gri_ExplanationForReasonForOmissionRelatedToPaymentsToGovernmentTextBlock_1_1" order="2.0" preferredLabel="http://www.xbrl.org/2003/role/verboseLabel" use="optional" />
    <link:loc xlink:type="locator" xlink:href="../core/gri_srs_core_2025-06-23.xsd#gri_CommunityInvestments" xlink:label="loc_gri_CommunityInvestments_1_1" />
    <link:presentationArc xlink:type="arc" xlink:arcrole="http://www.xbrl.org/2003/arcrole/parent-child" xlink:from="loc_gri_DirectEconomicValueGeneratedAndDistributedReportingByRegionalLevelLineItems" xlink:to="loc_gri_CommunityInvestments_1_1" order="7.0" preferredLabel="http://www.xbrl.org/2003/role/verboseLabel" use="optional" />
    <link:loc xlink:type="locator" xlink:href="../core/gri_srs_core_2025-06-23.xsd#gri_ReasonForOmissionRelatedToCommunityInvestments" xlink:label="loc_gri_ReasonForOmissionRelatedToCommunityInvestments_1_1" />
    <link:presentationArc xlink:type="arc" xlink:arcrole="http://www.xbrl.org/2003/arcrole/parent-child" xlink:from="loc_gri_CommunityInvestments_1_1" xlink:to="loc_gri_ReasonForOmissionRelatedToCommunityInvestments_1_1" order="1.0" preferredLabel="http://www.xbrl.org/2003/role/verboseLabel" use="optional" />
    <link:loc xlink:type="locator" xlink:href="../core/gri_srs_core_2025-06-23.xsd#gri_ExplanationForReasonForOmissionRelatedToCommunityInvestmentsTextBlock" xlink:label="loc_gri_ExplanationForReasonForOmissionRelatedToCommunityInvestmentsTextBlock_1_1" />
    <link:presentationArc xlink:type="arc" xlink:arcrole="http://www.xbrl.org/2003/arcrole/parent-child" xlink:from="loc_gri_CommunityInvestments_1_1" xlink:to="loc_gri_ExplanationForReasonForOmissionRelatedToCommunityInvestmentsTextBlock_1_1" order="2.0" preferredLabel="http://www.xbrl.org/2003/role/verboseLabel" use="optional" />
    <link:loc xlink:type="locator" xlink:href="../core/gri_srs_core_2025-06-23.xsd#gri_EconomicValueRetained" xlink:label="loc_gri_EconomicValueRetained_1_1" />
    <link:presentationArc xlink:type="arc" xlink:arcrole="http://www.xbrl.org/2003/arcrole/parent-child" xlink:from="loc_gri_DirectEconomicValueGeneratedAndDistributedReportingByRegionalLevelLineItems" xlink:to="loc_gri_EconomicValueRetained_1_1" order="8.0" preferredLabel="http://www.xbrl.org/2003/role/verboseLabel" use="optional" />
    <link:loc xlink:type="locator" xlink:href="../core/gri_srs_core_2025-06-23.xsd#gri_ReasonForOmissionRelatedToEconomicValueRetained" xlink:label="loc_gri_ReasonForOmissionRelatedToEconomicValueRetained_1_1" />
    <link:presentationArc xlink:type="arc" xlink:arcrole="http://www.xbrl.org/2003/arcrole/parent-child" xlink:from="loc_gri_EconomicValueRetained_1_1" xlink:to="loc_gri_ReasonForOmissionRelatedToEconomicValueRetained_1_1" order="1.0" preferredLabel="http://www.xbrl.org/2003/role/verboseLabel" use="optional" />
    <link:loc xlink:type="locator" xlink:href="../core/gri_srs_core_2025-06-23.xsd#gri_ExplanationForReasonForOmissionRelatedToEconomicValueRetainedTextBlock" xlink:label="loc_gri_ExplanationForReasonForOmissionRelatedToEconomicValueRetainedTextBlock_1_1" />
    <link:presentationArc xlink:type="arc" xlink:arcrole="http://www.xbrl.org/2003/arcrole/parent-child" xlink:from="loc_gri_EconomicValueRetained_1_1" xlink:to="loc_gri_ExplanationForReasonForOmissionRelatedToEconomicValueRetainedTextBlock_1_1" order="2.0" preferredLabel="http://www.xbrl.org/2003/role/verboseLabel" use="optional" />
    <link:loc xlink:type="locator" xlink:href="../core/gri_srs_core_2025-06-23.xsd#gri_DirectEconomicValueGeneratedAndDistributedReportingByMarketLevelAbstract" xlink:label="loc_gri_DirectEconomicValueGeneratedAndDistributedReportingByMarketLevelAbstract" />
    <link:presentationArc xlink:type="arc" xlink:arcrole="http://www.xbrl.org/2003/arcrole/parent-child" xlink:from="loc_gri_DisclosureOfDirectEconomicValueGeneratedAndDistributedAbstract" xlink:to="loc_gri_DirectEconomicValueGeneratedAndDistributedReportingByMarketLevelAbstract" order="13.0" use="optional" />
    <link:loc xlink:type="locator" xlink:href="../core/gri_srs_core_2025-06-23.xsd#gri_DirectEconomicValueGeneratedAndDistributedReportingByMarketLevelTable" xlink:label="loc_gri_DirectEconomicValueGeneratedAndDistributedReportingByMarketLevelTable" />
    <link:presentationArc xlink:type="arc" xlink:arcrole="http://www.xbrl.org/2003/arcrole/parent-child" xlink:from="loc_gri_DirectEconomicValueGeneratedAndDistributedReportingByMarketLevelAbstract" xlink:to="loc_gri_DirectEconomicValueGeneratedAndDistributedReportingByMarketLevelTable" order="1.0" use="optional" />
    <link:loc xlink:type="locator" xlink:href="../core/gri_srs_core_2025-06-23.xsd#gri_MarketLevelAxis" xlink:label="loc_gri_MarketLevelAxis" />
    <link:presentationArc xlink:type="arc" xlink:arcrole="http://www.xbrl.org/2003/arcrole/parent-child" xlink:from="loc_gri_DirectEconomicValueGeneratedAndDistributedReportingByMarketLevelTable" xlink:to="loc_gri_MarketLevelAxis" order="1.0" use="optional" />
    <link:loc xlink:type="locator" xlink:href="../core/gri_srs_core_2025-06-23.xsd#gri_DirectEconomicValueGeneratedAndDistributedReportingByMarketLevelLineItems" xlink:label="loc_gri_DirectEconomicValueGeneratedAndDistributedReportingByMarketLevelLineItems" />
    <link:presentationArc xlink:type="arc" xlink:arcrole="http://www.xbrl.org/2003/arcrole/parent-child" xlink:from="loc_gri_DirectEconomicValueGeneratedAndDistributedReportingByMarketLevelAbstract" xlink:to="loc_gri_DirectEconomicValueGeneratedAndDistributedReportingByMarketLevelLineItems" order="2.0" use="optional" />
    <link:loc xlink:type="locator" xlink:href="../core/gri_srs_core_2025-06-23.xsd#gri_RevenuesGeneratedFromDirectEconomicValue" xlink:label="loc_gri_RevenuesGeneratedFromDirectEconomicValue_1_1_1" />
    <link:presentationArc xlink:type="arc" xlink:arcrole="http://www.xbrl.org/2003/arcrole/parent-child" xlink:from="loc_gri_DirectEconomicValueGeneratedAndDistributedReportingByMarketLevelLineItems" xlink:to="loc_gri_RevenuesGeneratedFromDirectEconomicValue_1_1_1" order="1.0" preferredLabel="http://www.xbrl.org/2003/role/verboseLabel" use="optional" />
    <link:loc xlink:type="locator" xlink:href="../core/gri_srs_core_2025-06-23.xsd#gri_ReasonForOmissionRelatedToRevenuesGeneratedFromDirectEconomicValue" xlink:label="loc_gri_ReasonForOmissionRelatedToRevenuesGeneratedFromDirectEconomicValue_1_1_1" />
    <link:presentationArc xlink:type="arc" xlink:arcrole="http://www.xbrl.org/2003/arcrole/parent-child" xlink:from="loc_gri_RevenuesGeneratedFromDirectEconomicValue_1_1_1" xlink:to="loc_gri_ReasonForOmissionRelatedToRevenuesGeneratedFromDirectEconomicValue_1_1_1" order="1.0" preferredLabel="http://www.xbrl.org/2003/role/verboseLabel" use="optional" />
    <link:loc xlink:type="locator" xlink:href="../core/gri_srs_core_2025-06-23.xsd#gri_ExplanationForReasonForOmissionRelatedToRevenuesGeneratedFromDirectEconomicValueTextBlock" xlink:label="loc_gri_ExplanationForReasonForOmissionRelatedToRevenuesGeneratedFromDirectEconomicValueTextBlock_1_1_1" />
    <link:presentationArc xlink:type="arc" xlink:arcrole="http://www.xbrl.org/2003/arcrole/parent-child" xlink:from="loc_gri_RevenuesGeneratedFromDirectEconomicValue_1_1_1" xlink:to="loc_gri_ExplanationForReasonForOmissionRelatedToRevenuesGeneratedFromDirectEconomicValueTextBlock_1_1_1" order="2.0" preferredLabel="http://www.xbrl.org/2003/role/verboseLabel" use="optional" />
    <link:loc xlink:type="locator" xlink:href="../core/gri_srs_core_2025-06-23.xsd#gri_EconomicValueDistributed" xlink:label="loc_gri_EconomicValueDistributed_1_1_1" />
    <link:presentationArc xlink:type="arc" xlink:arcrole="http://www.xbrl.org/2003/arcrole/parent-child" xlink:from="loc_gri_DirectEconomicValueGeneratedAndDistributedReportingByMarketLevelLineItems" xlink:to="loc_gri_EconomicValueDistributed_1_1_1" order="2.0" preferredLabel="http://www.xbrl.org/2003/role/verboseLabel" use="optional" />
    <link:loc xlink:type="locator" xlink:href="../core/gri_srs_core_2025-06-23.xsd#gri_ReasonForOmissionRelatedToEconomicValueDistributed" xlink:label="loc_gri_ReasonForOmissionRelatedToEconomicValueDistributed_1_1_1" />
    <link:presentationArc xlink:type="arc" xlink:arcrole="http://www.xbrl.org/2003/arcrole/parent-child" xlink:from="loc_gri_EconomicValueDistributed_1_1_1" xlink:to="loc_gri_ReasonForOmissionRelatedToEconomicValueDistributed_1_1_1" order="1.0" preferredLabel="http://www.xbrl.org/2003/role/verboseLabel" use="optional" />
    <link:loc xlink:type="locator" xlink:href="../core/gri_srs_core_2025-06-23.xsd#gri_ExplanationForReasonForOmissionRelatedToEconomicValueDistributedTextBlock" xlink:label="loc_gri_ExplanationForReasonForOmissionRelatedToEconomicValueDistributedTextBlock_1_1_1" />
    <link:presentationArc xlink:type="arc" xlink:arcrole="http://www.xbrl.org/2003/arcrole/parent-child" xlink:from="loc_gri_EconomicValueDistributed_1_1_1" xlink:to="loc_gri_ExplanationForReasonForOmissionRelatedToEconomicValueDistributedTextBlock_1_1_1" order="2.0" preferredLabel="http://www.xbrl.org/2003/role/verboseLabel" use="optional" />
    <link:loc xlink:type="locator" xlink:href="../core/gri_srs_core_2025-06-23.xsd#gri_OperatingCosts" xlink:label="loc_gri_OperatingCosts_1_1_1" />
    <link:presentationArc xlink:type="arc" xlink:arcrole="http://www.xbrl.org/2003/arcrole/parent-child" xlink:from="loc_gri_DirectEconomicValueGeneratedAndDistributedReportingByMarketLevelLineItems" xlink:to="loc_gri_OperatingCosts_1_1_1" order="3.0" preferredLabel="http://www.xbrl.org/2003/role/verboseLabel" use="optional" />
    <link:loc xlink:type="locator" xlink:href="../core/gri_srs_core_2025-06-23.xsd#gri_ReasonForOmissionRelatedToOperatingCosts" xlink:label="loc_gri_ReasonForOmissionRelatedToOperatingCosts_1_1_1" />
    <link:presentationArc xlink:type="arc" xlink:arcrole="http://www.xbrl.org/2003/arcrole/parent-child" xlink:from="loc_gri_OperatingCosts_1_1_1" xlink:to="loc_gri_ReasonForOmissionRelatedToOperatingCosts_1_1_1" order="1.0" preferredLabel="http://www.xbrl.org/2003/role/verboseLabel" use="optional" />
    <link:loc xlink:type="locator" xlink:href="../core/gri_srs_core_2025-06-23.xsd#gri_ExplanationForReasonForOmissionRelatedToOperatingCostsTextBlock" xlink:label="loc_gri_ExplanationForReasonForOmissionRelatedToOperatingCostsTextBlock_1_1_1" />
    <link:presentationArc xlink:type="arc" xlink:arcrole="http://www.xbrl.org/2003/arcrole/parent-child" xlink:from="loc_gri_OperatingCosts_1_1_1" xlink:to="loc_gri_ExplanationForReasonForOmissionRelatedToOperatingCostsTextBlock_1_1_1" order="2.0" preferredLabel="http://www.xbrl.org/2003/role/verboseLabel" use="optional" />
    <link:loc xlink:type="locator" xlink:href="../core/gri_srs_core_2025-06-23.xsd#gri_EmployeeWagesAndBenefits" xlink:label="loc_gri_EmployeeWagesAndBenefits_1_1_1" />
    <link:presentationArc xlink:type="arc" xlink:arcrole="http://www.xbrl.org/2003/arcrole/parent-child" xlink:from="loc_gri_DirectEconomicValueGeneratedAndDistributedReportingByMarketLevelLineItems" xlink:to="loc_gri_EmployeeWagesAndBenefits_1_1_1" order="4.0" preferredLabel="http://www.xbrl.org/2003/role/verboseLabel" use="optional" />
    <link:loc xlink:type="locator" xlink:href="../core/gri_srs_core_2025-06-23.xsd#gri_ReasonForOmissionRelatedToEmployeeWagesAndBenefits" xlink:label="loc_gri_ReasonForOmissionRelatedToEmployeeWagesAndBenefits_1_1_1" />
    <link:presentationArc xlink:type="arc" xlink:arcrole="http://www.xbrl.org/2003/arcrole/parent-child" xlink:from="loc_gri_EmployeeWagesAndBenefits_1_1_1" xlink:to="loc_gri_ReasonForOmissionRelatedToEmployeeWagesAndBenefits_1_1_1" order="1.0" preferredLabel="http://www.xbrl.org/2003/role/verboseLabel" use="optional" />
    <link:loc xlink:type="locator" xlink:href="../core/gri_srs_core_2025-06-23.xsd#gri_ExplanationForReasonForOmissionRelatedToEmployeeWagesAndBenefitsTextBlock" xlink:label="loc_gri_ExplanationForReasonForOmissionRelatedToEmployeeWagesAndBenefitsTextBlock_1_1_1" />
    <link:presentationArc xlink:type="arc" xlink:arcrole="http://www.xbrl.org/2003/arcrole/parent-child" xlink:from="loc_gri_EmployeeWagesAndBenefits_1_1_1" xlink:to="loc_gri_ExplanationForReasonForOmissionRelatedToEmployeeWagesAndBenefitsTextBlock_1_1_1" order="2.0" preferredLabel="http://www.xbrl.org/2003/role/verboseLabel" use="optional" />
    <link:loc xlink:type="locator" xlink:href="../core/gri_srs_core_2025-06-23.xsd#gri_PaymentsToProvidersOfCapital" xlink:label="loc_gri_PaymentsToProvidersOfCapital_1_1_1" />
    <link:presentationArc xlink:type="arc" xlink:arcrole="http://www.xbrl.org/2003/arcrole/parent-child" xlink:from="loc_gri_DirectEconomicValueGeneratedAndDistributedReportingByMarketLevelLineItems" xlink:to="loc_gri_PaymentsToProvidersOfCapital_1_1_1" order="5.0" preferredLabel="http://www.xbrl.org/2003/role/verboseLabel" use="optional" />
    <link:loc xlink:type="locator" xlink:href="../core/gri_srs_core_2025-06-23.xsd#gri_ReasonForOmissionRelatedToPaymentsToProvidersOfCapital" xlink:label="loc_gri_ReasonForOmissionRelatedToPaymentsToProvidersOfCapital_1_1_1" />
    <link:presentationArc xlink:type="arc" xlink:arcrole="http://www.xbrl.org/2003/arcrole/parent-child" xlink:from="loc_gri_PaymentsToProvidersOfCapital_1_1_1" xlink:to="loc_gri_ReasonForOmissionRelatedToPaymentsToProvidersOfCapital_1_1_1" order="1.0" preferredLabel="http://www.xbrl.org/2003/role/verboseLabel" use="optional" />
    <link:loc xlink:type="locator" xlink:href="../core/gri_srs_core_2025-06-23.xsd#gri_ExplanationForReasonForOmissionRelatedToPaymentsToProvidersOfCapitalTextBlock" xlink:label="loc_gri_ExplanationForReasonForOmissionRelatedToPaymentsToProvidersOfCapitalTextBlock_1_1_1" />
    <link:presentationArc xlink:type="arc" xlink:arcrole="http://www.xbrl.org/2003/arcrole/parent-child" xlink:from="loc_gri_PaymentsToProvidersOfCapital_1_1_1" xlink:to="loc_gri_ExplanationForReasonForOmissionRelatedToPaymentsToProvidersOfCapitalTextBlock_1_1_1" order="2.0" preferredLabel="http://www.xbrl.org/2003/role/verboseLabel" use="optional" />
    <link:loc xlink:type="locator" xlink:href="../core/gri_srs_core_2025-06-23.xsd#gri_PaymentsToGovernment" xlink:label="loc_gri_PaymentsToGovernment_1_1_1" />
    <link:presentationArc xlink:type="arc" xlink:arcrole="http://www.xbrl.org/2003/arcrole/parent-child" xlink:from="loc_gri_DirectEconomicValueGeneratedAndDistributedReportingByMarketLevelLineItems" xlink:to="loc_gri_PaymentsToGovernment_1_1_1" order="6.0" preferredLabel="http://www.xbrl.org/2003/role/verboseLabel" use="optional" />
    <link:loc xlink:type="locator" xlink:href="../core/gri_srs_core_2025-06-23.xsd#gri_ReasonForOmissionRelatedToPaymentsToGovernment" xlink:label="loc_gri_ReasonForOmissionRelatedToPaymentsToGovernment_1_1_1" />
    <link:presentationArc xlink:type="arc" xlink:arcrole="http://www.xbrl.org/2003/arcrole/parent-child" xlink:from="loc_gri_PaymentsToGovernment_1_1_1" xlink:to="loc_gri_ReasonForOmissionRelatedToPaymentsToGovernment_1_1_1" order="1.0" preferredLabel="http://www.xbrl.org/2003/role/verboseLabel" use="optional" />
    <link:loc xlink:type="locator" xlink:href="../core/gri_srs_core_2025-06-23.xsd#gri_ExplanationForReasonForOmissionRelatedToPaymentsToGovernmentTextBlock" xlink:label="loc_gri_ExplanationForReasonForOmissionRelatedToPaymentsToGovernmentTextBlock_1_1_1" />
    <link:presentationArc xlink:type="arc" xlink:arcrole="http://www.xbrl.org/2003/arcrole/parent-child" xlink:from="loc_gri_PaymentsToGovernment_1_1_1" xlink:to="loc_gri_ExplanationForReasonForOmissionRelatedToPaymentsToGovernmentTextBlock_1_1_1" order="2.0" preferredLabel="http://www.xbrl.org/2003/role/verboseLabel" use="optional" />
    <link:loc xlink:type="locator" xlink:href="../core/gri_srs_core_2025-06-23.xsd#gri_CommunityInvestments" xlink:label="loc_gri_CommunityInvestments_1_1_1" />
    <link:presentationArc xlink:type="arc" xlink:arcrole="http://www.xbrl.org/2003/arcrole/parent-child" xlink:from="loc_gri_DirectEconomicValueGeneratedAndDistributedReportingByMarketLevelLineItems" xlink:to="loc_gri_CommunityInvestments_1_1_1" order="7.0" preferredLabel="http://www.xbrl.org/2003/role/verboseLabel" use="optional" />
    <link:loc xlink:type="locator" xlink:href="../core/gri_srs_core_2025-06-23.xsd#gri_ReasonForOmissionRelatedToCommunityInvestments" xlink:label="loc_gri_ReasonForOmissionRelatedToCommunityInvestments_1_1_1" />
    <link:presentationArc xlink:type="arc" xlink:arcrole="http://www.xbrl.org/2003/arcrole/parent-child" xlink:from="loc_gri_CommunityInvestments_1_1_1" xlink:to="loc_gri_ReasonForOmissionRelatedToCommunityInvestments_1_1_1" order="1.0" preferredLabel="http://www.xbrl.org/2003/role/verboseLabel" use="optional" />
    <link:loc xlink:type="locator" xlink:href="../core/gri_srs_core_2025-06-23.xsd#gri_ExplanationForReasonForOmissionRelatedToCommunityInvestmentsTextBlock" xlink:label="loc_gri_ExplanationForReasonForOmissionRelatedToCommunityInvestmentsTextBlock_1_1_1" />
    <link:presentationArc xlink:type="arc" xlink:arcrole="http://www.xbrl.org/2003/arcrole/parent-child" xlink:from="loc_gri_CommunityInvestments_1_1_1" xlink:to="loc_gri_ExplanationForReasonForOmissionRelatedToCommunityInvestmentsTextBlock_1_1_1" order="2.0" preferredLabel="http://www.xbrl.org/2003/role/verboseLabel" use="optional" />
    <link:loc xlink:type="locator" xlink:href="../core/gri_srs_core_2025-06-23.xsd#gri_EconomicValueRetained" xlink:label="loc_gri_EconomicValueRetained_1_1_1" />
    <link:presentationArc xlink:type="arc" xlink:arcrole="http://www.xbrl.org/2003/arcrole/parent-child" xlink:from="loc_gri_DirectEconomicValueGeneratedAndDistributedReportingByMarketLevelLineItems" xlink:to="loc_gri_EconomicValueRetained_1_1_1" order="8.0" preferredLabel="http://www.xbrl.org/2003/role/verboseLabel" use="optional" />
    <link:loc xlink:type="locator" xlink:href="../core/gri_srs_core_2025-06-23.xsd#gri_ReasonForOmissionRelatedToEconomicValueRetained" xlink:label="loc_gri_ReasonForOmissionRelatedToEconomicValueRetained_1_1_1" />
    <link:presentationArc xlink:type="arc" xlink:arcrole="http://www.xbrl.org/2003/arcrole/parent-child" xlink:from="loc_gri_EconomicValueRetained_1_1_1" xlink:to="loc_gri_ReasonForOmissionRelatedToEconomicValueRetained_1_1_1" order="1.0" preferredLabel="http://www.xbrl.org/2003/role/verboseLabel" use="optional" />
    <link:loc xlink:type="locator" xlink:href="../core/gri_srs_core_2025-06-23.xsd#gri_ExplanationForReasonForOmissionRelatedToEconomicValueRetainedTextBlock" xlink:label="loc_gri_ExplanationForReasonForOmissionRelatedToEconomicValueRetainedTextBlock_1_1_1" />
    <link:presentationArc xlink:type="arc" xlink:arcrole="http://www.xbrl.org/2003/arcrole/parent-child" xlink:from="loc_gri_EconomicValueRetained_1_1_1" xlink:to="loc_gri_ExplanationForReasonForOmissionRelatedToEconomicValueRetainedTextBlock_1_1_1" order="2.0" preferredLabel="http://www.xbrl.org/2003/role/verboseLabel" use="optional" />
    <link:loc xlink:type="locator" xlink:href="../core/gri_srs_core_2025-06-23.xsd#gri_DescriptionOfCriteriaUsedForDefiningSignificanceTextBlock" xlink:label="loc_gri_DescriptionOfCriteriaUsedForDefiningSignificanceTextBlock" />
    <link:presentationArc xlink:type="arc" xlink:arcrole="http://www.xbrl.org/2003/arcrole/parent-child" xlink:from="loc_gri_DisclosureOfDirectEconomicValueGeneratedAndDistributedAbstract" xlink:to="loc_gri_DescriptionOfCriteriaUsedForDefiningSignificanceTextBlock" order="14.0" preferredLabel="http://www.xbrl.org/2003/role/verboseLabel" use="optional" />
    <link:loc xlink:type="locator" xlink:href="../core/gri_srs_core_2025-06-23.xsd#gri_DisclosureOfFinancialImplicationsAndOtherRisksAndOpportunitiesDueToClimateChangeAbstract" xlink:label="loc_gri_DisclosureOfFinancialImplicationsAndOtherRisksAndOpportunitiesDueToClimateChangeAbstract" />
    <link:presentationArc xlink:type="arc" xlink:arcrole="http://www.xbrl.org/2003/arcrole/parent-child" xlink:from="loc_gri_DisclosureOfEconomicPerformanceAbstract" xlink:to="loc_gri_DisclosureOfFinancialImplicationsAndOtherRisksAndOpportunitiesDueToClimateChangeAbstract" order="2.0" preferredLabel="http://www.xbrl.org/2003/role/terseLabel" use="optional" />
    <link:loc xlink:type="locator" xlink:href="../core/gri_srs_core_2025-06-23.xsd#gri_DescriptionOfRisksAndOpportunitiesPosedByClimateChangeThatHavePotentialToGenerateSubstantiveChangesInOperationsRevenueOrExpenditureTextBlock" xlink:label="loc_gri_DescriptionOfRisksAndOpportunitiesPosedByClimateChangeThatHavePotentialToGenerateSubstantiveChangesInOperationsRevenueOrExpenditureTextBlock" />
    <link:presentationArc xlink:type="arc" xlink:arcrole="http://www.xbrl.org/2003/arcrole/parent-child" xlink:from="loc_gri_DisclosureOfFinancialImplicationsAndOtherRisksAndOpportunitiesDueToClimateChangeAbstract" xlink:to="loc_gri_DescriptionOfRisksAndOpportunitiesPosedByClimateChangeThatHavePotentialToGenerateSubstantiveChangesInOperationsRevenueOrExpenditureTextBlock" order="1.0" preferredLabel="http://www.xbrl.org/2003/role/verboseLabel" use="optional" />
    <link:loc xlink:type="locator" xlink:href="../core/gri_srs_core_2025-06-23.xsd#gri_DescriptionOfRiskOrOpportunityAndItsClassificationAsEitherPhysicalRegulatoryOrOtherTextBlock" xlink:label="loc_gri_DescriptionOfRiskOrOpportunityAndItsClassificationAsEitherPhysicalRegulatoryOrOtherTextBlock" />
    <link:presentationArc xlink:type="arc" xlink:arcrole="http://www.xbrl.org/2003/arcrole/parent-child" xlink:from="loc_gri_DescriptionOfRisksAndOpportunitiesPosedByClimateChangeThatHavePotentialToGenerateSubstantiveChangesInOperationsRevenueOrExpenditureTextBlock" xlink:to="loc_gri_DescriptionOfRiskOrOpportunityAndItsClassificationAsEitherPhysicalRegulatoryOrOtherTextBlock" order="1.0" preferredLabel="http://www.xbrl.org/2003/role/verboseLabel" use="optional" />
    <link:loc xlink:type="locator" xlink:href="../core/gri_srs_core_2025-06-23.xsd#gri_DescriptionOfImpactAssociatedWithRiskOrOpportunityTextBlock" xlink:label="loc_gri_DescriptionOfImpactAssociatedWithRiskOrOpportunityTextBlock" />
    <link:presentationArc xlink:type="arc" xlink:arcrole="http://www.xbrl.org/2003/arcrole/parent-child" xlink:from="loc_gri_DescriptionOfRisksAndOpportunitiesPosedByClimateChangeThatHavePotentialToGenerateSubstantiveChangesInOperationsRevenueOrExpenditureTextBlock" xlink:to="loc_gri_DescriptionOfImpactAssociatedWithRiskOrOpportunityTextBlock" order="2.0" preferredLabel="http://www.xbrl.org/2003/role/verboseLabel" use="optional" />
    <link:loc xlink:type="locator" xlink:href="../core/gri_srs_core_2025-06-23.xsd#gri_DescriptionOfFinancialImplicationsOfRiskOrOpportunityBeforeActionIsTakenTextBlock" xlink:label="loc_gri_DescriptionOfFinancialImplicationsOfRiskOrOpportunityBeforeActionIsTakenTextBlock" />
    <link:presentationArc xlink:type="arc" xlink:arcrole="http://www.xbrl.org/2003/arcrole/parent-child" xlink:from="loc_gri_DescriptionOfRisksAndOpportunitiesPosedByClimateChangeThatHavePotentialToGenerateSubstantiveChangesInOperationsRevenueOrExpenditureTextBlock" xlink:to="loc_gri_DescriptionOfFinancialImplicationsOfRiskOrOpportunityBeforeActionIsTakenTextBlock" order="3.0" preferredLabel="http://www.xbrl.org/2003/role/verboseLabel" use="optional" />
    <link:loc xlink:type="locator" xlink:href="../core/gri_srs_core_2025-06-23.xsd#gri_DescriptionOfMethodsUsedToManageRiskOrOpportunityTextBlock" xlink:label="loc_gri_DescriptionOfMethodsUsedToManageRiskOrOpportunityTextBlock" />
    <link:presentationArc xlink:type="arc" xlink:arcrole="http://www.xbrl.org/2003/arcrole/parent-child" xlink:from="loc_gri_DescriptionOfRisksAndOpportunitiesPosedByClimateChangeThatHavePotentialToGenerateSubstantiveChangesInOperationsRevenueOrExpenditureTextBlock" xlink:to="loc_gri_DescriptionOfMethodsUsedToManageRiskOrOpportunityTextBlock" order="4.0" preferredLabel="http://www.xbrl.org/2003/role/verboseLabel" use="optional" />
    <link:loc xlink:type="locator" xlink:href="../core/gri_srs_core_2025-06-23.xsd#gri_DescriptionOfCostsOfActionsTakenToManageRiskOrOpportunityTextBlock" xlink:label="loc_gri_DescriptionOfCostsOfActionsTakenToManageRiskOrOpportunityTextBlock" />
    <link:presentationArc xlink:type="arc" xlink:arcrole="http://www.xbrl.org/2003/arcrole/parent-child" xlink:from="loc_gri_DescriptionOfRisksAndOpportunitiesPosedByClimateChangeThatHavePotentialToGenerateSubstantiveChangesInOperationsRevenueOrExpenditureTextBlock" xlink:to="loc_gri_DescriptionOfCostsOfActionsTakenToManageRiskOrOpportunityTextBlock" order="5.0" preferredLabel="http://www.xbrl.org/2003/role/verboseLabel" use="optional" />
    <link:loc xlink:type="locator" xlink:href="../core/gri_srs_core_2025-06-23.xsd#gri_WhetherOrganizationHasSystemInPlaceToCalculateFinancialImplicationsOrCostsOrToMakeRevenueProjections" xlink:label="loc_gri_WhetherOrganizationHasSystemInPlaceToCalculateFinancialImplicationsOrCostsOrToMakeRevenueProjections" />
    <link:presentationArc xlink:type="arc" xlink:arcrole="http://www.xbrl.org/2003/arcrole/parent-child" xlink:from="loc_gri_DisclosureOfFinancialImplicationsAndOtherRisksAndOpportunitiesDueToClimateChangeAbstract" xlink:to="loc_gri_WhetherOrganizationHasSystemInPlaceToCalculateFinancialImplicationsOrCostsOrToMakeRevenueProjections" order="2.0" preferredLabel="http://www.xbrl.org/2003/role/terseLabel" use="optional" />
    <link:loc xlink:type="locator" xlink:href="../core/gri_srs_core_2025-06-23.xsd#gri_DescriptionOfPlansAndTimelineToDevelopSystemsToCalculateFinancialImplicationsOrCostsOrToMakeRevenueProjectionsTextBlock" xlink:label="loc_gri_DescriptionOfPlansAndTimelineToDevelopSystemsToCalculateFinancialImplicationsOrCostsOrToMakeRevenueProjectionsTextBlock" />
    <link:presentationArc xlink:type="arc" xlink:arcrole="http://www.xbrl.org/2003/arcrole/parent-child" xlink:from="loc_gri_DisclosureOfFinancialImplicationsAndOtherRisksAndOpportunitiesDueToClimateChangeAbstract" xlink:to="loc_gri_DescriptionOfPlansAndTimelineToDevelopSystemsToCalculateFinancialImplicationsOrCostsOrToMakeRevenueProjectionsTextBlock" order="3.0" preferredLabel="http://www.xbrl.org/2003/role/verboseLabel" use="optional" />
    <link:loc xlink:type="locator" xlink:href="../core/gri_srs_core_2025-06-23.xsd#gri_DisclosureOfDefinedBenefitPlanObligationsAndOtherRetirementPlansAbstract" xlink:label="loc_gri_DisclosureOfDefinedBenefitPlanObligationsAndOtherRetirementPlansAbstract" />
    <link:presentationArc xlink:type="arc" xlink:arcrole="http://www.xbrl.org/2003/arcrole/parent-child" xlink:from="loc_gri_DisclosureOfEconomicPerformanceAbstract" xlink:to="loc_gri_DisclosureOfDefinedBenefitPlanObligationsAndOtherRetirementPlansAbstract" order="3.0" preferredLabel="http://www.xbrl.org/2003/role/terseLabel" use="optional" />
    <link:loc xlink:type="locator" xlink:href="../core/gri_srs_core_2025-06-23.xsd#gri_EstimatedValueOfDefinedBenefitPlanAndOtherRetirementPlanLiabilitiesIfTheseAreMetByOrganizationsGeneralResources" xlink:label="loc_gri_EstimatedValueOfDefinedBenefitPlanAndOtherRetirementPlanLiabilitiesIfTheseAreMetByOrganizationsGeneralResources" />
    <link:presentationArc xlink:type="arc" xlink:arcrole="http://www.xbrl.org/2003/arcrole/parent-child" xlink:from="loc_gri_DisclosureOfDefinedBenefitPlanObligationsAndOtherRetirementPlansAbstract" xlink:to="loc_gri_EstimatedValueOfDefinedBenefitPlanAndOtherRetirementPlanLiabilitiesIfTheseAreMetByOrganizationsGeneralResources" order="1.0" preferredLabel="http://www.xbrl.org/2003/role/verboseLabel" use="optional" />
    <link:loc xlink:type="locator" xlink:href="../core/gri_srs_core_2025-06-23.xsd#gri_WhetherSeparateFundExistsToPayDefinedBenefitPlanAndOtherRetirementPlanPensionLiabilities" xlink:label="loc_gri_WhetherSeparateFundExistsToPayDefinedBenefitPlanAndOtherRetirementPlanPensionLiabilities" />
    <link:presentationArc xlink:type="arc" xlink:arcrole="http://www.xbrl.org/2003/arcrole/parent-child" xlink:from="loc_gri_DisclosureOfDefinedBenefitPlanObligationsAndOtherRetirementPlansAbstract" xlink:to="loc_gri_WhetherSeparateFundExistsToPayDefinedBenefitPlanAndOtherRetirementPlanPensionLiabilities" order="2.0" preferredLabel="http://www.xbrl.org/2003/role/terseLabel" use="optional" />
    <link:loc xlink:type="locator" xlink:href="../core/gri_srs_core_2025-06-23.xsd#gri_DescriptionOfExtentToWhichSchemesLiabilitiesAreEstimatedToBeCoveredByAssetsThatHaveBeenSetAsideToMeetThemTextBlock" xlink:label="loc_gri_DescriptionOfExtentToWhichSchemesLiabilitiesAreEstimatedToBeCoveredByAssetsThatHaveBeenSetAsideToMeetThemTextBlock" />
    <link:presentationArc xlink:type="arc" xlink:arcrole="http://www.xbrl.org/2003/arcrole/parent-child" xlink:from="loc_gri_WhetherSeparateFundExistsToPayDefinedBenefitPlanAndOtherRetirementPlanPensionLiabilities" xlink:to="loc_gri_DescriptionOfExtentToWhichSchemesLiabilitiesAreEstimatedToBeCoveredByAssetsThatHaveBeenSetAsideToMeetThemTextBlock" order="1.0" preferredLabel="http://www.xbrl.org/2003/role/verboseLabel" use="optional" />
    <link:loc xlink:type="locator" xlink:href="../core/gri_srs_core_2025-06-23.xsd#gri_StatementOfBasisOnWhichEstimateOfExtentToWhichLiabilitiesOfSchemeAreCoveredByAssetsThatHaveBeenSetAsideToMeetThemHasBeenArrivedAtTextBlock" xlink:label="loc_gri_StatementOfBasisOnWhichEstimateOfExtentToWhichLiabilitiesOfSchemeAreCoveredByAssetsThatHaveBeenSetAsideToMeetThemHasBeenArrivedAtTextBlock" />
    <link:presentationArc xlink:type="arc" xlink:arcrole="http://www.xbrl.org/2003/arcrole/parent-child" xlink:from="loc_gri_WhetherSeparateFundExistsToPayDefinedBenefitPlanAndOtherRetirementPlanPensionLiabilities" xlink:to="loc_gri_StatementOfBasisOnWhichEstimateOfExtentToWhichLiabilitiesOfSchemeAreCoveredByAssetsThatHaveBeenSetAsideToMeetThemHasBeenArrivedAtTextBlock" order="2.0" preferredLabel="http://www.xbrl.org/2003/role/verboseLabel" use="optional" />
    <link:loc xlink:type="locator" xlink:href="../core/gri_srs_core_2025-06-23.xsd#gri_StatementOfWhenThatEstimateWasMadeToPayPensionPlanLiabilities" xlink:label="loc_gri_StatementOfWhenThatEstimateWasMadeToPayPensionPlanLiabilities" />
    <link:presentationArc xlink:type="arc" xlink:arcrole="http://www.xbrl.org/2003/arcrole/parent-child" xlink:from="loc_gri_WhetherSeparateFundExistsToPayDefinedBenefitPlanAndOtherRetirementPlanPensionLiabilities" xlink:to="loc_gri_StatementOfWhenThatEstimateWasMadeToPayPensionPlanLiabilities" order="3.0" preferredLabel="http://www.xbrl.org/2003/role/verboseLabel" use="optional" />
    <link:loc xlink:type="locator" xlink:href="../core/gri_srs_core_2025-06-23.xsd#gri_ExplanationOfStrategyAdoptedByEmployerToWorkTowardsFullCoverageAndTimescaleByWhichEmployerHopesToAchieveFullCoverageIfFundSetUpToPayPlansPensionLiabilitiesIsNotFullyCoveredTextBlock" xlink:label="loc_gri_ExplanationOfStrategyAdoptedByEmployerToWorkTowardsFullCoverageAndTimescaleByWhichEmployerHopesToAchieveFullCoverageIfFundSetUpToPayPlansPensionLiabilitiesIsNotFullyCoveredTextBlock" />
    <link:presentationArc xlink:type="arc" xlink:arcrole="http://www.xbrl.org/2003/arcrole/parent-child" xlink:from="loc_gri_DisclosureOfDefinedBenefitPlanObligationsAndOtherRetirementPlansAbstract" xlink:to="loc_gri_ExplanationOfStrategyAdoptedByEmployerToWorkTowardsFullCoverageAndTimescaleByWhichEmployerHopesToAchieveFullCoverageIfFundSetUpToPayPlansPensionLiabilitiesIsNotFullyCoveredTextBlock" order="3.0" preferredLabel="http://www.xbrl.org/2003/role/verboseLabel" use="optional" />
    <link:loc xlink:type="locator" xlink:href="../core/gri_srs_core_2025-06-23.xsd#gri_PercentageOfSalaryContributedByEmployee" xlink:label="loc_gri_PercentageOfSalaryContributedByEmployee" />
    <link:presentationArc xlink:type="arc" xlink:arcrole="http://www.xbrl.org/2003/arcrole/parent-child" xlink:from="loc_gri_DisclosureOfDefinedBenefitPlanObligationsAndOtherRetirementPlansAbstract" xlink:to="loc_gri_PercentageOfSalaryContributedByEmployee" order="4.0" preferredLabel="http://www.xbrl.org/2003/role/verboseLabel" use="optional" />
    <link:loc xlink:type="locator" xlink:href="../core/gri_srs_core_2025-06-23.xsd#gri_PercentageOfSalaryContributedByEmployer" xlink:label="loc_gri_PercentageOfSalaryContributedByEmployer" />
    <link:presentationArc xlink:type="arc" xlink:arcrole="http://www.xbrl.org/2003/arcrole/parent-child" xlink:from="loc_gri_DisclosureOfDefinedBenefitPlanObligationsAndOtherRetirementPlansAbstract" xlink:to="loc_gri_PercentageOfSalaryContributedByEmployer" order="5.0" preferredLabel="http://www.xbrl.org/2003/role/verboseLabel" use="optional" />
    <link:loc xlink:type="locator" xlink:href="../core/gri_srs_core_2025-06-23.xsd#gri_DescriptionOfLevelOfParticipationInRetirementPlansTextBlock" xlink:label="loc_gri_DescriptionOfLevelOfParticipationInRetirementPlansTextBlock" />
    <link:presentationArc xlink:type="arc" xlink:arcrole="http://www.xbrl.org/2003/arcrole/parent-child" xlink:from="loc_gri_DisclosureOfDefinedBenefitPlanObligationsAndOtherRetirementPlansAbstract" xlink:to="loc_gri_DescriptionOfLevelOfParticipationInRetirementPlansTextBlock" order="6.0" preferredLabel="http://www.xbrl.org/2003/role/verboseLabel" use="optional" />
    <link:loc xlink:type="locator" xlink:href="../core/gri_srs_core_2025-06-23.xsd#gri_DisclosureOfFinancialAssistanceReceivedFromGovernmentAbstract" xlink:label="loc_gri_DisclosureOfFinancialAssistanceReceivedFromGovernmentAbstract" />
    <link:presentationArc xlink:type="arc" xlink:arcrole="http://www.xbrl.org/2003/arcrole/parent-child" xlink:from="loc_gri_DisclosureOfEconomicPerformanceAbstract" xlink:to="loc_gri_DisclosureOfFinancialAssistanceReceivedFromGovernmentAbstract" order="4.0" preferredLabel="http://www.xbrl.org/2003/role/terseLabel" use="optional" />
    <link:loc xlink:type="locator" xlink:href="../core/gri_srs_core_2025-06-23.xsd#gri_TotalMonetaryValueOfFinancialAssistanceReceivedFromAnyGovernmentDuringReportingPeriod" xlink:label="loc_gri_TotalMonetaryValueOfFinancialAssistanceReceivedFromAnyGovernmentDuringReportingPeriod" />
    <link:presentationArc xlink:type="arc" xlink:arcrole="http://www.xbrl.org/2003/arcrole/parent-child" xlink:from="loc_gri_DisclosureOfFinancialAssistanceReceivedFromGovernmentAbstract" xlink:to="loc_gri_TotalMonetaryValueOfFinancialAssistanceReceivedFromAnyGovernmentDuringReportingPeriod" order="1.0" preferredLabel="http://www.xbrl.org/2003/role/totalLabel" use="optional" />
    <link:loc xlink:type="locator" xlink:href="../core/gri_srs_core_2025-06-23.xsd#gri_TotalMonetaryValueOfTaxReliefAndTaxCreditsReceivedFromAnyGovernmentDuringReportingPeriod" xlink:label="loc_gri_TotalMonetaryValueOfTaxReliefAndTaxCreditsReceivedFromAnyGovernmentDuringReportingPeriod" />
    <link:presentationArc xlink:type="arc" xlink:arcrole="http://www.xbrl.org/2003/arcrole/parent-child" xlink:from="loc_gri_TotalMonetaryValueOfFinancialAssistanceReceivedFromAnyGovernmentDuringReportingPeriod" xlink:to="loc_gri_TotalMonetaryValueOfTaxReliefAndTaxCreditsReceivedFromAnyGovernmentDuringReportingPeriod" order="1.0" preferredLabel="http://www.xbrl.org/2003/role/totalLabel" use="optional" />
    <link:loc xlink:type="locator" xlink:href="../core/gri_srs_core_2025-06-23.xsd#gri_TotalMonetaryValueOfSubsidiesReceivedFromAnyGovernmentDuringReportingPeriod" xlink:label="loc_gri_TotalMonetaryValueOfSubsidiesReceivedFromAnyGovernmentDuringReportingPeriod" />
    <link:presentationArc xlink:type="arc" xlink:arcrole="http://www.xbrl.org/2003/arcrole/parent-child" xlink:from="loc_gri_TotalMonetaryValueOfFinancialAssistanceReceivedFromAnyGovernmentDuringReportingPeriod" xlink:to="loc_gri_TotalMonetaryValueOfSubsidiesReceivedFromAnyGovernmentDuringReportingPeriod" order="2.0" preferredLabel="http://www.xbrl.org/2003/role/totalLabel" use="optional" />
    <link:loc xlink:type="locator" xlink:href="../core/gri_srs_core_2025-06-23.xsd#gri_TotalMonetaryValueOfInvestmentGrantsResearchAndDevelopmentGrantsAndOtherRelevantTypesOfGrantReceivedFromAnyGovernmentDuringReportingPeriod" xlink:label="loc_gri_TotalMonetaryValueOfInvestmentGrantsResearchAndDevelopmentGrantsAndOtherRelevantTypesOfGrantReceivedFromAnyGovernmentDuringReportingPeriod" />
    <link:presentationArc xlink:type="arc" xlink:arcrole="http://www.xbrl.org/2003/arcrole/parent-child" xlink:from="loc_gri_TotalMonetaryValueOfFinancialAssistanceReceivedFromAnyGovernmentDuringReportingPeriod" xlink:to="loc_gri_TotalMonetaryValueOfInvestmentGrantsResearchAndDevelopmentGrantsAndOtherRelevantTypesOfGrantReceivedFromAnyGovernmentDuringReportingPeriod" order="3.0" preferredLabel="http://www.xbrl.org/2003/role/totalLabel" use="optional" />
    <link:loc xlink:type="locator" xlink:href="../core/gri_srs_core_2025-06-23.xsd#gri_TotalMonetaryValueOfAwardsReceivedFromAnyGovernmentDuringReportingPeriod" xlink:label="loc_gri_TotalMonetaryValueOfAwardsReceivedFromAnyGovernmentDuringReportingPeriod" />
    <link:presentationArc xlink:type="arc" xlink:arcrole="http://www.xbrl.org/2003/arcrole/parent-child" xlink:from="loc_gri_TotalMonetaryValueOfFinancialAssistanceReceivedFromAnyGovernmentDuringReportingPeriod" xlink:to="loc_gri_TotalMonetaryValueOfAwardsReceivedFromAnyGovernmentDuringReportingPeriod" order="4.0" preferredLabel="http://www.xbrl.org/2003/role/totalLabel" use="optional" />
    <link:loc xlink:type="locator" xlink:href="../core/gri_srs_core_2025-06-23.xsd#gri_TotalMonetaryValueOfRoyaltyHolidaysReceivedFromAnyGovernmentDuringReportingPeriod" xlink:label="loc_gri_TotalMonetaryValueOfRoyaltyHolidaysReceivedFromAnyGovernmentDuringReportingPeriod" />
    <link:presentationArc xlink:type="arc" xlink:arcrole="http://www.xbrl.org/2003/arcrole/parent-child" xlink:from="loc_gri_TotalMonetaryValueOfFinancialAssistanceReceivedFromAnyGovernmentDuringReportingPeriod" xlink:to="loc_gri_TotalMonetaryValueOfRoyaltyHolidaysReceivedFromAnyGovernmentDuringReportingPeriod" order="5.0" preferredLabel="http://www.xbrl.org/2003/role/totalLabel" use="optional" />
    <link:loc xlink:type="locator" xlink:href="../core/gri_srs_core_2025-06-23.xsd#gri_TotalMonetaryValueOfFinancialAssistanceFromExportCreditAgenciesECAsReceivedDuringReportingPeriod" xlink:label="loc_gri_TotalMonetaryValueOfFinancialAssistanceFromExportCreditAgenciesECAsReceivedDuringReportingPeriod" />
    <link:presentationArc xlink:type="arc" xlink:arcrole="http://www.xbrl.org/2003/arcrole/parent-child" xlink:from="loc_gri_TotalMonetaryValueOfFinancialAssistanceReceivedFromAnyGovernmentDuringReportingPeriod" xlink:to="loc_gri_TotalMonetaryValueOfFinancialAssistanceFromExportCreditAgenciesECAsReceivedDuringReportingPeriod" order="6.0" preferredLabel="http://www.xbrl.org/2003/role/totalLabel" use="optional" />
    <link:loc xlink:type="locator" xlink:href="../core/gri_srs_core_2025-06-23.xsd#gri_TotalMonetaryValueOfFinancialIncentivesReceivedFromAnyGovernmentDuringReportingPeriod" xlink:label="loc_gri_TotalMonetaryValueOfFinancialIncentivesReceivedFromAnyGovernmentDuringReportingPeriod" />
    <link:presentationArc xlink:type="arc" xlink:arcrole="http://www.xbrl.org/2003/arcrole/parent-child" xlink:from="loc_gri_TotalMonetaryValueOfFinancialAssistanceReceivedFromAnyGovernmentDuringReportingPeriod" xlink:to="loc_gri_TotalMonetaryValueOfFinancialIncentivesReceivedFromAnyGovernmentDuringReportingPeriod" order="7.0" preferredLabel="http://www.xbrl.org/2003/role/totalLabel" use="optional" />
    <link:loc xlink:type="locator" xlink:href="../core/gri_srs_core_2025-06-23.xsd#gri_TotalMonetaryValueOfOtherFinancialBenefitsReceivedOrReceivableFromAnyGovernmentForAnyOperationDuringReportingPeriod" xlink:label="loc_gri_TotalMonetaryValueOfOtherFinancialBenefitsReceivedOrReceivableFromAnyGovernmentForAnyOperationDuringReportingPeriod" />
    <link:presentationArc xlink:type="arc" xlink:arcrole="http://www.xbrl.org/2003/arcrole/parent-child" xlink:from="loc_gri_TotalMonetaryValueOfFinancialAssistanceReceivedFromAnyGovernmentDuringReportingPeriod" xlink:to="loc_gri_TotalMonetaryValueOfOtherFinancialBenefitsReceivedOrReceivableFromAnyGovernmentForAnyOperationDuringReportingPeriod" order="8.0" preferredLabel="http://www.xbrl.org/2003/role/totalLabel" use="optional" />
    <link:loc xlink:type="locator" xlink:href="../core/gri_srs_core_2025-06-23.xsd#gri_FinancialAssistanceReceivedFromGovernmentReportingByCountryAbstract" xlink:label="loc_gri_FinancialAssistanceReceivedFromGovernmentReportingByCountryAbstract" />
    <link:presentationArc xlink:type="arc" xlink:arcrole="http://www.xbrl.org/2003/arcrole/parent-child" xlink:from="loc_gri_DisclosureOfFinancialAssistanceReceivedFromGovernmentAbstract" xlink:to="loc_gri_FinancialAssistanceReceivedFromGovernmentReportingByCountryAbstract" order="2.0" preferredLabel="http://www.xbrl.org/2003/role/label" use="optional" />
    <link:loc xlink:type="locator" xlink:href="../core/gri_srs_core_2025-06-23.xsd#gri_FinancialAssistanceReceivedFromGovernmentTable" xlink:label="loc_gri_FinancialAssistanceReceivedFromGovernmentTable" />
    <link:presentationArc xlink:type="arc" xlink:arcrole="http://www.xbrl.org/2003/arcrole/parent-child" xlink:from="loc_gri_FinancialAssistanceReceivedFromGovernmentReportingByCountryAbstract" xlink:to="loc_gri_FinancialAssistanceReceivedFromGovernmentTable" order="1.0" use="optional" />
    <link:loc xlink:type="locator" xlink:href="../core/gri_srs_core_2025-06-23.xsd#gri_CountryAxis" xlink:label="loc_gri_CountryAxis_1" />
    <link:presentationArc xlink:type="arc" xlink:arcrole="http://www.xbrl.org/2003/arcrole/parent-child" xlink:from="loc_gri_FinancialAssistanceReceivedFromGovernmentTable" xlink:to="loc_gri_CountryAxis_1" order="1.0" use="optional" />
    <link:loc xlink:type="locator" xlink:href="../core/country-current-PR-2024-01-31/elts.xsd#country_CountryDomain" xlink:label="loc_country_CountryDomain_1" />
    <link:presentationArc xlink:type="arc" xlink:arcrole="http://www.xbrl.org/2003/arcrole/parent-child" xlink:from="loc_gri_CountryAxis_1" xlink:to="loc_country_CountryDomain_1" order="1.0" use="optional" />
    <link:loc xlink:type="locator" xlink:href="../core/gri_srs_core_2025-06-23.xsd#gri_FinancialAssistanceReceivedFromGovernmentLineItems" xlink:label="loc_gri_FinancialAssistanceReceivedFromGovernmentLineItems" />
    <link:presentationArc xlink:type="arc" xlink:arcrole="http://www.xbrl.org/2003/arcrole/parent-child" xlink:from="loc_gri_FinancialAssistanceReceivedFromGovernmentReportingByCountryAbstract" xlink:to="loc_gri_FinancialAssistanceReceivedFromGovernmentLineItems" order="2.0" use="optional" />
    <link:loc xlink:type="locator" xlink:href="../core/gri_srs_core_2025-06-23.xsd#gri_TotalMonetaryValueOfFinancialAssistanceReceivedFromAnyGovernmentDuringReportingPeriod" xlink:label="loc_gri_TotalMonetaryValueOfFinancialAssistanceReceivedFromAnyGovernmentDuringReportingPeriod_1" />
    <link:presentationArc xlink:type="arc" xlink:arcrole="http://www.xbrl.org/2003/arcrole/parent-child" xlink:from="loc_gri_FinancialAssistanceReceivedFromGovernmentLineItems" xlink:to="loc_gri_TotalMonetaryValueOfFinancialAssistanceReceivedFromAnyGovernmentDuringReportingPeriod_1" order="1.0" preferredLabel="http://www.xbrl.org/2003/role/verboseLabel" use="optional" />
    <link:loc xlink:type="locator" xlink:href="../core/gri_srs_core_2025-06-23.xsd#gri_ReasonForOmissionRelatedToTotalMonetaryValueOfFinancialAssistanceReceivedFromAnyGovernmentDuringReportingPeriod" xlink:label="loc_gri_ReasonForOmissionRelatedToTotalMonetaryValueOfFinancialAssistanceReceivedFromAnyGovernmentDuringReportingPeriod_1" />
    <link:presentationArc xlink:type="arc" xlink:arcrole="http://www.xbrl.org/2003/arcrole/parent-child" xlink:from="loc_gri_TotalMonetaryValueOfFinancialAssistanceReceivedFromAnyGovernmentDuringReportingPeriod_1" xlink:to="loc_gri_ReasonForOmissionRelatedToTotalMonetaryValueOfFinancialAssistanceReceivedFromAnyGovernmentDuringReportingPeriod_1" order="1.0" preferredLabel="http://www.xbrl.org/2003/role/verboseLabel" use="optional" />
    <link:loc xlink:type="locator" xlink:href="../core/gri_srs_core_2025-06-23.xsd#gri_ExplanationForReasonForOmissionRelatedToTotalMonetaryValueOfFinancialAssistanceReceivedFromAnyGovernmentDuringReportingPeriodTextBlock" xlink:label="loc_gri_ExplanationForReasonForOmissionRelatedToTotalMonetaryValueOfFinancialAssistanceReceivedFromAnyGovernmentDuringReportingPeriodTextBlock_1" />
    <link:presentationArc xlink:type="arc" xlink:arcrole="http://www.xbrl.org/2003/arcrole/parent-child" xlink:from="loc_gri_TotalMonetaryValueOfFinancialAssistanceReceivedFromAnyGovernmentDuringReportingPeriod_1" xlink:to="loc_gri_ExplanationForReasonForOmissionRelatedToTotalMonetaryValueOfFinancialAssistanceReceivedFromAnyGovernmentDuringReportingPeriodTextBlock_1" order="2.0" preferredLabel="http://www.xbrl.org/2003/role/verboseLabel" use="optional" />
    <link:loc xlink:type="locator" xlink:href="../core/gri_srs_core_2025-06-23.xsd#gri_TotalMonetaryValueOfTaxReliefAndTaxCreditsReceivedFromAnyGovernmentDuringReportingPeriod" xlink:label="loc_gri_TotalMonetaryValueOfTaxReliefAndTaxCreditsReceivedFromAnyGovernmentDuringReportingPeriod_1" />
    <link:presentationArc xlink:type="arc" xlink:arcrole="http://www.xbrl.org/2003/arcrole/parent-child" xlink:from="loc_gri_TotalMonetaryValueOfFinancialAssistanceReceivedFromAnyGovernmentDuringReportingPeriod_1" xlink:to="loc_gri_TotalMonetaryValueOfTaxReliefAndTaxCreditsReceivedFromAnyGovernmentDuringReportingPeriod_1" order="3.0" preferredLabel="http://www.xbrl.org/2003/role/verboseLabel" use="optional" />
    <link:loc xlink:type="locator" xlink:href="../core/gri_srs_core_2025-06-23.xsd#gri_ReasonForOmissionRelatedToTotalMonetaryValueOfTaxReliefAndTaxCreditsReceivedFromAnyGovernmentDuringReportingPeriod" xlink:label="loc_gri_ReasonForOmissionRelatedToTotalMonetaryValueOfTaxReliefAndTaxCreditsReceivedFromAnyGovernmentDuringReportingPeriod_1" />
    <link:presentationArc xlink:type="arc" xlink:arcrole="http://www.xbrl.org/2003/arcrole/parent-child" xlink:from="loc_gri_TotalMonetaryValueOfTaxReliefAndTaxCreditsReceivedFromAnyGovernmentDuringReportingPeriod_1" xlink:to="loc_gri_ReasonForOmissionRelatedToTotalMonetaryValueOfTaxReliefAndTaxCreditsReceivedFromAnyGovernmentDuringReportingPeriod_1" order="1.0" preferredLabel="http://www.xbrl.org/2003/role/verboseLabel" use="optional" />
    <link:loc xlink:type="locator" xlink:href="../core/gri_srs_core_2025-06-23.xsd#gri_ExplanationForReasonForOmissionRelatedToTotalMonetaryValueOfTaxReliefAndTaxCreditsReceivedFromAnyGovernmentDuringReportingPeriodTextBlock" xlink:label="loc_gri_ExplanationForReasonForOmissionRelatedToTotalMonetaryValueOfTaxReliefAndTaxCreditsReceivedFromAnyGovernmentDuringReportingPeriodTextBlock_1" />
    <link:presentationArc xlink:type="arc" xlink:arcrole="http://www.xbrl.org/2003/arcrole/parent-child" xlink:from="loc_gri_TotalMonetaryValueOfTaxReliefAndTaxCreditsReceivedFromAnyGovernmentDuringReportingPeriod_1" xlink:to="loc_gri_ExplanationForReasonForOmissionRelatedToTotalMonetaryValueOfTaxReliefAndTaxCreditsReceivedFromAnyGovernmentDuringReportingPeriodTextBlock_1" order="2.0" preferredLabel="http://www.xbrl.org/2003/role/verboseLabel" use="optional" />
    <link:loc xlink:type="locator" xlink:href="../core/gri_srs_core_2025-06-23.xsd#gri_TotalMonetaryValueOfSubsidiesReceivedFromAnyGovernmentDuringReportingPeriod" xlink:label="loc_gri_TotalMonetaryValueOfSubsidiesReceivedFromAnyGovernmentDuringReportingPeriod_1" />
    <link:presentationArc xlink:type="arc" xlink:arcrole="http://www.xbrl.org/2003/arcrole/parent-child" xlink:from="loc_gri_TotalMonetaryValueOfFinancialAssistanceReceivedFromAnyGovernmentDuringReportingPeriod_1" xlink:to="loc_gri_TotalMonetaryValueOfSubsidiesReceivedFromAnyGovernmentDuringReportingPeriod_1" order="4.0" preferredLabel="http://www.xbrl.org/2003/role/verboseLabel" use="optional" />
    <link:loc xlink:type="locator" xlink:href="../core/gri_srs_core_2025-06-23.xsd#gri_ReasonForOmissionRelatedToTotalMonetaryValueOfSubsidiesReceivedFromAnyGovernmentDuringReportingPeriod" xlink:label="loc_gri_ReasonForOmissionRelatedToTotalMonetaryValueOfSubsidiesReceivedFromAnyGovernmentDuringReportingPeriod_1" />
    <link:presentationArc xlink:type="arc" xlink:arcrole="http://www.xbrl.org/2003/arcrole/parent-child" xlink:from="loc_gri_TotalMonetaryValueOfSubsidiesReceivedFromAnyGovernmentDuringReportingPeriod_1" xlink:to="loc_gri_ReasonForOmissionRelatedToTotalMonetaryValueOfSubsidiesReceivedFromAnyGovernmentDuringReportingPeriod_1" order="1.0" preferredLabel="http://www.xbrl.org/2003/role/verboseLabel" use="optional" />
    <link:loc xlink:type="locator" xlink:href="../core/gri_srs_core_2025-06-23.xsd#gri_ExplanationForReasonForOmissionRelatedToTotalMonetaryValueOfSubsidiesReceivedFromAnyGovernmentDuringReportingPeriodTextBlock" xlink:label="loc_gri_ExplanationForReasonForOmissionRelatedToTotalMonetaryValueOfSubsidiesReceivedFromAnyGovernmentDuringReportingPeriodTextBlock_1" />
    <link:presentationArc xlink:type="arc" xlink:arcrole="http://www.xbrl.org/2003/arcrole/parent-child" xlink:from="loc_gri_TotalMonetaryValueOfSubsidiesReceivedFromAnyGovernmentDuringReportingPeriod_1" xlink:to="loc_gri_ExplanationForReasonForOmissionRelatedToTotalMonetaryValueOfSubsidiesReceivedFromAnyGovernmentDuringReportingPeriodTextBlock_1" order="2.0" preferredLabel="http://www.xbrl.org/2003/role/verboseLabel" use="optional" />
    <link:loc xlink:type="locator" xlink:href="../core/gri_srs_core_2025-06-23.xsd#gri_TotalMonetaryValueOfInvestmentGrantsResearchAndDevelopmentGrantsAndOtherRelevantTypesOfGrantReceivedFromAnyGovernmentDuringReportingPeriod" xlink:label="loc_gri_TotalMonetaryValueOfInvestmentGrantsResearchAndDevelopmentGrantsAndOtherRelevantTypesOfGrantReceivedFromAnyGovernmentDuringReportingPeriod_1" />
    <link:presentationArc xlink:type="arc" xlink:arcrole="http://www.xbrl.org/2003/arcrole/parent-child" xlink:from="loc_gri_TotalMonetaryValueOfFinancialAssistanceReceivedFromAnyGovernmentDuringReportingPeriod_1" xlink:to="loc_gri_TotalMonetaryValueOfInvestmentGrantsResearchAndDevelopmentGrantsAndOtherRelevantTypesOfGrantReceivedFromAnyGovernmentDuringReportingPeriod_1" order="5.0" preferredLabel="http://www.xbrl.org/2003/role/verboseLabel" use="optional" />
    <link:loc xlink:type="locator" xlink:href="../core/gri_srs_core_2025-06-23.xsd#gri_ReasonForOmissionRelatedToTotalMonetaryValueOfInvestmentGrantsResearchAndDevelopmentGrantsAndOtherRelevantTypesOfGrantReceivedFromAnyGovernmentDuringReportingPeriod" xlink:label="loc_gri_ReasonForOmissionRelatedToTotalMonetaryValueOfInvestmentGrantsResearchAndDevelopmentGrantsAndOtherRelevantTypesOfGrantReceivedFromAnyGovernmentDuringReportingPeriod_1" />
    <link:presentationArc xlink:type="arc" xlink:arcrole="http://www.xbrl.org/2003/arcrole/parent-child" xlink:from="loc_gri_TotalMonetaryValueOfInvestmentGrantsResearchAndDevelopmentGrantsAndOtherRelevantTypesOfGrantReceivedFromAnyGovernmentDuringReportingPeriod_1" xlink:to="loc_gri_ReasonForOmissionRelatedToTotalMonetaryValueOfInvestmentGrantsResearchAndDevelopmentGrantsAndOtherRelevantTypesOfGrantReceivedFromAnyGovernmentDuringReportingPeriod_1" order="2.0" preferredLabel="http://www.xbrl.org/2003/role/verboseLabel" use="optional" />
    <link:loc xlink:type="locator" xlink:href="../core/gri_srs_core_2025-06-23.xsd#gri_ExplanationForReasonForOmissionRelatedToTotalMonetaryValueOfInvestmentGrantsResearchAndDevelopmentGrantsAndOtherRelevantTypesOfGrantReceivedFromAnyGovernmentDuringReportingPeriodTextBlock" xlink:label="loc_gri_ExplanationForReasonForOmissionRelatedToTotalMonetaryValueOfInvestmentGrantsResearchAndDevelopmentGrantsAndOtherRelevantTypesOfGrantReceivedFromAnyGovernmentDuringReportingPeriodTextBlock_1" />
    <link:presentationArc xlink:type="arc" xlink:arcrole="http://www.xbrl.org/2003/arcrole/parent-child" xlink:from="loc_gri_TotalMonetaryValueOfInvestmentGrantsResearchAndDevelopmentGrantsAndOtherRelevantTypesOfGrantReceivedFromAnyGovernmentDuringReportingPeriod_1" xlink:to="loc_gri_ExplanationForReasonForOmissionRelatedToTotalMonetaryValueOfInvestmentGrantsResearchAndDevelopmentGrantsAndOtherRelevantTypesOfGrantReceivedFromAnyGovernmentDuringReportingPeriodTextBlock_1" order="2.0" preferredLabel="http://www.xbrl.org/2003/role/verboseLabel" use="optional" />
    <link:loc xlink:type="locator" xlink:href="../core/gri_srs_core_2025-06-23.xsd#gri_TotalMonetaryValueOfAwardsReceivedFromAnyGovernmentDuringReportingPeriod" xlink:label="loc_gri_TotalMonetaryValueOfAwardsReceivedFromAnyGovernmentDuringReportingPeriod_1" />
    <link:presentationArc xlink:type="arc" xlink:arcrole="http://www.xbrl.org/2003/arcrole/parent-child" xlink:from="loc_gri_TotalMonetaryValueOfFinancialAssistanceReceivedFromAnyGovernmentDuringReportingPeriod_1" xlink:to="loc_gri_TotalMonetaryValueOfAwardsReceivedFromAnyGovernmentDuringReportingPeriod_1" order="6.0" preferredLabel="http://www.xbrl.org/2003/role/verboseLabel" use="optional" />
    <link:loc xlink:type="locator" xlink:href="../core/gri_srs_core_2025-06-23.xsd#gri_ReasonForOmissionRelatedToTotalMonetaryValueOfAwardsReceivedFromAnyGovernmentDuringReportingPeriod" xlink:label="loc_gri_ReasonForOmissionRelatedToTotalMonetaryValueOfAwardsReceivedFromAnyGovernmentDuringReportingPeriod_1" />
    <link:presentationArc xlink:type="arc" xlink:arcrole="http://www.xbrl.org/2003/arcrole/parent-child" xlink:from="loc_gri_TotalMonetaryValueOfAwardsReceivedFromAnyGovernmentDuringReportingPeriod_1" xlink:to="loc_gri_ReasonForOmissionRelatedToTotalMonetaryValueOfAwardsReceivedFromAnyGovernmentDuringReportingPeriod_1" order="1.0" preferredLabel="http://www.xbrl.org/2003/role/verboseLabel" use="optional" />
    <link:loc xlink:type="locator" xlink:href="../core/gri_srs_core_2025-06-23.xsd#gri_ExplanationForReasonForOmissionRelatedToTotalMonetaryValueOfAwardsReceivedFromAnyGovernmentDuringReportingPeriodTextBlock" xlink:label="loc_gri_ExplanationForReasonForOmissionRelatedToTotalMonetaryValueOfAwardsReceivedFromAnyGovernmentDuringReportingPeriodTextBlock_1" />
    <link:presentationArc xlink:type="arc" xlink:arcrole="http://www.xbrl.org/2003/arcrole/parent-child" xlink:from="loc_gri_TotalMonetaryValueOfAwardsReceivedFromAnyGovernmentDuringReportingPeriod_1" xlink:to="loc_gri_ExplanationForReasonForOmissionRelatedToTotalMonetaryValueOfAwardsReceivedFromAnyGovernmentDuringReportingPeriodTextBlock_1" order="2.0" preferredLabel="http://www.xbrl.org/2003/role/verboseLabel" use="optional" />
    <link:loc xlink:type="locator" xlink:href="../core/gri_srs_core_2025-06-23.xsd#gri_TotalMonetaryValueOfRoyaltyHolidaysReceivedFromAnyGovernmentDuringReportingPeriod" xlink:label="loc_gri_TotalMonetaryValueOfRoyaltyHolidaysReceivedFromAnyGovernmentDuringReportingPeriod_1" />
    <link:presentationArc xlink:type="arc" xlink:arcrole="http://www.xbrl.org/2003/arcrole/parent-child" xlink:from="loc_gri_TotalMonetaryValueOfFinancialAssistanceReceivedFromAnyGovernmentDuringReportingPeriod_1" xlink:to="loc_gri_TotalMonetaryValueOfRoyaltyHolidaysReceivedFromAnyGovernmentDuringReportingPeriod_1" order="7.0" preferredLabel="http://www.xbrl.org/2003/role/verboseLabel" use="optional" />
    <link:loc xlink:type="locator" xlink:href="../core/gri_srs_core_2025-06-23.xsd#gri_ReasonForOmissionRelatedToTotalMonetaryValueOfRoyaltyHolidaysReceivedFromAnyGovernmentDuringReportingPeriod" xlink:label="loc_gri_ReasonForOmissionRelatedToTotalMonetaryValueOfRoyaltyHolidaysReceivedFromAnyGovernmentDuringReportingPeriod_1" />
    <link:presentationArc xlink:type="arc" xlink:arcrole="http://www.xbrl.org/2003/arcrole/parent-child" xlink:from="loc_gri_TotalMonetaryValueOfRoyaltyHolidaysReceivedFromAnyGovernmentDuringReportingPeriod_1" xlink:to="loc_gri_ReasonForOmissionRelatedToTotalMonetaryValueOfRoyaltyHolidaysReceivedFromAnyGovernmentDuringReportingPeriod_1" order="1.0" preferredLabel="http://www.xbrl.org/2003/role/verboseLabel" use="optional" />
    <link:loc xlink:type="locator" xlink:href="../core/gri_srs_core_2025-06-23.xsd#gri_ExplanationForReasonForOmissionRelatedToTotalMonetaryValueOfRoyaltyHolidaysReceivedFromAnyGovernmentDuringReportingPeriodTextBlock" xlink:label="loc_gri_ExplanationForReasonForOmissionRelatedToTotalMonetaryValueOfRoyaltyHolidaysReceivedFromAnyGovernmentDuringReportingPeriodTextBlock_1" />
    <link:presentationArc xlink:type="arc" xlink:arcrole="http://www.xbrl.org/2003/arcrole/parent-child" xlink:from="loc_gri_TotalMonetaryValueOfRoyaltyHolidaysReceivedFromAnyGovernmentDuringReportingPeriod_1" xlink:to="loc_gri_ExplanationForReasonForOmissionRelatedToTotalMonetaryValueOfRoyaltyHolidaysReceivedFromAnyGovernmentDuringReportingPeriodTextBlock_1" order="2.0" preferredLabel="http://www.xbrl.org/2003/role/verboseLabel" use="optional" />
    <link:loc xlink:type="locator" xlink:href="../core/gri_srs_core_2025-06-23.xsd#gri_TotalMonetaryValueOfFinancialAssistanceFromExportCreditAgenciesECAsReceivedDuringReportingPeriod" xlink:label="loc_gri_TotalMonetaryValueOfFinancialAssistanceFromExportCreditAgenciesECAsReceivedDuringReportingPeriod_1" />
    <link:presentationArc xlink:type="arc" xlink:arcrole="http://www.xbrl.org/2003/arcrole/parent-child" xlink:from="loc_gri_TotalMonetaryValueOfFinancialAssistanceReceivedFromAnyGovernmentDuringReportingPeriod_1" xlink:to="loc_gri_TotalMonetaryValueOfFinancialAssistanceFromExportCreditAgenciesECAsReceivedDuringReportingPeriod_1" order="8.0" preferredLabel="http://www.xbrl.org/2003/role/verboseLabel" use="optional" />
    <link:loc xlink:type="locator" xlink:href="../core/gri_srs_core_2025-06-23.xsd#gri_ReasonForOmissionRelatedToTotalMonetaryValueOfFinancialAssistanceFromExportCreditAgenciesECAsReceivedDuringReportingPeriod" xlink:label="loc_gri_ReasonForOmissionRelatedToTotalMonetaryValueOfFinancialAssistanceFromExportCreditAgenciesECAsReceivedDuringReportingPeriod_1" />
    <link:presentationArc xlink:type="arc" xlink:arcrole="http://www.xbrl.org/2003/arcrole/parent-child" xlink:from="loc_gri_TotalMonetaryValueOfFinancialAssistanceFromExportCreditAgenciesECAsReceivedDuringReportingPeriod_1" xlink:to="loc_gri_ReasonForOmissionRelatedToTotalMonetaryValueOfFinancialAssistanceFromExportCreditAgenciesECAsReceivedDuringReportingPeriod_1" order="1.0" preferredLabel="http://www.xbrl.org/2003/role/verboseLabel" use="optional" />
    <link:loc xlink:type="locator" xlink:href="../core/gri_srs_core_2025-06-23.xsd#gri_ExplanationForReasonForOmissionRelatedToTotalMonetaryValueOfFinancialAssistanceFromExportCreditAgenciesECAsReceivedDuringReportingPeriodTextBlock" xlink:label="loc_gri_ExplanationForReasonForOmissionRelatedToTotalMonetaryValueOfFinancialAssistanceFromExportCreditAgenciesECAsReceivedDuringReportingPeriodTextBlock_1" />
    <link:presentationArc xlink:type="arc" xlink:arcrole="http://www.xbrl.org/2003/arcrole/parent-child" xlink:from="loc_gri_TotalMonetaryValueOfFinancialAssistanceFromExportCreditAgenciesECAsReceivedDuringReportingPeriod_1" xlink:to="loc_gri_ExplanationForReasonForOmissionRelatedToTotalMonetaryValueOfFinancialAssistanceFromExportCreditAgenciesECAsReceivedDuringReportingPeriodTextBlock_1" order="2.0" preferredLabel="http://www.xbrl.org/2003/role/verboseLabel" use="optional" />
    <link:loc xlink:type="locator" xlink:href="../core/gri_srs_core_2025-06-23.xsd#gri_TotalMonetaryValueOfFinancialIncentivesReceivedFromAnyGovernmentDuringReportingPeriod" xlink:label="loc_gri_TotalMonetaryValueOfFinancialIncentivesReceivedFromAnyGovernmentDuringReportingPeriod_1" />
    <link:presentationArc xlink:type="arc" xlink:arcrole="http://www.xbrl.org/2003/arcrole/parent-child" xlink:from="loc_gri_TotalMonetaryValueOfFinancialAssistanceReceivedFromAnyGovernmentDuringReportingPeriod_1" xlink:to="loc_gri_TotalMonetaryValueOfFinancialIncentivesReceivedFromAnyGovernmentDuringReportingPeriod_1" order="9.0" preferredLabel="http://www.xbrl.org/2003/role/verboseLabel" use="optional" />
    <link:loc xlink:type="locator" xlink:href="../core/gri_srs_core_2025-06-23.xsd#gri_ReasonForOmissionRelatedToTotalMonetaryValueOfFinancialIncentivesReceivedFromAnyGovernmentDuringReportingPeriod" xlink:label="loc_gri_ReasonForOmissionRelatedToTotalMonetaryValueOfFinancialIncentivesReceivedFromAnyGovernmentDuringReportingPeriod_1" />
    <link:presentationArc xlink:type="arc" xlink:arcrole="http://www.xbrl.org/2003/arcrole/parent-child" xlink:from="loc_gri_TotalMonetaryValueOfFinancialIncentivesReceivedFromAnyGovernmentDuringReportingPeriod_1" xlink:to="loc_gri_ReasonForOmissionRelatedToTotalMonetaryValueOfFinancialIncentivesReceivedFromAnyGovernmentDuringReportingPeriod_1" order="1.0" preferredLabel="http://www.xbrl.org/2003/role/verboseLabel" use="optional" />
    <link:loc xlink:type="locator" xlink:href="../core/gri_srs_core_2025-06-23.xsd#gri_ExplanationForReasonForOmissionRelatedToTotalMonetaryValueOfFinancialIncentivesReceivedFromAnyGovernmentDuringReportingPeriodTextBlock" xlink:label="loc_gri_ExplanationForReasonForOmissionRelatedToTotalMonetaryValueOfFinancialIncentivesReceivedFromAnyGovernmentDuringReportingPeriodTextBlock_1" />
    <link:presentationArc xlink:type="arc" xlink:arcrole="http://www.xbrl.org/2003/arcrole/parent-child" xlink:from="loc_gri_TotalMonetaryValueOfFinancialIncentivesReceivedFromAnyGovernmentDuringReportingPeriod_1" xlink:to="loc_gri_ExplanationForReasonForOmissionRelatedToTotalMonetaryValueOfFinancialIncentivesReceivedFromAnyGovernmentDuringReportingPeriodTextBlock_1" order="2.0" preferredLabel="http://www.xbrl.org/2003/role/verboseLabel" use="optional" />
    <link:loc xlink:type="locator" xlink:href="../core/gri_srs_core_2025-06-23.xsd#gri_TotalMonetaryValueOfOtherFinancialBenefitsReceivedOrReceivableFromAnyGovernmentForAnyOperationDuringReportingPeriod" xlink:label="loc_gri_TotalMonetaryValueOfOtherFinancialBenefitsReceivedOrReceivableFromAnyGovernmentForAnyOperationDuringReportingPeriod_1" />
    <link:presentationArc xlink:type="arc" xlink:arcrole="http://www.xbrl.org/2003/arcrole/parent-child" xlink:from="loc_gri_TotalMonetaryValueOfFinancialAssistanceReceivedFromAnyGovernmentDuringReportingPeriod_1" xlink:to="loc_gri_TotalMonetaryValueOfOtherFinancialBenefitsReceivedOrReceivableFromAnyGovernmentForAnyOperationDuringReportingPeriod_1" order="10.0" preferredLabel="http://www.xbrl.org/2003/role/verboseLabel" use="optional" />
    <link:loc xlink:type="locator" xlink:href="../core/gri_srs_core_2025-06-23.xsd#gri_ReasonForOmissionRelatedToTotalMonetaryValueOfOtherFinancialBenefitsReceivedOrReceivableFromAnyGovernmentForAnyOperationDuringReportingPeriod" xlink:label="loc_gri_ReasonForOmissionRelatedToTotalMonetaryValueOfOtherFinancialBenefitsReceivedOrReceivableFromAnyGovernmentForAnyOperationDuringReportingPeriod_1" />
    <link:presentationArc xlink:type="arc" xlink:arcrole="http://www.xbrl.org/2003/arcrole/parent-child" xlink:from="loc_gri_TotalMonetaryValueOfOtherFinancialBenefitsReceivedOrReceivableFromAnyGovernmentForAnyOperationDuringReportingPeriod_1" xlink:to="loc_gri_ReasonForOmissionRelatedToTotalMonetaryValueOfOtherFinancialBenefitsReceivedOrReceivableFromAnyGovernmentForAnyOperationDuringReportingPeriod_1" order="1.0" preferredLabel="http://www.xbrl.org/2003/role/verboseLabel" use="optional" />
    <link:loc xlink:type="locator" xlink:href="../core/gri_srs_core_2025-06-23.xsd#gri_ExplanationForReasonForOmissionRelatedToTotalMonetaryValueOfOtherFinancialBenefitsReceivedOrReceivableFromAnyGovernmentForAnyOperationDuringReportingPeriodTextBlock" xlink:label="loc_gri_ExplanationForReasonForOmissionRelatedToTotalMonetaryValueOfOtherFinancialBenefitsReceivedOrReceivableFromAnyGovernmentForAnyOperationDuringReportingPeriodTextBlock_1" />
    <link:presentationArc xlink:type="arc" xlink:arcrole="http://www.xbrl.org/2003/arcrole/parent-child" xlink:from="loc_gri_TotalMonetaryValueOfOtherFinancialBenefitsReceivedOrReceivableFromAnyGovernmentForAnyOperationDuringReportingPeriod_1" xlink:to="loc_gri_ExplanationForReasonForOmissionRelatedToTotalMonetaryValueOfOtherFinancialBenefitsReceivedOrReceivableFromAnyGovernmentForAnyOperationDuringReportingPeriodTextBlock_1" order="2.0" preferredLabel="http://www.xbrl.org/2003/role/verboseLabel" use="optional" />
    <link:loc xlink:type="locator" xlink:href="../core/gri_srs_core_2025-06-23.xsd#gri_WhetherAnyGovernmentIsPresentInShareholdingStructure" xlink:label="loc_gri_WhetherAnyGovernmentIsPresentInShareholdingStructure" />
    <link:presentationArc xlink:type="arc" xlink:arcrole="http://www.xbrl.org/2003/arcrole/parent-child" xlink:from="loc_gri_DisclosureOfFinancialAssistanceReceivedFromGovernmentAbstract" xlink:to="loc_gri_WhetherAnyGovernmentIsPresentInShareholdingStructure" order="3.0" preferredLabel="http://www.xbrl.org/2003/role/verboseLabel" use="optional" />
    <link:loc xlink:type="locator" xlink:href="../core/gri_srs_core_2025-06-23.xsd#gri_DescriptionOfExtentToWhichAnyGovernmentIsPresentInShareholdingStructureTextBlock" xlink:label="loc_gri_DescriptionOfExtentToWhichAnyGovernmentIsPresentInShareholdingStructureTextBlock" />
    <link:presentationArc xlink:type="arc" xlink:arcrole="http://www.xbrl.org/2003/arcrole/parent-child" xlink:from="loc_gri_DisclosureOfFinancialAssistanceReceivedFromGovernmentAbstract" xlink:to="loc_gri_DescriptionOfExtentToWhichAnyGovernmentIsPresentInShareholdingStructureTextBlock" order="4.0" preferredLabel="http://www.xbrl.org/2003/role/verboseLabel" use="optional" />
  </link:presentationLink>
</link:linkbase>