﻿<?xml version="1.0" encoding="utf-8"?>
<!-- Generated by GRI Taxonomy Editor-->
<link:linkbase xsi:schemaLocation="http://www.xbrl.org/2003/linkbase http://www.xbrl.org/2003/xbrl-linkbase-2003-12-31.xsd http://www.xbrl.org/2003/instance http://www.xbrl.org/2003/xbrl-instance-2003-12-31.xsd http://www.w3.org/1999/xlink http://www.xbrl.org/2003/xlink-2003-12-31.xsd " xmlns:link="http://www.xbrl.org/2003/linkbase" xmlns:xbrli="http://www.xbrl.org/2003/instance" xmlns:xlink="http://www.w3.org/1999/xlink" xmlns:xsi="http://www.w3.org/2001/XMLSchema-instance">
  <!-- Role Ref -->
  <link:roleRef roleURI="https://taxonomy.globalreporting.org/gri-sustainability-taxonomy/gri_srs/gri_srs_role/role_dim_def" xlink:type="simple" xlink:href="role_gri_srs_2025-06-23.xsd#role_dim_def" />
  <link:presentationLink xlink:type="extended" xlink:role="https://taxonomy.globalreporting.org/gri-sustainability-taxonomy/gri_srs/gri_srs_role/role_dim_def">
    <link:loc xlink:type="locator" xlink:href="../core/gri_srs_core_2025-06-23.xsd#gri_AuthorityMembersAxis" xlink:label="loc_gri_AuthorityMembersAxis" />
    <link:loc xlink:type="locator" xlink:href="../core/gri_srs_core_2025-06-23.xsd#gri_AuthorityMembersDomain" xlink:label="loc_gri_AuthorityMembersDomain" />
    <link:presentationArc xlink:type="arc" xlink:arcrole="http://www.xbrl.org/2003/arcrole/parent-child" xlink:from="loc_gri_AuthorityMembersAxis" xlink:to="loc_gri_AuthorityMembersDomain" order="1.0" use="optional" />
    <link:loc xlink:type="locator" xlink:href="../core/gri_srs_core_2025-06-23.xsd#gri_MaterialResourceAxis" xlink:label="loc_gri_MaterialResourceAxis" />
    <link:loc xlink:type="locator" xlink:href="../core/gri_srs_core_2025-06-23.xsd#gri_MaterialResourceDomain" xlink:label="loc_gri_MaterialResourceDomain" />
    <link:presentationArc xlink:type="arc" xlink:arcrole="http://www.xbrl.org/2003/arcrole/parent-child" xlink:from="loc_gri_MaterialResourceAxis" xlink:to="loc_gri_MaterialResourceDomain" order="1.0" use="optional" />
    <link:loc xlink:type="locator" xlink:href="../core/gri_srs_core_2025-06-23.xsd#gri_WaterDischargeBreakdownByTypeOfDestinationAxis" xlink:label="loc_gri_WaterDischargeBreakdownByTypeOfDestinationAxis" />
    <link:loc xlink:type="locator" xlink:href="../core/gri_srs_core_2025-06-23.xsd#gri_WaterDischargeBreakdownByTypeOfDestinationDomain" xlink:label="loc_gri_WaterDischargeBreakdownByTypeOfDestinationDomain" />
    <link:presentationArc xlink:type="arc" xlink:arcrole="http://www.xbrl.org/2003/arcrole/parent-child" xlink:from="loc_gri_WaterDischargeBreakdownByTypeOfDestinationAxis" xlink:to="loc_gri_WaterDischargeBreakdownByTypeOfDestinationDomain" order="1.0" use="optional" />
    <link:loc xlink:type="locator" xlink:href="../core/gri_srs_core_2025-06-23.xsd#gri_WaterDischargeBreakdownByWaterCategoriesAxis" xlink:label="loc_gri_WaterDischargeBreakdownByWaterCategoriesAxis" />
    <link:loc xlink:type="locator" xlink:href="../core/gri_srs_core_2025-06-23.xsd#gri_WaterDischargeBreakdownByWaterCategoriesDomain" xlink:label="loc_gri_WaterDischargeBreakdownByWaterCategoriesDomain" />
    <link:presentationArc xlink:type="arc" xlink:arcrole="http://www.xbrl.org/2003/arcrole/parent-child" xlink:from="loc_gri_WaterDischargeBreakdownByWaterCategoriesAxis" xlink:to="loc_gri_WaterDischargeBreakdownByWaterCategoriesDomain" order="1.0" use="optional" />
    <link:loc xlink:type="locator" xlink:href="../core/gri_srs_core_2025-06-23.xsd#gri_WaterWithdrawalBreakdownBySourcesOfWaterAxis" xlink:label="loc_gri_WaterWithdrawalBreakdownBySourcesOfWaterAxis" />
    <link:loc xlink:type="locator" xlink:href="../core/gri_srs_core_2025-06-23.xsd#gri_WaterWithdrawalBreakdownBySourcesOfWaterDomain" xlink:label="loc_gri_WaterWithdrawalBreakdownBySourcesOfWaterDomain" />
    <link:presentationArc xlink:type="arc" xlink:arcrole="http://www.xbrl.org/2003/arcrole/parent-child" xlink:from="loc_gri_WaterWithdrawalBreakdownBySourcesOfWaterAxis" xlink:to="loc_gri_WaterWithdrawalBreakdownBySourcesOfWaterDomain" order="1.0" use="optional" />
    <link:loc xlink:type="locator" xlink:href="../core/gri_srs_core_2025-06-23.xsd#gri_LevelOfExtinctionRiskAxis" xlink:label="loc_gri_LevelOfExtinctionRiskAxis" />
    <link:loc xlink:type="locator" xlink:href="../core/gri_srs_core_2025-06-23.xsd#gri_LevelOfExtinctionRiskDomain" xlink:label="loc_gri_LevelOfExtinctionRiskDomain" />
    <link:presentationArc xlink:type="arc" xlink:arcrole="http://www.xbrl.org/2003/arcrole/parent-child" xlink:from="loc_gri_LevelOfExtinctionRiskAxis" xlink:to="loc_gri_LevelOfExtinctionRiskDomain" order="1.0" use="optional" />
    <link:loc xlink:type="locator" xlink:href="../core/gri_srs_core_2025-06-23.xsd#gri_CategoriesOfSignificantAirEmissionsAxis" xlink:label="loc_gri_CategoriesOfSignificantAirEmissionsAxis" />
    <link:loc xlink:type="locator" xlink:href="../core/gri_srs_core_2025-06-23.xsd#gri_CategoriesOfSignificantAirEmissionsDomain" xlink:label="loc_gri_CategoriesOfSignificantAirEmissionsDomain" />
    <link:presentationArc xlink:type="arc" xlink:arcrole="http://www.xbrl.org/2003/arcrole/parent-child" xlink:from="loc_gri_CategoriesOfSignificantAirEmissionsAxis" xlink:to="loc_gri_CategoriesOfSignificantAirEmissionsDomain" order="1.0" use="optional" />
    <link:loc xlink:type="locator" xlink:href="../core/gri_srs_core_2025-06-23.xsd#gri_WasteDirectedToDisposalBreakdownByDisposalOperationsAxis" xlink:label="loc_gri_WasteDirectedToDisposalBreakdownByDisposalOperationsAxis" />
    <link:loc xlink:type="locator" xlink:href="../core/gri_srs_core_2025-06-23.xsd#gri_WasteDirectedToDisposalBreakdownByDisposalOperationsDomain" xlink:label="loc_gri_WasteDirectedToDisposalBreakdownByDisposalOperationsDomain" />
    <link:presentationArc xlink:type="arc" xlink:arcrole="http://www.xbrl.org/2003/arcrole/parent-child" xlink:from="loc_gri_WasteDirectedToDisposalBreakdownByDisposalOperationsAxis" xlink:to="loc_gri_WasteDirectedToDisposalBreakdownByDisposalOperationsDomain" order="1.0" use="optional" />
    <link:loc xlink:type="locator" xlink:href="../core/gri_srs_core_2025-06-23.xsd#gri_WasteDirectedToDisposalBreakdownByLocationAxis" xlink:label="loc_gri_WasteDirectedToDisposalBreakdownByLocationAxis" />
    <link:loc xlink:type="locator" xlink:href="../core/gri_srs_core_2025-06-23.xsd#gri_WasteDirectedToDisposalBreakdownByLocationDomain" xlink:label="loc_gri_WasteDirectedToDisposalBreakdownByLocationDomain" />
    <link:presentationArc xlink:type="arc" xlink:arcrole="http://www.xbrl.org/2003/arcrole/parent-child" xlink:from="loc_gri_WasteDirectedToDisposalBreakdownByLocationAxis" xlink:to="loc_gri_WasteDirectedToDisposalBreakdownByLocationDomain" order="1.0" use="optional" />
    <link:loc xlink:type="locator" xlink:href="../core/gri_srs_core_2025-06-23.xsd#gri_WasteDivertedFromDisposalBreakdownByRecoveryOperationsAxis" xlink:label="loc_gri_WasteDivertedFromDisposalBreakdownByRecoveryOperationsAxis" />
    <link:loc xlink:type="locator" xlink:href="../core/gri_srs_core_2025-06-23.xsd#gri_WasteDivertedFromDisposalBreakdownByRecoveryOperationsDomain" xlink:label="loc_gri_WasteDivertedFromDisposalBreakdownByRecoveryOperationsDomain" />
    <link:presentationArc xlink:type="arc" xlink:arcrole="http://www.xbrl.org/2003/arcrole/parent-child" xlink:from="loc_gri_WasteDivertedFromDisposalBreakdownByRecoveryOperationsAxis" xlink:to="loc_gri_WasteDivertedFromDisposalBreakdownByRecoveryOperationsDomain" order="1.0" use="optional" />
    <link:loc xlink:type="locator" xlink:href="../core/gri_srs_core_2025-06-23.xsd#gri_WasteDivertedFromDisposalBreakdownByLocationAxis" xlink:label="loc_gri_WasteDivertedFromDisposalBreakdownByLocationAxis" />
    <link:loc xlink:type="locator" xlink:href="../core/gri_srs_core_2025-06-23.xsd#gri_WasteDivertedFromDisposalBreakdownByLocationDomain" xlink:label="loc_gri_WasteDivertedFromDisposalBreakdownByLocationDomain" />
    <link:presentationArc xlink:type="arc" xlink:arcrole="http://www.xbrl.org/2003/arcrole/parent-child" xlink:from="loc_gri_WasteDivertedFromDisposalBreakdownByLocationAxis" xlink:to="loc_gri_WasteDivertedFromDisposalBreakdownByLocationDomain" order="1.0" use="optional" />
    <link:loc xlink:type="locator" xlink:href="../core/gri_srs_core_2025-06-23.xsd#gri_CountryAxis" xlink:label="loc_gri_CountryAxis" />
    <link:loc xlink:type="locator" xlink:href="../core/country-current-PR-2024-01-31/elts.xsd#country_CountryDomain" xlink:label="loc_country_CountryDomain" />
    <link:presentationArc xlink:type="arc" xlink:arcrole="http://www.xbrl.org/2003/arcrole/parent-child" xlink:from="loc_gri_CountryAxis" xlink:to="loc_country_CountryDomain" order="1.0" use="optional" />
    <link:loc xlink:type="locator" xlink:href="../core/gri_srs_core_2025-06-23.xsd#gri_IncidentsOfNonComplianceAxis" xlink:label="loc_gri_IncidentsOfNonComplianceAxis" />
    <link:loc xlink:type="locator" xlink:href="../core/gri_srs_core_2025-06-23.xsd#gri_IncidentsOfNonComplianceDomain" xlink:label="loc_gri_IncidentsOfNonComplianceDomain" />
    <link:presentationArc xlink:type="arc" xlink:arcrole="http://www.xbrl.org/2003/arcrole/parent-child" xlink:from="loc_gri_IncidentsOfNonComplianceAxis" xlink:to="loc_gri_IncidentsOfNonComplianceDomain" order="1.0" use="optional" />
    <link:loc xlink:type="locator" xlink:href="../core/gri_srs_core_2025-06-23.xsd#gri_TypeOfWorkerAxis" xlink:label="loc_gri_TypeOfWorkerAxis" />
    <link:loc xlink:type="locator" xlink:href="../core/gri_srs_core_2025-06-23.xsd#gri_EmployeesAndWorkersDomain" xlink:label="loc_gri_EmployeesAndWorkersDomain" />
    <link:presentationArc xlink:type="arc" xlink:arcrole="http://www.xbrl.org/2003/arcrole/parent-child" xlink:from="loc_gri_TypeOfWorkerAxis" xlink:to="loc_gri_EmployeesAndWorkersDomain" order="1.0" use="optional" />
    <link:loc xlink:type="locator" xlink:href="../core/gri_srs_core_2025-06-23.xsd#gri_TopicsInOilAndGasSectorDeterminedAsNotMaterialAxis" xlink:label="loc_gri_TopicsInOilAndGasSectorDeterminedAsNotMaterialAxis" />
    <link:loc xlink:type="locator" xlink:href="../core/gri_srs_core_2025-06-23.xsd#gri_TopicsInOilAndGasSectorDeterminedAsNotMaterialDomain" xlink:label="loc_gri_TopicsInOilAndGasSectorDeterminedAsNotMaterialDomain" />
    <link:presentationArc xlink:type="arc" xlink:arcrole="http://www.xbrl.org/2003/arcrole/parent-child" xlink:from="loc_gri_TopicsInOilAndGasSectorDeterminedAsNotMaterialAxis" xlink:to="loc_gri_TopicsInOilAndGasSectorDeterminedAsNotMaterialDomain" order="1.0" use="optional" />
    <link:loc xlink:type="locator" xlink:href="../core/gri_srs_core_2025-06-23.xsd#gri_TopicsInCoalSectorDeterminedAsNotMaterialAxis" xlink:label="loc_gri_TopicsInCoalSectorDeterminedAsNotMaterialAxis" />
    <link:loc xlink:type="locator" xlink:href="../core/gri_srs_core_2025-06-23.xsd#gri_TopicsInCoalSectorDeterminedAsNotMaterialDomain" xlink:label="loc_gri_TopicsInCoalSectorDeterminedAsNotMaterialDomain" />
    <link:presentationArc xlink:type="arc" xlink:arcrole="http://www.xbrl.org/2003/arcrole/parent-child" xlink:from="loc_gri_TopicsInCoalSectorDeterminedAsNotMaterialAxis" xlink:to="loc_gri_TopicsInCoalSectorDeterminedAsNotMaterialDomain" order="1.0" use="optional" />
    <link:loc xlink:type="locator" xlink:href="../core/gri_srs_core_2025-06-23.xsd#gri_TopicsInAgricultureAquacultureAndFishingSectorsDeterminedAsNotMaterialAxis" xlink:label="loc_gri_TopicsInAgricultureAquacultureAndFishingSectorsDeterminedAsNotMaterialAxis" />
    <link:loc xlink:type="locator" xlink:href="../core/gri_srs_core_2025-06-23.xsd#gri_TopicsInAgricultureAquacultureAndFishingSectorsDeterminedAsNotMaterialDomain" xlink:label="loc_gri_TopicsInAgricultureAquacultureAndFishingSectorsDeterminedAsNotMaterialDomain" />
    <link:presentationArc xlink:type="arc" xlink:arcrole="http://www.xbrl.org/2003/arcrole/parent-child" xlink:from="loc_gri_TopicsInAgricultureAquacultureAndFishingSectorsDeterminedAsNotMaterialAxis" xlink:to="loc_gri_TopicsInAgricultureAquacultureAndFishingSectorsDeterminedAsNotMaterialDomain" order="1.0" use="optional" />
    <link:loc xlink:type="locator" xlink:href="../core/gri_srs_core_2025-06-23.xsd#gri_TopicsInMiningSectorDeterminedAsNotMaterialAxis" xlink:label="loc_gri_TopicsInMiningSectorDeterminedAsNotMaterialAxis" />
    <link:loc xlink:type="locator" xlink:href="../core/gri_srs_core_2025-06-23.xsd#gri_TopicsInMiningSectorDeterminedAsNotMaterialDomain" xlink:label="loc_gri_TopicsInMiningSectorDeterminedAsNotMaterialDomain" />
    <link:presentationArc xlink:type="arc" xlink:arcrole="http://www.xbrl.org/2003/arcrole/parent-child" xlink:from="loc_gri_TopicsInMiningSectorDeterminedAsNotMaterialAxis" xlink:to="loc_gri_TopicsInMiningSectorDeterminedAsNotMaterialDomain" order="1.0" use="optional" />
    <link:loc xlink:type="locator" xlink:href="../core/gri_srs_core_2025-06-23.xsd#gri_AgeGroupAxis" xlink:label="loc_gri_AgeGroupAxis" />
    <link:loc xlink:type="locator" xlink:href="../core/gri_srs_core_2025-06-23.xsd#gri_AgeGroupDomain" xlink:label="loc_gri_AgeGroupDomain" />
    <link:presentationArc xlink:type="arc" xlink:arcrole="http://www.xbrl.org/2003/arcrole/parent-child" xlink:from="loc_gri_AgeGroupAxis" xlink:to="loc_gri_AgeGroupDomain" order="1.0" use="optional" />
    <link:loc xlink:type="locator" xlink:href="../core/gri_srs_core_2025-06-23.xsd#gri_ThirdPartyWaterWithdrawalBreakdownBySourcesOfWaterAxis" xlink:label="loc_gri_ThirdPartyWaterWithdrawalBreakdownBySourcesOfWaterAxis" />
    <link:loc xlink:type="locator" xlink:href="../core/gri_srs_core_2025-06-23.xsd#gri_ThirdPartyWaterWithdrawalBreakdownBySourcesOfWaterDomain" xlink:label="loc_gri_ThirdPartyWaterWithdrawalBreakdownBySourcesOfWaterDomain" />
    <link:presentationArc xlink:type="arc" xlink:arcrole="http://www.xbrl.org/2003/arcrole/parent-child" xlink:from="loc_gri_ThirdPartyWaterWithdrawalBreakdownBySourcesOfWaterAxis" xlink:to="loc_gri_ThirdPartyWaterWithdrawalBreakdownBySourcesOfWaterDomain" order="1.0" use="optional" />
    <link:loc xlink:type="locator" xlink:href="../core/gri_srs_core_2025-06-23.xsd#gri_WaterWithdrawalBreakdownByWaterCategoriesAxis" xlink:label="loc_gri_WaterWithdrawalBreakdownByWaterCategoriesAxis" />
    <link:loc xlink:type="locator" xlink:href="../core/gri_srs_core_2025-06-23.xsd#gri_WaterWithdrawalBreakdownByWaterCategoriesDomain" xlink:label="loc_gri_WaterWithdrawalBreakdownByWaterCategoriesDomain" />
    <link:presentationArc xlink:type="arc" xlink:arcrole="http://www.xbrl.org/2003/arcrole/parent-child" xlink:from="loc_gri_WaterWithdrawalBreakdownByWaterCategoriesAxis" xlink:to="loc_gri_WaterWithdrawalBreakdownByWaterCategoriesDomain" order="11.0" use="optional" />
  </link:presentationLink>
</link:linkbase>