﻿<?xml version="1.0" encoding="utf-8"?>
<!-- Generated by GRI Taxonomy Editor-->
<link:linkbase xsi:schemaLocation="http://www.xbrl.org/2003/linkbase http://www.xbrl.org/2003/xbrl-linkbase-2003-12-31.xsd http://www.xbrl.org/2003/instance http://www.xbrl.org/2003/xbrl-instance-2003-12-31.xsd http://www.w3.org/1999/xlink http://www.xbrl.org/2003/xlink-2003-12-31.xsd " xmlns:link="http://www.xbrl.org/2003/linkbase" xmlns:xbrli="http://www.xbrl.org/2003/instance" xmlns:xlink="http://www.w3.org/1999/xlink" xmlns:xsi="http://www.w3.org/2001/XMLSchema-instance">
  <!-- Role Ref -->
  <link:roleRef roleURI="https://taxonomy.globalreporting.org/gri-sustainability-taxonomy/gri_srs/gri_srs_role/role_gri_206" xlink:type="simple" xlink:href="role_gri_srs_2025-06-23.xsd#role_gri_206" />
  <link:presentationLink xlink:type="extended" xlink:role="https://taxonomy.globalreporting.org/gri-sustainability-taxonomy/gri_srs/gri_srs_role/role_gri_206">
    <link:loc xlink:type="locator" xlink:href="../core/gri_srs_core_2025-06-23.xsd#gri_DisclosureOfAntiCompetitiveBehaviorAbstract" xlink:label="loc_gri_DisclosureOfAntiCompetitiveBehaviorAbstract" />
    <link:loc xlink:type="locator" xlink:href="../core/gri_srs_core_2025-06-23.xsd#gri_DisclosureOfLegalActionsForAntiCompetitiveBehaviorAntiTrustAndMonopolyPracticesAbstract" xlink:label="loc_gri_DisclosureOfLegalActionsForAntiCompetitiveBehaviorAntiTrustAndMonopolyPracticesAbstract" />
    <link:presentationArc xlink:type="arc" xlink:arcrole="http://www.xbrl.org/2003/arcrole/parent-child" xlink:from="loc_gri_DisclosureOfAntiCompetitiveBehaviorAbstract" xlink:to="loc_gri_DisclosureOfLegalActionsForAntiCompetitiveBehaviorAntiTrustAndMonopolyPracticesAbstract" order="1.0" preferredLabel="http://www.xbrl.org/2003/role/terseLabel" use="optional" />
    <link:loc xlink:type="locator" xlink:href="../core/gri_srs_core_2025-06-23.xsd#gri_NumberOfLegalActionsPendingDuringReportingPeriodRegardingAntiCompetitiveBehaviorInWhichOrganizationHasBeenIdentifiedAsParticipant" xlink:label="loc_gri_NumberOfLegalActionsPendingDuringReportingPeriodRegardingAntiCompetitiveBehaviorInWhichOrganizationHasBeenIdentifiedAsParticipant" />
    <link:presentationArc xlink:type="arc" xlink:arcrole="http://www.xbrl.org/2003/arcrole/parent-child" xlink:from="loc_gri_DisclosureOfLegalActionsForAntiCompetitiveBehaviorAntiTrustAndMonopolyPracticesAbstract" xlink:to="loc_gri_NumberOfLegalActionsPendingDuringReportingPeriodRegardingAntiCompetitiveBehaviorInWhichOrganizationHasBeenIdentifiedAsParticipant" order="1.0" preferredLabel="http://www.xbrl.org/2003/role/verboseLabel" use="optional" />
    <link:loc xlink:type="locator" xlink:href="../core/gri_srs_core_2025-06-23.xsd#gri_NumberOfLegalActionsCompletedDuringReportingPeriodRegardingAntiCompetitiveBehaviorInWhichOrganizationHasBeenIdentifiedAsParticipant" xlink:label="loc_gri_NumberOfLegalActionsCompletedDuringReportingPeriodRegardingAntiCompetitiveBehaviorInWhichOrganizationHasBeenIdentifiedAsParticipant" />
    <link:presentationArc xlink:type="arc" xlink:arcrole="http://www.xbrl.org/2003/arcrole/parent-child" xlink:from="loc_gri_DisclosureOfLegalActionsForAntiCompetitiveBehaviorAntiTrustAndMonopolyPracticesAbstract" xlink:to="loc_gri_NumberOfLegalActionsCompletedDuringReportingPeriodRegardingAntiCompetitiveBehaviorInWhichOrganizationHasBeenIdentifiedAsParticipant" order="2.0" preferredLabel="http://www.xbrl.org/2003/role/verboseLabel" use="optional" />
    <link:loc xlink:type="locator" xlink:href="../core/gri_srs_core_2025-06-23.xsd#gri_NumberOfLegalActionsPendingDuringReportingPeriodRegardingViolationsOfAntiTrustAndMonopolyLegislationInWhichOrganizationHasBeenIdentifiedAsParticipant" xlink:label="loc_gri_NumberOfLegalActionsPendingDuringReportingPeriodRegardingViolationsOfAntiTrustAndMonopolyLegislationInWhichOrganizationHasBeenIdentifiedAsParticipant" />
    <link:presentationArc xlink:type="arc" xlink:arcrole="http://www.xbrl.org/2003/arcrole/parent-child" xlink:from="loc_gri_DisclosureOfLegalActionsForAntiCompetitiveBehaviorAntiTrustAndMonopolyPracticesAbstract" xlink:to="loc_gri_NumberOfLegalActionsPendingDuringReportingPeriodRegardingViolationsOfAntiTrustAndMonopolyLegislationInWhichOrganizationHasBeenIdentifiedAsParticipant" order="3.0" preferredLabel="http://www.xbrl.org/2003/role/verboseLabel" use="optional" />
    <link:loc xlink:type="locator" xlink:href="../core/gri_srs_core_2025-06-23.xsd#gri_NumberOfLegalActionsCompletedDuringReportingPeriodRegardingViolationsOfAntiTrustAndMonopolyLegislationInWhichOrganizationHasBeenIdentifiedAsParticipant" xlink:label="loc_gri_NumberOfLegalActionsCompletedDuringReportingPeriodRegardingViolationsOfAntiTrustAndMonopolyLegislationInWhichOrganizationHasBeenIdentifiedAsParticipant" />
    <link:presentationArc xlink:type="arc" xlink:arcrole="http://www.xbrl.org/2003/arcrole/parent-child" xlink:from="loc_gri_DisclosureOfLegalActionsForAntiCompetitiveBehaviorAntiTrustAndMonopolyPracticesAbstract" xlink:to="loc_gri_NumberOfLegalActionsCompletedDuringReportingPeriodRegardingViolationsOfAntiTrustAndMonopolyLegislationInWhichOrganizationHasBeenIdentifiedAsParticipant" order="4.0" preferredLabel="http://www.xbrl.org/2003/role/verboseLabel" use="optional" />
    <link:loc xlink:type="locator" xlink:href="../core/gri_srs_core_2025-06-23.xsd#gri_DescriptionOfMainOutcomesOfCompletedLegalActionsIncludingAnyDecisionsOrJudgementsTextBlock" xlink:label="loc_gri_DescriptionOfMainOutcomesOfCompletedLegalActionsIncludingAnyDecisionsOrJudgementsTextBlock" />
    <link:presentationArc xlink:type="arc" xlink:arcrole="http://www.xbrl.org/2003/arcrole/parent-child" xlink:from="loc_gri_DisclosureOfLegalActionsForAntiCompetitiveBehaviorAntiTrustAndMonopolyPracticesAbstract" xlink:to="loc_gri_DescriptionOfMainOutcomesOfCompletedLegalActionsIncludingAnyDecisionsOrJudgementsTextBlock" order="4.0" preferredLabel="http://www.xbrl.org/2003/role/verboseLabel" use="optional" />
  </link:presentationLink>
</link:linkbase>