﻿<?xml version="1.0" encoding="utf-8"?>
<!-- Generated by GRI Taxonomy Editor-->
<link:linkbase xsi:schemaLocation="http://www.xbrl.org/2003/linkbase http://www.xbrl.org/2003/xbrl-linkbase-2003-12-31.xsd http://www.xbrl.org/2003/instance http://www.xbrl.org/2003/xbrl-instance-2003-12-31.xsd http://www.w3.org/1999/xlink http://www.xbrl.org/2003/xlink-2003-12-31.xsd " xmlns:link="http://www.xbrl.org/2003/linkbase" xmlns:xbrli="http://www.xbrl.org/2003/instance" xmlns:xlink="http://www.w3.org/1999/xlink" xmlns:xsi="http://www.w3.org/2001/XMLSchema-instance">
  <!-- Role Ref -->
  <link:roleRef roleURI="https://taxonomy.globalreporting.org/gri-sustainability-taxonomy/gri_srs/gri_srs_role/role_gri_306_2020" xlink:type="simple" xlink:href="role_gri_srs_2025-06-23.xsd#role_gri_306_2020" />
  <link:presentationLink xlink:type="extended" xlink:role="https://taxonomy.globalreporting.org/gri-sustainability-taxonomy/gri_srs/gri_srs_role/role_gri_306_2020">
    <link:loc xlink:type="locator" xlink:href="../core/gri_srs_core_2025-06-23.xsd#gri_DisclosureOfWasteAbstract" xlink:label="loc_gri_DisclosureOfWasteAbstract" />
    <link:loc xlink:type="locator" xlink:href="../core/gri_srs_core_2025-06-23.xsd#gri_DisclosureOfWasteGenerationAndSignificantWasteRelatedImpactsAbstract" xlink:label="loc_gri_DisclosureOfWasteGenerationAndSignificantWasteRelatedImpactsAbstract" />
    <link:presentationArc xlink:type="arc" xlink:arcrole="http://www.xbrl.org/2003/arcrole/parent-child" xlink:from="loc_gri_DisclosureOfWasteAbstract" xlink:to="loc_gri_DisclosureOfWasteGenerationAndSignificantWasteRelatedImpactsAbstract" order="1.0" preferredLabel="http://www.xbrl.org/2003/role/terseLabel" use="optional" />
    <link:loc xlink:type="locator" xlink:href="../core/gri_srs_core_2025-06-23.xsd#gri_DescriptionOfInputsThatLeadOrCouldLeadToSignificantActualAndPotentialWasteRelatedImpactsTextBlock" xlink:label="loc_gri_DescriptionOfInputsThatLeadOrCouldLeadToSignificantActualAndPotentialWasteRelatedImpactsTextBlock" />
    <link:presentationArc xlink:type="arc" xlink:arcrole="http://www.xbrl.org/2003/arcrole/parent-child" xlink:from="loc_gri_DisclosureOfWasteGenerationAndSignificantWasteRelatedImpactsAbstract" xlink:to="loc_gri_DescriptionOfInputsThatLeadOrCouldLeadToSignificantActualAndPotentialWasteRelatedImpactsTextBlock" order="1.0" preferredLabel="http://www.xbrl.org/2003/role/verboseLabel" use="optional" />
    <link:loc xlink:type="locator" xlink:href="../core/gri_srs_core_2025-06-23.xsd#gri_DescriptionOfActivitiesThatLeadOrCouldLeadToSignificantActualAndPotentialWasteRelatedImpactsTextBlock" xlink:label="loc_gri_DescriptionOfActivitiesThatLeadOrCouldLeadToSignificantActualAndPotentialWasteRelatedImpactsTextBlock" />
    <link:presentationArc xlink:type="arc" xlink:arcrole="http://www.xbrl.org/2003/arcrole/parent-child" xlink:from="loc_gri_DisclosureOfWasteGenerationAndSignificantWasteRelatedImpactsAbstract" xlink:to="loc_gri_DescriptionOfActivitiesThatLeadOrCouldLeadToSignificantActualAndPotentialWasteRelatedImpactsTextBlock" order="2.0" preferredLabel="http://www.xbrl.org/2003/role/verboseLabel" use="optional" />
    <link:loc xlink:type="locator" xlink:href="../core/gri_srs_core_2025-06-23.xsd#gri_DescriptionOfOutputsThatLeadOrCouldLeadToSignificantActualAndPotentialWasteRelatedImpactsTextBlock" xlink:label="loc_gri_DescriptionOfOutputsThatLeadOrCouldLeadToSignificantActualAndPotentialWasteRelatedImpactsTextBlock" />
    <link:presentationArc xlink:type="arc" xlink:arcrole="http://www.xbrl.org/2003/arcrole/parent-child" xlink:from="loc_gri_DisclosureOfWasteGenerationAndSignificantWasteRelatedImpactsAbstract" xlink:to="loc_gri_DescriptionOfOutputsThatLeadOrCouldLeadToSignificantActualAndPotentialWasteRelatedImpactsTextBlock" order="3.0" preferredLabel="http://www.xbrl.org/2003/role/verboseLabel" use="optional" />
    <link:loc xlink:type="locator" xlink:href="../core/gri_srs_core_2025-06-23.xsd#gri_DescriptionOfWhetherSignificantActualAndPotentialWasteRelatedImpactsRelateToWasteGeneratedInOrganizationsOwnActivitiesOrToWasteGeneratedUpstreamOrDownstreamInItsValueChainTextBlock" xlink:label="loc_gri_DescriptionOfWhetherSignificantActualAndPotentialWasteRelatedImpactsRelateToWasteGeneratedInOrganizationsOwnActivitiesOrToWasteGeneratedUpstreamOrDownstreamInItsValueChainTextBlock" />
    <link:presentationArc xlink:type="arc" xlink:arcrole="http://www.xbrl.org/2003/arcrole/parent-child" xlink:from="loc_gri_DisclosureOfWasteGenerationAndSignificantWasteRelatedImpactsAbstract" xlink:to="loc_gri_DescriptionOfWhetherSignificantActualAndPotentialWasteRelatedImpactsRelateToWasteGeneratedInOrganizationsOwnActivitiesOrToWasteGeneratedUpstreamOrDownstreamInItsValueChainTextBlock" order="4.0" preferredLabel="http://www.xbrl.org/2003/role/verboseLabel" use="optional" />
    <link:loc xlink:type="locator" xlink:href="../core/gri_srs_core_2025-06-23.xsd#gri_DisclosureOfManagementOfSignificantWasteRelatedImpactsAbstract" xlink:label="loc_gri_DisclosureOfManagementOfSignificantWasteRelatedImpactsAbstract" />
    <link:presentationArc xlink:type="arc" xlink:arcrole="http://www.xbrl.org/2003/arcrole/parent-child" xlink:from="loc_gri_DisclosureOfWasteAbstract" xlink:to="loc_gri_DisclosureOfManagementOfSignificantWasteRelatedImpactsAbstract" order="2.0" preferredLabel="http://www.xbrl.org/2003/role/terseLabel" use="optional" />
    <link:loc xlink:type="locator" xlink:href="../core/gri_srs_core_2025-06-23.xsd#gri_DescriptionOfActionsIncludingCircularityMeasuresTakenToPreventWasteGenerationInOrganizationsOwnActivitiesAndUpstreamAndDownstreamInItsValueChainTextBlock" xlink:label="loc_gri_DescriptionOfActionsIncludingCircularityMeasuresTakenToPreventWasteGenerationInOrganizationsOwnActivitiesAndUpstreamAndDownstreamInItsValueChainTextBlock" />
    <link:presentationArc xlink:type="arc" xlink:arcrole="http://www.xbrl.org/2003/arcrole/parent-child" xlink:from="loc_gri_DisclosureOfManagementOfSignificantWasteRelatedImpactsAbstract" xlink:to="loc_gri_DescriptionOfActionsIncludingCircularityMeasuresTakenToPreventWasteGenerationInOrganizationsOwnActivitiesAndUpstreamAndDownstreamInItsValueChainTextBlock" order="1.0" preferredLabel="http://www.xbrl.org/2003/role/verboseLabel" use="optional" />
    <link:loc xlink:type="locator" xlink:href="../core/gri_srs_core_2025-06-23.xsd#gri_DescriptionOfActionsTakenToManageSignificantImpactsFromWasteGeneratedTextBlock" xlink:label="loc_gri_DescriptionOfActionsTakenToManageSignificantImpactsFromWasteGeneratedTextBlock" />
    <link:presentationArc xlink:type="arc" xlink:arcrole="http://www.xbrl.org/2003/arcrole/parent-child" xlink:from="loc_gri_DisclosureOfManagementOfSignificantWasteRelatedImpactsAbstract" xlink:to="loc_gri_DescriptionOfActionsTakenToManageSignificantImpactsFromWasteGeneratedTextBlock" order="2.0" preferredLabel="http://www.xbrl.org/2003/role/verboseLabel" use="optional" />
    <link:loc xlink:type="locator" xlink:href="../core/gri_srs_core_2025-06-23.xsd#gri_WhetherWasteGeneratedByOrganizationInItsOwnActivitiesIsManagedByThirdParty" xlink:label="loc_gri_WhetherWasteGeneratedByOrganizationInItsOwnActivitiesIsManagedByThirdParty" />
    <link:presentationArc xlink:type="arc" xlink:arcrole="http://www.xbrl.org/2003/arcrole/parent-child" xlink:from="loc_gri_DisclosureOfManagementOfSignificantWasteRelatedImpactsAbstract" xlink:to="loc_gri_WhetherWasteGeneratedByOrganizationInItsOwnActivitiesIsManagedByThirdParty" order="3.0" preferredLabel="http://www.xbrl.org/2003/role/verboseLabel" use="optional" />
    <link:loc xlink:type="locator" xlink:href="../core/gri_srs_core_2025-06-23.xsd#gri_DescriptionOfProcessesUsedToDetermineWhetherThirdPartyManagesWasteInLineWithContractualOrLegislativeObligationsTextBlock" xlink:label="loc_gri_DescriptionOfProcessesUsedToDetermineWhetherThirdPartyManagesWasteInLineWithContractualOrLegislativeObligationsTextBlock" />
    <link:presentationArc xlink:type="arc" xlink:arcrole="http://www.xbrl.org/2003/arcrole/parent-child" xlink:from="loc_gri_DisclosureOfManagementOfSignificantWasteRelatedImpactsAbstract" xlink:to="loc_gri_DescriptionOfProcessesUsedToDetermineWhetherThirdPartyManagesWasteInLineWithContractualOrLegislativeObligationsTextBlock" order="4.0" preferredLabel="http://www.xbrl.org/2003/role/verboseLabel" use="optional" />
    <link:loc xlink:type="locator" xlink:href="../core/gri_srs_core_2025-06-23.xsd#gri_DescriptionOfProcessesUsedToCollectAndMonitorWasteRelatedDataTextBlock" xlink:label="loc_gri_DescriptionOfProcessesUsedToCollectAndMonitorWasteRelatedDataTextBlock" />
    <link:presentationArc xlink:type="arc" xlink:arcrole="http://www.xbrl.org/2003/arcrole/parent-child" xlink:from="loc_gri_DisclosureOfManagementOfSignificantWasteRelatedImpactsAbstract" xlink:to="loc_gri_DescriptionOfProcessesUsedToCollectAndMonitorWasteRelatedDataTextBlock" order="5.0" preferredLabel="http://www.xbrl.org/2003/role/verboseLabel" use="optional" />
    <link:loc xlink:type="locator" xlink:href="../core/gri_srs_core_2025-06-23.xsd#gri_DisclosureOfWasteGeneratedAbstract" xlink:label="loc_gri_DisclosureOfWasteGeneratedAbstract" />
    <link:presentationArc xlink:type="arc" xlink:arcrole="http://www.xbrl.org/2003/arcrole/parent-child" xlink:from="loc_gri_DisclosureOfWasteAbstract" xlink:to="loc_gri_DisclosureOfWasteGeneratedAbstract" order="3.0" preferredLabel="http://www.xbrl.org/2003/role/terseLabel" use="optional" />
    <link:loc xlink:type="locator" xlink:href="../core/gri_srs_core_2025-06-23.xsd#gri_WeightOfWasteGenerated" xlink:label="loc_gri_WeightOfWasteGenerated" />
    <link:presentationArc xlink:type="arc" xlink:arcrole="http://www.xbrl.org/2003/arcrole/parent-child" xlink:from="loc_gri_DisclosureOfWasteGeneratedAbstract" xlink:to="loc_gri_WeightOfWasteGenerated" order="1.0" preferredLabel="http://www.xbrl.org/2003/role/totalLabel" use="optional" />
    <link:loc xlink:type="locator" xlink:href="../core/gri_srs_core_2025-06-23.xsd#gri_CategoryOfWasteCompositionAbstract" xlink:label="loc_gri_CategoryOfWasteCompositionAbstract" />
    <link:presentationArc xlink:type="arc" xlink:arcrole="http://www.xbrl.org/2003/arcrole/parent-child" xlink:from="loc_gri_DisclosureOfWasteGeneratedAbstract" xlink:to="loc_gri_CategoryOfWasteCompositionAbstract" order="2.0" use="optional" />
    <link:loc xlink:type="locator" xlink:href="../core/gri_srs_core_2025-06-23.xsd#gri_CategoryOfWasteCompositionTable" xlink:label="loc_gri_CategoryOfWasteCompositionTable" />
    <link:presentationArc xlink:type="arc" xlink:arcrole="http://www.xbrl.org/2003/arcrole/parent-child" xlink:from="loc_gri_CategoryOfWasteCompositionAbstract" xlink:to="loc_gri_CategoryOfWasteCompositionTable" order="1.0" use="optional" />
    <link:loc xlink:type="locator" xlink:href="../core/gri_srs_core_2025-06-23.xsd#gri_CategoryOfWasteCompositionAxis" xlink:label="loc_gri_CategoryOfWasteCompositionAxis" />
    <link:presentationArc xlink:type="arc" xlink:arcrole="http://www.xbrl.org/2003/arcrole/parent-child" xlink:from="loc_gri_CategoryOfWasteCompositionTable" xlink:to="loc_gri_CategoryOfWasteCompositionAxis" order="1.0" use="optional" />
    <link:loc xlink:type="locator" xlink:href="../core/gri_srs_core_2025-06-23.xsd#gri_CategoryOfWasteCompositionLineItems" xlink:label="loc_gri_CategoryOfWasteCompositionLineItems" />
    <link:presentationArc xlink:type="arc" xlink:arcrole="http://www.xbrl.org/2003/arcrole/parent-child" xlink:from="loc_gri_CategoryOfWasteCompositionAbstract" xlink:to="loc_gri_CategoryOfWasteCompositionLineItems" order="2.0" use="optional" />
    <link:loc xlink:type="locator" xlink:href="../core/gri_srs_core_2025-06-23.xsd#gri_WeightOfWasteGenerated" xlink:label="loc_gri_WeightOfWasteGenerated_1" />
    <link:presentationArc xlink:type="arc" xlink:arcrole="http://www.xbrl.org/2003/arcrole/parent-child" xlink:from="loc_gri_CategoryOfWasteCompositionLineItems" xlink:to="loc_gri_WeightOfWasteGenerated_1" order="1.0" preferredLabel="http://www.xbrl.org/2003/role/verboseLabel" use="optional" />
    <link:loc xlink:type="locator" xlink:href="../core/gri_srs_core_2025-06-23.xsd#gri_ReasonForOmissionRelatedToWeightOfWasteGenerated" xlink:label="loc_gri_ReasonForOmissionRelatedToWeightOfWasteGenerated_1" />
    <link:presentationArc xlink:type="arc" xlink:arcrole="http://www.xbrl.org/2003/arcrole/parent-child" xlink:from="loc_gri_WeightOfWasteGenerated_1" xlink:to="loc_gri_ReasonForOmissionRelatedToWeightOfWasteGenerated_1" order="1.0" preferredLabel="http://www.xbrl.org/2003/role/verboseLabel" use="optional" />
    <link:loc xlink:type="locator" xlink:href="../core/gri_srs_core_2025-06-23.xsd#gri_ExplanationForReasonForOmissionRelatedToWeightOfWasteGeneratedTextBlock" xlink:label="loc_gri_ExplanationForReasonForOmissionRelatedToWeightOfWasteGeneratedTextBlock_1" />
    <link:presentationArc xlink:type="arc" xlink:arcrole="http://www.xbrl.org/2003/arcrole/parent-child" xlink:from="loc_gri_WeightOfWasteGenerated_1" xlink:to="loc_gri_ExplanationForReasonForOmissionRelatedToWeightOfWasteGeneratedTextBlock_1" order="2.0" preferredLabel="http://www.xbrl.org/2003/role/verboseLabel" use="optional" />
    <link:loc xlink:type="locator" xlink:href="../core/gri_srs_core_2025-06-23.xsd#gri_DescriptionOfContextualInformationNecessaryToUnderstandDataAndHowDataHasBeenCompiled3063TextBlock" xlink:label="loc_gri_DescriptionOfContextualInformationNecessaryToUnderstandDataAndHowDataHasBeenCompiled3063TextBlock" />
    <link:presentationArc xlink:type="arc" xlink:arcrole="http://www.xbrl.org/2003/arcrole/parent-child" xlink:from="loc_gri_DisclosureOfWasteGeneratedAbstract" xlink:to="loc_gri_DescriptionOfContextualInformationNecessaryToUnderstandDataAndHowDataHasBeenCompiled3063TextBlock" order="3.0" preferredLabel="http://www.xbrl.org/2003/role/verboseLabel" use="optional" />
    <link:loc xlink:type="locator" xlink:href="../core/gri_srs_core_2025-06-23.xsd#gri_DisclosureOfWasteDivertedFromDisposalAbstract" xlink:label="loc_gri_DisclosureOfWasteDivertedFromDisposalAbstract" />
    <link:presentationArc xlink:type="arc" xlink:arcrole="http://www.xbrl.org/2003/arcrole/parent-child" xlink:from="loc_gri_DisclosureOfWasteAbstract" xlink:to="loc_gri_DisclosureOfWasteDivertedFromDisposalAbstract" order="4.0" preferredLabel="http://www.xbrl.org/2003/role/terseLabel" use="optional" />
    <link:loc xlink:type="locator" xlink:href="../core/gri_srs_core_2025-06-23.xsd#gri_WeightOfWasteDivertedFromDisposal" xlink:label="loc_gri_WeightOfWasteDivertedFromDisposal" />
    <link:presentationArc xlink:type="arc" xlink:arcrole="http://www.xbrl.org/2003/arcrole/parent-child" xlink:from="loc_gri_DisclosureOfWasteDivertedFromDisposalAbstract" xlink:to="loc_gri_WeightOfWasteDivertedFromDisposal" order="1.0" preferredLabel="http://www.xbrl.org/2003/role/totalLabel" use="optional" />
    <link:loc xlink:type="locator" xlink:href="../core/gri_srs_core_2025-06-23.xsd#gri_WeightOfHazardousWasteDivertedFromDisposal" xlink:label="loc_gri_WeightOfHazardousWasteDivertedFromDisposal" />
    <link:presentationArc xlink:type="arc" xlink:arcrole="http://www.xbrl.org/2003/arcrole/parent-child" xlink:from="loc_gri_DisclosureOfWasteDivertedFromDisposalAbstract" xlink:to="loc_gri_WeightOfHazardousWasteDivertedFromDisposal" order="2.0" preferredLabel="http://www.xbrl.org/2003/role/totalLabel" use="optional" />
    <link:loc xlink:type="locator" xlink:href="../core/gri_srs_core_2025-06-23.xsd#gri_WeightOfNonHazardousWasteDivertedFromDisposal" xlink:label="loc_gri_WeightOfNonHazardousWasteDivertedFromDisposal" />
    <link:presentationArc xlink:type="arc" xlink:arcrole="http://www.xbrl.org/2003/arcrole/parent-child" xlink:from="loc_gri_DisclosureOfWasteDivertedFromDisposalAbstract" xlink:to="loc_gri_WeightOfNonHazardousWasteDivertedFromDisposal" order="3.0" preferredLabel="http://www.xbrl.org/2003/role/totalLabel" use="optional" />
    <link:loc xlink:type="locator" xlink:href="../core/gri_srs_core_2025-06-23.xsd#gri_WasteDivertedFromDisposalBreakdownByCompositionOfWasteAbstract" xlink:label="loc_gri_WasteDivertedFromDisposalBreakdownByCompositionOfWasteAbstract" />
    <link:presentationArc xlink:type="arc" xlink:arcrole="http://www.xbrl.org/2003/arcrole/parent-child" xlink:from="loc_gri_DisclosureOfWasteDivertedFromDisposalAbstract" xlink:to="loc_gri_WasteDivertedFromDisposalBreakdownByCompositionOfWasteAbstract" order="4.0" use="optional" />
    <link:loc xlink:type="locator" xlink:href="../core/gri_srs_core_2025-06-23.xsd#gri_WasteDivertedFromDisposalBreakdownByCompositionOfWasteTable" xlink:label="loc_gri_WasteDivertedFromDisposalBreakdownByCompositionOfWasteTable" />
    <link:presentationArc xlink:type="arc" xlink:arcrole="http://www.xbrl.org/2003/arcrole/parent-child" xlink:from="loc_gri_WasteDivertedFromDisposalBreakdownByCompositionOfWasteAbstract" xlink:to="loc_gri_WasteDivertedFromDisposalBreakdownByCompositionOfWasteTable" order="1.0" use="optional" />
    <link:loc xlink:type="locator" xlink:href="../core/gri_srs_core_2025-06-23.xsd#gri_CategoryOfWasteCompositionAxis" xlink:label="loc_gri_CategoryOfWasteCompositionAxis_1" />
    <link:presentationArc xlink:type="arc" xlink:arcrole="http://www.xbrl.org/2003/arcrole/parent-child" xlink:from="loc_gri_WasteDivertedFromDisposalBreakdownByCompositionOfWasteTable" xlink:to="loc_gri_CategoryOfWasteCompositionAxis_1" order="1.0" use="optional" />
    <link:loc xlink:type="locator" xlink:href="../core/gri_srs_core_2025-06-23.xsd#gri_WasteDivertedFromDisposalBreakdownByCompositionOfWasteLineItems" xlink:label="loc_gri_WasteDivertedFromDisposalBreakdownByCompositionOfWasteLineItems" />
    <link:presentationArc xlink:type="arc" xlink:arcrole="http://www.xbrl.org/2003/arcrole/parent-child" xlink:from="loc_gri_WasteDivertedFromDisposalBreakdownByCompositionOfWasteAbstract" xlink:to="loc_gri_WasteDivertedFromDisposalBreakdownByCompositionOfWasteLineItems" order="2.0" use="optional" />
    <link:loc xlink:type="locator" xlink:href="../core/gri_srs_core_2025-06-23.xsd#gri_WeightOfWasteDivertedFromDisposal" xlink:label="loc_gri_WeightOfWasteDivertedFromDisposal_1" />
    <link:presentationArc xlink:type="arc" xlink:arcrole="http://www.xbrl.org/2003/arcrole/parent-child" xlink:from="loc_gri_WasteDivertedFromDisposalBreakdownByCompositionOfWasteLineItems" xlink:to="loc_gri_WeightOfWasteDivertedFromDisposal_1" order="1.0" preferredLabel="http://www.xbrl.org/2003/role/verboseLabel" use="optional" />
    <link:loc xlink:type="locator" xlink:href="../core/gri_srs_core_2025-06-23.xsd#gri_ReasonForOmissionRelatedToWeightOfWasteDivertedFromDisposal" xlink:label="loc_gri_ReasonForOmissionRelatedToWeightOfWasteDivertedFromDisposal_1" />
    <link:presentationArc xlink:type="arc" xlink:arcrole="http://www.xbrl.org/2003/arcrole/parent-child" xlink:from="loc_gri_WeightOfWasteDivertedFromDisposal_1" xlink:to="loc_gri_ReasonForOmissionRelatedToWeightOfWasteDivertedFromDisposal_1" order="1.0" preferredLabel="http://www.xbrl.org/2003/role/verboseLabel" use="optional" />
    <link:loc xlink:type="locator" xlink:href="../core/gri_srs_core_2025-06-23.xsd#gri_ExplanationForReasonForOmissionRelatedToWeightOfWasteDivertedFromDisposalTextBlock" xlink:label="loc_gri_ExplanationForReasonForOmissionRelatedToWeightOfWasteDivertedFromDisposalTextBlock_1" />
    <link:presentationArc xlink:type="arc" xlink:arcrole="http://www.xbrl.org/2003/arcrole/parent-child" xlink:from="loc_gri_WeightOfWasteDivertedFromDisposal_1" xlink:to="loc_gri_ExplanationForReasonForOmissionRelatedToWeightOfWasteDivertedFromDisposalTextBlock_1" order="2.0" preferredLabel="http://www.xbrl.org/2003/role/verboseLabel" use="optional" />
    <link:loc xlink:type="locator" xlink:href="../core/gri_srs_core_2025-06-23.xsd#gri_WasteDivertedFromDisposalBreakdownByRecoveryOperationAbstract" xlink:label="loc_gri_WasteDivertedFromDisposalBreakdownByRecoveryOperationAbstract" />
    <link:presentationArc xlink:type="arc" xlink:arcrole="http://www.xbrl.org/2003/arcrole/parent-child" xlink:from="loc_gri_DisclosureOfWasteDivertedFromDisposalAbstract" xlink:to="loc_gri_WasteDivertedFromDisposalBreakdownByRecoveryOperationAbstract" order="5.0" use="optional" />
    <link:loc xlink:type="locator" xlink:href="../core/gri_srs_core_2025-06-23.xsd#gri_WasteDivertedFromDisposalBreakdownByRecoveryOperationTable" xlink:label="loc_gri_WasteDivertedFromDisposalBreakdownByRecoveryOperationTable" />
    <link:presentationArc xlink:type="arc" xlink:arcrole="http://www.xbrl.org/2003/arcrole/parent-child" xlink:from="loc_gri_WasteDivertedFromDisposalBreakdownByRecoveryOperationAbstract" xlink:to="loc_gri_WasteDivertedFromDisposalBreakdownByRecoveryOperationTable" order="1.0" use="optional" />
    <link:loc xlink:type="locator" xlink:href="../core/gri_srs_core_2025-06-23.xsd#gri_WasteDivertedFromDisposalBreakdownByRecoveryOperationsAxis" xlink:label="loc_gri_WasteDivertedFromDisposalBreakdownByRecoveryOperationsAxis" />
    <link:presentationArc xlink:type="arc" xlink:arcrole="http://www.xbrl.org/2003/arcrole/parent-child" xlink:from="loc_gri_WasteDivertedFromDisposalBreakdownByRecoveryOperationTable" xlink:to="loc_gri_WasteDivertedFromDisposalBreakdownByRecoveryOperationsAxis" order="1.0" use="optional" />
    <link:loc xlink:type="locator" xlink:href="../core/gri_srs_core_2025-06-23.xsd#gri_WasteDivertedFromDisposalBreakdownByRecoveryOperationsDomain" xlink:label="loc_gri_WasteDivertedFromDisposalBreakdownByRecoveryOperationsDomain" />
    <link:presentationArc xlink:type="arc" xlink:arcrole="http://www.xbrl.org/2003/arcrole/parent-child" xlink:from="loc_gri_WasteDivertedFromDisposalBreakdownByRecoveryOperationsAxis" xlink:to="loc_gri_WasteDivertedFromDisposalBreakdownByRecoveryOperationsDomain" order="1.0" use="optional" />
    <link:loc xlink:type="locator" xlink:href="../core/gri_srs_core_2025-06-23.xsd#gri_PreparationForReuseMember" xlink:label="loc_gri_PreparationForReuseMember" />
    <link:presentationArc xlink:type="arc" xlink:arcrole="http://www.xbrl.org/2003/arcrole/parent-child" xlink:from="loc_gri_WasteDivertedFromDisposalBreakdownByRecoveryOperationsDomain" xlink:to="loc_gri_PreparationForReuseMember" order="1.0" preferredLabel="http://www.xbrl.org/2003/role/terseLabel" use="optional" />
    <link:loc xlink:type="locator" xlink:href="../core/gri_srs_core_2025-06-23.xsd#gri_RecyclingMember" xlink:label="loc_gri_RecyclingMember" />
    <link:presentationArc xlink:type="arc" xlink:arcrole="http://www.xbrl.org/2003/arcrole/parent-child" xlink:from="loc_gri_WasteDivertedFromDisposalBreakdownByRecoveryOperationsDomain" xlink:to="loc_gri_RecyclingMember" order="2.0" preferredLabel="http://www.xbrl.org/2003/role/terseLabel" use="optional" />
    <link:loc xlink:type="locator" xlink:href="../core/gri_srs_core_2025-06-23.xsd#gri_OtherRecoveryOperationsMember" xlink:label="loc_gri_OtherRecoveryOperationsMember" />
    <link:presentationArc xlink:type="arc" xlink:arcrole="http://www.xbrl.org/2003/arcrole/parent-child" xlink:from="loc_gri_WasteDivertedFromDisposalBreakdownByRecoveryOperationsDomain" xlink:to="loc_gri_OtherRecoveryOperationsMember" order="3.0" preferredLabel="http://www.xbrl.org/2003/role/terseLabel" use="optional" />
    <link:loc xlink:type="locator" xlink:href="../core/gri_srs_core_2025-06-23.xsd#gri_WasteDivertedFromDisposalBreakdownByLocationAxis" xlink:label="loc_gri_WasteDivertedFromDisposalBreakdownByLocationAxis" />
    <link:presentationArc xlink:type="arc" xlink:arcrole="http://www.xbrl.org/2003/arcrole/parent-child" xlink:from="loc_gri_WasteDivertedFromDisposalBreakdownByRecoveryOperationTable" xlink:to="loc_gri_WasteDivertedFromDisposalBreakdownByLocationAxis" order="2.0" use="optional" />
    <link:loc xlink:type="locator" xlink:href="../core/gri_srs_core_2025-06-23.xsd#gri_WasteDivertedFromDisposalBreakdownByLocationDomain" xlink:label="loc_gri_WasteDivertedFromDisposalBreakdownByLocationDomain" />
    <link:presentationArc xlink:type="arc" xlink:arcrole="http://www.xbrl.org/2003/arcrole/parent-child" xlink:from="loc_gri_WasteDivertedFromDisposalBreakdownByLocationAxis" xlink:to="loc_gri_WasteDivertedFromDisposalBreakdownByLocationDomain" order="1.0" use="optional" />
    <link:loc xlink:type="locator" xlink:href="../core/gri_srs_core_2025-06-23.xsd#gri_OnsiteMember" xlink:label="loc_gri_OnsiteMember" />
    <link:presentationArc xlink:type="arc" xlink:arcrole="http://www.xbrl.org/2003/arcrole/parent-child" xlink:from="loc_gri_WasteDivertedFromDisposalBreakdownByLocationDomain" xlink:to="loc_gri_OnsiteMember" order="1.0" preferredLabel="http://www.xbrl.org/2003/role/terseLabel" use="optional" />
    <link:loc xlink:type="locator" xlink:href="../core/gri_srs_core_2025-06-23.xsd#gri_OffsiteMember" xlink:label="loc_gri_OffsiteMember" />
    <link:presentationArc xlink:type="arc" xlink:arcrole="http://www.xbrl.org/2003/arcrole/parent-child" xlink:from="loc_gri_WasteDivertedFromDisposalBreakdownByLocationDomain" xlink:to="loc_gri_OffsiteMember" order="2.0" preferredLabel="http://www.xbrl.org/2003/role/terseLabel" use="optional" />
    <link:loc xlink:type="locator" xlink:href="../core/gri_srs_core_2025-06-23.xsd#gri_WasteDivertedFromDisposalBreakdownByRecoveryOperationLineItems" xlink:label="loc_gri_WasteDivertedFromDisposalBreakdownByRecoveryOperationLineItems" />
    <link:presentationArc xlink:type="arc" xlink:arcrole="http://www.xbrl.org/2003/arcrole/parent-child" xlink:from="loc_gri_WasteDivertedFromDisposalBreakdownByRecoveryOperationAbstract" xlink:to="loc_gri_WasteDivertedFromDisposalBreakdownByRecoveryOperationLineItems" order="2.0" use="optional" />
    <link:loc xlink:type="locator" xlink:href="../core/gri_srs_core_2025-06-23.xsd#gri_WeightOfHazardousWasteDivertedFromDisposal" xlink:label="loc_gri_WeightOfHazardousWasteDivertedFromDisposal_1" />
    <link:presentationArc xlink:type="arc" xlink:arcrole="http://www.xbrl.org/2003/arcrole/parent-child" xlink:from="loc_gri_WasteDivertedFromDisposalBreakdownByRecoveryOperationLineItems" xlink:to="loc_gri_WeightOfHazardousWasteDivertedFromDisposal_1" order="1.0" preferredLabel="http://www.xbrl.org/2003/role/verboseLabel" use="optional" />
    <link:loc xlink:type="locator" xlink:href="../core/gri_srs_core_2025-06-23.xsd#gri_ReasonForOmissionRelatedToWeightOfHazardousWasteDivertedFromDisposal" xlink:label="loc_gri_ReasonForOmissionRelatedToWeightOfHazardousWasteDivertedFromDisposal_1" />
    <link:presentationArc xlink:type="arc" xlink:arcrole="http://www.xbrl.org/2003/arcrole/parent-child" xlink:from="loc_gri_WeightOfHazardousWasteDivertedFromDisposal_1" xlink:to="loc_gri_ReasonForOmissionRelatedToWeightOfHazardousWasteDivertedFromDisposal_1" order="1.0" preferredLabel="http://www.xbrl.org/2003/role/verboseLabel" use="optional" />
    <link:loc xlink:type="locator" xlink:href="../core/gri_srs_core_2025-06-23.xsd#gri_ExplanationForReasonForOmissionRelatedToWeightOfHazardousWasteDivertedFromDisposalTextBlock" xlink:label="loc_gri_ExplanationForReasonForOmissionRelatedToWeightOfHazardousWasteDivertedFromDisposalTextBlock_1" />
    <link:presentationArc xlink:type="arc" xlink:arcrole="http://www.xbrl.org/2003/arcrole/parent-child" xlink:from="loc_gri_WeightOfHazardousWasteDivertedFromDisposal_1" xlink:to="loc_gri_ExplanationForReasonForOmissionRelatedToWeightOfHazardousWasteDivertedFromDisposalTextBlock_1" order="2.0" preferredLabel="http://www.xbrl.org/2003/role/verboseLabel" use="optional" />
    <link:loc xlink:type="locator" xlink:href="../core/gri_srs_core_2025-06-23.xsd#gri_WeightOfNonHazardousWasteDivertedFromDisposal" xlink:label="loc_gri_WeightOfNonHazardousWasteDivertedFromDisposal_1" />
    <link:presentationArc xlink:type="arc" xlink:arcrole="http://www.xbrl.org/2003/arcrole/parent-child" xlink:from="loc_gri_WasteDivertedFromDisposalBreakdownByRecoveryOperationLineItems" xlink:to="loc_gri_WeightOfNonHazardousWasteDivertedFromDisposal_1" order="2.0" preferredLabel="http://www.xbrl.org/2003/role/verboseLabel" use="optional" />
    <link:loc xlink:type="locator" xlink:href="../core/gri_srs_core_2025-06-23.xsd#gri_ReasonForOmissionRelatedToWeightOfNonHazardousWasteDivertedFromDisposal" xlink:label="loc_gri_ReasonForOmissionRelatedToWeightOfNonHazardousWasteDivertedFromDisposal_1" />
    <link:presentationArc xlink:type="arc" xlink:arcrole="http://www.xbrl.org/2003/arcrole/parent-child" xlink:from="loc_gri_WeightOfNonHazardousWasteDivertedFromDisposal_1" xlink:to="loc_gri_ReasonForOmissionRelatedToWeightOfNonHazardousWasteDivertedFromDisposal_1" order="1.0" preferredLabel="http://www.xbrl.org/2003/role/verboseLabel" use="optional" />
    <link:loc xlink:type="locator" xlink:href="../core/gri_srs_core_2025-06-23.xsd#gri_ExplanationForReasonForOmissionRelatedToWeightOfNonHazardousWasteDivertedFromDisposalTextBlock" xlink:label="loc_gri_ExplanationForReasonForOmissionRelatedToWeightOfNonHazardousWasteDivertedFromDisposalTextBlock_1" />
    <link:presentationArc xlink:type="arc" xlink:arcrole="http://www.xbrl.org/2003/arcrole/parent-child" xlink:from="loc_gri_WeightOfNonHazardousWasteDivertedFromDisposal_1" xlink:to="loc_gri_ExplanationForReasonForOmissionRelatedToWeightOfNonHazardousWasteDivertedFromDisposalTextBlock_1" order="2.0" preferredLabel="http://www.xbrl.org/2003/role/verboseLabel" use="optional" />
    <link:loc xlink:type="locator" xlink:href="../core/gri_srs_core_2025-06-23.xsd#gri_DescriptionOfContextualInformationNecessaryToUnderstandDataAndHowDataHasBeenCompiled3064TextBlock" xlink:label="loc_gri_DescriptionOfContextualInformationNecessaryToUnderstandDataAndHowDataHasBeenCompiled3064TextBlock" />
    <link:presentationArc xlink:type="arc" xlink:arcrole="http://www.xbrl.org/2003/arcrole/parent-child" xlink:from="loc_gri_DisclosureOfWasteDivertedFromDisposalAbstract" xlink:to="loc_gri_DescriptionOfContextualInformationNecessaryToUnderstandDataAndHowDataHasBeenCompiled3064TextBlock" order="6.0" preferredLabel="http://www.xbrl.org/2003/role/verboseLabel" use="optional" />
    <link:loc xlink:type="locator" xlink:href="../core/gri_srs_core_2025-06-23.xsd#gri_DisclosureOfWasteDirectedToDisposalAbstract" xlink:label="loc_gri_DisclosureOfWasteDirectedToDisposalAbstract" />
    <link:presentationArc xlink:type="arc" xlink:arcrole="http://www.xbrl.org/2003/arcrole/parent-child" xlink:from="loc_gri_DisclosureOfWasteAbstract" xlink:to="loc_gri_DisclosureOfWasteDirectedToDisposalAbstract" order="5.0" preferredLabel="http://www.xbrl.org/2003/role/terseLabel" use="optional" />
    <link:loc xlink:type="locator" xlink:href="../core/gri_srs_core_2025-06-23.xsd#gri_WeightOfWasteDirectedToDisposal" xlink:label="loc_gri_WeightOfWasteDirectedToDisposal" />
    <link:presentationArc xlink:type="arc" xlink:arcrole="http://www.xbrl.org/2003/arcrole/parent-child" xlink:from="loc_gri_DisclosureOfWasteDirectedToDisposalAbstract" xlink:to="loc_gri_WeightOfWasteDirectedToDisposal" order="1.0" preferredLabel="http://www.xbrl.org/2003/role/totalLabel" use="optional" />
    <link:loc xlink:type="locator" xlink:href="../core/gri_srs_core_2025-06-23.xsd#gri_WeightOfHazardousWasteDirectedToDisposal" xlink:label="loc_gri_WeightOfHazardousWasteDirectedToDisposal" />
    <link:presentationArc xlink:type="arc" xlink:arcrole="http://www.xbrl.org/2003/arcrole/parent-child" xlink:from="loc_gri_DisclosureOfWasteDirectedToDisposalAbstract" xlink:to="loc_gri_WeightOfHazardousWasteDirectedToDisposal" order="2.0" preferredLabel="http://www.xbrl.org/2003/role/totalLabel" use="optional" />
    <link:loc xlink:type="locator" xlink:href="../core/gri_srs_core_2025-06-23.xsd#gri_WeightOfNonHazardousWasteDirectedToDisposal" xlink:label="loc_gri_WeightOfNonHazardousWasteDirectedToDisposal" />
    <link:presentationArc xlink:type="arc" xlink:arcrole="http://www.xbrl.org/2003/arcrole/parent-child" xlink:from="loc_gri_DisclosureOfWasteDirectedToDisposalAbstract" xlink:to="loc_gri_WeightOfNonHazardousWasteDirectedToDisposal" order="3.0" preferredLabel="http://www.xbrl.org/2003/role/totalLabel" use="optional" />
    <link:loc xlink:type="locator" xlink:href="../core/gri_srs_core_2025-06-23.xsd#gri_WasteDirectedToDisposalBreakdownByCompositionOfWasteAbstract" xlink:label="loc_gri_WasteDirectedToDisposalBreakdownByCompositionOfWasteAbstract" />
    <link:presentationArc xlink:type="arc" xlink:arcrole="http://www.xbrl.org/2003/arcrole/parent-child" xlink:from="loc_gri_DisclosureOfWasteDirectedToDisposalAbstract" xlink:to="loc_gri_WasteDirectedToDisposalBreakdownByCompositionOfWasteAbstract" order="4.0" use="optional" />
    <link:loc xlink:type="locator" xlink:href="../core/gri_srs_core_2025-06-23.xsd#gri_WasteDirectedToDisposalBreakdownByCompositionOfWasteTable" xlink:label="loc_gri_WasteDirectedToDisposalBreakdownByCompositionOfWasteTable" />
    <link:presentationArc xlink:type="arc" xlink:arcrole="http://www.xbrl.org/2003/arcrole/parent-child" xlink:from="loc_gri_WasteDirectedToDisposalBreakdownByCompositionOfWasteAbstract" xlink:to="loc_gri_WasteDirectedToDisposalBreakdownByCompositionOfWasteTable" order="1.0" use="optional" />
    <link:loc xlink:type="locator" xlink:href="../core/gri_srs_core_2025-06-23.xsd#gri_CategoryOfWasteCompositionAxis" xlink:label="loc_gri_CategoryOfWasteCompositionAxis_1_1" />
    <link:presentationArc xlink:type="arc" xlink:arcrole="http://www.xbrl.org/2003/arcrole/parent-child" xlink:from="loc_gri_WasteDirectedToDisposalBreakdownByCompositionOfWasteTable" xlink:to="loc_gri_CategoryOfWasteCompositionAxis_1_1" order="1.0" use="optional" />
    <link:loc xlink:type="locator" xlink:href="../core/gri_srs_core_2025-06-23.xsd#gri_WasteDirectedToDisposalBreakdownByCompositionOfWasteLineItems" xlink:label="loc_gri_WasteDirectedToDisposalBreakdownByCompositionOfWasteLineItems" />
    <link:presentationArc xlink:type="arc" xlink:arcrole="http://www.xbrl.org/2003/arcrole/parent-child" xlink:from="loc_gri_WasteDirectedToDisposalBreakdownByCompositionOfWasteAbstract" xlink:to="loc_gri_WasteDirectedToDisposalBreakdownByCompositionOfWasteLineItems" order="2.0" use="optional" />
    <link:loc xlink:type="locator" xlink:href="../core/gri_srs_core_2025-06-23.xsd#gri_WeightOfWasteDirectedToDisposal" xlink:label="loc_gri_WeightOfWasteDirectedToDisposal_1" />
    <link:presentationArc xlink:type="arc" xlink:arcrole="http://www.xbrl.org/2003/arcrole/parent-child" xlink:from="loc_gri_WasteDirectedToDisposalBreakdownByCompositionOfWasteLineItems" xlink:to="loc_gri_WeightOfWasteDirectedToDisposal_1" order="1.0" preferredLabel="http://www.xbrl.org/2003/role/verboseLabel" use="optional" />
    <link:loc xlink:type="locator" xlink:href="../core/gri_srs_core_2025-06-23.xsd#gri_ReasonForOmissionRelatedToWeightOfWasteDirectedToDisposal" xlink:label="loc_gri_ReasonForOmissionRelatedToWeightOfWasteDirectedToDisposal_1" />
    <link:presentationArc xlink:type="arc" xlink:arcrole="http://www.xbrl.org/2003/arcrole/parent-child" xlink:from="loc_gri_WeightOfWasteDirectedToDisposal_1" xlink:to="loc_gri_ReasonForOmissionRelatedToWeightOfWasteDirectedToDisposal_1" order="1.0" preferredLabel="http://www.xbrl.org/2003/role/verboseLabel" use="optional" />
    <link:loc xlink:type="locator" xlink:href="../core/gri_srs_core_2025-06-23.xsd#gri_ExplanationForReasonForOmissionRelatedToWeightOfWasteDirectedToDisposalTextBlock" xlink:label="loc_gri_ExplanationForReasonForOmissionRelatedToWeightOfWasteDirectedToDisposalTextBlock_1" />
    <link:presentationArc xlink:type="arc" xlink:arcrole="http://www.xbrl.org/2003/arcrole/parent-child" xlink:from="loc_gri_WeightOfWasteDirectedToDisposal_1" xlink:to="loc_gri_ExplanationForReasonForOmissionRelatedToWeightOfWasteDirectedToDisposalTextBlock_1" order="2.0" preferredLabel="http://www.xbrl.org/2003/role/verboseLabel" use="optional" />
    <link:loc xlink:type="locator" xlink:href="../core/gri_srs_core_2025-06-23.xsd#gri_WasteDirectedToDisposalBreakdownByDisposalOperationAbstract" xlink:label="loc_gri_WasteDirectedToDisposalBreakdownByDisposalOperationAbstract" />
    <link:presentationArc xlink:type="arc" xlink:arcrole="http://www.xbrl.org/2003/arcrole/parent-child" xlink:from="loc_gri_DisclosureOfWasteDirectedToDisposalAbstract" xlink:to="loc_gri_WasteDirectedToDisposalBreakdownByDisposalOperationAbstract" order="5.0" use="optional" />
    <link:loc xlink:type="locator" xlink:href="../core/gri_srs_core_2025-06-23.xsd#gri_WasteDirectedToDisposalBreakdownByDisposalOperationTable" xlink:label="loc_gri_WasteDirectedToDisposalBreakdownByDisposalOperationTable" />
    <link:presentationArc xlink:type="arc" xlink:arcrole="http://www.xbrl.org/2003/arcrole/parent-child" xlink:from="loc_gri_WasteDirectedToDisposalBreakdownByDisposalOperationAbstract" xlink:to="loc_gri_WasteDirectedToDisposalBreakdownByDisposalOperationTable" order="1.0" use="optional" />
    <link:loc xlink:type="locator" xlink:href="../core/gri_srs_core_2025-06-23.xsd#gri_WasteDirectedToDisposalBreakdownByDisposalOperationsAxis" xlink:label="loc_gri_WasteDirectedToDisposalBreakdownByDisposalOperationsAxis" />
    <link:presentationArc xlink:type="arc" xlink:arcrole="http://www.xbrl.org/2003/arcrole/parent-child" xlink:from="loc_gri_WasteDirectedToDisposalBreakdownByDisposalOperationTable" xlink:to="loc_gri_WasteDirectedToDisposalBreakdownByDisposalOperationsAxis" order="1.0" use="optional" />
    <link:loc xlink:type="locator" xlink:href="../core/gri_srs_core_2025-06-23.xsd#gri_WasteDirectedToDisposalBreakdownByDisposalOperationsDomain" xlink:label="loc_gri_WasteDirectedToDisposalBreakdownByDisposalOperationsDomain" />
    <link:presentationArc xlink:type="arc" xlink:arcrole="http://www.xbrl.org/2003/arcrole/parent-child" xlink:from="loc_gri_WasteDirectedToDisposalBreakdownByDisposalOperationsAxis" xlink:to="loc_gri_WasteDirectedToDisposalBreakdownByDisposalOperationsDomain" order="1.0" use="optional" />
    <link:loc xlink:type="locator" xlink:href="../core/gri_srs_core_2025-06-23.xsd#gri_IncinerationWithEnergyRecoveryMember" xlink:label="loc_gri_IncinerationWithEnergyRecoveryMember" />
    <link:presentationArc xlink:type="arc" xlink:arcrole="http://www.xbrl.org/2003/arcrole/parent-child" xlink:from="loc_gri_WasteDirectedToDisposalBreakdownByDisposalOperationsDomain" xlink:to="loc_gri_IncinerationWithEnergyRecoveryMember" order="1.0" preferredLabel="http://www.xbrl.org/2003/role/terseLabel" use="optional" />
    <link:loc xlink:type="locator" xlink:href="../core/gri_srs_core_2025-06-23.xsd#gri_IncinerationWithoutEnergyRecoveryMember" xlink:label="loc_gri_IncinerationWithoutEnergyRecoveryMember" />
    <link:presentationArc xlink:type="arc" xlink:arcrole="http://www.xbrl.org/2003/arcrole/parent-child" xlink:from="loc_gri_WasteDirectedToDisposalBreakdownByDisposalOperationsDomain" xlink:to="loc_gri_IncinerationWithoutEnergyRecoveryMember" order="2.0" preferredLabel="http://www.xbrl.org/2003/role/terseLabel" use="optional" />
    <link:loc xlink:type="locator" xlink:href="../core/gri_srs_core_2025-06-23.xsd#gri_LandfillingMember" xlink:label="loc_gri_LandfillingMember" />
    <link:presentationArc xlink:type="arc" xlink:arcrole="http://www.xbrl.org/2003/arcrole/parent-child" xlink:from="loc_gri_WasteDirectedToDisposalBreakdownByDisposalOperationsDomain" xlink:to="loc_gri_LandfillingMember" order="3.0" preferredLabel="http://www.xbrl.org/2003/role/terseLabel" use="optional" />
    <link:loc xlink:type="locator" xlink:href="../core/gri_srs_core_2025-06-23.xsd#gri_OtherDisposalOperationsMember" xlink:label="loc_gri_OtherDisposalOperationsMember" />
    <link:presentationArc xlink:type="arc" xlink:arcrole="http://www.xbrl.org/2003/arcrole/parent-child" xlink:from="loc_gri_WasteDirectedToDisposalBreakdownByDisposalOperationsDomain" xlink:to="loc_gri_OtherDisposalOperationsMember" order="4.0" preferredLabel="http://www.xbrl.org/2003/role/terseLabel" use="optional" />
    <link:loc xlink:type="locator" xlink:href="../core/gri_srs_core_2025-06-23.xsd#gri_WasteDirectedToDisposalBreakdownByLocationAxis" xlink:label="loc_gri_WasteDirectedToDisposalBreakdownByLocationAxis" />
    <link:presentationArc xlink:type="arc" xlink:arcrole="http://www.xbrl.org/2003/arcrole/parent-child" xlink:from="loc_gri_WasteDirectedToDisposalBreakdownByDisposalOperationTable" xlink:to="loc_gri_WasteDirectedToDisposalBreakdownByLocationAxis" order="2.0" use="optional" />
    <link:loc xlink:type="locator" xlink:href="../core/gri_srs_core_2025-06-23.xsd#gri_WasteDirectedToDisposalBreakdownByLocationDomain" xlink:label="loc_gri_WasteDirectedToDisposalBreakdownByLocationDomain" />
    <link:presentationArc xlink:type="arc" xlink:arcrole="http://www.xbrl.org/2003/arcrole/parent-child" xlink:from="loc_gri_WasteDirectedToDisposalBreakdownByLocationAxis" xlink:to="loc_gri_WasteDirectedToDisposalBreakdownByLocationDomain" order="1.0" use="optional" />
    <link:loc xlink:type="locator" xlink:href="../core/gri_srs_core_2025-06-23.xsd#gri_OnsiteMember" xlink:label="loc_gri_OnsiteMember_1" />
    <link:presentationArc xlink:type="arc" xlink:arcrole="http://www.xbrl.org/2003/arcrole/parent-child" xlink:from="loc_gri_WasteDirectedToDisposalBreakdownByLocationDomain" xlink:to="loc_gri_OnsiteMember_1" order="1.0" preferredLabel="http://www.xbrl.org/2003/role/terseLabel" use="optional" />
    <link:loc xlink:type="locator" xlink:href="../core/gri_srs_core_2025-06-23.xsd#gri_OffsiteMember" xlink:label="loc_gri_OffsiteMember_1" />
    <link:presentationArc xlink:type="arc" xlink:arcrole="http://www.xbrl.org/2003/arcrole/parent-child" xlink:from="loc_gri_WasteDirectedToDisposalBreakdownByLocationDomain" xlink:to="loc_gri_OffsiteMember_1" order="2.0" preferredLabel="http://www.xbrl.org/2003/role/terseLabel" use="optional" />
    <link:loc xlink:type="locator" xlink:href="../core/gri_srs_core_2025-06-23.xsd#gri_WasteDirectedToDisposalBreakdownByDisposalOperationLineItems" xlink:label="loc_gri_WasteDirectedToDisposalBreakdownByDisposalOperationLineItems" />
    <link:presentationArc xlink:type="arc" xlink:arcrole="http://www.xbrl.org/2003/arcrole/parent-child" xlink:from="loc_gri_WasteDirectedToDisposalBreakdownByDisposalOperationAbstract" xlink:to="loc_gri_WasteDirectedToDisposalBreakdownByDisposalOperationLineItems" order="2.0" use="optional" />
    <link:loc xlink:type="locator" xlink:href="../core/gri_srs_core_2025-06-23.xsd#gri_WeightOfHazardousWasteDirectedToDisposal" xlink:label="loc_gri_WeightOfHazardousWasteDirectedToDisposal_1" />
    <link:presentationArc xlink:type="arc" xlink:arcrole="http://www.xbrl.org/2003/arcrole/parent-child" xlink:from="loc_gri_WasteDirectedToDisposalBreakdownByDisposalOperationLineItems" xlink:to="loc_gri_WeightOfHazardousWasteDirectedToDisposal_1" order="1.0" preferredLabel="http://www.xbrl.org/2003/role/verboseLabel" use="optional" />
    <link:loc xlink:type="locator" xlink:href="../core/gri_srs_core_2025-06-23.xsd#gri_ReasonForOmissionRelatedToWeightOfHazardousWasteDirectedToDisposal" xlink:label="loc_gri_ReasonForOmissionRelatedToWeightOfHazardousWasteDirectedToDisposal_1" />
    <link:presentationArc xlink:type="arc" xlink:arcrole="http://www.xbrl.org/2003/arcrole/parent-child" xlink:from="loc_gri_WeightOfHazardousWasteDirectedToDisposal_1" xlink:to="loc_gri_ReasonForOmissionRelatedToWeightOfHazardousWasteDirectedToDisposal_1" order="1.0" preferredLabel="http://www.xbrl.org/2003/role/verboseLabel" use="optional" />
    <link:loc xlink:type="locator" xlink:href="../core/gri_srs_core_2025-06-23.xsd#gri_ExplanationForReasonForOmissionRelatedToWeightOfHazardousWasteDirectedToDisposalTextBlock" xlink:label="loc_gri_ExplanationForReasonForOmissionRelatedToWeightOfHazardousWasteDirectedToDisposalTextBlock_1" />
    <link:presentationArc xlink:type="arc" xlink:arcrole="http://www.xbrl.org/2003/arcrole/parent-child" xlink:from="loc_gri_WeightOfHazardousWasteDirectedToDisposal_1" xlink:to="loc_gri_ExplanationForReasonForOmissionRelatedToWeightOfHazardousWasteDirectedToDisposalTextBlock_1" order="2.0" preferredLabel="http://www.xbrl.org/2003/role/verboseLabel" use="optional" />
    <link:loc xlink:type="locator" xlink:href="../core/gri_srs_core_2025-06-23.xsd#gri_WeightOfNonHazardousWasteDirectedToDisposal" xlink:label="loc_gri_WeightOfNonHazardousWasteDirectedToDisposal_1" />
    <link:presentationArc xlink:type="arc" xlink:arcrole="http://www.xbrl.org/2003/arcrole/parent-child" xlink:from="loc_gri_WasteDirectedToDisposalBreakdownByDisposalOperationLineItems" xlink:to="loc_gri_WeightOfNonHazardousWasteDirectedToDisposal_1" order="2.0" preferredLabel="http://www.xbrl.org/2003/role/verboseLabel" use="optional" />
    <link:loc xlink:type="locator" xlink:href="../core/gri_srs_core_2025-06-23.xsd#gri_ReasonForOmissionRelatedToWeightOfNonHazardousWasteDirectedToDisposal" xlink:label="loc_gri_ReasonForOmissionRelatedToWeightOfNonHazardousWasteDirectedToDisposal_1" />
    <link:presentationArc xlink:type="arc" xlink:arcrole="http://www.xbrl.org/2003/arcrole/parent-child" xlink:from="loc_gri_WeightOfNonHazardousWasteDirectedToDisposal_1" xlink:to="loc_gri_ReasonForOmissionRelatedToWeightOfNonHazardousWasteDirectedToDisposal_1" order="1.0" preferredLabel="http://www.xbrl.org/2003/role/verboseLabel" use="optional" />
    <link:loc xlink:type="locator" xlink:href="../core/gri_srs_core_2025-06-23.xsd#gri_ExplanationForReasonForOmissionRelatedToWeightOfNonHazardousWasteDirectedToDisposalTextBlock" xlink:label="loc_gri_ExplanationForReasonForOmissionRelatedToWeightOfNonHazardousWasteDirectedToDisposalTextBlock_1" />
    <link:presentationArc xlink:type="arc" xlink:arcrole="http://www.xbrl.org/2003/arcrole/parent-child" xlink:from="loc_gri_WeightOfNonHazardousWasteDirectedToDisposal_1" xlink:to="loc_gri_ExplanationForReasonForOmissionRelatedToWeightOfNonHazardousWasteDirectedToDisposalTextBlock_1" order="2.0" preferredLabel="http://www.xbrl.org/2003/role/verboseLabel" use="optional" />
    <link:loc xlink:type="locator" xlink:href="../core/gri_srs_core_2025-06-23.xsd#gri_DescriptionOfContextualInformationNecessaryToUnderstandDataAndHowDataHasBeenCompiled3065TextBlock" xlink:label="loc_gri_DescriptionOfContextualInformationNecessaryToUnderstandDataAndHowDataHasBeenCompiled3065TextBlock" />
    <link:presentationArc xlink:type="arc" xlink:arcrole="http://www.xbrl.org/2003/arcrole/parent-child" xlink:from="loc_gri_DisclosureOfWasteDirectedToDisposalAbstract" xlink:to="loc_gri_DescriptionOfContextualInformationNecessaryToUnderstandDataAndHowDataHasBeenCompiled3065TextBlock" order="6.0" preferredLabel="http://www.xbrl.org/2003/role/verboseLabel" use="optional" />
  </link:presentationLink>
</link:linkbase>