﻿<?xml version="1.0" encoding="utf-8"?>
<!-- Generated by GRI Taxonomy Editor-->
<link:linkbase xsi:schemaLocation="http://www.xbrl.org/2003/linkbase http://www.xbrl.org/2003/xbrl-linkbase-2003-12-31.xsd http://www.xbrl.org/2003/instance http://www.xbrl.org/2003/xbrl-instance-2003-12-31.xsd http://www.w3.org/1999/xlink http://www.xbrl.org/2003/xlink-2003-12-31.xsd " xmlns:link="http://www.xbrl.org/2003/linkbase" xmlns:xbrli="http://www.xbrl.org/2003/instance" xmlns:xlink="http://www.w3.org/1999/xlink" xmlns:xsi="http://www.w3.org/2001/XMLSchema-instance">
  <!-- Role Ref -->
  <link:roleRef roleURI="https://taxonomy.globalreporting.org/gri-sustainability-taxonomy/gri_srs/gri_srs_role/role_gri_205" xlink:type="simple" xlink:href="role_gri_srs_2025-06-23.xsd#role_gri_205" />
  <link:presentationLink xlink:type="extended" xlink:role="https://taxonomy.globalreporting.org/gri-sustainability-taxonomy/gri_srs/gri_srs_role/role_gri_205">
    <link:loc xlink:type="locator" xlink:href="../core/gri_srs_core_2025-06-23.xsd#gri_DisclosureOfAntiCorruptionAbstract" xlink:label="loc_gri_DisclosureOfAntiCorruptionAbstract" />
    <link:loc xlink:type="locator" xlink:href="../core/gri_srs_core_2025-06-23.xsd#gri_DisclosureOfOperationsAssessedForRisksRelatedToCorruptionAbstract" xlink:label="loc_gri_DisclosureOfOperationsAssessedForRisksRelatedToCorruptionAbstract" />
    <link:presentationArc xlink:type="arc" xlink:arcrole="http://www.xbrl.org/2003/arcrole/parent-child" xlink:from="loc_gri_DisclosureOfAntiCorruptionAbstract" xlink:to="loc_gri_DisclosureOfOperationsAssessedForRisksRelatedToCorruptionAbstract" order="1.0" preferredLabel="http://www.xbrl.org/2003/role/terseLabel" use="optional" />
    <link:loc xlink:type="locator" xlink:href="../core/gri_srs_core_2025-06-23.xsd#gri_TotalNumberOfOperationsAssessedForRisksRelatedToCorruption" xlink:label="loc_gri_TotalNumberOfOperationsAssessedForRisksRelatedToCorruption" />
    <link:presentationArc xlink:type="arc" xlink:arcrole="http://www.xbrl.org/2003/arcrole/parent-child" xlink:from="loc_gri_DisclosureOfOperationsAssessedForRisksRelatedToCorruptionAbstract" xlink:to="loc_gri_TotalNumberOfOperationsAssessedForRisksRelatedToCorruption" order="1.0" preferredLabel="http://www.xbrl.org/2003/role/verboseLabel" use="optional" />
    <link:loc xlink:type="locator" xlink:href="../core/gri_srs_core_2025-06-23.xsd#gri_PercentageOfOperationsAssessedForRisksRelatedToCorruption" xlink:label="loc_gri_PercentageOfOperationsAssessedForRisksRelatedToCorruption" />
    <link:presentationArc xlink:type="arc" xlink:arcrole="http://www.xbrl.org/2003/arcrole/parent-child" xlink:from="loc_gri_DisclosureOfOperationsAssessedForRisksRelatedToCorruptionAbstract" xlink:to="loc_gri_PercentageOfOperationsAssessedForRisksRelatedToCorruption" order="2.0" preferredLabel="http://www.xbrl.org/2003/role/verboseLabel" use="optional" />
    <link:loc xlink:type="locator" xlink:href="../core/gri_srs_core_2025-06-23.xsd#gri_SignificantRisksRelatedToCorruptionIdentifiedThroughRiskAssessmentTextBlock" xlink:label="loc_gri_SignificantRisksRelatedToCorruptionIdentifiedThroughRiskAssessmentTextBlock" />
    <link:presentationArc xlink:type="arc" xlink:arcrole="http://www.xbrl.org/2003/arcrole/parent-child" xlink:from="loc_gri_DisclosureOfOperationsAssessedForRisksRelatedToCorruptionAbstract" xlink:to="loc_gri_SignificantRisksRelatedToCorruptionIdentifiedThroughRiskAssessmentTextBlock" order="3.0" preferredLabel="http://www.xbrl.org/2003/role/verboseLabel" use="optional" />
    <link:loc xlink:type="locator" xlink:href="../core/gri_srs_core_2025-06-23.xsd#gri_DisclosureOfCommunicationAndTrainingAboutAntiCorruptionPoliciesAndProceduresAbstract" xlink:label="loc_gri_DisclosureOfCommunicationAndTrainingAboutAntiCorruptionPoliciesAndProceduresAbstract" />
    <link:presentationArc xlink:type="arc" xlink:arcrole="http://www.xbrl.org/2003/arcrole/parent-child" xlink:from="loc_gri_DisclosureOfAntiCorruptionAbstract" xlink:to="loc_gri_DisclosureOfCommunicationAndTrainingAboutAntiCorruptionPoliciesAndProceduresAbstract" order="2.0" preferredLabel="http://www.xbrl.org/2003/role/terseLabel" use="optional" />
    <link:loc xlink:type="locator" xlink:href="../core/gri_srs_core_2025-06-23.xsd#gri_DisclosureOfCommunicationAndTrainingAboutAntiCorruptionPoliciesAndProceduresBreakdownByRegionAbstract" xlink:label="loc_gri_DisclosureOfCommunicationAndTrainingAboutAntiCorruptionPoliciesAndProceduresBreakdownByRegionAbstract" />
    <link:presentationArc xlink:type="arc" xlink:arcrole="http://www.xbrl.org/2003/arcrole/parent-child" xlink:from="loc_gri_DisclosureOfCommunicationAndTrainingAboutAntiCorruptionPoliciesAndProceduresAbstract" xlink:to="loc_gri_DisclosureOfCommunicationAndTrainingAboutAntiCorruptionPoliciesAndProceduresBreakdownByRegionAbstract" order="1.0" preferredLabel="http://www.xbrl.org/2003/role/terseLabel" use="optional" />
    <link:loc xlink:type="locator" xlink:href="../core/gri_srs_core_2025-06-23.xsd#gri_CommunicationAndTrainingAboutAntiCorruptionPoliciesAndProceduresBreakdownByRegionTable" xlink:label="loc_gri_CommunicationAndTrainingAboutAntiCorruptionPoliciesAndProceduresBreakdownByRegionTable" />
    <link:presentationArc xlink:type="arc" xlink:arcrole="http://www.xbrl.org/2003/arcrole/parent-child" xlink:from="loc_gri_DisclosureOfCommunicationAndTrainingAboutAntiCorruptionPoliciesAndProceduresBreakdownByRegionAbstract" xlink:to="loc_gri_CommunicationAndTrainingAboutAntiCorruptionPoliciesAndProceduresBreakdownByRegionTable" order="1.0" use="optional" />
    <link:loc xlink:type="locator" xlink:href="../core/gri_srs_core_2025-06-23.xsd#gri_RegionAxis" xlink:label="loc_gri_RegionAxis" />
    <link:presentationArc xlink:type="arc" xlink:arcrole="http://www.xbrl.org/2003/arcrole/parent-child" xlink:from="loc_gri_CommunicationAndTrainingAboutAntiCorruptionPoliciesAndProceduresBreakdownByRegionTable" xlink:to="loc_gri_RegionAxis" order="1.0" use="optional" />
    <link:loc xlink:type="locator" xlink:href="../core/gri_srs_core_2025-06-23.xsd#gri_CommunicationAndTrainingAboutAntiCorruptionPoliciesAndProceduresBreakdownByRegionLineItems" xlink:label="loc_gri_CommunicationAndTrainingAboutAntiCorruptionPoliciesAndProceduresBreakdownByRegionLineItems" />
    <link:presentationArc xlink:type="arc" xlink:arcrole="http://www.xbrl.org/2003/arcrole/parent-child" xlink:from="loc_gri_DisclosureOfCommunicationAndTrainingAboutAntiCorruptionPoliciesAndProceduresBreakdownByRegionAbstract" xlink:to="loc_gri_CommunicationAndTrainingAboutAntiCorruptionPoliciesAndProceduresBreakdownByRegionLineItems" order="2.0" use="optional" />
    <link:loc xlink:type="locator" xlink:href="../core/gri_srs_core_2025-06-23.xsd#gri_TotalNumberOfGovernanceBodyMembersThatOrganizationsAntiCorruptionPoliciesAndProceduresHaveBeenCommunicatedTo" xlink:label="loc_gri_TotalNumberOfGovernanceBodyMembersThatOrganizationsAntiCorruptionPoliciesAndProceduresHaveBeenCommunicatedTo" />
    <link:presentationArc xlink:type="arc" xlink:arcrole="http://www.xbrl.org/2003/arcrole/parent-child" xlink:from="loc_gri_CommunicationAndTrainingAboutAntiCorruptionPoliciesAndProceduresBreakdownByRegionLineItems" xlink:to="loc_gri_TotalNumberOfGovernanceBodyMembersThatOrganizationsAntiCorruptionPoliciesAndProceduresHaveBeenCommunicatedTo" order="1.0" preferredLabel="http://www.xbrl.org/2003/role/verboseLabel" use="optional" />
    <link:loc xlink:type="locator" xlink:href="../core/gri_srs_core_2025-06-23.xsd#gri_ReasonForOmissionRelatedToTotalNumberOfGovernanceBodyMembersThatOrganizationsAntiCorruptionPoliciesAndProceduresHaveBeenCommunicatedTo" xlink:label="loc_gri_ReasonForOmissionRelatedToTotalNumberOfGovernanceBodyMembersThatOrganizationsAntiCorruptionPoliciesAndProceduresHaveBeenCommunicatedTo" />
    <link:presentationArc xlink:type="arc" xlink:arcrole="http://www.xbrl.org/2003/arcrole/parent-child" xlink:from="loc_gri_TotalNumberOfGovernanceBodyMembersThatOrganizationsAntiCorruptionPoliciesAndProceduresHaveBeenCommunicatedTo" xlink:to="loc_gri_ReasonForOmissionRelatedToTotalNumberOfGovernanceBodyMembersThatOrganizationsAntiCorruptionPoliciesAndProceduresHaveBeenCommunicatedTo" order="1.0" preferredLabel="http://www.xbrl.org/2003/role/verboseLabel" use="optional" />
    <link:loc xlink:type="locator" xlink:href="../core/gri_srs_core_2025-06-23.xsd#gri_ExplanationForReasonForOmissionRelatedToTotalNumberOfGovernanceBodyMembersThatOrganizationsAntiCorruptionPoliciesAndProceduresHaveBeenCommunicatedToTextBlock" xlink:label="loc_gri_ExplanationForReasonForOmissionRelatedToTotalNumberOfGovernanceBodyMembersThatOrganizationsAntiCorruptionPoliciesAndProceduresHaveBeenCommunicatedToTextBlock" />
    <link:presentationArc xlink:type="arc" xlink:arcrole="http://www.xbrl.org/2003/arcrole/parent-child" xlink:from="loc_gri_TotalNumberOfGovernanceBodyMembersThatOrganizationsAntiCorruptionPoliciesAndProceduresHaveBeenCommunicatedTo" xlink:to="loc_gri_ExplanationForReasonForOmissionRelatedToTotalNumberOfGovernanceBodyMembersThatOrganizationsAntiCorruptionPoliciesAndProceduresHaveBeenCommunicatedToTextBlock" order="2.0" preferredLabel="http://www.xbrl.org/2003/role/verboseLabel" use="optional" />
    <link:loc xlink:type="locator" xlink:href="../core/gri_srs_core_2025-06-23.xsd#gri_PercentageOfGovernanceBodyMembersThatOrganizationsAntiCorruptionPoliciesAndProceduresHaveBeenCommunicatedTo" xlink:label="loc_gri_PercentageOfGovernanceBodyMembersThatOrganizationsAntiCorruptionPoliciesAndProceduresHaveBeenCommunicatedTo" />
    <link:presentationArc xlink:type="arc" xlink:arcrole="http://www.xbrl.org/2003/arcrole/parent-child" xlink:from="loc_gri_CommunicationAndTrainingAboutAntiCorruptionPoliciesAndProceduresBreakdownByRegionLineItems" xlink:to="loc_gri_PercentageOfGovernanceBodyMembersThatOrganizationsAntiCorruptionPoliciesAndProceduresHaveBeenCommunicatedTo" order="2.0" preferredLabel="http://www.xbrl.org/2003/role/verboseLabel" use="optional" />
    <link:loc xlink:type="locator" xlink:href="../core/gri_srs_core_2025-06-23.xsd#gri_ReasonForOmissionRelatedToPercentageOfGovernanceBodyMembersThatOrganizationsAntiCorruptionPoliciesAndProceduresHaveBeenCommunicatedTo" xlink:label="loc_gri_ReasonForOmissionRelatedToPercentageOfGovernanceBodyMembersThatOrganizationsAntiCorruptionPoliciesAndProceduresHaveBeenCommunicatedTo" />
    <link:presentationArc xlink:type="arc" xlink:arcrole="http://www.xbrl.org/2003/arcrole/parent-child" xlink:from="loc_gri_PercentageOfGovernanceBodyMembersThatOrganizationsAntiCorruptionPoliciesAndProceduresHaveBeenCommunicatedTo" xlink:to="loc_gri_ReasonForOmissionRelatedToPercentageOfGovernanceBodyMembersThatOrganizationsAntiCorruptionPoliciesAndProceduresHaveBeenCommunicatedTo" order="1.0" preferredLabel="http://www.xbrl.org/2003/role/verboseLabel" use="optional" />
    <link:loc xlink:type="locator" xlink:href="../core/gri_srs_core_2025-06-23.xsd#gri_ExplanationForReasonForOmissionRelatedToPercentageOfGovernanceBodyMembersThatOrganizationsAntiCorruptionPoliciesAndProceduresHaveBeenCommunicatedToTextBlock" xlink:label="loc_gri_ExplanationForReasonForOmissionRelatedToPercentageOfGovernanceBodyMembersThatOrganizationsAntiCorruptionPoliciesAndProceduresHaveBeenCommunicatedToTextBlock" />
    <link:presentationArc xlink:type="arc" xlink:arcrole="http://www.xbrl.org/2003/arcrole/parent-child" xlink:from="loc_gri_PercentageOfGovernanceBodyMembersThatOrganizationsAntiCorruptionPoliciesAndProceduresHaveBeenCommunicatedTo" xlink:to="loc_gri_ExplanationForReasonForOmissionRelatedToPercentageOfGovernanceBodyMembersThatOrganizationsAntiCorruptionPoliciesAndProceduresHaveBeenCommunicatedToTextBlock" order="2.0" preferredLabel="http://www.xbrl.org/2003/role/verboseLabel" use="optional" />
    <link:loc xlink:type="locator" xlink:href="../core/gri_srs_core_2025-06-23.xsd#gri_TotalNumberOfEmployeesThatOrganizationsAntiCorruptionPoliciesAndProceduresHaveBeenCommunicatedTo" xlink:label="loc_gri_TotalNumberOfEmployeesThatOrganizationsAntiCorruptionPoliciesAndProceduresHaveBeenCommunicatedTo" />
    <link:presentationArc xlink:type="arc" xlink:arcrole="http://www.xbrl.org/2003/arcrole/parent-child" xlink:from="loc_gri_CommunicationAndTrainingAboutAntiCorruptionPoliciesAndProceduresBreakdownByRegionLineItems" xlink:to="loc_gri_TotalNumberOfEmployeesThatOrganizationsAntiCorruptionPoliciesAndProceduresHaveBeenCommunicatedTo" order="3.0" preferredLabel="http://www.xbrl.org/2003/role/verboseLabel" use="optional" />
    <link:loc xlink:type="locator" xlink:href="../core/gri_srs_core_2025-06-23.xsd#gri_ReasonForOmissionRelatedToTotalNumberOfEmployeesThatOrganizationsAntiCorruptionPoliciesAndProceduresHaveBeenCommunicatedTo" xlink:label="loc_gri_ReasonForOmissionRelatedToTotalNumberOfEmployeesThatOrganizationsAntiCorruptionPoliciesAndProceduresHaveBeenCommunicatedTo" />
    <link:presentationArc xlink:type="arc" xlink:arcrole="http://www.xbrl.org/2003/arcrole/parent-child" xlink:from="loc_gri_TotalNumberOfEmployeesThatOrganizationsAntiCorruptionPoliciesAndProceduresHaveBeenCommunicatedTo" xlink:to="loc_gri_ReasonForOmissionRelatedToTotalNumberOfEmployeesThatOrganizationsAntiCorruptionPoliciesAndProceduresHaveBeenCommunicatedTo" order="1.0" preferredLabel="http://www.xbrl.org/2003/role/verboseLabel" use="optional" />
    <link:loc xlink:type="locator" xlink:href="../core/gri_srs_core_2025-06-23.xsd#gri_ExplanationForReasonForOmissionRelatedToTotalNumberOfEmployeesThatOrganizationsAntiCorruptionPoliciesAndProceduresHaveBeenCommunicatedToTextBlock" xlink:label="loc_gri_ExplanationForReasonForOmissionRelatedToTotalNumberOfEmployeesThatOrganizationsAntiCorruptionPoliciesAndProceduresHaveBeenCommunicatedToTextBlock" />
    <link:presentationArc xlink:type="arc" xlink:arcrole="http://www.xbrl.org/2003/arcrole/parent-child" xlink:from="loc_gri_TotalNumberOfEmployeesThatOrganizationsAntiCorruptionPoliciesAndProceduresHaveBeenCommunicatedTo" xlink:to="loc_gri_ExplanationForReasonForOmissionRelatedToTotalNumberOfEmployeesThatOrganizationsAntiCorruptionPoliciesAndProceduresHaveBeenCommunicatedToTextBlock" order="2.0" preferredLabel="http://www.xbrl.org/2003/role/verboseLabel" use="optional" />
    <link:loc xlink:type="locator" xlink:href="../core/gri_srs_core_2025-06-23.xsd#gri_PercentageOfEmployeesThatOrganizationsAntiCorruptionPoliciesAndProceduresHaveBeenCommunicatedTo" xlink:label="loc_gri_PercentageOfEmployeesThatOrganizationsAntiCorruptionPoliciesAndProceduresHaveBeenCommunicatedTo" />
    <link:presentationArc xlink:type="arc" xlink:arcrole="http://www.xbrl.org/2003/arcrole/parent-child" xlink:from="loc_gri_CommunicationAndTrainingAboutAntiCorruptionPoliciesAndProceduresBreakdownByRegionLineItems" xlink:to="loc_gri_PercentageOfEmployeesThatOrganizationsAntiCorruptionPoliciesAndProceduresHaveBeenCommunicatedTo" order="4.0" preferredLabel="http://www.xbrl.org/2003/role/verboseLabel" use="optional" />
    <link:loc xlink:type="locator" xlink:href="../core/gri_srs_core_2025-06-23.xsd#gri_ReasonForOmissionRelatedToPercentageOfEmployeesThatOrganizationsAntiCorruptionPoliciesAndProceduresHaveBeenCommunicatedTo" xlink:label="loc_gri_ReasonForOmissionRelatedToPercentageOfEmployeesThatOrganizationsAntiCorruptionPoliciesAndProceduresHaveBeenCommunicatedTo" />
    <link:presentationArc xlink:type="arc" xlink:arcrole="http://www.xbrl.org/2003/arcrole/parent-child" xlink:from="loc_gri_PercentageOfEmployeesThatOrganizationsAntiCorruptionPoliciesAndProceduresHaveBeenCommunicatedTo" xlink:to="loc_gri_ReasonForOmissionRelatedToPercentageOfEmployeesThatOrganizationsAntiCorruptionPoliciesAndProceduresHaveBeenCommunicatedTo" order="1.0" preferredLabel="http://www.xbrl.org/2003/role/verboseLabel" use="optional" />
    <link:loc xlink:type="locator" xlink:href="../core/gri_srs_core_2025-06-23.xsd#gri_ExplanationForReasonForOmissionRelatedToPercentageOfEmployeesThatOrganizationsAntiCorruptionPoliciesAndProceduresHaveBeenCommunicatedToTextBlock" xlink:label="loc_gri_ExplanationForReasonForOmissionRelatedToPercentageOfEmployeesThatOrganizationsAntiCorruptionPoliciesAndProceduresHaveBeenCommunicatedToTextBlock" />
    <link:presentationArc xlink:type="arc" xlink:arcrole="http://www.xbrl.org/2003/arcrole/parent-child" xlink:from="loc_gri_PercentageOfEmployeesThatOrganizationsAntiCorruptionPoliciesAndProceduresHaveBeenCommunicatedTo" xlink:to="loc_gri_ExplanationForReasonForOmissionRelatedToPercentageOfEmployeesThatOrganizationsAntiCorruptionPoliciesAndProceduresHaveBeenCommunicatedToTextBlock" order="2.0" preferredLabel="http://www.xbrl.org/2003/role/verboseLabel" use="optional" />
    <link:loc xlink:type="locator" xlink:href="../core/gri_srs_core_2025-06-23.xsd#gri_TotalNumberOfBusinessPartnersThatOrganizationsAntiCorruptionPoliciesAndProceduresHaveBeenCommunicatedTo" xlink:label="loc_gri_TotalNumberOfBusinessPartnersThatOrganizationsAntiCorruptionPoliciesAndProceduresHaveBeenCommunicatedTo" />
    <link:presentationArc xlink:type="arc" xlink:arcrole="http://www.xbrl.org/2003/arcrole/parent-child" xlink:from="loc_gri_CommunicationAndTrainingAboutAntiCorruptionPoliciesAndProceduresBreakdownByRegionLineItems" xlink:to="loc_gri_TotalNumberOfBusinessPartnersThatOrganizationsAntiCorruptionPoliciesAndProceduresHaveBeenCommunicatedTo" order="5.0" preferredLabel="http://www.xbrl.org/2003/role/verboseLabel" use="optional" />
    <link:loc xlink:type="locator" xlink:href="../core/gri_srs_core_2025-06-23.xsd#gri_ReasonForOmissionRelatedToTotalNumberOfBusinessPartnersThatOrganizationsAntiCorruptionPoliciesAndProceduresHaveBeenCommunicatedTo" xlink:label="loc_gri_ReasonForOmissionRelatedToTotalNumberOfBusinessPartnersThatOrganizationsAntiCorruptionPoliciesAndProceduresHaveBeenCommunicatedTo" />
    <link:presentationArc xlink:type="arc" xlink:arcrole="http://www.xbrl.org/2003/arcrole/parent-child" xlink:from="loc_gri_TotalNumberOfBusinessPartnersThatOrganizationsAntiCorruptionPoliciesAndProceduresHaveBeenCommunicatedTo" xlink:to="loc_gri_ReasonForOmissionRelatedToTotalNumberOfBusinessPartnersThatOrganizationsAntiCorruptionPoliciesAndProceduresHaveBeenCommunicatedTo" order="1.0" preferredLabel="http://www.xbrl.org/2003/role/verboseLabel" use="optional" />
    <link:loc xlink:type="locator" xlink:href="../core/gri_srs_core_2025-06-23.xsd#gri_ExplanationForReasonForOmissionRelatedToTotalNumberOfBusinessPartnersThatOrganizationsAntiCorruptionPoliciesAndProceduresHaveBeenCommunicatedToTextBlock" xlink:label="loc_gri_ExplanationForReasonForOmissionRelatedToTotalNumberOfBusinessPartnersThatOrganizationsAntiCorruptionPoliciesAndProceduresHaveBeenCommunicatedToTextBlock" />
    <link:presentationArc xlink:type="arc" xlink:arcrole="http://www.xbrl.org/2003/arcrole/parent-child" xlink:from="loc_gri_TotalNumberOfBusinessPartnersThatOrganizationsAntiCorruptionPoliciesAndProceduresHaveBeenCommunicatedTo" xlink:to="loc_gri_ExplanationForReasonForOmissionRelatedToTotalNumberOfBusinessPartnersThatOrganizationsAntiCorruptionPoliciesAndProceduresHaveBeenCommunicatedToTextBlock" order="2.0" preferredLabel="http://www.xbrl.org/2003/role/verboseLabel" use="optional" />
    <link:loc xlink:type="locator" xlink:href="../core/gri_srs_core_2025-06-23.xsd#gri_PercentageOfBusinessPartnersThatOrganizationsAntiCorruptionPoliciesAndProceduresHaveBeenCommunicatedTo" xlink:label="loc_gri_PercentageOfBusinessPartnersThatOrganizationsAntiCorruptionPoliciesAndProceduresHaveBeenCommunicatedTo" />
    <link:presentationArc xlink:type="arc" xlink:arcrole="http://www.xbrl.org/2003/arcrole/parent-child" xlink:from="loc_gri_CommunicationAndTrainingAboutAntiCorruptionPoliciesAndProceduresBreakdownByRegionLineItems" xlink:to="loc_gri_PercentageOfBusinessPartnersThatOrganizationsAntiCorruptionPoliciesAndProceduresHaveBeenCommunicatedTo" order="6.0" preferredLabel="http://www.xbrl.org/2003/role/verboseLabel" use="optional" />
    <link:loc xlink:type="locator" xlink:href="../core/gri_srs_core_2025-06-23.xsd#gri_ReasonForOmissionRelatedToPercentageOfBusinessPartnersThatOrganizationsAntiCorruptionPoliciesAndProceduresHaveBeenCommunicatedTo" xlink:label="loc_gri_ReasonForOmissionRelatedToPercentageOfBusinessPartnersThatOrganizationsAntiCorruptionPoliciesAndProceduresHaveBeenCommunicatedTo" />
    <link:presentationArc xlink:type="arc" xlink:arcrole="http://www.xbrl.org/2003/arcrole/parent-child" xlink:from="loc_gri_PercentageOfBusinessPartnersThatOrganizationsAntiCorruptionPoliciesAndProceduresHaveBeenCommunicatedTo" xlink:to="loc_gri_ReasonForOmissionRelatedToPercentageOfBusinessPartnersThatOrganizationsAntiCorruptionPoliciesAndProceduresHaveBeenCommunicatedTo" order="1.0" preferredLabel="http://www.xbrl.org/2003/role/verboseLabel" use="optional" />
    <link:loc xlink:type="locator" xlink:href="../core/gri_srs_core_2025-06-23.xsd#gri_ExplanationForReasonForOmissionRelatedToPercentageOfBusinessPartnersThatOrganizationsAntiCorruptionPoliciesAndProceduresHaveBeenCommunicatedToTextBlock" xlink:label="loc_gri_ExplanationForReasonForOmissionRelatedToPercentageOfBusinessPartnersThatOrganizationsAntiCorruptionPoliciesAndProceduresHaveBeenCommunicatedToTextBlock" />
    <link:presentationArc xlink:type="arc" xlink:arcrole="http://www.xbrl.org/2003/arcrole/parent-child" xlink:from="loc_gri_PercentageOfBusinessPartnersThatOrganizationsAntiCorruptionPoliciesAndProceduresHaveBeenCommunicatedTo" xlink:to="loc_gri_ExplanationForReasonForOmissionRelatedToPercentageOfBusinessPartnersThatOrganizationsAntiCorruptionPoliciesAndProceduresHaveBeenCommunicatedToTextBlock" order="2.0" preferredLabel="http://www.xbrl.org/2003/role/verboseLabel" use="optional" />
    <link:loc xlink:type="locator" xlink:href="../core/gri_srs_core_2025-06-23.xsd#gri_TotalNumberOfGovernanceBodyMembersThatHaveReceivedTrainingOnAntiCorruption" xlink:label="loc_gri_TotalNumberOfGovernanceBodyMembersThatHaveReceivedTrainingOnAntiCorruption" />
    <link:presentationArc xlink:type="arc" xlink:arcrole="http://www.xbrl.org/2003/arcrole/parent-child" xlink:from="loc_gri_CommunicationAndTrainingAboutAntiCorruptionPoliciesAndProceduresBreakdownByRegionLineItems" xlink:to="loc_gri_TotalNumberOfGovernanceBodyMembersThatHaveReceivedTrainingOnAntiCorruption" order="7.0" preferredLabel="http://www.xbrl.org/2003/role/verboseLabel" use="optional" />
    <link:loc xlink:type="locator" xlink:href="../core/gri_srs_core_2025-06-23.xsd#gri_ReasonForOmissionRelatedToTotalNumberOfGovernanceBodyMembersThatHaveReceivedTrainingOnAntiCorruption" xlink:label="loc_gri_ReasonForOmissionRelatedToTotalNumberOfGovernanceBodyMembersThatHaveReceivedTrainingOnAntiCorruption" />
    <link:presentationArc xlink:type="arc" xlink:arcrole="http://www.xbrl.org/2003/arcrole/parent-child" xlink:from="loc_gri_TotalNumberOfGovernanceBodyMembersThatHaveReceivedTrainingOnAntiCorruption" xlink:to="loc_gri_ReasonForOmissionRelatedToTotalNumberOfGovernanceBodyMembersThatHaveReceivedTrainingOnAntiCorruption" order="1.0" preferredLabel="http://www.xbrl.org/2003/role/verboseLabel" use="optional" />
    <link:loc xlink:type="locator" xlink:href="../core/gri_srs_core_2025-06-23.xsd#gri_ExplanationForReasonForOmissionRelatedToTotalNumberOfGovernanceBodyMembersThatHaveReceivedTrainingOnAntiCorruptionTextBlock" xlink:label="loc_gri_ExplanationForReasonForOmissionRelatedToTotalNumberOfGovernanceBodyMembersThatHaveReceivedTrainingOnAntiCorruptionTextBlock" />
    <link:presentationArc xlink:type="arc" xlink:arcrole="http://www.xbrl.org/2003/arcrole/parent-child" xlink:from="loc_gri_TotalNumberOfGovernanceBodyMembersThatHaveReceivedTrainingOnAntiCorruption" xlink:to="loc_gri_ExplanationForReasonForOmissionRelatedToTotalNumberOfGovernanceBodyMembersThatHaveReceivedTrainingOnAntiCorruptionTextBlock" order="2.0" preferredLabel="http://www.xbrl.org/2003/role/verboseLabel" use="optional" />
    <link:loc xlink:type="locator" xlink:href="../core/gri_srs_core_2025-06-23.xsd#gri_PercentageOfGovernanceBodyMembersThatHaveReceivedTrainingOnAntiCorruption" xlink:label="loc_gri_PercentageOfGovernanceBodyMembersThatHaveReceivedTrainingOnAntiCorruption" />
    <link:presentationArc xlink:type="arc" xlink:arcrole="http://www.xbrl.org/2003/arcrole/parent-child" xlink:from="loc_gri_CommunicationAndTrainingAboutAntiCorruptionPoliciesAndProceduresBreakdownByRegionLineItems" xlink:to="loc_gri_PercentageOfGovernanceBodyMembersThatHaveReceivedTrainingOnAntiCorruption" order="8.0" preferredLabel="http://www.xbrl.org/2003/role/verboseLabel" use="optional" />
    <link:loc xlink:type="locator" xlink:href="../core/gri_srs_core_2025-06-23.xsd#gri_ReasonForOmissionRelatedToPercentageOfGovernanceBodyMembersThatHaveReceivedTrainingOnAntiCorruption" xlink:label="loc_gri_ReasonForOmissionRelatedToPercentageOfGovernanceBodyMembersThatHaveReceivedTrainingOnAntiCorruption" />
    <link:presentationArc xlink:type="arc" xlink:arcrole="http://www.xbrl.org/2003/arcrole/parent-child" xlink:from="loc_gri_PercentageOfGovernanceBodyMembersThatHaveReceivedTrainingOnAntiCorruption" xlink:to="loc_gri_ReasonForOmissionRelatedToPercentageOfGovernanceBodyMembersThatHaveReceivedTrainingOnAntiCorruption" order="1.0" preferredLabel="http://www.xbrl.org/2003/role/verboseLabel" use="optional" />
    <link:loc xlink:type="locator" xlink:href="../core/gri_srs_core_2025-06-23.xsd#gri_ExplanationForReasonForOmissionRelatedToPercentageOfGovernanceBodyMembersThatHaveReceivedTrainingOnAntiCorruptionTextBlock" xlink:label="loc_gri_ExplanationForReasonForOmissionRelatedToPercentageOfGovernanceBodyMembersThatHaveReceivedTrainingOnAntiCorruptionTextBlock" />
    <link:presentationArc xlink:type="arc" xlink:arcrole="http://www.xbrl.org/2003/arcrole/parent-child" xlink:from="loc_gri_PercentageOfGovernanceBodyMembersThatHaveReceivedTrainingOnAntiCorruption" xlink:to="loc_gri_ExplanationForReasonForOmissionRelatedToPercentageOfGovernanceBodyMembersThatHaveReceivedTrainingOnAntiCorruptionTextBlock" order="2.0" preferredLabel="http://www.xbrl.org/2003/role/verboseLabel" use="optional" />
    <link:loc xlink:type="locator" xlink:href="../core/gri_srs_core_2025-06-23.xsd#gri_TotalNumberOfEmployeesThatHaveReceivedTrainingOnAntiCorruption" xlink:label="loc_gri_TotalNumberOfEmployeesThatHaveReceivedTrainingOnAntiCorruption" />
    <link:presentationArc xlink:type="arc" xlink:arcrole="http://www.xbrl.org/2003/arcrole/parent-child" xlink:from="loc_gri_CommunicationAndTrainingAboutAntiCorruptionPoliciesAndProceduresBreakdownByRegionLineItems" xlink:to="loc_gri_TotalNumberOfEmployeesThatHaveReceivedTrainingOnAntiCorruption" order="9.0" preferredLabel="http://www.xbrl.org/2003/role/verboseLabel" use="optional" />
    <link:loc xlink:type="locator" xlink:href="../core/gri_srs_core_2025-06-23.xsd#gri_ReasonForOmissionRelatedToTotalNumberOfEmployeesThatHaveReceivedTrainingOnAntiCorruption" xlink:label="loc_gri_ReasonForOmissionRelatedToTotalNumberOfEmployeesThatHaveReceivedTrainingOnAntiCorruption" />
    <link:presentationArc xlink:type="arc" xlink:arcrole="http://www.xbrl.org/2003/arcrole/parent-child" xlink:from="loc_gri_TotalNumberOfEmployeesThatHaveReceivedTrainingOnAntiCorruption" xlink:to="loc_gri_ReasonForOmissionRelatedToTotalNumberOfEmployeesThatHaveReceivedTrainingOnAntiCorruption" order="1.0" preferredLabel="http://www.xbrl.org/2003/role/verboseLabel" use="optional" />
    <link:loc xlink:type="locator" xlink:href="../core/gri_srs_core_2025-06-23.xsd#gri_ExplanationForReasonForOmissionRelatedToTotalNumberOfEmployeesThatHaveReceivedTrainingOnAntiCorruptionTextBlock" xlink:label="loc_gri_ExplanationForReasonForOmissionRelatedToTotalNumberOfEmployeesThatHaveReceivedTrainingOnAntiCorruptionTextBlock" />
    <link:presentationArc xlink:type="arc" xlink:arcrole="http://www.xbrl.org/2003/arcrole/parent-child" xlink:from="loc_gri_TotalNumberOfEmployeesThatHaveReceivedTrainingOnAntiCorruption" xlink:to="loc_gri_ExplanationForReasonForOmissionRelatedToTotalNumberOfEmployeesThatHaveReceivedTrainingOnAntiCorruptionTextBlock" order="2.0" preferredLabel="http://www.xbrl.org/2003/role/verboseLabel" use="optional" />
    <link:loc xlink:type="locator" xlink:href="../core/gri_srs_core_2025-06-23.xsd#gri_PercentageOfEmployeesThatHaveReceivedTrainingOnAntiCorruption" xlink:label="loc_gri_PercentageOfEmployeesThatHaveReceivedTrainingOnAntiCorruption" />
    <link:presentationArc xlink:type="arc" xlink:arcrole="http://www.xbrl.org/2003/arcrole/parent-child" xlink:from="loc_gri_CommunicationAndTrainingAboutAntiCorruptionPoliciesAndProceduresBreakdownByRegionLineItems" xlink:to="loc_gri_PercentageOfEmployeesThatHaveReceivedTrainingOnAntiCorruption" order="10.0" preferredLabel="http://www.xbrl.org/2003/role/verboseLabel" use="optional" />
    <link:loc xlink:type="locator" xlink:href="../core/gri_srs_core_2025-06-23.xsd#gri_ReasonForOmissionRelatedToPercentageOfEmployeesThatHaveReceivedTrainingOnAntiCorruption" xlink:label="loc_gri_ReasonForOmissionRelatedToPercentageOfEmployeesThatHaveReceivedTrainingOnAntiCorruption" />
    <link:presentationArc xlink:type="arc" xlink:arcrole="http://www.xbrl.org/2003/arcrole/parent-child" xlink:from="loc_gri_PercentageOfEmployeesThatHaveReceivedTrainingOnAntiCorruption" xlink:to="loc_gri_ReasonForOmissionRelatedToPercentageOfEmployeesThatHaveReceivedTrainingOnAntiCorruption" order="1.0" preferredLabel="http://www.xbrl.org/2003/role/verboseLabel" use="optional" />
    <link:loc xlink:type="locator" xlink:href="../core/gri_srs_core_2025-06-23.xsd#gri_ExplanationForReasonForOmissionRelatedToPercentageOfEmployeesThatHaveReceivedTrainingOnAntiCorruptionTextBlock" xlink:label="loc_gri_ExplanationForReasonForOmissionRelatedToPercentageOfEmployeesThatHaveReceivedTrainingOnAntiCorruptionTextBlock" />
    <link:presentationArc xlink:type="arc" xlink:arcrole="http://www.xbrl.org/2003/arcrole/parent-child" xlink:from="loc_gri_PercentageOfEmployeesThatHaveReceivedTrainingOnAntiCorruption" xlink:to="loc_gri_ExplanationForReasonForOmissionRelatedToPercentageOfEmployeesThatHaveReceivedTrainingOnAntiCorruptionTextBlock" order="2.0" preferredLabel="http://www.xbrl.org/2003/role/verboseLabel" use="optional" />
    <link:loc xlink:type="locator" xlink:href="../core/gri_srs_core_2025-06-23.xsd#gri_DisclosureOfCommunicationAndTrainingAboutAntiCorruptionPoliciesAndProceduresBreakdownByEmployeeCategoryAbstract" xlink:label="loc_gri_DisclosureOfCommunicationAndTrainingAboutAntiCorruptionPoliciesAndProceduresBreakdownByEmployeeCategoryAbstract" />
    <link:presentationArc xlink:type="arc" xlink:arcrole="http://www.xbrl.org/2003/arcrole/parent-child" xlink:from="loc_gri_DisclosureOfCommunicationAndTrainingAboutAntiCorruptionPoliciesAndProceduresAbstract" xlink:to="loc_gri_DisclosureOfCommunicationAndTrainingAboutAntiCorruptionPoliciesAndProceduresBreakdownByEmployeeCategoryAbstract" order="2.0" preferredLabel="http://www.xbrl.org/2003/role/terseLabel" use="optional" />
    <link:loc xlink:type="locator" xlink:href="../core/gri_srs_core_2025-06-23.xsd#gri_CommunicationAndTrainingAboutAntiCorruptionPoliciesAndProceduresBreakdownByEmployeeCategoryTable" xlink:label="loc_gri_CommunicationAndTrainingAboutAntiCorruptionPoliciesAndProceduresBreakdownByEmployeeCategoryTable" />
    <link:presentationArc xlink:type="arc" xlink:arcrole="http://www.xbrl.org/2003/arcrole/parent-child" xlink:from="loc_gri_DisclosureOfCommunicationAndTrainingAboutAntiCorruptionPoliciesAndProceduresBreakdownByEmployeeCategoryAbstract" xlink:to="loc_gri_CommunicationAndTrainingAboutAntiCorruptionPoliciesAndProceduresBreakdownByEmployeeCategoryTable" order="1.0" use="optional" />
    <link:loc xlink:type="locator" xlink:href="../core/gri_srs_core_2025-06-23.xsd#gri_EmployeeCategoryAxis" xlink:label="loc_gri_EmployeeCategoryAxis" />
    <link:presentationArc xlink:type="arc" xlink:arcrole="http://www.xbrl.org/2003/arcrole/parent-child" xlink:from="loc_gri_CommunicationAndTrainingAboutAntiCorruptionPoliciesAndProceduresBreakdownByEmployeeCategoryTable" xlink:to="loc_gri_EmployeeCategoryAxis" order="1.0" use="optional" />
    <link:loc xlink:type="locator" xlink:href="../core/gri_srs_core_2025-06-23.xsd#gri_CommunicationAndTrainingAboutAntiCorruptionPoliciesAndProceduresBreakdownByEmployeeCategoryLineItems" xlink:label="loc_gri_CommunicationAndTrainingAboutAntiCorruptionPoliciesAndProceduresBreakdownByEmployeeCategoryLineItems" />
    <link:presentationArc xlink:type="arc" xlink:arcrole="http://www.xbrl.org/2003/arcrole/parent-child" xlink:from="loc_gri_DisclosureOfCommunicationAndTrainingAboutAntiCorruptionPoliciesAndProceduresBreakdownByEmployeeCategoryAbstract" xlink:to="loc_gri_CommunicationAndTrainingAboutAntiCorruptionPoliciesAndProceduresBreakdownByEmployeeCategoryLineItems" order="2.0" use="optional" />
    <link:loc xlink:type="locator" xlink:href="../core/gri_srs_core_2025-06-23.xsd#gri_TotalNumberOfEmployeesThatOrganizationsAntiCorruptionPoliciesAndProceduresHaveBeenCommunicatedTo" xlink:label="loc_gri_TotalNumberOfEmployeesThatOrganizationsAntiCorruptionPoliciesAndProceduresHaveBeenCommunicatedTo_1" />
    <link:presentationArc xlink:type="arc" xlink:arcrole="http://www.xbrl.org/2003/arcrole/parent-child" xlink:from="loc_gri_CommunicationAndTrainingAboutAntiCorruptionPoliciesAndProceduresBreakdownByEmployeeCategoryLineItems" xlink:to="loc_gri_TotalNumberOfEmployeesThatOrganizationsAntiCorruptionPoliciesAndProceduresHaveBeenCommunicatedTo_1" order="1.0" preferredLabel="http://www.xbrl.org/2003/role/verboseLabel" use="optional" />
    <link:loc xlink:type="locator" xlink:href="../core/gri_srs_core_2025-06-23.xsd#gri_ReasonForOmissionRelatedToTotalNumberOfEmployeesThatOrganizationsAntiCorruptionPoliciesAndProceduresHaveBeenCommunicatedTo" xlink:label="loc_gri_ReasonForOmissionRelatedToTotalNumberOfEmployeesThatOrganizationsAntiCorruptionPoliciesAndProceduresHaveBeenCommunicatedTo_1" />
    <link:presentationArc xlink:type="arc" xlink:arcrole="http://www.xbrl.org/2003/arcrole/parent-child" xlink:from="loc_gri_TotalNumberOfEmployeesThatOrganizationsAntiCorruptionPoliciesAndProceduresHaveBeenCommunicatedTo_1" xlink:to="loc_gri_ReasonForOmissionRelatedToTotalNumberOfEmployeesThatOrganizationsAntiCorruptionPoliciesAndProceduresHaveBeenCommunicatedTo_1" order="1.0" preferredLabel="http://www.xbrl.org/2003/role/verboseLabel" use="optional" />
    <link:loc xlink:type="locator" xlink:href="../core/gri_srs_core_2025-06-23.xsd#gri_ExplanationForReasonForOmissionRelatedToTotalNumberOfEmployeesThatOrganizationsAntiCorruptionPoliciesAndProceduresHaveBeenCommunicatedToTextBlock" xlink:label="loc_gri_ExplanationForReasonForOmissionRelatedToTotalNumberOfEmployeesThatOrganizationsAntiCorruptionPoliciesAndProceduresHaveBeenCommunicatedToTextBlock_1" />
    <link:presentationArc xlink:type="arc" xlink:arcrole="http://www.xbrl.org/2003/arcrole/parent-child" xlink:from="loc_gri_TotalNumberOfEmployeesThatOrganizationsAntiCorruptionPoliciesAndProceduresHaveBeenCommunicatedTo_1" xlink:to="loc_gri_ExplanationForReasonForOmissionRelatedToTotalNumberOfEmployeesThatOrganizationsAntiCorruptionPoliciesAndProceduresHaveBeenCommunicatedToTextBlock_1" order="2.0" preferredLabel="http://www.xbrl.org/2003/role/verboseLabel" use="optional" />
    <link:loc xlink:type="locator" xlink:href="../core/gri_srs_core_2025-06-23.xsd#gri_PercentageOfEmployeesThatOrganizationsAntiCorruptionPoliciesAndProceduresHaveBeenCommunicatedTo" xlink:label="loc_gri_PercentageOfEmployeesThatOrganizationsAntiCorruptionPoliciesAndProceduresHaveBeenCommunicatedTo_1" />
    <link:presentationArc xlink:type="arc" xlink:arcrole="http://www.xbrl.org/2003/arcrole/parent-child" xlink:from="loc_gri_CommunicationAndTrainingAboutAntiCorruptionPoliciesAndProceduresBreakdownByEmployeeCategoryLineItems" xlink:to="loc_gri_PercentageOfEmployeesThatOrganizationsAntiCorruptionPoliciesAndProceduresHaveBeenCommunicatedTo_1" order="2.0" preferredLabel="http://www.xbrl.org/2003/role/verboseLabel" use="optional" />
    <link:loc xlink:type="locator" xlink:href="../core/gri_srs_core_2025-06-23.xsd#gri_ReasonForOmissionRelatedToPercentageOfEmployeesThatOrganizationsAntiCorruptionPoliciesAndProceduresHaveBeenCommunicatedTo" xlink:label="loc_gri_ReasonForOmissionRelatedToPercentageOfEmployeesThatOrganizationsAntiCorruptionPoliciesAndProceduresHaveBeenCommunicatedTo_1" />
    <link:presentationArc xlink:type="arc" xlink:arcrole="http://www.xbrl.org/2003/arcrole/parent-child" xlink:from="loc_gri_PercentageOfEmployeesThatOrganizationsAntiCorruptionPoliciesAndProceduresHaveBeenCommunicatedTo_1" xlink:to="loc_gri_ReasonForOmissionRelatedToPercentageOfEmployeesThatOrganizationsAntiCorruptionPoliciesAndProceduresHaveBeenCommunicatedTo_1" order="1.0" preferredLabel="http://www.xbrl.org/2003/role/verboseLabel" use="optional" />
    <link:loc xlink:type="locator" xlink:href="../core/gri_srs_core_2025-06-23.xsd#gri_ExplanationForReasonForOmissionRelatedToPercentageOfEmployeesThatOrganizationsAntiCorruptionPoliciesAndProceduresHaveBeenCommunicatedToTextBlock" xlink:label="loc_gri_ExplanationForReasonForOmissionRelatedToPercentageOfEmployeesThatOrganizationsAntiCorruptionPoliciesAndProceduresHaveBeenCommunicatedToTextBlock_1" />
    <link:presentationArc xlink:type="arc" xlink:arcrole="http://www.xbrl.org/2003/arcrole/parent-child" xlink:from="loc_gri_PercentageOfEmployeesThatOrganizationsAntiCorruptionPoliciesAndProceduresHaveBeenCommunicatedTo_1" xlink:to="loc_gri_ExplanationForReasonForOmissionRelatedToPercentageOfEmployeesThatOrganizationsAntiCorruptionPoliciesAndProceduresHaveBeenCommunicatedToTextBlock_1" order="2.0" preferredLabel="http://www.xbrl.org/2003/role/verboseLabel" use="optional" />
    <link:loc xlink:type="locator" xlink:href="../core/gri_srs_core_2025-06-23.xsd#gri_TotalNumberOfEmployeesThatHaveReceivedTrainingOnAntiCorruption" xlink:label="loc_gri_TotalNumberOfEmployeesThatHaveReceivedTrainingOnAntiCorruption_1" />
    <link:presentationArc xlink:type="arc" xlink:arcrole="http://www.xbrl.org/2003/arcrole/parent-child" xlink:from="loc_gri_CommunicationAndTrainingAboutAntiCorruptionPoliciesAndProceduresBreakdownByEmployeeCategoryLineItems" xlink:to="loc_gri_TotalNumberOfEmployeesThatHaveReceivedTrainingOnAntiCorruption_1" order="3.0" preferredLabel="http://www.xbrl.org/2003/role/verboseLabel" use="optional" />
    <link:loc xlink:type="locator" xlink:href="../core/gri_srs_core_2025-06-23.xsd#gri_ReasonForOmissionRelatedToTotalNumberOfEmployeesThatHaveReceivedTrainingOnAntiCorruption" xlink:label="loc_gri_ReasonForOmissionRelatedToTotalNumberOfEmployeesThatHaveReceivedTrainingOnAntiCorruption_1" />
    <link:presentationArc xlink:type="arc" xlink:arcrole="http://www.xbrl.org/2003/arcrole/parent-child" xlink:from="loc_gri_TotalNumberOfEmployeesThatHaveReceivedTrainingOnAntiCorruption_1" xlink:to="loc_gri_ReasonForOmissionRelatedToTotalNumberOfEmployeesThatHaveReceivedTrainingOnAntiCorruption_1" order="1.0" preferredLabel="http://www.xbrl.org/2003/role/verboseLabel" use="optional" />
    <link:loc xlink:type="locator" xlink:href="../core/gri_srs_core_2025-06-23.xsd#gri_ExplanationForReasonForOmissionRelatedToTotalNumberOfEmployeesThatHaveReceivedTrainingOnAntiCorruptionTextBlock" xlink:label="loc_gri_ExplanationForReasonForOmissionRelatedToTotalNumberOfEmployeesThatHaveReceivedTrainingOnAntiCorruptionTextBlock_1" />
    <link:presentationArc xlink:type="arc" xlink:arcrole="http://www.xbrl.org/2003/arcrole/parent-child" xlink:from="loc_gri_TotalNumberOfEmployeesThatHaveReceivedTrainingOnAntiCorruption_1" xlink:to="loc_gri_ExplanationForReasonForOmissionRelatedToTotalNumberOfEmployeesThatHaveReceivedTrainingOnAntiCorruptionTextBlock_1" order="2.0" preferredLabel="http://www.xbrl.org/2003/role/verboseLabel" use="optional" />
    <link:loc xlink:type="locator" xlink:href="../core/gri_srs_core_2025-06-23.xsd#gri_PercentageOfEmployeesThatHaveReceivedTrainingOnAntiCorruption" xlink:label="loc_gri_PercentageOfEmployeesThatHaveReceivedTrainingOnAntiCorruption_1" />
    <link:presentationArc xlink:type="arc" xlink:arcrole="http://www.xbrl.org/2003/arcrole/parent-child" xlink:from="loc_gri_CommunicationAndTrainingAboutAntiCorruptionPoliciesAndProceduresBreakdownByEmployeeCategoryLineItems" xlink:to="loc_gri_PercentageOfEmployeesThatHaveReceivedTrainingOnAntiCorruption_1" order="4.0" preferredLabel="http://www.xbrl.org/2003/role/verboseLabel" use="optional" />
    <link:loc xlink:type="locator" xlink:href="../core/gri_srs_core_2025-06-23.xsd#gri_ReasonForOmissionRelatedToPercentageOfEmployeesThatHaveReceivedTrainingOnAntiCorruption" xlink:label="loc_gri_ReasonForOmissionRelatedToPercentageOfEmployeesThatHaveReceivedTrainingOnAntiCorruption_1" />
    <link:presentationArc xlink:type="arc" xlink:arcrole="http://www.xbrl.org/2003/arcrole/parent-child" xlink:from="loc_gri_PercentageOfEmployeesThatHaveReceivedTrainingOnAntiCorruption_1" xlink:to="loc_gri_ReasonForOmissionRelatedToPercentageOfEmployeesThatHaveReceivedTrainingOnAntiCorruption_1" order="1.0" preferredLabel="http://www.xbrl.org/2003/role/verboseLabel" use="optional" />
    <link:loc xlink:type="locator" xlink:href="../core/gri_srs_core_2025-06-23.xsd#gri_ExplanationForReasonForOmissionRelatedToPercentageOfEmployeesThatHaveReceivedTrainingOnAntiCorruptionTextBlock" xlink:label="loc_gri_ExplanationForReasonForOmissionRelatedToPercentageOfEmployeesThatHaveReceivedTrainingOnAntiCorruptionTextBlock_1" />
    <link:presentationArc xlink:type="arc" xlink:arcrole="http://www.xbrl.org/2003/arcrole/parent-child" xlink:from="loc_gri_PercentageOfEmployeesThatHaveReceivedTrainingOnAntiCorruption_1" xlink:to="loc_gri_ExplanationForReasonForOmissionRelatedToPercentageOfEmployeesThatHaveReceivedTrainingOnAntiCorruptionTextBlock_1" order="2.0" preferredLabel="http://www.xbrl.org/2003/role/verboseLabel" use="optional" />
    <link:loc xlink:type="locator" xlink:href="../core/gri_srs_core_2025-06-23.xsd#gri_DisclosureOfCommunicationAndTrainingAboutAntiCorruptionPoliciesAndProceduresBreakdownByTypeOfBusinessPartnerAbstract" xlink:label="loc_gri_DisclosureOfCommunicationAndTrainingAboutAntiCorruptionPoliciesAndProceduresBreakdownByTypeOfBusinessPartnerAbstract" />
    <link:presentationArc xlink:type="arc" xlink:arcrole="http://www.xbrl.org/2003/arcrole/parent-child" xlink:from="loc_gri_DisclosureOfCommunicationAndTrainingAboutAntiCorruptionPoliciesAndProceduresAbstract" xlink:to="loc_gri_DisclosureOfCommunicationAndTrainingAboutAntiCorruptionPoliciesAndProceduresBreakdownByTypeOfBusinessPartnerAbstract" order="3.0" preferredLabel="http://www.xbrl.org/2003/role/terseLabel" use="optional" />
    <link:loc xlink:type="locator" xlink:href="../core/gri_srs_core_2025-06-23.xsd#gri_CommunicationAndTrainingAboutAntiCorruptionPoliciesAndProceduresBreakdownByTypeOfBusinessPartnerTable" xlink:label="loc_gri_CommunicationAndTrainingAboutAntiCorruptionPoliciesAndProceduresBreakdownByTypeOfBusinessPartnerTable" />
    <link:presentationArc xlink:type="arc" xlink:arcrole="http://www.xbrl.org/2003/arcrole/parent-child" xlink:from="loc_gri_DisclosureOfCommunicationAndTrainingAboutAntiCorruptionPoliciesAndProceduresBreakdownByTypeOfBusinessPartnerAbstract" xlink:to="loc_gri_CommunicationAndTrainingAboutAntiCorruptionPoliciesAndProceduresBreakdownByTypeOfBusinessPartnerTable" order="1.0" use="optional" />
    <link:loc xlink:type="locator" xlink:href="../core/gri_srs_core_2025-06-23.xsd#gri_TypeOfBusinessPartnerAxis" xlink:label="loc_gri_TypeOfBusinessPartnerAxis" />
    <link:presentationArc xlink:type="arc" xlink:arcrole="http://www.xbrl.org/2003/arcrole/parent-child" xlink:from="loc_gri_CommunicationAndTrainingAboutAntiCorruptionPoliciesAndProceduresBreakdownByTypeOfBusinessPartnerTable" xlink:to="loc_gri_TypeOfBusinessPartnerAxis" order="1.0" use="optional" />
    <link:loc xlink:type="locator" xlink:href="../core/gri_srs_core_2025-06-23.xsd#gri_CommunicationAndTrainingAboutAntiCorruptionPoliciesAndProceduresBreakdownByTypeOfBusinessPartnerLineItems" xlink:label="loc_gri_CommunicationAndTrainingAboutAntiCorruptionPoliciesAndProceduresBreakdownByTypeOfBusinessPartnerLineItems" />
    <link:presentationArc xlink:type="arc" xlink:arcrole="http://www.xbrl.org/2003/arcrole/parent-child" xlink:from="loc_gri_DisclosureOfCommunicationAndTrainingAboutAntiCorruptionPoliciesAndProceduresBreakdownByTypeOfBusinessPartnerAbstract" xlink:to="loc_gri_CommunicationAndTrainingAboutAntiCorruptionPoliciesAndProceduresBreakdownByTypeOfBusinessPartnerLineItems" order="2.0" use="optional" />
    <link:loc xlink:type="locator" xlink:href="../core/gri_srs_core_2025-06-23.xsd#gri_TotalNumberOfBusinessPartnersThatOrganizationsAntiCorruptionPoliciesAndProceduresHaveBeenCommunicatedTo" xlink:label="loc_gri_TotalNumberOfBusinessPartnersThatOrganizationsAntiCorruptionPoliciesAndProceduresHaveBeenCommunicatedTo_1" />
    <link:presentationArc xlink:type="arc" xlink:arcrole="http://www.xbrl.org/2003/arcrole/parent-child" xlink:from="loc_gri_CommunicationAndTrainingAboutAntiCorruptionPoliciesAndProceduresBreakdownByTypeOfBusinessPartnerLineItems" xlink:to="loc_gri_TotalNumberOfBusinessPartnersThatOrganizationsAntiCorruptionPoliciesAndProceduresHaveBeenCommunicatedTo_1" order="1.0" preferredLabel="http://www.xbrl.org/2003/role/verboseLabel" use="optional" />
    <link:loc xlink:type="locator" xlink:href="../core/gri_srs_core_2025-06-23.xsd#gri_ReasonForOmissionRelatedToTotalNumberOfBusinessPartnersThatOrganizationsAntiCorruptionPoliciesAndProceduresHaveBeenCommunicatedTo" xlink:label="loc_gri_ReasonForOmissionRelatedToTotalNumberOfBusinessPartnersThatOrganizationsAntiCorruptionPoliciesAndProceduresHaveBeenCommunicatedTo_1" />
    <link:presentationArc xlink:type="arc" xlink:arcrole="http://www.xbrl.org/2003/arcrole/parent-child" xlink:from="loc_gri_TotalNumberOfBusinessPartnersThatOrganizationsAntiCorruptionPoliciesAndProceduresHaveBeenCommunicatedTo_1" xlink:to="loc_gri_ReasonForOmissionRelatedToTotalNumberOfBusinessPartnersThatOrganizationsAntiCorruptionPoliciesAndProceduresHaveBeenCommunicatedTo_1" order="1.0" preferredLabel="http://www.xbrl.org/2003/role/verboseLabel" use="optional" />
    <link:loc xlink:type="locator" xlink:href="../core/gri_srs_core_2025-06-23.xsd#gri_ExplanationForReasonForOmissionRelatedToTotalNumberOfBusinessPartnersThatOrganizationsAntiCorruptionPoliciesAndProceduresHaveBeenCommunicatedToTextBlock" xlink:label="loc_gri_ExplanationForReasonForOmissionRelatedToTotalNumberOfBusinessPartnersThatOrganizationsAntiCorruptionPoliciesAndProceduresHaveBeenCommunicatedToTextBlock_1" />
    <link:presentationArc xlink:type="arc" xlink:arcrole="http://www.xbrl.org/2003/arcrole/parent-child" xlink:from="loc_gri_TotalNumberOfBusinessPartnersThatOrganizationsAntiCorruptionPoliciesAndProceduresHaveBeenCommunicatedTo_1" xlink:to="loc_gri_ExplanationForReasonForOmissionRelatedToTotalNumberOfBusinessPartnersThatOrganizationsAntiCorruptionPoliciesAndProceduresHaveBeenCommunicatedToTextBlock_1" order="2.0" preferredLabel="http://www.xbrl.org/2003/role/verboseLabel" use="optional" />
    <link:loc xlink:type="locator" xlink:href="../core/gri_srs_core_2025-06-23.xsd#gri_PercentageOfBusinessPartnersThatOrganizationsAntiCorruptionPoliciesAndProceduresHaveBeenCommunicatedTo" xlink:label="loc_gri_PercentageOfBusinessPartnersThatOrganizationsAntiCorruptionPoliciesAndProceduresHaveBeenCommunicatedTo_1" />
    <link:presentationArc xlink:type="arc" xlink:arcrole="http://www.xbrl.org/2003/arcrole/parent-child" xlink:from="loc_gri_CommunicationAndTrainingAboutAntiCorruptionPoliciesAndProceduresBreakdownByTypeOfBusinessPartnerLineItems" xlink:to="loc_gri_PercentageOfBusinessPartnersThatOrganizationsAntiCorruptionPoliciesAndProceduresHaveBeenCommunicatedTo_1" order="2.0" preferredLabel="http://www.xbrl.org/2003/role/verboseLabel" use="optional" />
    <link:loc xlink:type="locator" xlink:href="../core/gri_srs_core_2025-06-23.xsd#gri_ReasonForOmissionRelatedToPercentageOfBusinessPartnersThatOrganizationsAntiCorruptionPoliciesAndProceduresHaveBeenCommunicatedTo" xlink:label="loc_gri_ReasonForOmissionRelatedToPercentageOfBusinessPartnersThatOrganizationsAntiCorruptionPoliciesAndProceduresHaveBeenCommunicatedTo_1" />
    <link:presentationArc xlink:type="arc" xlink:arcrole="http://www.xbrl.org/2003/arcrole/parent-child" xlink:from="loc_gri_PercentageOfBusinessPartnersThatOrganizationsAntiCorruptionPoliciesAndProceduresHaveBeenCommunicatedTo_1" xlink:to="loc_gri_ReasonForOmissionRelatedToPercentageOfBusinessPartnersThatOrganizationsAntiCorruptionPoliciesAndProceduresHaveBeenCommunicatedTo_1" order="1.0" preferredLabel="http://www.xbrl.org/2003/role/verboseLabel" use="optional" />
    <link:loc xlink:type="locator" xlink:href="../core/gri_srs_core_2025-06-23.xsd#gri_ExplanationForReasonForOmissionRelatedToPercentageOfBusinessPartnersThatOrganizationsAntiCorruptionPoliciesAndProceduresHaveBeenCommunicatedToTextBlock" xlink:label="loc_gri_ExplanationForReasonForOmissionRelatedToPercentageOfBusinessPartnersThatOrganizationsAntiCorruptionPoliciesAndProceduresHaveBeenCommunicatedToTextBlock_1" />
    <link:presentationArc xlink:type="arc" xlink:arcrole="http://www.xbrl.org/2003/arcrole/parent-child" xlink:from="loc_gri_PercentageOfBusinessPartnersThatOrganizationsAntiCorruptionPoliciesAndProceduresHaveBeenCommunicatedTo_1" xlink:to="loc_gri_ExplanationForReasonForOmissionRelatedToPercentageOfBusinessPartnersThatOrganizationsAntiCorruptionPoliciesAndProceduresHaveBeenCommunicatedToTextBlock_1" order="2.0" preferredLabel="http://www.xbrl.org/2003/role/verboseLabel" use="optional" />
    <link:loc xlink:type="locator" xlink:href="../core/gri_srs_core_2025-06-23.xsd#gri_DescriptionIfOrganizationsAntiCorruptionPoliciesAndProceduresHaveBeenCommunicatedToAnyOtherPersonsOrOrganizationsTextBlock" xlink:label="loc_gri_DescriptionIfOrganizationsAntiCorruptionPoliciesAndProceduresHaveBeenCommunicatedToAnyOtherPersonsOrOrganizationsTextBlock" />
    <link:presentationArc xlink:type="arc" xlink:arcrole="http://www.xbrl.org/2003/arcrole/parent-child" xlink:from="loc_gri_DisclosureOfCommunicationAndTrainingAboutAntiCorruptionPoliciesAndProceduresAbstract" xlink:to="loc_gri_DescriptionIfOrganizationsAntiCorruptionPoliciesAndProceduresHaveBeenCommunicatedToAnyOtherPersonsOrOrganizationsTextBlock" order="4.0" preferredLabel="http://www.xbrl.org/2003/role/verboseLabel" use="optional" />
    <link:loc xlink:type="locator" xlink:href="../core/gri_srs_core_2025-06-23.xsd#gri_DisclosureOfConfirmedIncidentsOfCorruptionAndActionsTakenAbstract" xlink:label="loc_gri_DisclosureOfConfirmedIncidentsOfCorruptionAndActionsTakenAbstract" />
    <link:presentationArc xlink:type="arc" xlink:arcrole="http://www.xbrl.org/2003/arcrole/parent-child" xlink:from="loc_gri_DisclosureOfAntiCorruptionAbstract" xlink:to="loc_gri_DisclosureOfConfirmedIncidentsOfCorruptionAndActionsTakenAbstract" order="3.0" preferredLabel="http://www.xbrl.org/2003/role/terseLabel" use="optional" />
    <link:loc xlink:type="locator" xlink:href="../core/gri_srs_core_2025-06-23.xsd#gri_TotalNumberOfConfirmedIncidentsOfCorruption" xlink:label="loc_gri_TotalNumberOfConfirmedIncidentsOfCorruption" />
    <link:presentationArc xlink:type="arc" xlink:arcrole="http://www.xbrl.org/2003/arcrole/parent-child" xlink:from="loc_gri_DisclosureOfConfirmedIncidentsOfCorruptionAndActionsTakenAbstract" xlink:to="loc_gri_TotalNumberOfConfirmedIncidentsOfCorruption" order="1.0" preferredLabel="http://www.xbrl.org/2003/role/verboseLabel" use="optional" />
    <link:loc xlink:type="locator" xlink:href="../core/gri_srs_core_2025-06-23.xsd#gri_NatureOfConfirmedIncidentsOfCorruptionTextBlock" xlink:label="loc_gri_NatureOfConfirmedIncidentsOfCorruptionTextBlock" />
    <link:presentationArc xlink:type="arc" xlink:arcrole="http://www.xbrl.org/2003/arcrole/parent-child" xlink:from="loc_gri_DisclosureOfConfirmedIncidentsOfCorruptionAndActionsTakenAbstract" xlink:to="loc_gri_NatureOfConfirmedIncidentsOfCorruptionTextBlock" order="2.0" preferredLabel="http://www.xbrl.org/2003/role/verboseLabel" use="optional" />
    <link:loc xlink:type="locator" xlink:href="../core/gri_srs_core_2025-06-23.xsd#gri_TotalNumberOfConfirmedIncidentsInWhichEmployeesWereDismissedOrDisciplinedForCorruption" xlink:label="loc_gri_TotalNumberOfConfirmedIncidentsInWhichEmployeesWereDismissedOrDisciplinedForCorruption" />
    <link:presentationArc xlink:type="arc" xlink:arcrole="http://www.xbrl.org/2003/arcrole/parent-child" xlink:from="loc_gri_DisclosureOfConfirmedIncidentsOfCorruptionAndActionsTakenAbstract" xlink:to="loc_gri_TotalNumberOfConfirmedIncidentsInWhichEmployeesWereDismissedOrDisciplinedForCorruption" order="3.0" preferredLabel="http://www.xbrl.org/2003/role/verboseLabel" use="optional" />
    <link:loc xlink:type="locator" xlink:href="../core/gri_srs_core_2025-06-23.xsd#gri_TotalNumberOfConfirmedIncidentsWhenContractsWithBusinessPartnersWereTerminatedOrNotRenewedDueToViolationsRelatedToCorruption" xlink:label="loc_gri_TotalNumberOfConfirmedIncidentsWhenContractsWithBusinessPartnersWereTerminatedOrNotRenewedDueToViolationsRelatedToCorruption" />
    <link:presentationArc xlink:type="arc" xlink:arcrole="http://www.xbrl.org/2003/arcrole/parent-child" xlink:from="loc_gri_DisclosureOfConfirmedIncidentsOfCorruptionAndActionsTakenAbstract" xlink:to="loc_gri_TotalNumberOfConfirmedIncidentsWhenContractsWithBusinessPartnersWereTerminatedOrNotRenewedDueToViolationsRelatedToCorruption" order="4.0" preferredLabel="http://www.xbrl.org/2003/role/verboseLabel" use="optional" />
    <link:loc xlink:type="locator" xlink:href="../core/gri_srs_core_2025-06-23.xsd#gri_DescriptionOfPublicLegalCasesRegardingCorruptionBroughtAgainstOrganizationOrItsEmployeesDuringReportingPeriodAndOutcomesOfSuchCasesTextBlock" xlink:label="loc_gri_DescriptionOfPublicLegalCasesRegardingCorruptionBroughtAgainstOrganizationOrItsEmployeesDuringReportingPeriodAndOutcomesOfSuchCasesTextBlock" />
    <link:presentationArc xlink:type="arc" xlink:arcrole="http://www.xbrl.org/2003/arcrole/parent-child" xlink:from="loc_gri_DisclosureOfConfirmedIncidentsOfCorruptionAndActionsTakenAbstract" xlink:to="loc_gri_DescriptionOfPublicLegalCasesRegardingCorruptionBroughtAgainstOrganizationOrItsEmployeesDuringReportingPeriodAndOutcomesOfSuchCasesTextBlock" order="5.0" preferredLabel="http://www.xbrl.org/2003/role/verboseLabel" use="optional" />
  </link:presentationLink>
</link:linkbase>