﻿<?xml version="1.0" encoding="utf-8"?>
<!-- Generated by GRI Taxonomy Editor-->
<link:linkbase xsi:schemaLocation="http://www.xbrl.org/2003/linkbase http://www.xbrl.org/2003/xbrl-linkbase-2003-12-31.xsd http://www.xbrl.org/2003/instance http://www.xbrl.org/2003/xbrl-instance-2003-12-31.xsd http://www.w3.org/1999/xlink http://www.xbrl.org/2003/xlink-2003-12-31.xsd " xmlns:link="http://www.xbrl.org/2003/linkbase" xmlns:xbrli="http://www.xbrl.org/2003/instance" xmlns:xlink="http://www.w3.org/1999/xlink" xmlns:xsi="http://www.w3.org/2001/XMLSchema-instance">
  <!-- Role Ref -->
  <link:roleRef roleURI="https://taxonomy.globalreporting.org/gri-sustainability-taxonomy/gri_srs/gri_srs_role/role_gri_301" xlink:type="simple" xlink:href="role_gri_srs_2025-06-23.xsd#role_gri_301" />
  <link:presentationLink xlink:type="extended" xlink:role="https://taxonomy.globalreporting.org/gri-sustainability-taxonomy/gri_srs/gri_srs_role/role_gri_301">
    <link:loc xlink:type="locator" xlink:href="../core/gri_srs_core_2025-06-23.xsd#gri_DisclosureOfMaterialsAbstract" xlink:label="loc_gri_DisclosureOfMaterialsAbstract" />
    <link:loc xlink:type="locator" xlink:href="../core/gri_srs_core_2025-06-23.xsd#gri_DisclosureOfMaterialsUsedByWeightOrVolumeAbstract" xlink:label="loc_gri_DisclosureOfMaterialsUsedByWeightOrVolumeAbstract" />
    <link:presentationArc xlink:type="arc" xlink:arcrole="http://www.xbrl.org/2003/arcrole/parent-child" xlink:from="loc_gri_DisclosureOfMaterialsAbstract" xlink:to="loc_gri_DisclosureOfMaterialsUsedByWeightOrVolumeAbstract" order="1.0" preferredLabel="http://www.xbrl.org/2003/role/terseLabel" use="optional" />
    <link:loc xlink:type="locator" xlink:href="../core/gri_srs_core_2025-06-23.xsd#gri_MaterialsUsedByWeightOrVolumeTable" xlink:label="loc_gri_MaterialsUsedByWeightOrVolumeTable" />
    <link:presentationArc xlink:type="arc" xlink:arcrole="http://www.xbrl.org/2003/arcrole/parent-child" xlink:from="loc_gri_DisclosureOfMaterialsUsedByWeightOrVolumeAbstract" xlink:to="loc_gri_MaterialsUsedByWeightOrVolumeTable" order="1.0" use="optional" />
    <link:loc xlink:type="locator" xlink:href="../core/gri_srs_core_2025-06-23.xsd#gri_MaterialResourceAxis" xlink:label="loc_gri_MaterialResourceAxis" />
    <link:presentationArc xlink:type="arc" xlink:arcrole="http://www.xbrl.org/2003/arcrole/parent-child" xlink:from="loc_gri_MaterialsUsedByWeightOrVolumeTable" xlink:to="loc_gri_MaterialResourceAxis" order="1.0" use="optional" />
    <link:loc xlink:type="locator" xlink:href="../core/gri_srs_core_2025-06-23.xsd#gri_MaterialResourceDomain" xlink:label="loc_gri_MaterialResourceDomain" />
    <link:presentationArc xlink:type="arc" xlink:arcrole="http://www.xbrl.org/2003/arcrole/parent-child" xlink:from="loc_gri_MaterialResourceAxis" xlink:to="loc_gri_MaterialResourceDomain" order="1.0" use="optional" />
    <link:loc xlink:type="locator" xlink:href="../core/gri_srs_core_2025-06-23.xsd#gri_NonRenewableMaterialMember" xlink:label="loc_gri_NonRenewableMaterialMember" />
    <link:presentationArc xlink:type="arc" xlink:arcrole="http://www.xbrl.org/2003/arcrole/parent-child" xlink:from="loc_gri_MaterialResourceDomain" xlink:to="loc_gri_NonRenewableMaterialMember" order="1.0" preferredLabel="http://www.xbrl.org/2003/role/terseLabel" use="optional" />
    <link:loc xlink:type="locator" xlink:href="../core/gri_srs_core_2025-06-23.xsd#gri_RenewableMaterialMember" xlink:label="loc_gri_RenewableMaterialMember" />
    <link:presentationArc xlink:type="arc" xlink:arcrole="http://www.xbrl.org/2003/arcrole/parent-child" xlink:from="loc_gri_MaterialResourceDomain" xlink:to="loc_gri_RenewableMaterialMember" order="2.0" preferredLabel="http://www.xbrl.org/2003/role/terseLabel" use="optional" />
    <link:loc xlink:type="locator" xlink:href="../core/gri_srs_core_2025-06-23.xsd#gri_MaterialsUsedByWeightOrVolumeLineItems" xlink:label="loc_gri_MaterialsUsedByWeightOrVolumeLineItems" />
    <link:presentationArc xlink:type="arc" xlink:arcrole="http://www.xbrl.org/2003/arcrole/parent-child" xlink:from="loc_gri_DisclosureOfMaterialsUsedByWeightOrVolumeAbstract" xlink:to="loc_gri_MaterialsUsedByWeightOrVolumeLineItems" order="2.0" use="optional" />
    <link:loc xlink:type="locator" xlink:href="../core/gri_srs_core_2025-06-23.xsd#gri_TotalWeightOfMaterialsUsedToProduceAndPackageOrganizationsPrimaryProductsAndServices" xlink:label="loc_gri_TotalWeightOfMaterialsUsedToProduceAndPackageOrganizationsPrimaryProductsAndServices" />
    <link:presentationArc xlink:type="arc" xlink:arcrole="http://www.xbrl.org/2003/arcrole/parent-child" xlink:from="loc_gri_MaterialsUsedByWeightOrVolumeLineItems" xlink:to="loc_gri_TotalWeightOfMaterialsUsedToProduceAndPackageOrganizationsPrimaryProductsAndServices" order="1.0" preferredLabel="http://www.xbrl.org/2003/role/verboseLabel" use="optional" />
    <link:loc xlink:type="locator" xlink:href="../core/gri_srs_core_2025-06-23.xsd#gri_ReasonForOmissionRelatedToTotalWeightOfMaterialsUsedToProduceAndPackageOrganizationsPrimaryProductsAndServices" xlink:label="loc_gri_ReasonForOmissionRelatedToTotalWeightOfMaterialsUsedToProduceAndPackageOrganizationsPrimaryProductsAndServices" />
    <link:presentationArc xlink:type="arc" xlink:arcrole="http://www.xbrl.org/2003/arcrole/parent-child" xlink:from="loc_gri_TotalWeightOfMaterialsUsedToProduceAndPackageOrganizationsPrimaryProductsAndServices" xlink:to="loc_gri_ReasonForOmissionRelatedToTotalWeightOfMaterialsUsedToProduceAndPackageOrganizationsPrimaryProductsAndServices" order="1.0" preferredLabel="http://www.xbrl.org/2003/role/verboseLabel" use="optional" />
    <link:loc xlink:type="locator" xlink:href="../core/gri_srs_core_2025-06-23.xsd#gri_ExplanationForReasonForOmissionRelatedToTotalWeightOfMaterialsUsedToProduceAndPackageOrganizationsPrimaryProductsAndServicesTextBlock" xlink:label="loc_gri_ExplanationForReasonForOmissionRelatedToTotalWeightOfMaterialsUsedToProduceAndPackageOrganizationsPrimaryProductsAndServicesTextBlock" />
    <link:presentationArc xlink:type="arc" xlink:arcrole="http://www.xbrl.org/2003/arcrole/parent-child" xlink:from="loc_gri_TotalWeightOfMaterialsUsedToProduceAndPackageOrganizationsPrimaryProductsAndServices" xlink:to="loc_gri_ExplanationForReasonForOmissionRelatedToTotalWeightOfMaterialsUsedToProduceAndPackageOrganizationsPrimaryProductsAndServicesTextBlock" order="2.0" preferredLabel="http://www.xbrl.org/2003/role/verboseLabel" use="optional" />
    <link:loc xlink:type="locator" xlink:href="../core/gri_srs_core_2025-06-23.xsd#gri_TotalVolumeOfMaterialsUsedToProduceAndPackageOrganizationsPrimaryProductsAndServices" xlink:label="loc_gri_TotalVolumeOfMaterialsUsedToProduceAndPackageOrganizationsPrimaryProductsAndServices" />
    <link:presentationArc xlink:type="arc" xlink:arcrole="http://www.xbrl.org/2003/arcrole/parent-child" xlink:from="loc_gri_MaterialsUsedByWeightOrVolumeLineItems" xlink:to="loc_gri_TotalVolumeOfMaterialsUsedToProduceAndPackageOrganizationsPrimaryProductsAndServices" order="2.0" preferredLabel="http://www.xbrl.org/2003/role/verboseLabel" use="optional" />
    <link:loc xlink:type="locator" xlink:href="../core/gri_srs_core_2025-06-23.xsd#gri_ReasonForOmissionRelatedToTotalVolumeOfMaterialsUsedToProduceAndPackageOrganizationsPrimaryProductsAndServices" xlink:label="loc_gri_ReasonForOmissionRelatedToTotalVolumeOfMaterialsUsedToProduceAndPackageOrganizationsPrimaryProductsAndServices" />
    <link:presentationArc xlink:type="arc" xlink:arcrole="http://www.xbrl.org/2003/arcrole/parent-child" xlink:from="loc_gri_TotalVolumeOfMaterialsUsedToProduceAndPackageOrganizationsPrimaryProductsAndServices" xlink:to="loc_gri_ReasonForOmissionRelatedToTotalVolumeOfMaterialsUsedToProduceAndPackageOrganizationsPrimaryProductsAndServices" order="1.0" preferredLabel="http://www.xbrl.org/2003/role/verboseLabel" use="optional" />
    <link:loc xlink:type="locator" xlink:href="../core/gri_srs_core_2025-06-23.xsd#gri_ExplanationForReasonForOmissionRelatedToTotalVolumeOfMaterialsUsedToProduceAndPackageOrganizationsPrimaryProductsAndServicesTextBlock" xlink:label="loc_gri_ExplanationForReasonForOmissionRelatedToTotalVolumeOfMaterialsUsedToProduceAndPackageOrganizationsPrimaryProductsAndServicesTextBlock" />
    <link:presentationArc xlink:type="arc" xlink:arcrole="http://www.xbrl.org/2003/arcrole/parent-child" xlink:from="loc_gri_TotalVolumeOfMaterialsUsedToProduceAndPackageOrganizationsPrimaryProductsAndServices" xlink:to="loc_gri_ExplanationForReasonForOmissionRelatedToTotalVolumeOfMaterialsUsedToProduceAndPackageOrganizationsPrimaryProductsAndServicesTextBlock" order="2.0" preferredLabel="http://www.xbrl.org/2003/role/verboseLabel" use="optional" />
    <link:loc xlink:type="locator" xlink:href="../core/gri_srs_core_2025-06-23.xsd#gri_DisclosureOfRecycledInputMaterialsUsedAbstract" xlink:label="loc_gri_DisclosureOfRecycledInputMaterialsUsedAbstract" />
    <link:presentationArc xlink:type="arc" xlink:arcrole="http://www.xbrl.org/2003/arcrole/parent-child" xlink:from="loc_gri_DisclosureOfMaterialsAbstract" xlink:to="loc_gri_DisclosureOfRecycledInputMaterialsUsedAbstract" order="2.0" preferredLabel="http://www.xbrl.org/2003/role/terseLabel" use="optional" />
    <link:loc xlink:type="locator" xlink:href="../core/gri_srs_core_2025-06-23.xsd#gri_PercentageOfRecycledInputMaterialsUsedToManufacturePrimaryProductsAndServices" xlink:label="loc_gri_PercentageOfRecycledInputMaterialsUsedToManufacturePrimaryProductsAndServices" />
    <link:presentationArc xlink:type="arc" xlink:arcrole="http://www.xbrl.org/2003/arcrole/parent-child" xlink:from="loc_gri_DisclosureOfRecycledInputMaterialsUsedAbstract" xlink:to="loc_gri_PercentageOfRecycledInputMaterialsUsedToManufacturePrimaryProductsAndServices" order="1.0" preferredLabel="http://www.xbrl.org/2003/role/verboseLabel" use="optional" />
    <link:loc xlink:type="locator" xlink:href="../core/gri_srs_core_2025-06-23.xsd#gri_DisclosureOfReclaimedProductsAndTheirPackagingMaterialsAbstract" xlink:label="loc_gri_DisclosureOfReclaimedProductsAndTheirPackagingMaterialsAbstract" />
    <link:presentationArc xlink:type="arc" xlink:arcrole="http://www.xbrl.org/2003/arcrole/parent-child" xlink:from="loc_gri_DisclosureOfMaterialsAbstract" xlink:to="loc_gri_DisclosureOfReclaimedProductsAndTheirPackagingMaterialsAbstract" order="3.0" preferredLabel="http://www.xbrl.org/2003/role/terseLabel" use="optional" />
    <link:loc xlink:type="locator" xlink:href="../core/gri_srs_core_2025-06-23.xsd#gri_ProductCategoryAbstract" xlink:label="loc_gri_ProductCategoryAbstract" />
    <link:presentationArc xlink:type="arc" xlink:arcrole="http://www.xbrl.org/2003/arcrole/parent-child" xlink:from="loc_gri_DisclosureOfReclaimedProductsAndTheirPackagingMaterialsAbstract" xlink:to="loc_gri_ProductCategoryAbstract" order="1.0" use="optional" />
    <link:loc xlink:type="locator" xlink:href="../core/gri_srs_core_2025-06-23.xsd#gri_ProductCategoryTable" xlink:label="loc_gri_ProductCategoryTable" />
    <link:presentationArc xlink:type="arc" xlink:arcrole="http://www.xbrl.org/2003/arcrole/parent-child" xlink:from="loc_gri_ProductCategoryAbstract" xlink:to="loc_gri_ProductCategoryTable" order="1.0" use="optional" />
    <link:loc xlink:type="locator" xlink:href="../core/gri_srs_core_2025-06-23.xsd#gri_ProductCategoryAxis" xlink:label="loc_gri_ProductCategoryAxis" />
    <link:presentationArc xlink:type="arc" xlink:arcrole="http://www.xbrl.org/2003/arcrole/parent-child" xlink:from="loc_gri_ProductCategoryTable" xlink:to="loc_gri_ProductCategoryAxis" order="1.0" use="optional" />
    <link:loc xlink:type="locator" xlink:href="../core/gri_srs_core_2025-06-23.xsd#gri_ProductCategoryLineItems" xlink:label="loc_gri_ProductCategoryLineItems" />
    <link:presentationArc xlink:type="arc" xlink:arcrole="http://www.xbrl.org/2003/arcrole/parent-child" xlink:from="loc_gri_ProductCategoryAbstract" xlink:to="loc_gri_ProductCategoryLineItems" order="2.0" use="optional" />
    <link:loc xlink:type="locator" xlink:href="../core/gri_srs_core_2025-06-23.xsd#gri_PercentageOfReclaimedProductsAndPackagingMaterials" xlink:label="loc_gri_PercentageOfReclaimedProductsAndPackagingMaterials" />
    <link:presentationArc xlink:type="arc" xlink:arcrole="http://www.xbrl.org/2003/arcrole/parent-child" xlink:from="loc_gri_ProductCategoryLineItems" xlink:to="loc_gri_PercentageOfReclaimedProductsAndPackagingMaterials" order="1.0" preferredLabel="http://www.xbrl.org/2003/role/verboseLabel" use="optional" />
    <link:loc xlink:type="locator" xlink:href="../core/gri_srs_core_2025-06-23.xsd#gri_ReasonForOmissionRelatedToPercentageOfReclaimedProductsAndPackagingMaterials" xlink:label="loc_gri_ReasonForOmissionRelatedToPercentageOfReclaimedProductsAndPackagingMaterials" />
    <link:presentationArc xlink:type="arc" xlink:arcrole="http://www.xbrl.org/2003/arcrole/parent-child" xlink:from="loc_gri_PercentageOfReclaimedProductsAndPackagingMaterials" xlink:to="loc_gri_ReasonForOmissionRelatedToPercentageOfReclaimedProductsAndPackagingMaterials" order="1.0" preferredLabel="http://www.xbrl.org/2003/role/verboseLabel" use="optional" />
    <link:loc xlink:type="locator" xlink:href="../core/gri_srs_core_2025-06-23.xsd#gri_ExplanationForReasonForOmissionRelatedToPercentageOfReclaimedProductsAndPackagingMaterialsTextBlock" xlink:label="loc_gri_ExplanationForReasonForOmissionRelatedToPercentageOfReclaimedProductsAndPackagingMaterialsTextBlock" />
    <link:presentationArc xlink:type="arc" xlink:arcrole="http://www.xbrl.org/2003/arcrole/parent-child" xlink:from="loc_gri_PercentageOfReclaimedProductsAndPackagingMaterials" xlink:to="loc_gri_ExplanationForReasonForOmissionRelatedToPercentageOfReclaimedProductsAndPackagingMaterialsTextBlock" order="2.0" preferredLabel="http://www.xbrl.org/2003/role/verboseLabel" use="optional" />
    <link:loc xlink:type="locator" xlink:href="../core/gri_srs_core_2025-06-23.xsd#gri_ExplanationOfHowReclaimedProductsAndPackagingMaterialsDataIsCollectedTextBlock" xlink:label="loc_gri_ExplanationOfHowReclaimedProductsAndPackagingMaterialsDataIsCollectedTextBlock" />
    <link:presentationArc xlink:type="arc" xlink:arcrole="http://www.xbrl.org/2003/arcrole/parent-child" xlink:from="loc_gri_ProductCategoryAbstract" xlink:to="loc_gri_ExplanationOfHowReclaimedProductsAndPackagingMaterialsDataIsCollectedTextBlock" order="3.0" preferredLabel="http://www.xbrl.org/2003/role/verboseLabel" use="optional" />
  </link:presentationLink>
</link:linkbase>