﻿<?xml version="1.0" encoding="utf-8"?>
<!-- Generated by GRI Taxonomy Editor-->
<link:linkbase xsi:schemaLocation="http://www.xbrl.org/2003/linkbase http://www.xbrl.org/2003/xbrl-linkbase-2003-12-31.xsd http://www.xbrl.org/2003/instance http://www.xbrl.org/2003/xbrl-instance-2003-12-31.xsd http://www.w3.org/1999/xlink http://www.xbrl.org/2003/xlink-2003-12-31.xsd " xmlns:link="http://www.xbrl.org/2003/linkbase" xmlns:xbrli="http://www.xbrl.org/2003/instance" xmlns:xlink="http://www.w3.org/1999/xlink" xmlns:xsi="http://www.w3.org/2001/XMLSchema-instance">
  <!-- Role Ref -->
  <link:roleRef roleURI="https://taxonomy.globalreporting.org/gri-sustainability-taxonomy/gri_srs/gri_srs_role/role_gri_414" xlink:type="simple" xlink:href="role_gri_srs_2025-06-23.xsd#role_gri_414" />
  <link:presentationLink xlink:type="extended" xlink:role="https://taxonomy.globalreporting.org/gri-sustainability-taxonomy/gri_srs/gri_srs_role/role_gri_414">
    <link:loc xlink:type="locator" xlink:href="../core/gri_srs_core_2025-06-23.xsd#gri_DisclosureOfSupplierSocialAssessmentAbstract" xlink:label="loc_gri_DisclosureOfSupplierSocialAssessmentAbstract" />
    <link:loc xlink:type="locator" xlink:href="../core/gri_srs_core_2025-06-23.xsd#gri_DisclosureOfNewSuppliersThatWereScreenedUsingSocialCriteriaAbstract" xlink:label="loc_gri_DisclosureOfNewSuppliersThatWereScreenedUsingSocialCriteriaAbstract" />
    <link:presentationArc xlink:type="arc" xlink:arcrole="http://www.xbrl.org/2003/arcrole/parent-child" xlink:from="loc_gri_DisclosureOfSupplierSocialAssessmentAbstract" xlink:to="loc_gri_DisclosureOfNewSuppliersThatWereScreenedUsingSocialCriteriaAbstract" order="1.0" preferredLabel="http://www.xbrl.org/2003/role/terseLabel" use="optional" />
    <link:loc xlink:type="locator" xlink:href="../core/gri_srs_core_2025-06-23.xsd#gri_PercentageOfNewSuppliersScreenedUsingSocialCriteria" xlink:label="loc_gri_PercentageOfNewSuppliersScreenedUsingSocialCriteria" />
    <link:presentationArc xlink:type="arc" xlink:arcrole="http://www.xbrl.org/2003/arcrole/parent-child" xlink:from="loc_gri_DisclosureOfNewSuppliersThatWereScreenedUsingSocialCriteriaAbstract" xlink:to="loc_gri_PercentageOfNewSuppliersScreenedUsingSocialCriteria" order="1.0" preferredLabel="http://www.xbrl.org/2003/role/verboseLabel" use="optional" />
    <link:loc xlink:type="locator" xlink:href="../core/gri_srs_core_2025-06-23.xsd#gri_DisclosureOfNegativeSocialImpactsInSupplyChainAndActionsTakenAbstract" xlink:label="loc_gri_DisclosureOfNegativeSocialImpactsInSupplyChainAndActionsTakenAbstract" />
    <link:presentationArc xlink:type="arc" xlink:arcrole="http://www.xbrl.org/2003/arcrole/parent-child" xlink:from="loc_gri_DisclosureOfSupplierSocialAssessmentAbstract" xlink:to="loc_gri_DisclosureOfNegativeSocialImpactsInSupplyChainAndActionsTakenAbstract" order="2.0" preferredLabel="http://www.xbrl.org/2003/role/terseLabel" use="optional" />
    <link:loc xlink:type="locator" xlink:href="../core/gri_srs_core_2025-06-23.xsd#gri_NumberOfSuppliersAssessedForSocialImpacts" xlink:label="loc_gri_NumberOfSuppliersAssessedForSocialImpacts" />
    <link:presentationArc xlink:type="arc" xlink:arcrole="http://www.xbrl.org/2003/arcrole/parent-child" xlink:from="loc_gri_DisclosureOfNegativeSocialImpactsInSupplyChainAndActionsTakenAbstract" xlink:to="loc_gri_NumberOfSuppliersAssessedForSocialImpacts" order="1.0" preferredLabel="http://www.xbrl.org/2003/role/verboseLabel" use="optional" />
    <link:loc xlink:type="locator" xlink:href="../core/gri_srs_core_2025-06-23.xsd#gri_NumberOfSuppliersIdentifiedAsHavingSignificantActualAndPotentialNegativeSocialImpacts" xlink:label="loc_gri_NumberOfSuppliersIdentifiedAsHavingSignificantActualAndPotentialNegativeSocialImpacts" />
    <link:presentationArc xlink:type="arc" xlink:arcrole="http://www.xbrl.org/2003/arcrole/parent-child" xlink:from="loc_gri_DisclosureOfNegativeSocialImpactsInSupplyChainAndActionsTakenAbstract" xlink:to="loc_gri_NumberOfSuppliersIdentifiedAsHavingSignificantActualAndPotentialNegativeSocialImpacts" order="2.0" preferredLabel="http://www.xbrl.org/2003/role/verboseLabel" use="optional" />
    <link:loc xlink:type="locator" xlink:href="../core/gri_srs_core_2025-06-23.xsd#gri_DescriptionOfSignificantActualAndPotentialNegativeSocialImpactsIdentifiedInSupplyChainTextBlock" xlink:label="loc_gri_DescriptionOfSignificantActualAndPotentialNegativeSocialImpactsIdentifiedInSupplyChainTextBlock" />
    <link:presentationArc xlink:type="arc" xlink:arcrole="http://www.xbrl.org/2003/arcrole/parent-child" xlink:from="loc_gri_DisclosureOfNegativeSocialImpactsInSupplyChainAndActionsTakenAbstract" xlink:to="loc_gri_DescriptionOfSignificantActualAndPotentialNegativeSocialImpactsIdentifiedInSupplyChainTextBlock" order="3.0" preferredLabel="http://www.xbrl.org/2003/role/verboseLabel" use="optional" />
    <link:loc xlink:type="locator" xlink:href="../core/gri_srs_core_2025-06-23.xsd#gri_PercentageOfSuppliersIdentifiedAsHavingSignificantActualAndPotentialNegativeSocialImpactsWithWhichImprovementsWereAgreedUponAsResultOfAssessment" xlink:label="loc_gri_PercentageOfSuppliersIdentifiedAsHavingSignificantActualAndPotentialNegativeSocialImpactsWithWhichImprovementsWereAgreedUponAsResultOfAssessment" />
    <link:presentationArc xlink:type="arc" xlink:arcrole="http://www.xbrl.org/2003/arcrole/parent-child" xlink:from="loc_gri_DisclosureOfNegativeSocialImpactsInSupplyChainAndActionsTakenAbstract" xlink:to="loc_gri_PercentageOfSuppliersIdentifiedAsHavingSignificantActualAndPotentialNegativeSocialImpactsWithWhichImprovementsWereAgreedUponAsResultOfAssessment" order="4.0" preferredLabel="http://www.xbrl.org/2003/role/verboseLabel" use="optional" />
    <link:loc xlink:type="locator" xlink:href="../core/gri_srs_core_2025-06-23.xsd#gri_PercentageOfSuppliersIdentifiedAsHavingSignificantActualAndPotentialNegativeSocialImpactsWithWhichRelationshipsWereTerminatedAsResultOfAssessment" xlink:label="loc_gri_PercentageOfSuppliersIdentifiedAsHavingSignificantActualAndPotentialNegativeSocialImpactsWithWhichRelationshipsWereTerminatedAsResultOfAssessment" />
    <link:presentationArc xlink:type="arc" xlink:arcrole="http://www.xbrl.org/2003/arcrole/parent-child" xlink:from="loc_gri_DisclosureOfNegativeSocialImpactsInSupplyChainAndActionsTakenAbstract" xlink:to="loc_gri_PercentageOfSuppliersIdentifiedAsHavingSignificantActualAndPotentialNegativeSocialImpactsWithWhichRelationshipsWereTerminatedAsResultOfAssessment" order="5.0" preferredLabel="http://www.xbrl.org/2003/role/verboseLabel" use="optional" />
    <link:loc xlink:type="locator" xlink:href="../core/gri_srs_core_2025-06-23.xsd#gri_DescriptionOfReasonsWhySupplierRelationshipsWereTerminatedAsResultOfAssessmentTextBlock" xlink:label="loc_gri_DescriptionOfReasonsWhySupplierRelationshipsWereTerminatedAsResultOfAssessmentTextBlock" />
    <link:presentationArc xlink:type="arc" xlink:arcrole="http://www.xbrl.org/2003/arcrole/parent-child" xlink:from="loc_gri_DisclosureOfNegativeSocialImpactsInSupplyChainAndActionsTakenAbstract" xlink:to="loc_gri_DescriptionOfReasonsWhySupplierRelationshipsWereTerminatedAsResultOfAssessmentTextBlock" order="6.0" preferredLabel="http://www.xbrl.org/2003/role/verboseLabel" use="optional" />
  </link:presentationLink>
</link:linkbase>