﻿<?xml version="1.0" encoding="utf-8"?>
<!-- Generated by GRI Taxonomy Editor-->
<link:linkbase xsi:schemaLocation="http://www.xbrl.org/2003/linkbase http://www.xbrl.org/2003/xbrl-linkbase-2003-12-31.xsd http://www.xbrl.org/2003/instance http://www.xbrl.org/2003/xbrl-instance-2003-12-31.xsd http://www.w3.org/1999/xlink http://www.xbrl.org/2003/xlink-2003-12-31.xsd " xmlns:link="http://www.xbrl.org/2003/linkbase" xmlns:xbrli="http://www.xbrl.org/2003/instance" xmlns:xlink="http://www.w3.org/1999/xlink" xmlns:xsi="http://www.w3.org/2001/XMLSchema-instance">
  <!-- Role Ref -->
  <link:roleRef roleURI="https://taxonomy.globalreporting.org/gri-sustainability-taxonomy/gri_srs/gri_srs_role/role_gri_408" xlink:type="simple" xlink:href="role_gri_srs_2025-06-23.xsd#role_gri_408" />
  <link:presentationLink xlink:type="extended" xlink:role="https://taxonomy.globalreporting.org/gri-sustainability-taxonomy/gri_srs/gri_srs_role/role_gri_408">
    <link:loc xlink:type="locator" xlink:href="../core/gri_srs_core_2025-06-23.xsd#gri_DisclosureOfChildLaborAbstract" xlink:label="loc_gri_DisclosureOfChildLaborAbstract" />
    <link:loc xlink:type="locator" xlink:href="../core/gri_srs_core_2025-06-23.xsd#gri_DisclosureOfOperationsAndSuppliersAtSignificantRiskForIncidentsOfChildLaborAbstract" xlink:label="loc_gri_DisclosureOfOperationsAndSuppliersAtSignificantRiskForIncidentsOfChildLaborAbstract" />
    <link:presentationArc xlink:type="arc" xlink:arcrole="http://www.xbrl.org/2003/arcrole/parent-child" xlink:from="loc_gri_DisclosureOfChildLaborAbstract" xlink:to="loc_gri_DisclosureOfOperationsAndSuppliersAtSignificantRiskForIncidentsOfChildLaborAbstract" order="1.0" preferredLabel="http://www.xbrl.org/2003/role/terseLabel" use="optional" />
    <link:loc xlink:type="locator" xlink:href="../core/gri_srs_core_2025-06-23.xsd#gri_DescriptionOfOperationsConsideredToHaveSignificantRiskForIncidentsOfChildLaborTextBlock" xlink:label="loc_gri_DescriptionOfOperationsConsideredToHaveSignificantRiskForIncidentsOfChildLaborTextBlock" />
    <link:presentationArc xlink:type="arc" xlink:arcrole="http://www.xbrl.org/2003/arcrole/parent-child" xlink:from="loc_gri_DisclosureOfOperationsAndSuppliersAtSignificantRiskForIncidentsOfChildLaborAbstract" xlink:to="loc_gri_DescriptionOfOperationsConsideredToHaveSignificantRiskForIncidentsOfChildLaborTextBlock" order="1.0" preferredLabel="http://www.xbrl.org/2003/role/verboseLabel" use="optional" />
    <link:loc xlink:type="locator" xlink:href="../core/gri_srs_core_2025-06-23.xsd#gri_DescriptionOfSuppliersConsideredToHaveSignificantRiskForIncidentsOfChildLaborTextBlock" xlink:label="loc_gri_DescriptionOfSuppliersConsideredToHaveSignificantRiskForIncidentsOfChildLaborTextBlock" />
    <link:presentationArc xlink:type="arc" xlink:arcrole="http://www.xbrl.org/2003/arcrole/parent-child" xlink:from="loc_gri_DisclosureOfOperationsAndSuppliersAtSignificantRiskForIncidentsOfChildLaborAbstract" xlink:to="loc_gri_DescriptionOfSuppliersConsideredToHaveSignificantRiskForIncidentsOfChildLaborTextBlock" order="2.0" preferredLabel="http://www.xbrl.org/2003/role/verboseLabel" use="optional" />
    <link:loc xlink:type="locator" xlink:href="../core/gri_srs_core_2025-06-23.xsd#gri_DescriptionOfOperationsConsideredToHaveSignificantRiskForIncidentsOfYoungWorkersExposedToHazardousWorkTextBlock" xlink:label="loc_gri_DescriptionOfOperationsConsideredToHaveSignificantRiskForIncidentsOfYoungWorkersExposedToHazardousWorkTextBlock" />
    <link:presentationArc xlink:type="arc" xlink:arcrole="http://www.xbrl.org/2003/arcrole/parent-child" xlink:from="loc_gri_DisclosureOfOperationsAndSuppliersAtSignificantRiskForIncidentsOfChildLaborAbstract" xlink:to="loc_gri_DescriptionOfOperationsConsideredToHaveSignificantRiskForIncidentsOfYoungWorkersExposedToHazardousWorkTextBlock" order="3.0" preferredLabel="http://www.xbrl.org/2003/role/verboseLabel" use="optional" />
    <link:loc xlink:type="locator" xlink:href="../core/gri_srs_core_2025-06-23.xsd#gri_DescriptionOfSuppliersConsideredToHaveSignificantRiskForIncidentsOfYoungWorkersExposedToHazardousWorkTextBlock" xlink:label="loc_gri_DescriptionOfSuppliersConsideredToHaveSignificantRiskForIncidentsOfYoungWorkersExposedToHazardousWorkTextBlock" />
    <link:presentationArc xlink:type="arc" xlink:arcrole="http://www.xbrl.org/2003/arcrole/parent-child" xlink:from="loc_gri_DisclosureOfOperationsAndSuppliersAtSignificantRiskForIncidentsOfChildLaborAbstract" xlink:to="loc_gri_DescriptionOfSuppliersConsideredToHaveSignificantRiskForIncidentsOfYoungWorkersExposedToHazardousWorkTextBlock" order="4.0" preferredLabel="http://www.xbrl.org/2003/role/verboseLabel" use="optional" />
    <link:loc xlink:type="locator" xlink:href="../core/gri_srs_core_2025-06-23.xsd#gri_DescriptionOfOperationsConsideredToHaveSignificantRiskForIncidentsOfChildLaborInTermsOfTypeOfOperationTextBlock" xlink:label="loc_gri_DescriptionOfOperationsConsideredToHaveSignificantRiskForIncidentsOfChildLaborInTermsOfTypeOfOperationTextBlock" />
    <link:presentationArc xlink:type="arc" xlink:arcrole="http://www.xbrl.org/2003/arcrole/parent-child" xlink:from="loc_gri_DisclosureOfOperationsAndSuppliersAtSignificantRiskForIncidentsOfChildLaborAbstract" xlink:to="loc_gri_DescriptionOfOperationsConsideredToHaveSignificantRiskForIncidentsOfChildLaborInTermsOfTypeOfOperationTextBlock" order="5.0" preferredLabel="http://www.xbrl.org/2003/role/verboseLabel" use="optional" />
    <link:loc xlink:type="locator" xlink:href="../core/gri_srs_core_2025-06-23.xsd#gri_DescriptionOfSuppliersConsideredToHaveSignificantRiskForIncidentsOfChildLaborInTermsOfTypeOfSupplierTextBlock" xlink:label="loc_gri_DescriptionOfSuppliersConsideredToHaveSignificantRiskForIncidentsOfChildLaborInTermsOfTypeOfSupplierTextBlock" />
    <link:presentationArc xlink:type="arc" xlink:arcrole="http://www.xbrl.org/2003/arcrole/parent-child" xlink:from="loc_gri_DisclosureOfOperationsAndSuppliersAtSignificantRiskForIncidentsOfChildLaborAbstract" xlink:to="loc_gri_DescriptionOfSuppliersConsideredToHaveSignificantRiskForIncidentsOfChildLaborInTermsOfTypeOfSupplierTextBlock" order="6.0" preferredLabel="http://www.xbrl.org/2003/role/verboseLabel" use="optional" />
    <link:loc xlink:type="locator" xlink:href="../core/gri_srs_core_2025-06-23.xsd#gri_DescriptionOfOperationsConsideredToHaveSignificantRiskForIncidentsOfChildLaborInTermsOfCountriesOrGeographicAreasWithOperationsConsideredAtRiskTextBlock" xlink:label="loc_gri_DescriptionOfOperationsConsideredToHaveSignificantRiskForIncidentsOfChildLaborInTermsOfCountriesOrGeographicAreasWithOperationsConsideredAtRiskTextBlock" />
    <link:presentationArc xlink:type="arc" xlink:arcrole="http://www.xbrl.org/2003/arcrole/parent-child" xlink:from="loc_gri_DisclosureOfOperationsAndSuppliersAtSignificantRiskForIncidentsOfChildLaborAbstract" xlink:to="loc_gri_DescriptionOfOperationsConsideredToHaveSignificantRiskForIncidentsOfChildLaborInTermsOfCountriesOrGeographicAreasWithOperationsConsideredAtRiskTextBlock" order="7.0" preferredLabel="http://www.xbrl.org/2003/role/verboseLabel" use="optional" />
    <link:loc xlink:type="locator" xlink:href="../core/gri_srs_core_2025-06-23.xsd#gri_DescriptionOfSuppliersConsideredToHaveSignificantRiskForIncidentsOfChildLaborInTermsOfCountriesOrGeographicAreasWithOperationsConsideredAtRiskTextBlock" xlink:label="loc_gri_DescriptionOfSuppliersConsideredToHaveSignificantRiskForIncidentsOfChildLaborInTermsOfCountriesOrGeographicAreasWithOperationsConsideredAtRiskTextBlock" />
    <link:presentationArc xlink:type="arc" xlink:arcrole="http://www.xbrl.org/2003/arcrole/parent-child" xlink:from="loc_gri_DisclosureOfOperationsAndSuppliersAtSignificantRiskForIncidentsOfChildLaborAbstract" xlink:to="loc_gri_DescriptionOfSuppliersConsideredToHaveSignificantRiskForIncidentsOfChildLaborInTermsOfCountriesOrGeographicAreasWithOperationsConsideredAtRiskTextBlock" order="8.0" preferredLabel="http://www.xbrl.org/2003/role/verboseLabel" use="optional" />
    <link:loc xlink:type="locator" xlink:href="../core/gri_srs_core_2025-06-23.xsd#gri_DescriptionOfMeasuresTakenIntendedToContributeToEffectiveAbolitionOfChildLaborTextBlock" xlink:label="loc_gri_DescriptionOfMeasuresTakenIntendedToContributeToEffectiveAbolitionOfChildLaborTextBlock" />
    <link:presentationArc xlink:type="arc" xlink:arcrole="http://www.xbrl.org/2003/arcrole/parent-child" xlink:from="loc_gri_DisclosureOfOperationsAndSuppliersAtSignificantRiskForIncidentsOfChildLaborAbstract" xlink:to="loc_gri_DescriptionOfMeasuresTakenIntendedToContributeToEffectiveAbolitionOfChildLaborTextBlock" order="9.0" preferredLabel="http://www.xbrl.org/2003/role/verboseLabel" use="optional" />
  </link:presentationLink>
</link:linkbase>