﻿<?xml version="1.0" encoding="utf-8"?>
<!-- Generated by GRI Taxonomy Editor-->
<link:linkbase xsi:schemaLocation="http://www.xbrl.org/2003/linkbase http://www.xbrl.org/2003/xbrl-linkbase-2003-12-31.xsd http://www.xbrl.org/2003/instance http://www.xbrl.org/2003/xbrl-instance-2003-12-31.xsd http://www.w3.org/1999/xlink http://www.xbrl.org/2003/xlink-2003-12-31.xsd " xmlns:link="http://www.xbrl.org/2003/linkbase" xmlns:xbrli="http://www.xbrl.org/2003/instance" xmlns:xlink="http://www.w3.org/1999/xlink" xmlns:xsi="http://www.w3.org/2001/XMLSchema-instance">
  <!-- Role Ref -->
  <link:roleRef roleURI="https://taxonomy.globalreporting.org/gri-sustainability-taxonomy/gri_srs/gri_srs_role/role_gri_406" xlink:type="simple" xlink:href="role_gri_srs_2025-06-23.xsd#role_gri_406" />
  <link:presentationLink xlink:type="extended" xlink:role="https://taxonomy.globalreporting.org/gri-sustainability-taxonomy/gri_srs/gri_srs_role/role_gri_406">
    <link:loc xlink:type="locator" xlink:href="../core/gri_srs_core_2025-06-23.xsd#gri_DisclosureOfNonDiscriminationAbstract" xlink:label="loc_gri_DisclosureOfNonDiscriminationAbstract" />
    <link:loc xlink:type="locator" xlink:href="../core/gri_srs_core_2025-06-23.xsd#gri_DisclosureOfIncidentsOfDiscriminationAndCorrectiveActionsTakenAbstract" xlink:label="loc_gri_DisclosureOfIncidentsOfDiscriminationAndCorrectiveActionsTakenAbstract" />
    <link:presentationArc xlink:type="arc" xlink:arcrole="http://www.xbrl.org/2003/arcrole/parent-child" xlink:from="loc_gri_DisclosureOfNonDiscriminationAbstract" xlink:to="loc_gri_DisclosureOfIncidentsOfDiscriminationAndCorrectiveActionsTakenAbstract" order="1.0" preferredLabel="http://www.xbrl.org/2003/role/terseLabel" use="optional" />
    <link:loc xlink:type="locator" xlink:href="../core/gri_srs_core_2025-06-23.xsd#gri_TotalNumberOfIncidentsOfDiscriminationDuringReportingPeriod" xlink:label="loc_gri_TotalNumberOfIncidentsOfDiscriminationDuringReportingPeriod" />
    <link:presentationArc xlink:type="arc" xlink:arcrole="http://www.xbrl.org/2003/arcrole/parent-child" xlink:from="loc_gri_DisclosureOfIncidentsOfDiscriminationAndCorrectiveActionsTakenAbstract" xlink:to="loc_gri_TotalNumberOfIncidentsOfDiscriminationDuringReportingPeriod" order="1.0" preferredLabel="http://www.xbrl.org/2003/role/verboseLabel" use="optional" />
    <link:loc xlink:type="locator" xlink:href="../core/gri_srs_core_2025-06-23.xsd#gri_DescriptionOfStatusOfIncidentsAndActionsTaken4061TextBlock" xlink:label="loc_gri_DescriptionOfStatusOfIncidentsAndActionsTaken4061TextBlock" />
    <link:presentationArc xlink:type="arc" xlink:arcrole="http://www.xbrl.org/2003/arcrole/parent-child" xlink:from="loc_gri_DisclosureOfIncidentsOfDiscriminationAndCorrectiveActionsTakenAbstract" xlink:to="loc_gri_DescriptionOfStatusOfIncidentsAndActionsTaken4061TextBlock" order="2.0" preferredLabel="http://www.xbrl.org/2003/role/verboseLabel" use="optional" />
  </link:presentationLink>
</link:linkbase>