﻿<?xml version="1.0" encoding="utf-8"?>
<!-- Generated by GRI Taxonomy Editor-->
<link:linkbase xsi:schemaLocation="http://www.xbrl.org/2003/linkbase http://www.xbrl.org/2003/xbrl-linkbase-2003-12-31.xsd http://www.xbrl.org/2003/instance http://www.xbrl.org/2003/xbrl-instance-2003-12-31.xsd http://www.w3.org/1999/xlink http://www.xbrl.org/2003/xlink-2003-12-31.xsd " xmlns:link="http://www.xbrl.org/2003/linkbase" xmlns:xbrli="http://www.xbrl.org/2003/instance" xmlns:xlink="http://www.w3.org/1999/xlink" xmlns:xsi="http://www.w3.org/2001/XMLSchema-instance">
  <!-- Role Ref -->
  <link:roleRef roleURI="https://taxonomy.globalreporting.org/gri-sustainability-taxonomy/gri_srs/gri_srs_role/role_gri_304" xlink:type="simple" xlink:href="role_gri_srs_2025-06-23.xsd#role_gri_304" />
  <link:presentationLink xlink:type="extended" xlink:role="https://taxonomy.globalreporting.org/gri-sustainability-taxonomy/gri_srs/gri_srs_role/role_gri_304">
    <link:loc xlink:type="locator" xlink:href="../core/gri_srs_core_2025-06-23.xsd#gri_DisclosureOfBiodiversityAbstract" xlink:label="loc_gri_DisclosureOfBiodiversityAbstract" />
    <link:loc xlink:type="locator" xlink:href="../core/gri_srs_core_2025-06-23.xsd#gri_DisclosureOfOperationalSitesOwnedLeasedManagedInOrAdjacentToProtectedAreasAndAreasOfHighBiodiversityValueOutsideProtectedAreasAbstract" xlink:label="loc_gri_DisclosureOfOperationalSitesOwnedLeasedManagedInOrAdjacentToProtectedAreasAndAreasOfHighBiodiversityValueOutsideProtectedAreasAbstract" />
    <link:presentationArc xlink:type="arc" xlink:arcrole="http://www.xbrl.org/2003/arcrole/parent-child" xlink:from="loc_gri_DisclosureOfBiodiversityAbstract" xlink:to="loc_gri_DisclosureOfOperationalSitesOwnedLeasedManagedInOrAdjacentToProtectedAreasAndAreasOfHighBiodiversityValueOutsideProtectedAreasAbstract" order="1.0" preferredLabel="http://www.xbrl.org/2003/role/terseLabel" use="optional" />
    <link:loc xlink:type="locator" xlink:href="../core/gri_srs_core_2025-06-23.xsd#gri_OperationalSitesOwnedLeasedManagedInOrAdjacentToProtectedAreasAndAreasOfHighBiodiversityValueOutsideProtectedAreasTable" xlink:label="loc_gri_OperationalSitesOwnedLeasedManagedInOrAdjacentToProtectedAreasAndAreasOfHighBiodiversityValueOutsideProtectedAreasTable" />
    <link:presentationArc xlink:type="arc" xlink:arcrole="http://www.xbrl.org/2003/arcrole/parent-child" xlink:from="loc_gri_DisclosureOfOperationalSitesOwnedLeasedManagedInOrAdjacentToProtectedAreasAndAreasOfHighBiodiversityValueOutsideProtectedAreasAbstract" xlink:to="loc_gri_OperationalSitesOwnedLeasedManagedInOrAdjacentToProtectedAreasAndAreasOfHighBiodiversityValueOutsideProtectedAreasTable" order="1.0" use="optional" />
    <link:loc xlink:type="locator" xlink:href="../core/gri_srs_core_2025-06-23.xsd#gri_OperationalSiteOwnedLeasedManagedInOrAdjacentToProtectedAreasAndAreasOfHighBiodiversityValueOutsideProtectedAreasAxis" xlink:label="loc_gri_OperationalSiteOwnedLeasedManagedInOrAdjacentToProtectedAreasAndAreasOfHighBiodiversityValueOutsideProtectedAreasAxis" />
    <link:presentationArc xlink:type="arc" xlink:arcrole="http://www.xbrl.org/2003/arcrole/parent-child" xlink:from="loc_gri_OperationalSitesOwnedLeasedManagedInOrAdjacentToProtectedAreasAndAreasOfHighBiodiversityValueOutsideProtectedAreasTable" xlink:to="loc_gri_OperationalSiteOwnedLeasedManagedInOrAdjacentToProtectedAreasAndAreasOfHighBiodiversityValueOutsideProtectedAreasAxis" order="1.0" use="optional" />
    <link:loc xlink:type="locator" xlink:href="../core/gri_srs_core_2025-06-23.xsd#gri_OperationalSitesOwnedLeasedManagedInOrAdjacentToProtectedAreasAndAreasOfHighBiodiversityValueOutsideProtectedAreasLineItems" xlink:label="loc_gri_OperationalSitesOwnedLeasedManagedInOrAdjacentToProtectedAreasAndAreasOfHighBiodiversityValueOutsideProtectedAreasLineItems" />
    <link:presentationArc xlink:type="arc" xlink:arcrole="http://www.xbrl.org/2003/arcrole/parent-child" xlink:from="loc_gri_DisclosureOfOperationalSitesOwnedLeasedManagedInOrAdjacentToProtectedAreasAndAreasOfHighBiodiversityValueOutsideProtectedAreasAbstract" xlink:to="loc_gri_OperationalSitesOwnedLeasedManagedInOrAdjacentToProtectedAreasAndAreasOfHighBiodiversityValueOutsideProtectedAreasLineItems" order="2.0" use="optional" />
    <link:loc xlink:type="locator" xlink:href="../core/gri_srs_core_2025-06-23.xsd#gri_GeographicLocation" xlink:label="loc_gri_GeographicLocation" />
    <link:presentationArc xlink:type="arc" xlink:arcrole="http://www.xbrl.org/2003/arcrole/parent-child" xlink:from="loc_gri_OperationalSitesOwnedLeasedManagedInOrAdjacentToProtectedAreasAndAreasOfHighBiodiversityValueOutsideProtectedAreasLineItems" xlink:to="loc_gri_GeographicLocation" order="1.0" preferredLabel="http://www.xbrl.org/2003/role/verboseLabel" use="optional" />
    <link:loc xlink:type="locator" xlink:href="../core/gri_srs_core_2025-06-23.xsd#gri_ReasonForOmissionRelatedToGeographicLocation" xlink:label="loc_gri_ReasonForOmissionRelatedToGeographicLocation" />
    <link:presentationArc xlink:type="arc" xlink:arcrole="http://www.xbrl.org/2003/arcrole/parent-child" xlink:from="loc_gri_GeographicLocation" xlink:to="loc_gri_ReasonForOmissionRelatedToGeographicLocation" order="1.0" preferredLabel="http://www.xbrl.org/2003/role/verboseLabel" use="optional" />
    <link:loc xlink:type="locator" xlink:href="../core/gri_srs_core_2025-06-23.xsd#gri_ExplanationForReasonForOmissionRelatedToGeographicLocationTextBlock" xlink:label="loc_gri_ExplanationForReasonForOmissionRelatedToGeographicLocationTextBlock" />
    <link:presentationArc xlink:type="arc" xlink:arcrole="http://www.xbrl.org/2003/arcrole/parent-child" xlink:from="loc_gri_GeographicLocation" xlink:to="loc_gri_ExplanationForReasonForOmissionRelatedToGeographicLocationTextBlock" order="2.0" preferredLabel="http://www.xbrl.org/2003/role/verboseLabel" use="optional" />
    <link:loc xlink:type="locator" xlink:href="../core/gri_srs_core_2025-06-23.xsd#gri_DescriptionOfSubsurfaceAndUndergroundLandThatMayBeOwnedLeasedOrManagedTextBlock" xlink:label="loc_gri_DescriptionOfSubsurfaceAndUndergroundLandThatMayBeOwnedLeasedOrManagedTextBlock" />
    <link:presentationArc xlink:type="arc" xlink:arcrole="http://www.xbrl.org/2003/arcrole/parent-child" xlink:from="loc_gri_OperationalSitesOwnedLeasedManagedInOrAdjacentToProtectedAreasAndAreasOfHighBiodiversityValueOutsideProtectedAreasLineItems" xlink:to="loc_gri_DescriptionOfSubsurfaceAndUndergroundLandThatMayBeOwnedLeasedOrManagedTextBlock" order="2.0" preferredLabel="http://www.xbrl.org/2003/role/verboseLabel" use="optional" />
    <link:loc xlink:type="locator" xlink:href="../core/gri_srs_core_2025-06-23.xsd#gri_ReasonForOmissionRelatedToDescriptionOfSubsurfaceAndUndergroundLandThatMayBeOwnedLeasedOrManaged" xlink:label="loc_gri_ReasonForOmissionRelatedToDescriptionOfSubsurfaceAndUndergroundLandThatMayBeOwnedLeasedOrManaged" />
    <link:presentationArc xlink:type="arc" xlink:arcrole="http://www.xbrl.org/2003/arcrole/parent-child" xlink:from="loc_gri_DescriptionOfSubsurfaceAndUndergroundLandThatMayBeOwnedLeasedOrManagedTextBlock" xlink:to="loc_gri_ReasonForOmissionRelatedToDescriptionOfSubsurfaceAndUndergroundLandThatMayBeOwnedLeasedOrManaged" order="1.0" preferredLabel="http://www.xbrl.org/2003/role/verboseLabel" use="optional" />
    <link:loc xlink:type="locator" xlink:href="../core/gri_srs_core_2025-06-23.xsd#gri_ExplanationForReasonForOmissionRelatedToDescriptionOfSubsurfaceAndUndergroundLandThatMayBeOwnedLeasedOrManagedTextBlock" xlink:label="loc_gri_ExplanationForReasonForOmissionRelatedToDescriptionOfSubsurfaceAndUndergroundLandThatMayBeOwnedLeasedOrManagedTextBlock" />
    <link:presentationArc xlink:type="arc" xlink:arcrole="http://www.xbrl.org/2003/arcrole/parent-child" xlink:from="loc_gri_DescriptionOfSubsurfaceAndUndergroundLandThatMayBeOwnedLeasedOrManagedTextBlock" xlink:to="loc_gri_ExplanationForReasonForOmissionRelatedToDescriptionOfSubsurfaceAndUndergroundLandThatMayBeOwnedLeasedOrManagedTextBlock" order="2.0" preferredLabel="http://www.xbrl.org/2003/role/verboseLabel" use="optional" />
    <link:loc xlink:type="locator" xlink:href="../core/gri_srs_core_2025-06-23.xsd#gri_PositionInRelationToProtectedAreaOrHighBiodiversityValueAreaOutsideProtectedAreasSite" xlink:label="loc_gri_PositionInRelationToProtectedAreaOrHighBiodiversityValueAreaOutsideProtectedAreasSite" />
    <link:presentationArc xlink:type="arc" xlink:arcrole="http://www.xbrl.org/2003/arcrole/parent-child" xlink:from="loc_gri_OperationalSitesOwnedLeasedManagedInOrAdjacentToProtectedAreasAndAreasOfHighBiodiversityValueOutsideProtectedAreasLineItems" xlink:to="loc_gri_PositionInRelationToProtectedAreaOrHighBiodiversityValueAreaOutsideProtectedAreasSite" order="3.0" preferredLabel="http://www.xbrl.org/2003/role/verboseLabel" use="optional" />
    <link:loc xlink:type="locator" xlink:href="../core/gri_srs_core_2025-06-23.xsd#gri_ReasonForOmissionRelatedToPositionInRelationToProtectedAreaOrHighBiodiversityValueAreaOutsideProtectedAreasSite" xlink:label="loc_gri_ReasonForOmissionRelatedToPositionInRelationToProtectedAreaOrHighBiodiversityValueAreaOutsideProtectedAreasSite" />
    <link:presentationArc xlink:type="arc" xlink:arcrole="http://www.xbrl.org/2003/arcrole/parent-child" xlink:from="loc_gri_PositionInRelationToProtectedAreaOrHighBiodiversityValueAreaOutsideProtectedAreasSite" xlink:to="loc_gri_ReasonForOmissionRelatedToPositionInRelationToProtectedAreaOrHighBiodiversityValueAreaOutsideProtectedAreasSite" order="1.0" preferredLabel="http://www.xbrl.org/2003/role/verboseLabel" use="optional" />
    <link:loc xlink:type="locator" xlink:href="../core/gri_srs_core_2025-06-23.xsd#gri_ExplanationForReasonForOmissionRelatedToPositionInRelationToProtectedAreaOrHighBiodiversityValueAreaOutsideProtectedAreasSiteTextBlock" xlink:label="loc_gri_ExplanationForReasonForOmissionRelatedToPositionInRelationToProtectedAreaOrHighBiodiversityValueAreaOutsideProtectedAreasSiteTextBlock" />
    <link:presentationArc xlink:type="arc" xlink:arcrole="http://www.xbrl.org/2003/arcrole/parent-child" xlink:from="loc_gri_PositionInRelationToProtectedAreaOrHighBiodiversityValueAreaOutsideProtectedAreasSite" xlink:to="loc_gri_ExplanationForReasonForOmissionRelatedToPositionInRelationToProtectedAreaOrHighBiodiversityValueAreaOutsideProtectedAreasSiteTextBlock" order="2.0" preferredLabel="http://www.xbrl.org/2003/role/verboseLabel" use="optional" />
    <link:loc xlink:type="locator" xlink:href="../core/gri_srs_core_2025-06-23.xsd#gri_TypeOfOperation" xlink:label="loc_gri_TypeOfOperation" />
    <link:presentationArc xlink:type="arc" xlink:arcrole="http://www.xbrl.org/2003/arcrole/parent-child" xlink:from="loc_gri_OperationalSitesOwnedLeasedManagedInOrAdjacentToProtectedAreasAndAreasOfHighBiodiversityValueOutsideProtectedAreasLineItems" xlink:to="loc_gri_TypeOfOperation" order="4.0" preferredLabel="http://www.xbrl.org/2003/role/verboseLabel" use="optional" />
    <link:loc xlink:type="locator" xlink:href="../core/gri_srs_core_2025-06-23.xsd#gri_ReasonForOmissionRelatedToTypeOfOperation" xlink:label="loc_gri_ReasonForOmissionRelatedToTypeOfOperation" />
    <link:presentationArc xlink:type="arc" xlink:arcrole="http://www.xbrl.org/2003/arcrole/parent-child" xlink:from="loc_gri_TypeOfOperation" xlink:to="loc_gri_ReasonForOmissionRelatedToTypeOfOperation" order="1.0" preferredLabel="http://www.xbrl.org/2003/role/verboseLabel" use="optional" />
    <link:loc xlink:type="locator" xlink:href="../core/gri_srs_core_2025-06-23.xsd#gri_ExplanationForReasonForOmissionRelatedToTypeOfOperationTextBlock" xlink:label="loc_gri_ExplanationForReasonForOmissionRelatedToTypeOfOperationTextBlock" />
    <link:presentationArc xlink:type="arc" xlink:arcrole="http://www.xbrl.org/2003/arcrole/parent-child" xlink:from="loc_gri_TypeOfOperation" xlink:to="loc_gri_ExplanationForReasonForOmissionRelatedToTypeOfOperationTextBlock" order="2.0" preferredLabel="http://www.xbrl.org/2003/role/verboseLabel" use="optional" />
    <link:loc xlink:type="locator" xlink:href="../core/gri_srs_core_2025-06-23.xsd#gri_SizeOfOperationalSite" xlink:label="loc_gri_SizeOfOperationalSite" />
    <link:presentationArc xlink:type="arc" xlink:arcrole="http://www.xbrl.org/2003/arcrole/parent-child" xlink:from="loc_gri_OperationalSitesOwnedLeasedManagedInOrAdjacentToProtectedAreasAndAreasOfHighBiodiversityValueOutsideProtectedAreasLineItems" xlink:to="loc_gri_SizeOfOperationalSite" order="5.0" preferredLabel="http://www.xbrl.org/2003/role/verboseLabel" use="optional" />
    <link:loc xlink:type="locator" xlink:href="../core/gri_srs_core_2025-06-23.xsd#gri_ReasonForOmissionRelatedToSizeOfOperationalSite" xlink:label="loc_gri_ReasonForOmissionRelatedToSizeOfOperationalSite" />
    <link:presentationArc xlink:type="arc" xlink:arcrole="http://www.xbrl.org/2003/arcrole/parent-child" xlink:from="loc_gri_SizeOfOperationalSite" xlink:to="loc_gri_ReasonForOmissionRelatedToSizeOfOperationalSite" order="1.0" preferredLabel="http://www.xbrl.org/2003/role/verboseLabel" use="optional" />
    <link:loc xlink:type="locator" xlink:href="../core/gri_srs_core_2025-06-23.xsd#gri_ExplanationForReasonForOmissionRelatedToSizeOfOperationalSiteTextBlock" xlink:label="loc_gri_ExplanationForReasonForOmissionRelatedToSizeOfOperationalSiteTextBlock" />
    <link:presentationArc xlink:type="arc" xlink:arcrole="http://www.xbrl.org/2003/arcrole/parent-child" xlink:from="loc_gri_SizeOfOperationalSite" xlink:to="loc_gri_ExplanationForReasonForOmissionRelatedToSizeOfOperationalSiteTextBlock" order="2.0" preferredLabel="http://www.xbrl.org/2003/role/verboseLabel" use="optional" />
    <link:loc xlink:type="locator" xlink:href="../core/gri_srs_core_2025-06-23.xsd#gri_BiodiversityValueCharacterizedByAttributeOfProtectedAreaOrAreaOfHighBiodiversityValueOutsideProtectedArea" xlink:label="loc_gri_BiodiversityValueCharacterizedByAttributeOfProtectedAreaOrAreaOfHighBiodiversityValueOutsideProtectedArea" />
    <link:presentationArc xlink:type="arc" xlink:arcrole="http://www.xbrl.org/2003/arcrole/parent-child" xlink:from="loc_gri_OperationalSitesOwnedLeasedManagedInOrAdjacentToProtectedAreasAndAreasOfHighBiodiversityValueOutsideProtectedAreasLineItems" xlink:to="loc_gri_BiodiversityValueCharacterizedByAttributeOfProtectedAreaOrAreaOfHighBiodiversityValueOutsideProtectedArea" order="6.0" preferredLabel="http://www.xbrl.org/2003/role/verboseLabel" use="optional" />
    <link:loc xlink:type="locator" xlink:href="../core/gri_srs_core_2025-06-23.xsd#gri_ReasonForOmissionRelatedToBiodiversityValueCharacterizedByAttributeOfProtectedAreaOrAreaOfHighBiodiversityValueOutsideProtectedArea" xlink:label="loc_gri_ReasonForOmissionRelatedToBiodiversityValueCharacterizedByAttributeOfProtectedAreaOrAreaOfHighBiodiversityValueOutsideProtectedArea" />
    <link:presentationArc xlink:type="arc" xlink:arcrole="http://www.xbrl.org/2003/arcrole/parent-child" xlink:from="loc_gri_BiodiversityValueCharacterizedByAttributeOfProtectedAreaOrAreaOfHighBiodiversityValueOutsideProtectedArea" xlink:to="loc_gri_ReasonForOmissionRelatedToBiodiversityValueCharacterizedByAttributeOfProtectedAreaOrAreaOfHighBiodiversityValueOutsideProtectedArea" order="1.0" preferredLabel="http://www.xbrl.org/2003/role/verboseLabel" use="optional" />
    <link:loc xlink:type="locator" xlink:href="../core/gri_srs_core_2025-06-23.xsd#gri_ExplanationForReasonForOmissionRelatedToBiodiversityValueCharacterizedByAttributeOfProtectedAreaOrAreaOfHighBiodiversityValueOutsideProtectedAreaTextBlock" xlink:label="loc_gri_ExplanationForReasonForOmissionRelatedToBiodiversityValueCharacterizedByAttributeOfProtectedAreaOrAreaOfHighBiodiversityValueOutsideProtectedAreaTextBlock" />
    <link:presentationArc xlink:type="arc" xlink:arcrole="http://www.xbrl.org/2003/arcrole/parent-child" xlink:from="loc_gri_BiodiversityValueCharacterizedByAttributeOfProtectedAreaOrAreaOfHighBiodiversityValueOutsideProtectedArea" xlink:to="loc_gri_ExplanationForReasonForOmissionRelatedToBiodiversityValueCharacterizedByAttributeOfProtectedAreaOrAreaOfHighBiodiversityValueOutsideProtectedAreaTextBlock" order="2.0" preferredLabel="http://www.xbrl.org/2003/role/verboseLabel" use="optional" />
    <link:loc xlink:type="locator" xlink:href="../core/gri_srs_core_2025-06-23.xsd#gri_DescriptionOfBiodiversityValueCharacterizedByListingOfProtectedStatusTextBlock" xlink:label="loc_gri_DescriptionOfBiodiversityValueCharacterizedByListingOfProtectedStatusTextBlock" />
    <link:presentationArc xlink:type="arc" xlink:arcrole="http://www.xbrl.org/2003/arcrole/parent-child" xlink:from="loc_gri_OperationalSitesOwnedLeasedManagedInOrAdjacentToProtectedAreasAndAreasOfHighBiodiversityValueOutsideProtectedAreasLineItems" xlink:to="loc_gri_DescriptionOfBiodiversityValueCharacterizedByListingOfProtectedStatusTextBlock" order="7.0" preferredLabel="http://www.xbrl.org/2003/role/verboseLabel" use="optional" />
    <link:loc xlink:type="locator" xlink:href="../core/gri_srs_core_2025-06-23.xsd#gri_ReasonForOmissionRelatedToDescriptionOfBiodiversityValueCharacterizedByListingOfProtectedStatus" xlink:label="loc_gri_ReasonForOmissionRelatedToDescriptionOfBiodiversityValueCharacterizedByListingOfProtectedStatus" />
    <link:presentationArc xlink:type="arc" xlink:arcrole="http://www.xbrl.org/2003/arcrole/parent-child" xlink:from="loc_gri_DescriptionOfBiodiversityValueCharacterizedByListingOfProtectedStatusTextBlock" xlink:to="loc_gri_ReasonForOmissionRelatedToDescriptionOfBiodiversityValueCharacterizedByListingOfProtectedStatus" order="1.0" preferredLabel="http://www.xbrl.org/2003/role/verboseLabel" use="optional" />
    <link:loc xlink:type="locator" xlink:href="../core/gri_srs_core_2025-06-23.xsd#gri_ExplanationForReasonForOmissionRelatedToDescriptionOfBiodiversityValueCharacterizedByListingOfProtectedStatusTextBlock" xlink:label="loc_gri_ExplanationForReasonForOmissionRelatedToDescriptionOfBiodiversityValueCharacterizedByListingOfProtectedStatusTextBlock" />
    <link:presentationArc xlink:type="arc" xlink:arcrole="http://www.xbrl.org/2003/arcrole/parent-child" xlink:from="loc_gri_DescriptionOfBiodiversityValueCharacterizedByListingOfProtectedStatusTextBlock" xlink:to="loc_gri_ExplanationForReasonForOmissionRelatedToDescriptionOfBiodiversityValueCharacterizedByListingOfProtectedStatusTextBlock" order="2.0" preferredLabel="http://www.xbrl.org/2003/role/verboseLabel" use="optional" />
    <link:loc xlink:type="locator" xlink:href="../core/gri_srs_core_2025-06-23.xsd#gri_DisclosureOfSignificantImpactsOfActivitiesProductsAndServicesOnBiodiversityAbstract" xlink:label="loc_gri_DisclosureOfSignificantImpactsOfActivitiesProductsAndServicesOnBiodiversityAbstract" />
    <link:presentationArc xlink:type="arc" xlink:arcrole="http://www.xbrl.org/2003/arcrole/parent-child" xlink:from="loc_gri_DisclosureOfBiodiversityAbstract" xlink:to="loc_gri_DisclosureOfSignificantImpactsOfActivitiesProductsAndServicesOnBiodiversityAbstract" order="2.0" preferredLabel="http://www.xbrl.org/2003/role/terseLabel" use="optional" />
    <link:loc xlink:type="locator" xlink:href="../core/gri_srs_core_2025-06-23.xsd#gri_DescriptionOfNatureOfSignificantDirectAndIndirectImpactsOnBiodiversityWithReferenceToConstructionOrUseOfManufacturingPlantsMinesAndTransportInfrastructureTextBlock" xlink:label="loc_gri_DescriptionOfNatureOfSignificantDirectAndIndirectImpactsOnBiodiversityWithReferenceToConstructionOrUseOfManufacturingPlantsMinesAndTransportInfrastructureTextBlock" />
    <link:presentationArc xlink:type="arc" xlink:arcrole="http://www.xbrl.org/2003/arcrole/parent-child" xlink:from="loc_gri_DisclosureOfSignificantImpactsOfActivitiesProductsAndServicesOnBiodiversityAbstract" xlink:to="loc_gri_DescriptionOfNatureOfSignificantDirectAndIndirectImpactsOnBiodiversityWithReferenceToConstructionOrUseOfManufacturingPlantsMinesAndTransportInfrastructureTextBlock" order="1.0" preferredLabel="http://www.xbrl.org/2003/role/verboseLabel" use="optional" />
    <link:loc xlink:type="locator" xlink:href="../core/gri_srs_core_2025-06-23.xsd#gri_DescriptionOfNatureOfSignificantDirectAndIndirectImpactsOnBiodiversityWithReferenceToPollutionTextBlock" xlink:label="loc_gri_DescriptionOfNatureOfSignificantDirectAndIndirectImpactsOnBiodiversityWithReferenceToPollutionTextBlock" />
    <link:presentationArc xlink:type="arc" xlink:arcrole="http://www.xbrl.org/2003/arcrole/parent-child" xlink:from="loc_gri_DisclosureOfSignificantImpactsOfActivitiesProductsAndServicesOnBiodiversityAbstract" xlink:to="loc_gri_DescriptionOfNatureOfSignificantDirectAndIndirectImpactsOnBiodiversityWithReferenceToPollutionTextBlock" order="2.0" preferredLabel="http://www.xbrl.org/2003/role/verboseLabel" use="optional" />
    <link:loc xlink:type="locator" xlink:href="../core/gri_srs_core_2025-06-23.xsd#gri_DescriptionOfNatureOfSignificantDirectAndIndirectImpactsOnBiodiversityWithReferenceToIntroductionOfInvasiveSpeciesPestsAndPathogensTextBlock" xlink:label="loc_gri_DescriptionOfNatureOfSignificantDirectAndIndirectImpactsOnBiodiversityWithReferenceToIntroductionOfInvasiveSpeciesPestsAndPathogensTextBlock" />
    <link:presentationArc xlink:type="arc" xlink:arcrole="http://www.xbrl.org/2003/arcrole/parent-child" xlink:from="loc_gri_DisclosureOfSignificantImpactsOfActivitiesProductsAndServicesOnBiodiversityAbstract" xlink:to="loc_gri_DescriptionOfNatureOfSignificantDirectAndIndirectImpactsOnBiodiversityWithReferenceToIntroductionOfInvasiveSpeciesPestsAndPathogensTextBlock" order="3.0" preferredLabel="http://www.xbrl.org/2003/role/verboseLabel" use="optional" />
    <link:loc xlink:type="locator" xlink:href="../core/gri_srs_core_2025-06-23.xsd#gri_DescriptionOfNatureOfSignificantDirectAndIndirectImpactsOnBiodiversityWithReferenceToReductionOfSpeciesTextBlock" xlink:label="loc_gri_DescriptionOfNatureOfSignificantDirectAndIndirectImpactsOnBiodiversityWithReferenceToReductionOfSpeciesTextBlock" />
    <link:presentationArc xlink:type="arc" xlink:arcrole="http://www.xbrl.org/2003/arcrole/parent-child" xlink:from="loc_gri_DisclosureOfSignificantImpactsOfActivitiesProductsAndServicesOnBiodiversityAbstract" xlink:to="loc_gri_DescriptionOfNatureOfSignificantDirectAndIndirectImpactsOnBiodiversityWithReferenceToReductionOfSpeciesTextBlock" order="4.0" preferredLabel="http://www.xbrl.org/2003/role/verboseLabel" use="optional" />
    <link:loc xlink:type="locator" xlink:href="../core/gri_srs_core_2025-06-23.xsd#gri_DescriptionOfNatureOfSignificantDirectAndIndirectImpactsOnBiodiversityWithReferenceToHabitatConversionTextBlock" xlink:label="loc_gri_DescriptionOfNatureOfSignificantDirectAndIndirectImpactsOnBiodiversityWithReferenceToHabitatConversionTextBlock" />
    <link:presentationArc xlink:type="arc" xlink:arcrole="http://www.xbrl.org/2003/arcrole/parent-child" xlink:from="loc_gri_DisclosureOfSignificantImpactsOfActivitiesProductsAndServicesOnBiodiversityAbstract" xlink:to="loc_gri_DescriptionOfNatureOfSignificantDirectAndIndirectImpactsOnBiodiversityWithReferenceToHabitatConversionTextBlock" order="5.0" preferredLabel="http://www.xbrl.org/2003/role/verboseLabel" use="optional" />
    <link:loc xlink:type="locator" xlink:href="../core/gri_srs_core_2025-06-23.xsd#gri_DescriptionOfNatureOfSignificantDirectAndIndirectImpactsOnBiodiversityWithReferenceToChangesInEcologicalProcessesOutsideNaturalRangeOfVariationTextBlock" xlink:label="loc_gri_DescriptionOfNatureOfSignificantDirectAndIndirectImpactsOnBiodiversityWithReferenceToChangesInEcologicalProcessesOutsideNaturalRangeOfVariationTextBlock" />
    <link:presentationArc xlink:type="arc" xlink:arcrole="http://www.xbrl.org/2003/arcrole/parent-child" xlink:from="loc_gri_DisclosureOfSignificantImpactsOfActivitiesProductsAndServicesOnBiodiversityAbstract" xlink:to="loc_gri_DescriptionOfNatureOfSignificantDirectAndIndirectImpactsOnBiodiversityWithReferenceToChangesInEcologicalProcessesOutsideNaturalRangeOfVariationTextBlock" order="6.0" preferredLabel="http://www.xbrl.org/2003/role/verboseLabel" use="optional" />
    <link:loc xlink:type="locator" xlink:href="../core/gri_srs_core_2025-06-23.xsd#gri_DescriptionOfSignificantDirectAndIndirectPositiveAndNegativeImpactsOnBiodiversityWithReferenceToSpeciesAffectedTextBlock" xlink:label="loc_gri_DescriptionOfSignificantDirectAndIndirectPositiveAndNegativeImpactsOnBiodiversityWithReferenceToSpeciesAffectedTextBlock" />
    <link:presentationArc xlink:type="arc" xlink:arcrole="http://www.xbrl.org/2003/arcrole/parent-child" xlink:from="loc_gri_DisclosureOfSignificantImpactsOfActivitiesProductsAndServicesOnBiodiversityAbstract" xlink:to="loc_gri_DescriptionOfSignificantDirectAndIndirectPositiveAndNegativeImpactsOnBiodiversityWithReferenceToSpeciesAffectedTextBlock" order="7.0" preferredLabel="http://www.xbrl.org/2003/role/verboseLabel" use="optional" />
    <link:loc xlink:type="locator" xlink:href="../core/gri_srs_core_2025-06-23.xsd#gri_DescriptionOfSignificantDirectAndIndirectPositiveAndNegativeImpactsOnBiodiversityWithReferenceToExtentOfAreasImpactedTextBlock" xlink:label="loc_gri_DescriptionOfSignificantDirectAndIndirectPositiveAndNegativeImpactsOnBiodiversityWithReferenceToExtentOfAreasImpactedTextBlock" />
    <link:presentationArc xlink:type="arc" xlink:arcrole="http://www.xbrl.org/2003/arcrole/parent-child" xlink:from="loc_gri_DisclosureOfSignificantImpactsOfActivitiesProductsAndServicesOnBiodiversityAbstract" xlink:to="loc_gri_DescriptionOfSignificantDirectAndIndirectPositiveAndNegativeImpactsOnBiodiversityWithReferenceToExtentOfAreasImpactedTextBlock" order="8.0" preferredLabel="http://www.xbrl.org/2003/role/verboseLabel" use="optional" />
    <link:loc xlink:type="locator" xlink:href="../core/gri_srs_core_2025-06-23.xsd#gri_DescriptionOfSignificantDirectAndIndirectPositiveAndNegativeImpactsOnBiodiversityWithReferenceToDurationOfImpactsTextBlock" xlink:label="loc_gri_DescriptionOfSignificantDirectAndIndirectPositiveAndNegativeImpactsOnBiodiversityWithReferenceToDurationOfImpactsTextBlock" />
    <link:presentationArc xlink:type="arc" xlink:arcrole="http://www.xbrl.org/2003/arcrole/parent-child" xlink:from="loc_gri_DisclosureOfSignificantImpactsOfActivitiesProductsAndServicesOnBiodiversityAbstract" xlink:to="loc_gri_DescriptionOfSignificantDirectAndIndirectPositiveAndNegativeImpactsOnBiodiversityWithReferenceToDurationOfImpactsTextBlock" order="9.0" preferredLabel="http://www.xbrl.org/2003/role/verboseLabel" use="optional" />
    <link:loc xlink:type="locator" xlink:href="../core/gri_srs_core_2025-06-23.xsd#gri_DescriptionOfSignificantDirectAndIndirectPositiveAndNegativeImpactsOnBiodiversityWithReferenceToReversibilityOrIrreversibilityOfImpactsTextBlock" xlink:label="loc_gri_DescriptionOfSignificantDirectAndIndirectPositiveAndNegativeImpactsOnBiodiversityWithReferenceToReversibilityOrIrreversibilityOfImpactsTextBlock" />
    <link:presentationArc xlink:type="arc" xlink:arcrole="http://www.xbrl.org/2003/arcrole/parent-child" xlink:from="loc_gri_DisclosureOfSignificantImpactsOfActivitiesProductsAndServicesOnBiodiversityAbstract" xlink:to="loc_gri_DescriptionOfSignificantDirectAndIndirectPositiveAndNegativeImpactsOnBiodiversityWithReferenceToReversibilityOrIrreversibilityOfImpactsTextBlock" order="10.0" preferredLabel="http://www.xbrl.org/2003/role/verboseLabel" use="optional" />
    <link:loc xlink:type="locator" xlink:href="../core/gri_srs_core_2025-06-23.xsd#gri_DisclosureOfHabitatsProtectedOrRestoredAbstract" xlink:label="loc_gri_DisclosureOfHabitatsProtectedOrRestoredAbstract" />
    <link:presentationArc xlink:type="arc" xlink:arcrole="http://www.xbrl.org/2003/arcrole/parent-child" xlink:from="loc_gri_DisclosureOfBiodiversityAbstract" xlink:to="loc_gri_DisclosureOfHabitatsProtectedOrRestoredAbstract" order="3.0" preferredLabel="http://www.xbrl.org/2003/role/terseLabel" use="optional" />
    <link:loc xlink:type="locator" xlink:href="../core/gri_srs_core_2025-06-23.xsd#gri_SizeOfAllHabitatAreasProtectedOrRestored" xlink:label="loc_gri_SizeOfAllHabitatAreasProtectedOrRestored" />
    <link:presentationArc xlink:type="arc" xlink:arcrole="http://www.xbrl.org/2003/arcrole/parent-child" xlink:from="loc_gri_DisclosureOfHabitatsProtectedOrRestoredAbstract" xlink:to="loc_gri_SizeOfAllHabitatAreasProtectedOrRestored" order="1.0" preferredLabel="http://www.xbrl.org/2003/role/verboseLabel" use="optional" />
    <link:loc xlink:type="locator" xlink:href="../core/gri_srs_core_2025-06-23.xsd#gri_LocationOfAllHabitatAreasProtectedOrRestoredTextBlock" xlink:label="loc_gri_LocationOfAllHabitatAreasProtectedOrRestoredTextBlock" />
    <link:presentationArc xlink:type="arc" xlink:arcrole="http://www.xbrl.org/2003/arcrole/parent-child" xlink:from="loc_gri_DisclosureOfHabitatsProtectedOrRestoredAbstract" xlink:to="loc_gri_LocationOfAllHabitatAreasProtectedOrRestoredTextBlock" order="2.0" preferredLabel="http://www.xbrl.org/2003/role/verboseLabel" use="optional" />
    <link:loc xlink:type="locator" xlink:href="../core/gri_srs_core_2025-06-23.xsd#gri_WhetherSuccessOfRestorationMeasureWasOrIsApprovedByIndependentExternalProfessionals" xlink:label="loc_gri_WhetherSuccessOfRestorationMeasureWasOrIsApprovedByIndependentExternalProfessionals" />
    <link:presentationArc xlink:type="arc" xlink:arcrole="http://www.xbrl.org/2003/arcrole/parent-child" xlink:from="loc_gri_DisclosureOfHabitatsProtectedOrRestoredAbstract" xlink:to="loc_gri_WhetherSuccessOfRestorationMeasureWasOrIsApprovedByIndependentExternalProfessionals" order="3.0" preferredLabel="http://www.xbrl.org/2003/role/verboseLabel" use="optional" />
    <link:loc xlink:type="locator" xlink:href="../core/gri_srs_core_2025-06-23.xsd#gri_WhetherPartnershipsExistWithThirdPartiesToProtectOrRestoreHabitatAreasDistinctFromWhereOrganizationHasOverseenAndImplementedRestorationOrProtectionMeasures" xlink:label="loc_gri_WhetherPartnershipsExistWithThirdPartiesToProtectOrRestoreHabitatAreasDistinctFromWhereOrganizationHasOverseenAndImplementedRestorationOrProtectionMeasures" />
    <link:presentationArc xlink:type="arc" xlink:arcrole="http://www.xbrl.org/2003/arcrole/parent-child" xlink:from="loc_gri_DisclosureOfHabitatsProtectedOrRestoredAbstract" xlink:to="loc_gri_WhetherPartnershipsExistWithThirdPartiesToProtectOrRestoreHabitatAreasDistinctFromWhereOrganizationHasOverseenAndImplementedRestorationOrProtectionMeasures" order="4.0" preferredLabel="http://www.xbrl.org/2003/role/verboseLabel" use="optional" />
    <link:loc xlink:type="locator" xlink:href="../core/gri_srs_core_2025-06-23.xsd#gri_StatusOfEachAreaBasedOnItsConditionAtCloseOfReportingPeriodTextBlock" xlink:label="loc_gri_StatusOfEachAreaBasedOnItsConditionAtCloseOfReportingPeriodTextBlock" />
    <link:presentationArc xlink:type="arc" xlink:arcrole="http://www.xbrl.org/2003/arcrole/parent-child" xlink:from="loc_gri_DisclosureOfHabitatsProtectedOrRestoredAbstract" xlink:to="loc_gri_StatusOfEachAreaBasedOnItsConditionAtCloseOfReportingPeriodTextBlock" order="5.0" preferredLabel="http://www.xbrl.org/2003/role/verboseLabel" use="optional" />
    <link:loc xlink:type="locator" xlink:href="../core/gri_srs_core_2025-06-23.xsd#gri_DescriptionOfStandardsMethodologiesAndAssumptionsUsed3043TextBlock" xlink:label="loc_gri_DescriptionOfStandardsMethodologiesAndAssumptionsUsed3043TextBlock" />
    <link:presentationArc xlink:type="arc" xlink:arcrole="http://www.xbrl.org/2003/arcrole/parent-child" xlink:from="loc_gri_DisclosureOfHabitatsProtectedOrRestoredAbstract" xlink:to="loc_gri_DescriptionOfStandardsMethodologiesAndAssumptionsUsed3043TextBlock" order="6.0" preferredLabel="http://www.xbrl.org/2003/role/verboseLabel" use="optional" />
    <link:loc xlink:type="locator" xlink:href="../core/gri_srs_core_2025-06-23.xsd#gri_DisclosureOfIUCNRedListSpeciesAndNationalConservationListSpeciesWithHabitatsInAreasAffectedByOperationsAbstract" xlink:label="loc_gri_DisclosureOfIUCNRedListSpeciesAndNationalConservationListSpeciesWithHabitatsInAreasAffectedByOperationsAbstract" />
    <link:presentationArc xlink:type="arc" xlink:arcrole="http://www.xbrl.org/2003/arcrole/parent-child" xlink:from="loc_gri_DisclosureOfBiodiversityAbstract" xlink:to="loc_gri_DisclosureOfIUCNRedListSpeciesAndNationalConservationListSpeciesWithHabitatsInAreasAffectedByOperationsAbstract" order="4.0" preferredLabel="http://www.xbrl.org/2003/role/terseLabel" use="optional" />
    <link:loc xlink:type="locator" xlink:href="../core/gri_srs_core_2025-06-23.xsd#gri_LevelOfExtinctionRiskAbstract" xlink:label="loc_gri_LevelOfExtinctionRiskAbstract" />
    <link:presentationArc xlink:type="arc" xlink:arcrole="http://www.xbrl.org/2003/arcrole/parent-child" xlink:from="loc_gri_DisclosureOfIUCNRedListSpeciesAndNationalConservationListSpeciesWithHabitatsInAreasAffectedByOperationsAbstract" xlink:to="loc_gri_LevelOfExtinctionRiskAbstract" order="1.0" use="optional" />
    <link:loc xlink:type="locator" xlink:href="../core/gri_srs_core_2025-06-23.xsd#gri_LevelOfExtinctionRiskTable" xlink:label="loc_gri_LevelOfExtinctionRiskTable" />
    <link:presentationArc xlink:type="arc" xlink:arcrole="http://www.xbrl.org/2003/arcrole/parent-child" xlink:from="loc_gri_LevelOfExtinctionRiskAbstract" xlink:to="loc_gri_LevelOfExtinctionRiskTable" order="1.0" use="optional" />
    <link:loc xlink:type="locator" xlink:href="../core/gri_srs_core_2025-06-23.xsd#gri_LevelOfExtinctionRiskAxis" xlink:label="loc_gri_LevelOfExtinctionRiskAxis" />
    <link:presentationArc xlink:type="arc" xlink:arcrole="http://www.xbrl.org/2003/arcrole/parent-child" xlink:from="loc_gri_LevelOfExtinctionRiskTable" xlink:to="loc_gri_LevelOfExtinctionRiskAxis" order="1.0" use="optional" />
    <link:loc xlink:type="locator" xlink:href="../core/gri_srs_core_2025-06-23.xsd#gri_LevelOfExtinctionRiskDomain" xlink:label="loc_gri_LevelOfExtinctionRiskDomain" />
    <link:presentationArc xlink:type="arc" xlink:arcrole="http://www.xbrl.org/2003/arcrole/parent-child" xlink:from="loc_gri_LevelOfExtinctionRiskAxis" xlink:to="loc_gri_LevelOfExtinctionRiskDomain" order="1.0" use="optional" />
    <link:loc xlink:type="locator" xlink:href="../core/gri_srs_core_2025-06-23.xsd#gri_CriticallyEndangeredMember" xlink:label="loc_gri_CriticallyEndangeredMember" />
    <link:presentationArc xlink:type="arc" xlink:arcrole="http://www.xbrl.org/2003/arcrole/parent-child" xlink:from="loc_gri_LevelOfExtinctionRiskDomain" xlink:to="loc_gri_CriticallyEndangeredMember" order="1.0" preferredLabel="http://www.xbrl.org/2003/role/terseLabel" use="optional" />
    <link:loc xlink:type="locator" xlink:href="../core/gri_srs_core_2025-06-23.xsd#gri_EndangeredMember" xlink:label="loc_gri_EndangeredMember" />
    <link:presentationArc xlink:type="arc" xlink:arcrole="http://www.xbrl.org/2003/arcrole/parent-child" xlink:from="loc_gri_LevelOfExtinctionRiskDomain" xlink:to="loc_gri_EndangeredMember" order="2.0" preferredLabel="http://www.xbrl.org/2003/role/terseLabel" use="optional" />
    <link:loc xlink:type="locator" xlink:href="../core/gri_srs_core_2025-06-23.xsd#gri_VulnerableMember" xlink:label="loc_gri_VulnerableMember" />
    <link:presentationArc xlink:type="arc" xlink:arcrole="http://www.xbrl.org/2003/arcrole/parent-child" xlink:from="loc_gri_LevelOfExtinctionRiskDomain" xlink:to="loc_gri_VulnerableMember" order="3.0" preferredLabel="http://www.xbrl.org/2003/role/terseLabel" use="optional" />
    <link:loc xlink:type="locator" xlink:href="../core/gri_srs_core_2025-06-23.xsd#gri_NearThreatenedMember" xlink:label="loc_gri_NearThreatenedMember" />
    <link:presentationArc xlink:type="arc" xlink:arcrole="http://www.xbrl.org/2003/arcrole/parent-child" xlink:from="loc_gri_LevelOfExtinctionRiskDomain" xlink:to="loc_gri_NearThreatenedMember" order="4.0" preferredLabel="http://www.xbrl.org/2003/role/terseLabel" use="optional" />
    <link:loc xlink:type="locator" xlink:href="../core/gri_srs_core_2025-06-23.xsd#gri_LeastConcernMember" xlink:label="loc_gri_LeastConcernMember" />
    <link:presentationArc xlink:type="arc" xlink:arcrole="http://www.xbrl.org/2003/arcrole/parent-child" xlink:from="loc_gri_LevelOfExtinctionRiskDomain" xlink:to="loc_gri_LeastConcernMember" order="5.0" preferredLabel="http://www.xbrl.org/2003/role/terseLabel" use="optional" />
    <link:loc xlink:type="locator" xlink:href="../core/gri_srs_core_2025-06-23.xsd#gri_LevelOfExtinctionRiskLineItems" xlink:label="loc_gri_LevelOfExtinctionRiskLineItems" />
    <link:presentationArc xlink:type="arc" xlink:arcrole="http://www.xbrl.org/2003/arcrole/parent-child" xlink:from="loc_gri_LevelOfExtinctionRiskAbstract" xlink:to="loc_gri_LevelOfExtinctionRiskLineItems" order="2.0" preferredLabel="http://www.xbrl.org/2003/role/label" use="optional" />
    <link:loc xlink:type="locator" xlink:href="../core/gri_srs_core_2025-06-23.xsd#gri_TotalNumberOfIUCNRedListSpeciesAndNationalConservationListSpeciesWithHabitatsInAreasAffectedByOperationsOfOrganization" xlink:label="loc_gri_TotalNumberOfIUCNRedListSpeciesAndNationalConservationListSpeciesWithHabitatsInAreasAffectedByOperationsOfOrganization" />
    <link:presentationArc xlink:type="arc" xlink:arcrole="http://www.xbrl.org/2003/arcrole/parent-child" xlink:from="loc_gri_LevelOfExtinctionRiskLineItems" xlink:to="loc_gri_TotalNumberOfIUCNRedListSpeciesAndNationalConservationListSpeciesWithHabitatsInAreasAffectedByOperationsOfOrganization" order="1.0" preferredLabel="http://www.xbrl.org/2003/role/verboseLabel" use="optional" />
    <link:loc xlink:type="locator" xlink:href="../core/gri_srs_core_2025-06-23.xsd#gri_ReasonForOmissionRelatedToTotalNumberOfIUCNRedListSpeciesAndNationalConservationListSpeciesWithHabitatsInAreasAffectedByOperationsOfOrganization" xlink:label="loc_gri_ReasonForOmissionRelatedToTotalNumberOfIUCNRedListSpeciesAndNationalConservationListSpeciesWithHabitatsInAreasAffectedByOperationsOfOrganization" />
    <link:presentationArc xlink:type="arc" xlink:arcrole="http://www.xbrl.org/2003/arcrole/parent-child" xlink:from="loc_gri_TotalNumberOfIUCNRedListSpeciesAndNationalConservationListSpeciesWithHabitatsInAreasAffectedByOperationsOfOrganization" xlink:to="loc_gri_ReasonForOmissionRelatedToTotalNumberOfIUCNRedListSpeciesAndNationalConservationListSpeciesWithHabitatsInAreasAffectedByOperationsOfOrganization" order="1.0" preferredLabel="http://www.xbrl.org/2003/role/verboseLabel" use="optional" />
    <link:loc xlink:type="locator" xlink:href="../core/gri_srs_core_2025-06-23.xsd#gri_ExplanationForReasonForOmissionRelatedToTotalNumberOfIUCNRedListSpeciesAndNationalConservationListSpeciesWithHabitatsInAreasAffectedByOperationsOfOrganizationTextBlock" xlink:label="loc_gri_ExplanationForReasonForOmissionRelatedToTotalNumberOfIUCNRedListSpeciesAndNationalConservationListSpeciesWithHabitatsInAreasAffectedByOperationsOfOrganizationTextBlock" />
    <link:presentationArc xlink:type="arc" xlink:arcrole="http://www.xbrl.org/2003/arcrole/parent-child" xlink:from="loc_gri_TotalNumberOfIUCNRedListSpeciesAndNationalConservationListSpeciesWithHabitatsInAreasAffectedByOperationsOfOrganization" xlink:to="loc_gri_ExplanationForReasonForOmissionRelatedToTotalNumberOfIUCNRedListSpeciesAndNationalConservationListSpeciesWithHabitatsInAreasAffectedByOperationsOfOrganizationTextBlock" order="2.0" preferredLabel="http://www.xbrl.org/2003/role/verboseLabel" use="optional" />
  </link:presentationLink>
</link:linkbase>