﻿<?xml version="1.0" encoding="utf-8"?>
<!-- Generated by GRI Taxonomy Editor-->
<link:linkbase xsi:schemaLocation="http://www.xbrl.org/2003/linkbase http://www.xbrl.org/2003/xbrl-linkbase-2003-12-31.xsd http://www.xbrl.org/2003/instance http://www.xbrl.org/2003/xbrl-instance-2003-12-31.xsd http://www.w3.org/1999/xlink http://www.xbrl.org/2003/xlink-2003-12-31.xsd " xmlns:link="http://www.xbrl.org/2003/linkbase" xmlns:xbrli="http://www.xbrl.org/2003/instance" xmlns:xlink="http://www.w3.org/1999/xlink" xmlns:xsi="http://www.w3.org/2001/XMLSchema-instance">
  <!-- Role Ref -->
  <link:roleRef roleURI="https://taxonomy.globalreporting.org/gri-sustainability-taxonomy/gri_srs/gri_srs_role/role_gri_415" xlink:type="simple" xlink:href="role_gri_srs_2025-06-23.xsd#role_gri_415" />
  <link:presentationLink xlink:type="extended" xlink:role="https://taxonomy.globalreporting.org/gri-sustainability-taxonomy/gri_srs/gri_srs_role/role_gri_415">
    <link:loc xlink:type="locator" xlink:href="../core/gri_srs_core_2025-06-23.xsd#gri_DisclosureOfPublicPolicyAbstract" xlink:label="loc_gri_DisclosureOfPublicPolicyAbstract" />
    <link:loc xlink:type="locator" xlink:href="../core/gri_srs_core_2025-06-23.xsd#gri_DisclosureOfPoliticalContributionsAbstract" xlink:label="loc_gri_DisclosureOfPoliticalContributionsAbstract" />
    <link:presentationArc xlink:type="arc" xlink:arcrole="http://www.xbrl.org/2003/arcrole/parent-child" xlink:from="loc_gri_DisclosureOfPublicPolicyAbstract" xlink:to="loc_gri_DisclosureOfPoliticalContributionsAbstract" order="1.0" preferredLabel="http://www.xbrl.org/2003/role/terseLabel" use="optional" />
    <link:loc xlink:type="locator" xlink:href="../core/gri_srs_core_2025-06-23.xsd#gri_PoliticalContributionsTable" xlink:label="loc_gri_PoliticalContributionsTable" />
    <link:presentationArc xlink:type="arc" xlink:arcrole="http://www.xbrl.org/2003/arcrole/parent-child" xlink:from="loc_gri_DisclosureOfPoliticalContributionsAbstract" xlink:to="loc_gri_PoliticalContributionsTable" order="1.0" use="optional" />
    <link:loc xlink:type="locator" xlink:href="../core/gri_srs_core_2025-06-23.xsd#gri_CountryAxis" xlink:label="loc_gri_CountryAxis" />
    <link:presentationArc xlink:type="arc" xlink:arcrole="http://www.xbrl.org/2003/arcrole/parent-child" xlink:from="loc_gri_PoliticalContributionsTable" xlink:to="loc_gri_CountryAxis" order="1.0" use="optional" />
    <link:loc xlink:type="locator" xlink:href="../core/country-current-PR-2024-01-31/elts.xsd#country_CountryDomain" xlink:label="loc_country_CountryDomain" />
    <link:presentationArc xlink:type="arc" xlink:arcrole="http://www.xbrl.org/2003/arcrole/parent-child" xlink:from="loc_gri_CountryAxis" xlink:to="loc_country_CountryDomain" order="1.0" use="optional" />
    <link:loc xlink:type="locator" xlink:href="../core/gri_srs_core_2025-06-23.xsd#gri_RecipientOrBeneficiaryAxis" xlink:label="loc_gri_RecipientOrBeneficiaryAxis" />
    <link:presentationArc xlink:type="arc" xlink:arcrole="http://www.xbrl.org/2003/arcrole/parent-child" xlink:from="loc_gri_PoliticalContributionsTable" xlink:to="loc_gri_RecipientOrBeneficiaryAxis" order="2.0" use="optional" />
    <link:loc xlink:type="locator" xlink:href="../core/gri_srs_core_2025-06-23.xsd#gri_PoliticalContributionsLineItems" xlink:label="loc_gri_PoliticalContributionsLineItems" />
    <link:presentationArc xlink:type="arc" xlink:arcrole="http://www.xbrl.org/2003/arcrole/parent-child" xlink:from="loc_gri_DisclosureOfPoliticalContributionsAbstract" xlink:to="loc_gri_PoliticalContributionsLineItems" order="2.0" use="optional" />
    <link:loc xlink:type="locator" xlink:href="../core/gri_srs_core_2025-06-23.xsd#gri_TotalMonetaryValueOfFinancialAndInKindPoliticalContributionsMadeDirectlyAndIndirectly" xlink:label="loc_gri_TotalMonetaryValueOfFinancialAndInKindPoliticalContributionsMadeDirectlyAndIndirectly" />
    <link:presentationArc xlink:type="arc" xlink:arcrole="http://www.xbrl.org/2003/arcrole/parent-child" xlink:from="loc_gri_PoliticalContributionsLineItems" xlink:to="loc_gri_TotalMonetaryValueOfFinancialAndInKindPoliticalContributionsMadeDirectlyAndIndirectly" order="1.0" preferredLabel="http://www.xbrl.org/2003/role/verboseLabel" use="optional" />
    <link:loc xlink:type="locator" xlink:href="../core/gri_srs_core_2025-06-23.xsd#gri_ReasonForOmissionRelatedToTotalMonetaryValueOfFinancialAndInKindPoliticalContributionsMadeDirectlyAndIndirectly" xlink:label="loc_gri_ReasonForOmissionRelatedToTotalMonetaryValueOfFinancialAndInKindPoliticalContributionsMadeDirectlyAndIndirectly" />
    <link:presentationArc xlink:type="arc" xlink:arcrole="http://www.xbrl.org/2003/arcrole/parent-child" xlink:from="loc_gri_TotalMonetaryValueOfFinancialAndInKindPoliticalContributionsMadeDirectlyAndIndirectly" xlink:to="loc_gri_ReasonForOmissionRelatedToTotalMonetaryValueOfFinancialAndInKindPoliticalContributionsMadeDirectlyAndIndirectly" order="1.0" preferredLabel="http://www.xbrl.org/2003/role/verboseLabel" use="optional" />
    <link:loc xlink:type="locator" xlink:href="../core/gri_srs_core_2025-06-23.xsd#gri_ExplanationForReasonForOmissionRelatedToTotalMonetaryValueOfFinancialAndInKindPoliticalContributionsMadeDirectlyAndIndirectlyTextBlock" xlink:label="loc_gri_ExplanationForReasonForOmissionRelatedToTotalMonetaryValueOfFinancialAndInKindPoliticalContributionsMadeDirectlyAndIndirectlyTextBlock" />
    <link:presentationArc xlink:type="arc" xlink:arcrole="http://www.xbrl.org/2003/arcrole/parent-child" xlink:from="loc_gri_TotalMonetaryValueOfFinancialAndInKindPoliticalContributionsMadeDirectlyAndIndirectly" xlink:to="loc_gri_ExplanationForReasonForOmissionRelatedToTotalMonetaryValueOfFinancialAndInKindPoliticalContributionsMadeDirectlyAndIndirectlyTextBlock" order="2.0" preferredLabel="http://www.xbrl.org/2003/role/verboseLabel" use="optional" />
    <link:loc xlink:type="locator" xlink:href="../core/gri_srs_core_2025-06-23.xsd#gri_DescriptionOfHowMonetaryValueOfInKindContributionsWasEstimatedTextBlock" xlink:label="loc_gri_DescriptionOfHowMonetaryValueOfInKindContributionsWasEstimatedTextBlock" />
    <link:presentationArc xlink:type="arc" xlink:arcrole="http://www.xbrl.org/2003/arcrole/parent-child" xlink:from="loc_gri_DisclosureOfPoliticalContributionsAbstract" xlink:to="loc_gri_DescriptionOfHowMonetaryValueOfInKindContributionsWasEstimatedTextBlock" order="3.0" preferredLabel="http://www.xbrl.org/2003/role/verboseLabel" use="optional" />
  </link:presentationLink>
</link:linkbase>