﻿<?xml version="1.0" encoding="utf-8"?>
<!-- Generated by GRI Taxonomy Editor-->
<link:linkbase xsi:schemaLocation="http://www.xbrl.org/2003/linkbase http://www.xbrl.org/2003/xbrl-linkbase-2003-12-31.xsd http://www.xbrl.org/2003/instance http://www.xbrl.org/2003/xbrl-instance-2003-12-31.xsd http://www.w3.org/1999/xlink http://www.xbrl.org/2003/xlink-2003-12-31.xsd " xmlns:link="http://www.xbrl.org/2003/linkbase" xmlns:xbrli="http://www.xbrl.org/2003/instance" xmlns:xlink="http://www.w3.org/1999/xlink" xmlns:xsi="http://www.w3.org/2001/XMLSchema-instance">
  <!-- Role Ref -->
  <link:roleRef roleURI="https://taxonomy.globalreporting.org/gri-sustainability-taxonomy/gri_srs/gri_srs_role/role_gri_202" xlink:type="simple" xlink:href="role_gri_srs_2025-06-23.xsd#role_gri_202" />
  <link:presentationLink xlink:type="extended" xlink:role="https://taxonomy.globalreporting.org/gri-sustainability-taxonomy/gri_srs/gri_srs_role/role_gri_202">
    <link:loc xlink:type="locator" xlink:href="../core/gri_srs_core_2025-06-23.xsd#gri_DisclosureOfMarketPresenceAbstract" xlink:label="loc_gri_DisclosureOfMarketPresenceAbstract" />
    <link:loc xlink:type="locator" xlink:href="../core/gri_srs_core_2025-06-23.xsd#gri_DisclosureOfRatiosOfStandardEntryLevelWageByGenderComparedToLocalMinimumWageAbstract" xlink:label="loc_gri_DisclosureOfRatiosOfStandardEntryLevelWageByGenderComparedToLocalMinimumWageAbstract" />
    <link:presentationArc xlink:type="arc" xlink:arcrole="http://www.xbrl.org/2003/arcrole/parent-child" xlink:from="loc_gri_DisclosureOfMarketPresenceAbstract" xlink:to="loc_gri_DisclosureOfRatiosOfStandardEntryLevelWageByGenderComparedToLocalMinimumWageAbstract" order="1.0" preferredLabel="http://www.xbrl.org/2003/role/terseLabel" use="optional" />
    <link:loc xlink:type="locator" xlink:href="../core/gri_srs_core_2025-06-23.xsd#gri_RatiosOfStandardEntryLevelWageByGenderComparedToLocalMinimumWageTable" xlink:label="loc_gri_RatiosOfStandardEntryLevelWageByGenderComparedToLocalMinimumWageTable" />
    <link:presentationArc xlink:type="arc" xlink:arcrole="http://www.xbrl.org/2003/arcrole/parent-child" xlink:from="loc_gri_DisclosureOfRatiosOfStandardEntryLevelWageByGenderComparedToLocalMinimumWageAbstract" xlink:to="loc_gri_RatiosOfStandardEntryLevelWageByGenderComparedToLocalMinimumWageTable" order="1.0" use="optional" />
    <link:loc xlink:type="locator" xlink:href="../core/gri_srs_core_2025-06-23.xsd#gri_SignificantLocationOfOperationAxis" xlink:label="loc_gri_SignificantLocationOfOperationAxis" />
    <link:presentationArc xlink:type="arc" xlink:arcrole="http://www.xbrl.org/2003/arcrole/parent-child" xlink:from="loc_gri_RatiosOfStandardEntryLevelWageByGenderComparedToLocalMinimumWageTable" xlink:to="loc_gri_SignificantLocationOfOperationAxis" order="1.0" use="optional" />
    <link:loc xlink:type="locator" xlink:href="../core/gri_srs_core_2025-06-23.xsd#gri_GenderAxis" xlink:label="loc_gri_GenderAxis" />
    <link:presentationArc xlink:type="arc" xlink:arcrole="http://www.xbrl.org/2003/arcrole/parent-child" xlink:from="loc_gri_RatiosOfStandardEntryLevelWageByGenderComparedToLocalMinimumWageTable" xlink:to="loc_gri_GenderAxis" order="2.0" use="optional" />
    <link:loc xlink:type="locator" xlink:href="../core/gri_srs_core_2025-06-23.xsd#gri_RatiosOfStandardEntryLevelWageByGenderComparedToLocalMinimumWageLineItems" xlink:label="loc_gri_RatiosOfStandardEntryLevelWageByGenderComparedToLocalMinimumWageLineItems" />
    <link:presentationArc xlink:type="arc" xlink:arcrole="http://www.xbrl.org/2003/arcrole/parent-child" xlink:from="loc_gri_DisclosureOfRatiosOfStandardEntryLevelWageByGenderComparedToLocalMinimumWageAbstract" xlink:to="loc_gri_RatiosOfStandardEntryLevelWageByGenderComparedToLocalMinimumWageLineItems" order="2.0" use="optional" />
    <link:loc xlink:type="locator" xlink:href="../core/gri_srs_core_2025-06-23.xsd#gri_WhetherSignificantProportionOfEmployeesAreCompensatedBasedOnWagesSubjectToMinimumWageRules" xlink:label="loc_gri_WhetherSignificantProportionOfEmployeesAreCompensatedBasedOnWagesSubjectToMinimumWageRules" />
    <link:presentationArc xlink:type="arc" xlink:arcrole="http://www.xbrl.org/2003/arcrole/parent-child" xlink:from="loc_gri_RatiosOfStandardEntryLevelWageByGenderComparedToLocalMinimumWageLineItems" xlink:to="loc_gri_WhetherSignificantProportionOfEmployeesAreCompensatedBasedOnWagesSubjectToMinimumWageRules" order="1.0" preferredLabel="http://www.xbrl.org/2003/role/verboseLabel" use="optional" />
    <link:loc xlink:type="locator" xlink:href="../core/gri_srs_core_2025-06-23.xsd#gri_ReasonForOmissionRelatedToWhetherSignificantProportionOfEmployeesAreCompensatedBasedOnWagesSubjectToMinimumWageRules" xlink:label="loc_gri_ReasonForOmissionRelatedToWhetherSignificantProportionOfEmployeesAreCompensatedBasedOnWagesSubjectToMinimumWageRules" />
    <link:presentationArc xlink:type="arc" xlink:arcrole="http://www.xbrl.org/2003/arcrole/parent-child" xlink:from="loc_gri_WhetherSignificantProportionOfEmployeesAreCompensatedBasedOnWagesSubjectToMinimumWageRules" xlink:to="loc_gri_ReasonForOmissionRelatedToWhetherSignificantProportionOfEmployeesAreCompensatedBasedOnWagesSubjectToMinimumWageRules" order="1.0" preferredLabel="http://www.xbrl.org/2003/role/verboseLabel" use="optional" />
    <link:loc xlink:type="locator" xlink:href="../core/gri_srs_core_2025-06-23.xsd#gri_ExplanationForReasonForOmissionRelatedToWhetherSignificantProportionOfEmployeesAreCompensatedBasedOnWagesSubjectToMinimumWageRulesTextBlock" xlink:label="loc_gri_ExplanationForReasonForOmissionRelatedToWhetherSignificantProportionOfEmployeesAreCompensatedBasedOnWagesSubjectToMinimumWageRulesTextBlock" />
    <link:presentationArc xlink:type="arc" xlink:arcrole="http://www.xbrl.org/2003/arcrole/parent-child" xlink:from="loc_gri_WhetherSignificantProportionOfEmployeesAreCompensatedBasedOnWagesSubjectToMinimumWageRules" xlink:to="loc_gri_ExplanationForReasonForOmissionRelatedToWhetherSignificantProportionOfEmployeesAreCompensatedBasedOnWagesSubjectToMinimumWageRulesTextBlock" order="2.0" preferredLabel="http://www.xbrl.org/2003/role/verboseLabel" use="optional" />
    <link:loc xlink:type="locator" xlink:href="../core/gri_srs_core_2025-06-23.xsd#gri_RatioOfEntryLevelWageToMinimumWage" xlink:label="loc_gri_RatioOfEntryLevelWageToMinimumWage" />
    <link:presentationArc xlink:type="arc" xlink:arcrole="http://www.xbrl.org/2003/arcrole/parent-child" xlink:from="loc_gri_RatiosOfStandardEntryLevelWageByGenderComparedToLocalMinimumWageLineItems" xlink:to="loc_gri_RatioOfEntryLevelWageToMinimumWage" order="2.0" preferredLabel="http://www.xbrl.org/2003/role/verboseLabel" use="optional" />
    <link:loc xlink:type="locator" xlink:href="../core/gri_srs_core_2025-06-23.xsd#gri_ReasonForOmissionRelatedToRatioOfEntryLevelWageToMinimumWage" xlink:label="loc_gri_ReasonForOmissionRelatedToRatioOfEntryLevelWageToMinimumWage" />
    <link:presentationArc xlink:type="arc" xlink:arcrole="http://www.xbrl.org/2003/arcrole/parent-child" xlink:from="loc_gri_RatioOfEntryLevelWageToMinimumWage" xlink:to="loc_gri_ReasonForOmissionRelatedToRatioOfEntryLevelWageToMinimumWage" order="1.0" preferredLabel="http://www.xbrl.org/2003/role/verboseLabel" use="optional" />
    <link:loc xlink:type="locator" xlink:href="../core/gri_srs_core_2025-06-23.xsd#gri_ExplanationForReasonForOmissionRelatedToRatioOfEntryLevelWageToMinimumWageTextBlock" xlink:label="loc_gri_ExplanationForReasonForOmissionRelatedToRatioOfEntryLevelWageToMinimumWageTextBlock" />
    <link:presentationArc xlink:type="arc" xlink:arcrole="http://www.xbrl.org/2003/arcrole/parent-child" xlink:from="loc_gri_RatioOfEntryLevelWageToMinimumWage" xlink:to="loc_gri_ExplanationForReasonForOmissionRelatedToRatioOfEntryLevelWageToMinimumWageTextBlock" order="2.0" preferredLabel="http://www.xbrl.org/2003/role/verboseLabel" use="optional" />
    <link:loc xlink:type="locator" xlink:href="../core/gri_srs_core_2025-06-23.xsd#gri_WhetherSignificantProportionOfOtherWorkersExcludingEmployeesPerformingOrganizationsActivitiesAreCompensatedBasedOnWagesSubjectToMinimumWageRules" xlink:label="loc_gri_WhetherSignificantProportionOfOtherWorkersExcludingEmployeesPerformingOrganizationsActivitiesAreCompensatedBasedOnWagesSubjectToMinimumWageRules" />
    <link:presentationArc xlink:type="arc" xlink:arcrole="http://www.xbrl.org/2003/arcrole/parent-child" xlink:from="loc_gri_DisclosureOfRatiosOfStandardEntryLevelWageByGenderComparedToLocalMinimumWageAbstract" xlink:to="loc_gri_WhetherSignificantProportionOfOtherWorkersExcludingEmployeesPerformingOrganizationsActivitiesAreCompensatedBasedOnWagesSubjectToMinimumWageRules" order="3.0" preferredLabel="http://www.xbrl.org/2003/role/verboseLabel" use="optional" />
    <link:loc xlink:type="locator" xlink:href="../core/gri_srs_core_2025-06-23.xsd#gri_DescriptionOfActionsTakenToDetermineWhetherTheseWorkersArePaidAboveMinimumWageTextBlock" xlink:label="loc_gri_DescriptionOfActionsTakenToDetermineWhetherTheseWorkersArePaidAboveMinimumWageTextBlock" />
    <link:presentationArc xlink:type="arc" xlink:arcrole="http://www.xbrl.org/2003/arcrole/parent-child" xlink:from="loc_gri_DisclosureOfRatiosOfStandardEntryLevelWageByGenderComparedToLocalMinimumWageAbstract" xlink:to="loc_gri_DescriptionOfActionsTakenToDetermineWhetherTheseWorkersArePaidAboveMinimumWageTextBlock" order="4.0" preferredLabel="http://www.xbrl.org/2003/role/verboseLabel" use="optional" />
    <link:loc xlink:type="locator" xlink:href="../core/gri_srs_core_2025-06-23.xsd#gri_WhetherLocalMinimumWageIsAbsentOrVariableAtSignificantLocationsOfOperationByGenderTextBlock" xlink:label="loc_gri_WhetherLocalMinimumWageIsAbsentOrVariableAtSignificantLocationsOfOperationByGenderTextBlock" />
    <link:presentationArc xlink:type="arc" xlink:arcrole="http://www.xbrl.org/2003/arcrole/parent-child" xlink:from="loc_gri_DisclosureOfRatiosOfStandardEntryLevelWageByGenderComparedToLocalMinimumWageAbstract" xlink:to="loc_gri_WhetherLocalMinimumWageIsAbsentOrVariableAtSignificantLocationsOfOperationByGenderTextBlock" order="5.0" preferredLabel="http://www.xbrl.org/2003/role/verboseLabel" use="optional" />
    <link:loc xlink:type="locator" xlink:href="../core/gri_srs_core_2025-06-23.xsd#gri_DescriptionOfWhichMinimumWageIsBeingUsedTextBlock" xlink:label="loc_gri_DescriptionOfWhichMinimumWageIsBeingUsedTextBlock" />
    <link:presentationArc xlink:type="arc" xlink:arcrole="http://www.xbrl.org/2003/arcrole/parent-child" xlink:from="loc_gri_DisclosureOfRatiosOfStandardEntryLevelWageByGenderComparedToLocalMinimumWageAbstract" xlink:to="loc_gri_DescriptionOfWhichMinimumWageIsBeingUsedTextBlock" order="6.0" preferredLabel="http://www.xbrl.org/2003/role/verboseLabel" use="optional" />
    <link:loc xlink:type="locator" xlink:href="../core/gri_srs_core_2025-06-23.xsd#gri_DefinitionUsedForSignificantLocationsOfOperation2021TextBlock" xlink:label="loc_gri_DefinitionUsedForSignificantLocationsOfOperation2021TextBlock" />
    <link:presentationArc xlink:type="arc" xlink:arcrole="http://www.xbrl.org/2003/arcrole/parent-child" xlink:from="loc_gri_DisclosureOfRatiosOfStandardEntryLevelWageByGenderComparedToLocalMinimumWageAbstract" xlink:to="loc_gri_DefinitionUsedForSignificantLocationsOfOperation2021TextBlock" order="7.0" preferredLabel="http://www.xbrl.org/2003/role/verboseLabel" use="optional" />
    <link:loc xlink:type="locator" xlink:href="../core/gri_srs_core_2025-06-23.xsd#gri_DisclosureOfProportionOfSeniorManagementHiredFromLocalCommunityAbstract" xlink:label="loc_gri_DisclosureOfProportionOfSeniorManagementHiredFromLocalCommunityAbstract" />
    <link:presentationArc xlink:type="arc" xlink:arcrole="http://www.xbrl.org/2003/arcrole/parent-child" xlink:from="loc_gri_DisclosureOfMarketPresenceAbstract" xlink:to="loc_gri_DisclosureOfProportionOfSeniorManagementHiredFromLocalCommunityAbstract" order="2.0" preferredLabel="http://www.xbrl.org/2003/role/terseLabel" use="optional" />
    <link:loc xlink:type="locator" xlink:href="../core/gri_srs_core_2025-06-23.xsd#gri_ProportionOfSeniorManagementHiredFromLocalCommunityTable" xlink:label="loc_gri_ProportionOfSeniorManagementHiredFromLocalCommunityTable" />
    <link:presentationArc xlink:type="arc" xlink:arcrole="http://www.xbrl.org/2003/arcrole/parent-child" xlink:from="loc_gri_DisclosureOfProportionOfSeniorManagementHiredFromLocalCommunityAbstract" xlink:to="loc_gri_ProportionOfSeniorManagementHiredFromLocalCommunityTable" order="1.0" use="optional" />
    <link:loc xlink:type="locator" xlink:href="../core/gri_srs_core_2025-06-23.xsd#gri_SignificantLocationOfOperationAxis" xlink:label="loc_gri_SignificantLocationOfOperationAxis_1" />
    <link:presentationArc xlink:type="arc" xlink:arcrole="http://www.xbrl.org/2003/arcrole/parent-child" xlink:from="loc_gri_ProportionOfSeniorManagementHiredFromLocalCommunityTable" xlink:to="loc_gri_SignificantLocationOfOperationAxis_1" order="1.0" use="optional" />
    <link:loc xlink:type="locator" xlink:href="../core/gri_srs_core_2025-06-23.xsd#gri_ProportionOfSeniorManagementHiredFromLocalCommunityLineItems" xlink:label="loc_gri_ProportionOfSeniorManagementHiredFromLocalCommunityLineItems" />
    <link:presentationArc xlink:type="arc" xlink:arcrole="http://www.xbrl.org/2003/arcrole/parent-child" xlink:from="loc_gri_DisclosureOfProportionOfSeniorManagementHiredFromLocalCommunityAbstract" xlink:to="loc_gri_ProportionOfSeniorManagementHiredFromLocalCommunityLineItems" order="2.0" use="optional" />
    <link:loc xlink:type="locator" xlink:href="../core/gri_srs_core_2025-06-23.xsd#gri_PercentageOfSeniorManagementHiredFromLocalCommunity" xlink:label="loc_gri_PercentageOfSeniorManagementHiredFromLocalCommunity" />
    <link:presentationArc xlink:type="arc" xlink:arcrole="http://www.xbrl.org/2003/arcrole/parent-child" xlink:from="loc_gri_ProportionOfSeniorManagementHiredFromLocalCommunityLineItems" xlink:to="loc_gri_PercentageOfSeniorManagementHiredFromLocalCommunity" order="1.0" preferredLabel="http://www.xbrl.org/2003/role/verboseLabel" use="optional" />
    <link:loc xlink:type="locator" xlink:href="../core/gri_srs_core_2025-06-23.xsd#gri_ReasonForOmissionRelatedToPercentageOfSeniorManagementHiredFromLocalCommunity" xlink:label="loc_gri_ReasonForOmissionRelatedToPercentageOfSeniorManagementHiredFromLocalCommunity" />
    <link:presentationArc xlink:type="arc" xlink:arcrole="http://www.xbrl.org/2003/arcrole/parent-child" xlink:from="loc_gri_PercentageOfSeniorManagementHiredFromLocalCommunity" xlink:to="loc_gri_ReasonForOmissionRelatedToPercentageOfSeniorManagementHiredFromLocalCommunity" order="1.0" preferredLabel="http://www.xbrl.org/2003/role/verboseLabel" use="optional" />
    <link:loc xlink:type="locator" xlink:href="../core/gri_srs_core_2025-06-23.xsd#gri_ExplanationForReasonForOmissionRelatedToPercentageOfSeniorManagementHiredFromLocalCommunityTextBlock" xlink:label="loc_gri_ExplanationForReasonForOmissionRelatedToPercentageOfSeniorManagementHiredFromLocalCommunityTextBlock" />
    <link:presentationArc xlink:type="arc" xlink:arcrole="http://www.xbrl.org/2003/arcrole/parent-child" xlink:from="loc_gri_PercentageOfSeniorManagementHiredFromLocalCommunity" xlink:to="loc_gri_ExplanationForReasonForOmissionRelatedToPercentageOfSeniorManagementHiredFromLocalCommunityTextBlock" order="2.0" preferredLabel="http://www.xbrl.org/2003/role/verboseLabel" use="optional" />
    <link:loc xlink:type="locator" xlink:href="../core/gri_srs_core_2025-06-23.xsd#gri_DefinitionOfSeniorManagementTextBlock" xlink:label="loc_gri_DefinitionOfSeniorManagementTextBlock" />
    <link:presentationArc xlink:type="arc" xlink:arcrole="http://www.xbrl.org/2003/arcrole/parent-child" xlink:from="loc_gri_DisclosureOfProportionOfSeniorManagementHiredFromLocalCommunityAbstract" xlink:to="loc_gri_DefinitionOfSeniorManagementTextBlock" order="3.0" preferredLabel="http://www.xbrl.org/2003/role/verboseLabel" use="optional" />
    <link:loc xlink:type="locator" xlink:href="../core/gri_srs_core_2025-06-23.xsd#gri_DefinitionOfOrganizationLocalCommunityTextBlock" xlink:label="loc_gri_DefinitionOfOrganizationLocalCommunityTextBlock" />
    <link:presentationArc xlink:type="arc" xlink:arcrole="http://www.xbrl.org/2003/arcrole/parent-child" xlink:from="loc_gri_DisclosureOfProportionOfSeniorManagementHiredFromLocalCommunityAbstract" xlink:to="loc_gri_DefinitionOfOrganizationLocalCommunityTextBlock" order="4.0" preferredLabel="http://www.xbrl.org/2003/role/verboseLabel" use="optional" />
    <link:loc xlink:type="locator" xlink:href="../core/gri_srs_core_2025-06-23.xsd#gri_DefinitionUsedForSignificantLocationsOfOperation2022TextBlock" xlink:label="loc_gri_DefinitionUsedForSignificantLocationsOfOperation2022TextBlock" />
    <link:presentationArc xlink:type="arc" xlink:arcrole="http://www.xbrl.org/2003/arcrole/parent-child" xlink:from="loc_gri_DisclosureOfProportionOfSeniorManagementHiredFromLocalCommunityAbstract" xlink:to="loc_gri_DefinitionUsedForSignificantLocationsOfOperation2022TextBlock" order="5.0" preferredLabel="http://www.xbrl.org/2003/role/verboseLabel" use="optional" />
  </link:presentationLink>
</link:linkbase>