﻿<?xml version="1.0" encoding="utf-8"?>
<!-- Generated by GRI Taxonomy Editor-->
<link:linkbase xsi:schemaLocation="http://www.xbrl.org/2003/linkbase http://www.xbrl.org/2003/xbrl-linkbase-2003-12-31.xsd http://www.xbrl.org/2003/instance http://www.xbrl.org/2003/xbrl-instance-2003-12-31.xsd http://www.w3.org/1999/xlink http://www.xbrl.org/2003/xlink-2003-12-31.xsd " xmlns:link="http://www.xbrl.org/2003/linkbase" xmlns:xbrli="http://www.xbrl.org/2003/instance" xmlns:xlink="http://www.w3.org/1999/xlink" xmlns:xsi="http://www.w3.org/2001/XMLSchema-instance">
  <!-- Role Ref -->
  <link:roleRef roleURI="https://taxonomy.globalreporting.org/gri-sustainability-taxonomy/gri_srs/gri_srs_role/role_gri_308" xlink:type="simple" xlink:href="role_gri_srs_2025-06-23.xsd#role_gri_308" />
  <link:presentationLink xlink:type="extended" xlink:role="https://taxonomy.globalreporting.org/gri-sustainability-taxonomy/gri_srs/gri_srs_role/role_gri_308">
    <link:loc xlink:type="locator" xlink:href="../core/gri_srs_core_2025-06-23.xsd#gri_DisclosureOfSupplierEnvironmentalAssessmentAbstract" xlink:label="loc_gri_DisclosureOfSupplierEnvironmentalAssessmentAbstract" />
    <link:loc xlink:type="locator" xlink:href="../core/gri_srs_core_2025-06-23.xsd#gri_DisclosureOfNewSuppliersThatWereScreenedUsingEnvironmentalCriteriaAbstract" xlink:label="loc_gri_DisclosureOfNewSuppliersThatWereScreenedUsingEnvironmentalCriteriaAbstract" />
    <link:presentationArc xlink:type="arc" xlink:arcrole="http://www.xbrl.org/2003/arcrole/parent-child" xlink:from="loc_gri_DisclosureOfSupplierEnvironmentalAssessmentAbstract" xlink:to="loc_gri_DisclosureOfNewSuppliersThatWereScreenedUsingEnvironmentalCriteriaAbstract" order="1.0" preferredLabel="http://www.xbrl.org/2003/role/terseLabel" use="optional" />
    <link:loc xlink:type="locator" xlink:href="../core/gri_srs_core_2025-06-23.xsd#gri_PercentageOfNewSuppliersScreenedUsingEnvironmentalCriteria" xlink:label="loc_gri_PercentageOfNewSuppliersScreenedUsingEnvironmentalCriteria" />
    <link:presentationArc xlink:type="arc" xlink:arcrole="http://www.xbrl.org/2003/arcrole/parent-child" xlink:from="loc_gri_DisclosureOfNewSuppliersThatWereScreenedUsingEnvironmentalCriteriaAbstract" xlink:to="loc_gri_PercentageOfNewSuppliersScreenedUsingEnvironmentalCriteria" order="1.0" preferredLabel="http://www.xbrl.org/2003/role/verboseLabel" use="optional" />
    <link:loc xlink:type="locator" xlink:href="../core/gri_srs_core_2025-06-23.xsd#gri_DisclosureOfNegativeEnvironmentalImpactsInSupplyChainAndActionsTakenAbstract" xlink:label="loc_gri_DisclosureOfNegativeEnvironmentalImpactsInSupplyChainAndActionsTakenAbstract" />
    <link:presentationArc xlink:type="arc" xlink:arcrole="http://www.xbrl.org/2003/arcrole/parent-child" xlink:from="loc_gri_DisclosureOfSupplierEnvironmentalAssessmentAbstract" xlink:to="loc_gri_DisclosureOfNegativeEnvironmentalImpactsInSupplyChainAndActionsTakenAbstract" order="2.0" preferredLabel="http://www.xbrl.org/2003/role/terseLabel" use="optional" />
    <link:loc xlink:type="locator" xlink:href="../core/gri_srs_core_2025-06-23.xsd#gri_NumberOfSuppliersAssessedForEnvironmentalImpacts" xlink:label="loc_gri_NumberOfSuppliersAssessedForEnvironmentalImpacts" />
    <link:presentationArc xlink:type="arc" xlink:arcrole="http://www.xbrl.org/2003/arcrole/parent-child" xlink:from="loc_gri_DisclosureOfNegativeEnvironmentalImpactsInSupplyChainAndActionsTakenAbstract" xlink:to="loc_gri_NumberOfSuppliersAssessedForEnvironmentalImpacts" order="1.0" preferredLabel="http://www.xbrl.org/2003/role/verboseLabel" use="optional" />
    <link:loc xlink:type="locator" xlink:href="../core/gri_srs_core_2025-06-23.xsd#gri_NumberOfSuppliersIdentifiedAsHavingSignificantActualAndPotentialNegativeEnvironmentalImpacts" xlink:label="loc_gri_NumberOfSuppliersIdentifiedAsHavingSignificantActualAndPotentialNegativeEnvironmentalImpacts" />
    <link:presentationArc xlink:type="arc" xlink:arcrole="http://www.xbrl.org/2003/arcrole/parent-child" xlink:from="loc_gri_DisclosureOfNegativeEnvironmentalImpactsInSupplyChainAndActionsTakenAbstract" xlink:to="loc_gri_NumberOfSuppliersIdentifiedAsHavingSignificantActualAndPotentialNegativeEnvironmentalImpacts" order="2.0" preferredLabel="http://www.xbrl.org/2003/role/verboseLabel" use="optional" />
    <link:loc xlink:type="locator" xlink:href="../core/gri_srs_core_2025-06-23.xsd#gri_DescriptionOfSignificantActualAndPotentialNegativeEnvironmentalImpactsIdentifiedInSupplyChainTextBlock" xlink:label="loc_gri_DescriptionOfSignificantActualAndPotentialNegativeEnvironmentalImpactsIdentifiedInSupplyChainTextBlock" />
    <link:presentationArc xlink:type="arc" xlink:arcrole="http://www.xbrl.org/2003/arcrole/parent-child" xlink:from="loc_gri_DisclosureOfNegativeEnvironmentalImpactsInSupplyChainAndActionsTakenAbstract" xlink:to="loc_gri_DescriptionOfSignificantActualAndPotentialNegativeEnvironmentalImpactsIdentifiedInSupplyChainTextBlock" order="3.0" preferredLabel="http://www.xbrl.org/2003/role/verboseLabel" use="optional" />
    <link:loc xlink:type="locator" xlink:href="../core/gri_srs_core_2025-06-23.xsd#gri_PercentageOfSuppliersIdentifiedAsHavingSignificantActualAndPotentialNegativeEnvironmentalImpactsWithWhichImprovementsWereAgreedUponAsResultOfAssessment" xlink:label="loc_gri_PercentageOfSuppliersIdentifiedAsHavingSignificantActualAndPotentialNegativeEnvironmentalImpactsWithWhichImprovementsWereAgreedUponAsResultOfAssessment" />
    <link:presentationArc xlink:type="arc" xlink:arcrole="http://www.xbrl.org/2003/arcrole/parent-child" xlink:from="loc_gri_DisclosureOfNegativeEnvironmentalImpactsInSupplyChainAndActionsTakenAbstract" xlink:to="loc_gri_PercentageOfSuppliersIdentifiedAsHavingSignificantActualAndPotentialNegativeEnvironmentalImpactsWithWhichImprovementsWereAgreedUponAsResultOfAssessment" order="4.0" preferredLabel="http://www.xbrl.org/2003/role/verboseLabel" use="optional" />
    <link:loc xlink:type="locator" xlink:href="../core/gri_srs_core_2025-06-23.xsd#gri_PercentageOfSuppliersIdentifiedAsHavingSignificantActualAndPotentialNegativeEnvironmentalImpactsWithWhichRelationshipsWereTerminatedAsResultOfAssessment" xlink:label="loc_gri_PercentageOfSuppliersIdentifiedAsHavingSignificantActualAndPotentialNegativeEnvironmentalImpactsWithWhichRelationshipsWereTerminatedAsResultOfAssessment" />
    <link:presentationArc xlink:type="arc" xlink:arcrole="http://www.xbrl.org/2003/arcrole/parent-child" xlink:from="loc_gri_DisclosureOfNegativeEnvironmentalImpactsInSupplyChainAndActionsTakenAbstract" xlink:to="loc_gri_PercentageOfSuppliersIdentifiedAsHavingSignificantActualAndPotentialNegativeEnvironmentalImpactsWithWhichRelationshipsWereTerminatedAsResultOfAssessment" order="5.0" preferredLabel="http://www.xbrl.org/2003/role/verboseLabel" use="optional" />
    <link:loc xlink:type="locator" xlink:href="../core/gri_srs_core_2025-06-23.xsd#gri_DescriptionOfReasonsWhyRelationshipsWithSuppliersWereTerminatedAsResultOfAssessmentTextBlock" xlink:label="loc_gri_DescriptionOfReasonsWhyRelationshipsWithSuppliersWereTerminatedAsResultOfAssessmentTextBlock" />
    <link:presentationArc xlink:type="arc" xlink:arcrole="http://www.xbrl.org/2003/arcrole/parent-child" xlink:from="loc_gri_DisclosureOfNegativeEnvironmentalImpactsInSupplyChainAndActionsTakenAbstract" xlink:to="loc_gri_DescriptionOfReasonsWhyRelationshipsWithSuppliersWereTerminatedAsResultOfAssessmentTextBlock" order="6.0" preferredLabel="http://www.xbrl.org/2003/role/verboseLabel" use="optional" />
  </link:presentationLink>
</link:linkbase>