﻿<?xml version="1.0" encoding="utf-8"?>
<!-- Generated by GRI Taxonomy Editor-->
<link:linkbase xsi:schemaLocation="http://www.xbrl.org/2003/linkbase http://www.xbrl.org/2003/xbrl-linkbase-2003-12-31.xsd http://www.xbrl.org/2003/instance http://www.xbrl.org/2003/xbrl-instance-2003-12-31.xsd http://www.w3.org/1999/xlink http://www.xbrl.org/2003/xlink-2003-12-31.xsd " xmlns:link="http://www.xbrl.org/2003/linkbase" xmlns:xbrli="http://www.xbrl.org/2003/instance" xmlns:xlink="http://www.w3.org/1999/xlink" xmlns:xsi="http://www.w3.org/2001/XMLSchema-instance">
  <!-- Role Ref -->
  <link:roleRef roleURI="https://taxonomy.globalreporting.org/gri-sustainability-taxonomy/gri_srs/gri_srs_role/role_gri_302" xlink:type="simple" xlink:href="role_gri_srs_2025-06-23.xsd#role_gri_302" />
  <link:presentationLink xlink:type="extended" xlink:role="https://taxonomy.globalreporting.org/gri-sustainability-taxonomy/gri_srs/gri_srs_role/role_gri_302">
    <link:loc xlink:type="locator" xlink:href="../core/gri_srs_core_2025-06-23.xsd#gri_DisclosureOfEnergyAbstract" xlink:label="loc_gri_DisclosureOfEnergyAbstract" />
    <link:loc xlink:type="locator" xlink:href="../core/gri_srs_core_2025-06-23.xsd#gri_DisclosureOfEnergyConsumptionWithinOrganizationAbstract" xlink:label="loc_gri_DisclosureOfEnergyConsumptionWithinOrganizationAbstract" />
    <link:presentationArc xlink:type="arc" xlink:arcrole="http://www.xbrl.org/2003/arcrole/parent-child" xlink:from="loc_gri_DisclosureOfEnergyAbstract" xlink:to="loc_gri_DisclosureOfEnergyConsumptionWithinOrganizationAbstract" order="1.0" preferredLabel="http://www.xbrl.org/2003/role/terseLabel" use="optional" />
    <link:loc xlink:type="locator" xlink:href="../core/gri_srs_core_2025-06-23.xsd#gri_TotalFuelConsumptionWithinOrganizationFromNonRenewableSources" xlink:label="loc_gri_TotalFuelConsumptionWithinOrganizationFromNonRenewableSources" />
    <link:presentationArc xlink:type="arc" xlink:arcrole="http://www.xbrl.org/2003/arcrole/parent-child" xlink:from="loc_gri_DisclosureOfEnergyConsumptionWithinOrganizationAbstract" xlink:to="loc_gri_TotalFuelConsumptionWithinOrganizationFromNonRenewableSources" order="1.0" preferredLabel="http://www.xbrl.org/2003/role/verboseLabel" use="optional" />
    <link:loc xlink:type="locator" xlink:href="../core/gri_srs_core_2025-06-23.xsd#gri_DescriptionOfFuelTypesUsedFromNonRenewableSourcesTextBlock" xlink:label="loc_gri_DescriptionOfFuelTypesUsedFromNonRenewableSourcesTextBlock" />
    <link:presentationArc xlink:type="arc" xlink:arcrole="http://www.xbrl.org/2003/arcrole/parent-child" xlink:from="loc_gri_DisclosureOfEnergyConsumptionWithinOrganizationAbstract" xlink:to="loc_gri_DescriptionOfFuelTypesUsedFromNonRenewableSourcesTextBlock" order="2.0" preferredLabel="http://www.xbrl.org/2003/role/verboseLabel" use="optional" />
    <link:loc xlink:type="locator" xlink:href="../core/gri_srs_core_2025-06-23.xsd#gri_TotalFuelConsumptionWithinOrganizationFromRenewableSources" xlink:label="loc_gri_TotalFuelConsumptionWithinOrganizationFromRenewableSources" />
    <link:presentationArc xlink:type="arc" xlink:arcrole="http://www.xbrl.org/2003/arcrole/parent-child" xlink:from="loc_gri_DisclosureOfEnergyConsumptionWithinOrganizationAbstract" xlink:to="loc_gri_TotalFuelConsumptionWithinOrganizationFromRenewableSources" order="3.0" preferredLabel="http://www.xbrl.org/2003/role/verboseLabel" use="optional" />
    <link:loc xlink:type="locator" xlink:href="../core/gri_srs_core_2025-06-23.xsd#gri_DescriptionOfFuelTypesUsedFromRenewableSourcesTextBlock" xlink:label="loc_gri_DescriptionOfFuelTypesUsedFromRenewableSourcesTextBlock" />
    <link:presentationArc xlink:type="arc" xlink:arcrole="http://www.xbrl.org/2003/arcrole/parent-child" xlink:from="loc_gri_DisclosureOfEnergyConsumptionWithinOrganizationAbstract" xlink:to="loc_gri_DescriptionOfFuelTypesUsedFromRenewableSourcesTextBlock" order="4.0" preferredLabel="http://www.xbrl.org/2003/role/verboseLabel" use="optional" />
    <link:loc xlink:type="locator" xlink:href="../core/gri_srs_core_2025-06-23.xsd#gri_TotalElectricityConsumption" xlink:label="loc_gri_TotalElectricityConsumption" />
    <link:presentationArc xlink:type="arc" xlink:arcrole="http://www.xbrl.org/2003/arcrole/parent-child" xlink:from="loc_gri_DisclosureOfEnergyConsumptionWithinOrganizationAbstract" xlink:to="loc_gri_TotalElectricityConsumption" order="5.0" preferredLabel="http://www.xbrl.org/2003/role/verboseLabel" use="optional" />
    <link:loc xlink:type="locator" xlink:href="../core/gri_srs_core_2025-06-23.xsd#gri_TotalHeatingConsumption" xlink:label="loc_gri_TotalHeatingConsumption" />
    <link:presentationArc xlink:type="arc" xlink:arcrole="http://www.xbrl.org/2003/arcrole/parent-child" xlink:from="loc_gri_DisclosureOfEnergyConsumptionWithinOrganizationAbstract" xlink:to="loc_gri_TotalHeatingConsumption" order="6.0" preferredLabel="http://www.xbrl.org/2003/role/verboseLabel" use="optional" />
    <link:loc xlink:type="locator" xlink:href="../core/gri_srs_core_2025-06-23.xsd#gri_TotalCoolingConsumption" xlink:label="loc_gri_TotalCoolingConsumption" />
    <link:presentationArc xlink:type="arc" xlink:arcrole="http://www.xbrl.org/2003/arcrole/parent-child" xlink:from="loc_gri_DisclosureOfEnergyConsumptionWithinOrganizationAbstract" xlink:to="loc_gri_TotalCoolingConsumption" order="7.0" preferredLabel="http://www.xbrl.org/2003/role/verboseLabel" use="optional" />
    <link:loc xlink:type="locator" xlink:href="../core/gri_srs_core_2025-06-23.xsd#gri_TotalSteamConsumption" xlink:label="loc_gri_TotalSteamConsumption" />
    <link:presentationArc xlink:type="arc" xlink:arcrole="http://www.xbrl.org/2003/arcrole/parent-child" xlink:from="loc_gri_DisclosureOfEnergyConsumptionWithinOrganizationAbstract" xlink:to="loc_gri_TotalSteamConsumption" order="8.0" preferredLabel="http://www.xbrl.org/2003/role/verboseLabel" use="optional" />
    <link:loc xlink:type="locator" xlink:href="../core/gri_srs_core_2025-06-23.xsd#gri_TotalElectricitySold" xlink:label="loc_gri_TotalElectricitySold" />
    <link:presentationArc xlink:type="arc" xlink:arcrole="http://www.xbrl.org/2003/arcrole/parent-child" xlink:from="loc_gri_DisclosureOfEnergyConsumptionWithinOrganizationAbstract" xlink:to="loc_gri_TotalElectricitySold" order="9.0" preferredLabel="http://www.xbrl.org/2003/role/verboseLabel" use="optional" />
    <link:loc xlink:type="locator" xlink:href="../core/gri_srs_core_2025-06-23.xsd#gri_TotalHeatingSold" xlink:label="loc_gri_TotalHeatingSold" />
    <link:presentationArc xlink:type="arc" xlink:arcrole="http://www.xbrl.org/2003/arcrole/parent-child" xlink:from="loc_gri_DisclosureOfEnergyConsumptionWithinOrganizationAbstract" xlink:to="loc_gri_TotalHeatingSold" order="10.0" preferredLabel="http://www.xbrl.org/2003/role/verboseLabel" use="optional" />
    <link:loc xlink:type="locator" xlink:href="../core/gri_srs_core_2025-06-23.xsd#gri_TotalCoolingSold" xlink:label="loc_gri_TotalCoolingSold" />
    <link:presentationArc xlink:type="arc" xlink:arcrole="http://www.xbrl.org/2003/arcrole/parent-child" xlink:from="loc_gri_DisclosureOfEnergyConsumptionWithinOrganizationAbstract" xlink:to="loc_gri_TotalCoolingSold" order="11.0" preferredLabel="http://www.xbrl.org/2003/role/verboseLabel" use="optional" />
    <link:loc xlink:type="locator" xlink:href="../core/gri_srs_core_2025-06-23.xsd#gri_TotalSteamSold" xlink:label="loc_gri_TotalSteamSold" />
    <link:presentationArc xlink:type="arc" xlink:arcrole="http://www.xbrl.org/2003/arcrole/parent-child" xlink:from="loc_gri_DisclosureOfEnergyConsumptionWithinOrganizationAbstract" xlink:to="loc_gri_TotalSteamSold" order="12.0" preferredLabel="http://www.xbrl.org/2003/role/verboseLabel" use="optional" />
    <link:loc xlink:type="locator" xlink:href="../core/gri_srs_core_2025-06-23.xsd#gri_TotalEnergyConsumptionWithinOrganization" xlink:label="loc_gri_TotalEnergyConsumptionWithinOrganization" />
    <link:presentationArc xlink:type="arc" xlink:arcrole="http://www.xbrl.org/2003/arcrole/parent-child" xlink:from="loc_gri_DisclosureOfEnergyConsumptionWithinOrganizationAbstract" xlink:to="loc_gri_TotalEnergyConsumptionWithinOrganization" order="13.0" preferredLabel="http://www.xbrl.org/2003/role/verboseLabel" use="optional" />
    <link:loc xlink:type="locator" xlink:href="../core/gri_srs_core_2025-06-23.xsd#gri_DescriptionOfStandardsMethodologiesAssumptionsAndOrCalculationToolsUsed3021TextBlock" xlink:label="loc_gri_DescriptionOfStandardsMethodologiesAssumptionsAndOrCalculationToolsUsed3021TextBlock" />
    <link:presentationArc xlink:type="arc" xlink:arcrole="http://www.xbrl.org/2003/arcrole/parent-child" xlink:from="loc_gri_DisclosureOfEnergyConsumptionWithinOrganizationAbstract" xlink:to="loc_gri_DescriptionOfStandardsMethodologiesAssumptionsAndOrCalculationToolsUsed3021TextBlock" order="14.0" preferredLabel="http://www.xbrl.org/2003/role/verboseLabel" use="optional" />
    <link:loc xlink:type="locator" xlink:href="../core/gri_srs_core_2025-06-23.xsd#gri_DescriptionOfSourceOfConversionFactorsUsed3021TextBlock" xlink:label="loc_gri_DescriptionOfSourceOfConversionFactorsUsed3021TextBlock" />
    <link:presentationArc xlink:type="arc" xlink:arcrole="http://www.xbrl.org/2003/arcrole/parent-child" xlink:from="loc_gri_DisclosureOfEnergyConsumptionWithinOrganizationAbstract" xlink:to="loc_gri_DescriptionOfSourceOfConversionFactorsUsed3021TextBlock" order="15.0" preferredLabel="http://www.xbrl.org/2003/role/verboseLabel" use="optional" />
    <link:loc xlink:type="locator" xlink:href="../core/gri_srs_core_2025-06-23.xsd#gri_DisclosureOfEnergyConsumptionOutsideOfOrganizationAbstract" xlink:label="loc_gri_DisclosureOfEnergyConsumptionOutsideOfOrganizationAbstract" />
    <link:presentationArc xlink:type="arc" xlink:arcrole="http://www.xbrl.org/2003/arcrole/parent-child" xlink:from="loc_gri_DisclosureOfEnergyAbstract" xlink:to="loc_gri_DisclosureOfEnergyConsumptionOutsideOfOrganizationAbstract" order="2.0" preferredLabel="http://www.xbrl.org/2003/role/terseLabel" use="optional" />
    <link:loc xlink:type="locator" xlink:href="../core/gri_srs_core_2025-06-23.xsd#gri_EnergyConsumptionOutsideOfOrganization" xlink:label="loc_gri_EnergyConsumptionOutsideOfOrganization" />
    <link:presentationArc xlink:type="arc" xlink:arcrole="http://www.xbrl.org/2003/arcrole/parent-child" xlink:from="loc_gri_DisclosureOfEnergyConsumptionOutsideOfOrganizationAbstract" xlink:to="loc_gri_EnergyConsumptionOutsideOfOrganization" order="1.0" preferredLabel="http://www.xbrl.org/2003/role/verboseLabel" use="optional" />
    <link:loc xlink:type="locator" xlink:href="../core/gri_srs_core_2025-06-23.xsd#gri_DescriptionOfStandardsMethodologiesAssumptionsAndOrCalculationToolsUsed3022TextBlock" xlink:label="loc_gri_DescriptionOfStandardsMethodologiesAssumptionsAndOrCalculationToolsUsed3022TextBlock" />
    <link:presentationArc xlink:type="arc" xlink:arcrole="http://www.xbrl.org/2003/arcrole/parent-child" xlink:from="loc_gri_DisclosureOfEnergyConsumptionOutsideOfOrganizationAbstract" xlink:to="loc_gri_DescriptionOfStandardsMethodologiesAssumptionsAndOrCalculationToolsUsed3022TextBlock" order="2.0" preferredLabel="http://www.xbrl.org/2003/role/verboseLabel" use="optional" />
    <link:loc xlink:type="locator" xlink:href="../core/gri_srs_core_2025-06-23.xsd#gri_DescriptionOfSourceOfConversionFactorsUsed3022TextBlock" xlink:label="loc_gri_DescriptionOfSourceOfConversionFactorsUsed3022TextBlock" />
    <link:presentationArc xlink:type="arc" xlink:arcrole="http://www.xbrl.org/2003/arcrole/parent-child" xlink:from="loc_gri_DisclosureOfEnergyConsumptionOutsideOfOrganizationAbstract" xlink:to="loc_gri_DescriptionOfSourceOfConversionFactorsUsed3022TextBlock" order="3.0" preferredLabel="http://www.xbrl.org/2003/role/verboseLabel" use="optional" />
    <link:loc xlink:type="locator" xlink:href="../core/gri_srs_core_2025-06-23.xsd#gri_DisclosureOfEnergyIntensityAbstract" xlink:label="loc_gri_DisclosureOfEnergyIntensityAbstract" />
    <link:presentationArc xlink:type="arc" xlink:arcrole="http://www.xbrl.org/2003/arcrole/parent-child" xlink:from="loc_gri_DisclosureOfEnergyAbstract" xlink:to="loc_gri_DisclosureOfEnergyIntensityAbstract" order="3.0" preferredLabel="http://www.xbrl.org/2003/role/terseLabel" use="optional" />
    <link:loc xlink:type="locator" xlink:href="../core/gri_srs_core_2025-06-23.xsd#gri_EnergyIntensityRatioTable" xlink:label="loc_gri_EnergyIntensityRatioTable" />
    <link:presentationArc xlink:type="arc" xlink:arcrole="http://www.xbrl.org/2003/arcrole/parent-child" xlink:from="loc_gri_DisclosureOfEnergyIntensityAbstract" xlink:to="loc_gri_EnergyIntensityRatioTable" order="1.0" use="optional" />
    <link:loc xlink:type="locator" xlink:href="../core/gri_srs_core_2025-06-23.xsd#gri_SourceOfEnergyIncludedInEnergyIntensityRatioAxis" xlink:label="loc_gri_SourceOfEnergyIncludedInEnergyIntensityRatioAxis" />
    <link:presentationArc xlink:type="arc" xlink:arcrole="http://www.xbrl.org/2003/arcrole/parent-child" xlink:from="loc_gri_EnergyIntensityRatioTable" xlink:to="loc_gri_SourceOfEnergyIncludedInEnergyIntensityRatioAxis" order="1.0" use="optional" />
    <link:loc xlink:type="locator" xlink:href="../core/gri_srs_core_2025-06-23.xsd#gri_SourceOfEnergyIncludedInEnergyIntensityRatioDomain" xlink:label="loc_gri_SourceOfEnergyIncludedInEnergyIntensityRatioDomain" />
    <link:presentationArc xlink:type="arc" xlink:arcrole="http://www.xbrl.org/2003/arcrole/parent-child" xlink:from="loc_gri_SourceOfEnergyIncludedInEnergyIntensityRatioAxis" xlink:to="loc_gri_SourceOfEnergyIncludedInEnergyIntensityRatioDomain" order="1.0" use="optional" />
    <link:loc xlink:type="locator" xlink:href="../core/gri_srs_core_2025-06-23.xsd#gri_WithinOrganizationMember" xlink:label="loc_gri_WithinOrganizationMember" />
    <link:presentationArc xlink:type="arc" xlink:arcrole="http://www.xbrl.org/2003/arcrole/parent-child" xlink:from="loc_gri_SourceOfEnergyIncludedInEnergyIntensityRatioDomain" xlink:to="loc_gri_WithinOrganizationMember" order="1.0" preferredLabel="http://www.xbrl.org/2003/role/terseLabel" use="optional" />
    <link:loc xlink:type="locator" xlink:href="../core/gri_srs_core_2025-06-23.xsd#gri_OutsideOrganizationMember" xlink:label="loc_gri_OutsideOrganizationMember" />
    <link:presentationArc xlink:type="arc" xlink:arcrole="http://www.xbrl.org/2003/arcrole/parent-child" xlink:from="loc_gri_SourceOfEnergyIncludedInEnergyIntensityRatioDomain" xlink:to="loc_gri_OutsideOrganizationMember" order="2.0" preferredLabel="http://www.xbrl.org/2003/role/terseLabel" use="optional" />
    <link:loc xlink:type="locator" xlink:href="../core/gri_srs_core_2025-06-23.xsd#gri_OrganizationSpecificMetricDenominatorChosenToCalculateEnergyIntensityRatioAxis" xlink:label="loc_gri_OrganizationSpecificMetricDenominatorChosenToCalculateEnergyIntensityRatioAxis" />
    <link:presentationArc xlink:type="arc" xlink:arcrole="http://www.xbrl.org/2003/arcrole/parent-child" xlink:from="loc_gri_EnergyIntensityRatioTable" xlink:to="loc_gri_OrganizationSpecificMetricDenominatorChosenToCalculateEnergyIntensityRatioAxis" order="2.0" use="optional" />
    <link:loc xlink:type="locator" xlink:href="../core/gri_srs_core_2025-06-23.xsd#gri_EnergyIntensityRatioLineItems" xlink:label="loc_gri_EnergyIntensityRatioLineItems" />
    <link:presentationArc xlink:type="arc" xlink:arcrole="http://www.xbrl.org/2003/arcrole/parent-child" xlink:from="loc_gri_DisclosureOfEnergyIntensityAbstract" xlink:to="loc_gri_EnergyIntensityRatioLineItems" order="2.0" use="optional" />
    <link:loc xlink:type="locator" xlink:href="../core/gri_srs_core_2025-06-23.xsd#gri_ValueOfOrganizationSpecificMetricDenominatorChosenToCalculateEnergyIntensityRatio" xlink:label="loc_gri_ValueOfOrganizationSpecificMetricDenominatorChosenToCalculateEnergyIntensityRatio" />
    <link:presentationArc xlink:type="arc" xlink:arcrole="http://www.xbrl.org/2003/arcrole/parent-child" xlink:from="loc_gri_EnergyIntensityRatioLineItems" xlink:to="loc_gri_ValueOfOrganizationSpecificMetricDenominatorChosenToCalculateEnergyIntensityRatio" order="1.0" preferredLabel="http://www.xbrl.org/2003/role/terseLabel" use="optional" />
    <link:loc xlink:type="locator" xlink:href="../core/gri_srs_core_2025-06-23.xsd#gri_EnergyIntensityRatioForOrganization" xlink:label="loc_gri_EnergyIntensityRatioForOrganization" />
    <link:presentationArc xlink:type="arc" xlink:arcrole="http://www.xbrl.org/2003/arcrole/parent-child" xlink:from="loc_gri_EnergyIntensityRatioLineItems" xlink:to="loc_gri_EnergyIntensityRatioForOrganization" order="2.0" preferredLabel="http://www.xbrl.org/2003/role/verboseLabel" use="optional" />
    <link:loc xlink:type="locator" xlink:href="../core/gri_srs_core_2025-06-23.xsd#gri_ReasonForOmissionRelatedToEnergyIntensityRatioForOrganization" xlink:label="loc_gri_ReasonForOmissionRelatedToEnergyIntensityRatioForOrganization" />
    <link:presentationArc xlink:type="arc" xlink:arcrole="http://www.xbrl.org/2003/arcrole/parent-child" xlink:from="loc_gri_EnergyIntensityRatioForOrganization" xlink:to="loc_gri_ReasonForOmissionRelatedToEnergyIntensityRatioForOrganization" order="1.0" preferredLabel="http://www.xbrl.org/2003/role/verboseLabel" use="optional" />
    <link:loc xlink:type="locator" xlink:href="../core/gri_srs_core_2025-06-23.xsd#gri_ExplanationForReasonForOmissionRelatedToEnergyIntensityRatioForOrganizationTextBlock" xlink:label="loc_gri_ExplanationForReasonForOmissionRelatedToEnergyIntensityRatioForOrganizationTextBlock" />
    <link:presentationArc xlink:type="arc" xlink:arcrole="http://www.xbrl.org/2003/arcrole/parent-child" xlink:from="loc_gri_EnergyIntensityRatioForOrganization" xlink:to="loc_gri_ExplanationForReasonForOmissionRelatedToEnergyIntensityRatioForOrganizationTextBlock" order="2.0" preferredLabel="http://www.xbrl.org/2003/role/verboseLabel" use="optional" />
    <link:loc xlink:type="locator" xlink:href="../core/gri_srs_core_2025-06-23.xsd#gri_TypesOfEnergyIncludedInEnergyIntensityRatio" xlink:label="loc_gri_TypesOfEnergyIncludedInEnergyIntensityRatio" />
    <link:presentationArc xlink:type="arc" xlink:arcrole="http://www.xbrl.org/2003/arcrole/parent-child" xlink:from="loc_gri_EnergyIntensityRatioLineItems" xlink:to="loc_gri_TypesOfEnergyIncludedInEnergyIntensityRatio" order="3.0" preferredLabel="http://www.xbrl.org/2003/role/verboseLabel" use="optional" />
    <link:loc xlink:type="locator" xlink:href="../core/gri_srs_core_2025-06-23.xsd#gri_ReasonForOmissionRelatedToTypesOfEnergyIncludedInEnergyIntensityRatio" xlink:label="loc_gri_ReasonForOmissionRelatedToTypesOfEnergyIncludedInEnergyIntensityRatio" />
    <link:presentationArc xlink:type="arc" xlink:arcrole="http://www.xbrl.org/2003/arcrole/parent-child" xlink:from="loc_gri_TypesOfEnergyIncludedInEnergyIntensityRatio" xlink:to="loc_gri_ReasonForOmissionRelatedToTypesOfEnergyIncludedInEnergyIntensityRatio" order="1.0" preferredLabel="http://www.xbrl.org/2003/role/verboseLabel" use="optional" />
    <link:loc xlink:type="locator" xlink:href="../core/gri_srs_core_2025-06-23.xsd#gri_ExplanationForReasonForOmissionRelatedToTypesOfEnergyIncludedInEnergyIntensityRatioTextBlock" xlink:label="loc_gri_ExplanationForReasonForOmissionRelatedToTypesOfEnergyIncludedInEnergyIntensityRatioTextBlock" />
    <link:presentationArc xlink:type="arc" xlink:arcrole="http://www.xbrl.org/2003/arcrole/parent-child" xlink:from="loc_gri_TypesOfEnergyIncludedInEnergyIntensityRatio" xlink:to="loc_gri_ExplanationForReasonForOmissionRelatedToTypesOfEnergyIncludedInEnergyIntensityRatioTextBlock" order="2.0" preferredLabel="http://www.xbrl.org/2003/role/verboseLabel" use="optional" />
    <link:loc xlink:type="locator" xlink:href="../core/gri_srs_core_2025-06-23.xsd#gri_DisclosureOfReductionOfEnergyConsumptionAbstract" xlink:label="loc_gri_DisclosureOfReductionOfEnergyConsumptionAbstract" />
    <link:presentationArc xlink:type="arc" xlink:arcrole="http://www.xbrl.org/2003/arcrole/parent-child" xlink:from="loc_gri_DisclosureOfEnergyAbstract" xlink:to="loc_gri_DisclosureOfReductionOfEnergyConsumptionAbstract" order="4.0" preferredLabel="http://www.xbrl.org/2003/role/terseLabel" use="optional" />
    <link:loc xlink:type="locator" xlink:href="../core/gri_srs_core_2025-06-23.xsd#gri_AmountOfReductionsInEnergyConsumptionAchievedAsDirectResultOfConservationAndEfficiencyInitiatives" xlink:label="loc_gri_AmountOfReductionsInEnergyConsumptionAchievedAsDirectResultOfConservationAndEfficiencyInitiatives" />
    <link:presentationArc xlink:type="arc" xlink:arcrole="http://www.xbrl.org/2003/arcrole/parent-child" xlink:from="loc_gri_DisclosureOfReductionOfEnergyConsumptionAbstract" xlink:to="loc_gri_AmountOfReductionsInEnergyConsumptionAchievedAsDirectResultOfConservationAndEfficiencyInitiatives" order="1.0" preferredLabel="http://www.xbrl.org/2003/role/verboseLabel" use="optional" />
    <link:loc xlink:type="locator" xlink:href="../core/gri_srs_core_2025-06-23.xsd#gri_TypesOfEnergyIncludedInReductions" xlink:label="loc_gri_TypesOfEnergyIncludedInReductions" />
    <link:presentationArc xlink:type="arc" xlink:arcrole="http://www.xbrl.org/2003/arcrole/parent-child" xlink:from="loc_gri_DisclosureOfReductionOfEnergyConsumptionAbstract" xlink:to="loc_gri_TypesOfEnergyIncludedInReductions" order="2.0" preferredLabel="http://www.xbrl.org/2003/role/verboseLabel" use="optional" />
    <link:loc xlink:type="locator" xlink:href="../core/gri_srs_core_2025-06-23.xsd#gri_DescriptionOfBasisForCalculatingReductionsInEnergyConsumption3024TextBlock" xlink:label="loc_gri_DescriptionOfBasisForCalculatingReductionsInEnergyConsumption3024TextBlock" />
    <link:presentationArc xlink:type="arc" xlink:arcrole="http://www.xbrl.org/2003/arcrole/parent-child" xlink:from="loc_gri_DisclosureOfReductionOfEnergyConsumptionAbstract" xlink:to="loc_gri_DescriptionOfBasisForCalculatingReductionsInEnergyConsumption3024TextBlock" order="3.0" preferredLabel="http://www.xbrl.org/2003/role/verboseLabel" use="optional" />
    <link:loc xlink:type="locator" xlink:href="../core/gri_srs_core_2025-06-23.xsd#gri_RationaleForChoosingBasisForCalculatingReductionsInEnergyConsumption3024TextBlock" xlink:label="loc_gri_RationaleForChoosingBasisForCalculatingReductionsInEnergyConsumption3024TextBlock" />
    <link:presentationArc xlink:type="arc" xlink:arcrole="http://www.xbrl.org/2003/arcrole/parent-child" xlink:from="loc_gri_DisclosureOfReductionOfEnergyConsumptionAbstract" xlink:to="loc_gri_RationaleForChoosingBasisForCalculatingReductionsInEnergyConsumption3024TextBlock" order="4.0" preferredLabel="http://www.xbrl.org/2003/role/verboseLabel" use="optional" />
    <link:loc xlink:type="locator" xlink:href="../core/gri_srs_core_2025-06-23.xsd#gri_DescriptionOfStandardsMethodologiesAssumptionsAndOrCalculationToolsUsed3024TextBlock" xlink:label="loc_gri_DescriptionOfStandardsMethodologiesAssumptionsAndOrCalculationToolsUsed3024TextBlock" />
    <link:presentationArc xlink:type="arc" xlink:arcrole="http://www.xbrl.org/2003/arcrole/parent-child" xlink:from="loc_gri_DisclosureOfReductionOfEnergyConsumptionAbstract" xlink:to="loc_gri_DescriptionOfStandardsMethodologiesAssumptionsAndOrCalculationToolsUsed3024TextBlock" order="5.0" preferredLabel="http://www.xbrl.org/2003/role/verboseLabel" use="optional" />
    <link:loc xlink:type="locator" xlink:href="../core/gri_srs_core_2025-06-23.xsd#gri_DescriptionOfWhetherEnergyReductionIsEstimatedModeledOrSourcedFromDirectMeasurementsTextBlock" xlink:label="loc_gri_DescriptionOfWhetherEnergyReductionIsEstimatedModeledOrSourcedFromDirectMeasurementsTextBlock" />
    <link:presentationArc xlink:type="arc" xlink:arcrole="http://www.xbrl.org/2003/arcrole/parent-child" xlink:from="loc_gri_DisclosureOfReductionOfEnergyConsumptionAbstract" xlink:to="loc_gri_DescriptionOfWhetherEnergyReductionIsEstimatedModeledOrSourcedFromDirectMeasurementsTextBlock" order="6.0" preferredLabel="http://www.xbrl.org/2003/role/verboseLabel" use="optional" />
    <link:loc xlink:type="locator" xlink:href="../core/gri_srs_core_2025-06-23.xsd#gri_DescriptionOfMethodsUsedForEstimationOrModelingOfEnergyReductionTextBlock" xlink:label="loc_gri_DescriptionOfMethodsUsedForEstimationOrModelingOfEnergyReductionTextBlock" />
    <link:presentationArc xlink:type="arc" xlink:arcrole="http://www.xbrl.org/2003/arcrole/parent-child" xlink:from="loc_gri_DisclosureOfReductionOfEnergyConsumptionAbstract" xlink:to="loc_gri_DescriptionOfMethodsUsedForEstimationOrModelingOfEnergyReductionTextBlock" order="7.0" preferredLabel="http://www.xbrl.org/2003/role/verboseLabel" use="optional" />
    <link:loc xlink:type="locator" xlink:href="../core/gri_srs_core_2025-06-23.xsd#gri_DisclosureOfReductionsInEnergyRequirementsOfProductsAndServicesAbstract" xlink:label="loc_gri_DisclosureOfReductionsInEnergyRequirementsOfProductsAndServicesAbstract" />
    <link:presentationArc xlink:type="arc" xlink:arcrole="http://www.xbrl.org/2003/arcrole/parent-child" xlink:from="loc_gri_DisclosureOfEnergyAbstract" xlink:to="loc_gri_DisclosureOfReductionsInEnergyRequirementsOfProductsAndServicesAbstract" order="5.0" preferredLabel="http://www.xbrl.org/2003/role/terseLabel" use="optional" />
    <link:loc xlink:type="locator" xlink:href="../core/gri_srs_core_2025-06-23.xsd#gri_ReductionsInEnergyRequirementsOfSoldProductsAndServicesAchievedDuringReportingPeriod" xlink:label="loc_gri_ReductionsInEnergyRequirementsOfSoldProductsAndServicesAchievedDuringReportingPeriod" />
    <link:presentationArc xlink:type="arc" xlink:arcrole="http://www.xbrl.org/2003/arcrole/parent-child" xlink:from="loc_gri_DisclosureOfReductionsInEnergyRequirementsOfProductsAndServicesAbstract" xlink:to="loc_gri_ReductionsInEnergyRequirementsOfSoldProductsAndServicesAchievedDuringReportingPeriod" order="1.0" preferredLabel="http://www.xbrl.org/2003/role/verboseLabel" use="optional" />
    <link:loc xlink:type="locator" xlink:href="../core/gri_srs_core_2025-06-23.xsd#gri_DescriptionOfBasisForCalculatingReductionsInEnergyConsumption3025TextBlock" xlink:label="loc_gri_DescriptionOfBasisForCalculatingReductionsInEnergyConsumption3025TextBlock" />
    <link:presentationArc xlink:type="arc" xlink:arcrole="http://www.xbrl.org/2003/arcrole/parent-child" xlink:from="loc_gri_DisclosureOfReductionsInEnergyRequirementsOfProductsAndServicesAbstract" xlink:to="loc_gri_DescriptionOfBasisForCalculatingReductionsInEnergyConsumption3025TextBlock" order="2.0" preferredLabel="http://www.xbrl.org/2003/role/verboseLabel" use="optional" />
    <link:loc xlink:type="locator" xlink:href="../core/gri_srs_core_2025-06-23.xsd#gri_RationaleForChoosingBasisForCalculatingReductionsInEnergyConsumption3025TextBlock" xlink:label="loc_gri_RationaleForChoosingBasisForCalculatingReductionsInEnergyConsumption3025TextBlock" />
    <link:presentationArc xlink:type="arc" xlink:arcrole="http://www.xbrl.org/2003/arcrole/parent-child" xlink:from="loc_gri_DisclosureOfReductionsInEnergyRequirementsOfProductsAndServicesAbstract" xlink:to="loc_gri_RationaleForChoosingBasisForCalculatingReductionsInEnergyConsumption3025TextBlock" order="3.0" preferredLabel="http://www.xbrl.org/2003/role/verboseLabel" use="optional" />
    <link:loc xlink:type="locator" xlink:href="../core/gri_srs_core_2025-06-23.xsd#gri_DescriptionOfStandardsMethodologiesAssumptionsAndOrCalculationToolsUsed3025TextBlock" xlink:label="loc_gri_DescriptionOfStandardsMethodologiesAssumptionsAndOrCalculationToolsUsed3025TextBlock" />
    <link:presentationArc xlink:type="arc" xlink:arcrole="http://www.xbrl.org/2003/arcrole/parent-child" xlink:from="loc_gri_DisclosureOfReductionsInEnergyRequirementsOfProductsAndServicesAbstract" xlink:to="loc_gri_DescriptionOfStandardsMethodologiesAssumptionsAndOrCalculationToolsUsed3025TextBlock" order="4.0" preferredLabel="http://www.xbrl.org/2003/role/verboseLabel" use="optional" />
  </link:presentationLink>
</link:linkbase>