﻿<?xml version="1.0" encoding="utf-8"?>
<!-- Generated by GRI Taxonomy Editor-->
<link:linkbase xsi:schemaLocation="http://www.xbrl.org/2003/linkbase http://www.xbrl.org/2003/xbrl-linkbase-2003-12-31.xsd http://www.xbrl.org/2003/instance http://www.xbrl.org/2003/xbrl-instance-2003-12-31.xsd http://www.w3.org/1999/xlink http://www.xbrl.org/2003/xlink-2003-12-31.xsd " xmlns:link="http://www.xbrl.org/2003/linkbase" xmlns:xbrli="http://www.xbrl.org/2003/instance" xmlns:xlink="http://www.w3.org/1999/xlink" xmlns:xsi="http://www.w3.org/2001/XMLSchema-instance">
  <!-- Role Ref -->
  <link:roleRef roleURI="https://taxonomy.globalreporting.org/gri-sustainability-taxonomy/gri_srs/gri_srs_role/role_gri_305" xlink:type="simple" xlink:href="role_gri_srs_2025-06-23.xsd#role_gri_305" />
  <link:presentationLink xlink:type="extended" xlink:role="https://taxonomy.globalreporting.org/gri-sustainability-taxonomy/gri_srs/gri_srs_role/role_gri_305">
    <link:loc xlink:type="locator" xlink:href="../core/gri_srs_core_2025-06-23.xsd#gri_DisclosureOfEmissionsAbstract" xlink:label="loc_gri_DisclosureOfEmissionsAbstract" />
    <link:loc xlink:type="locator" xlink:href="../core/gri_srs_core_2025-06-23.xsd#gri_DisclosureOfEmissionsTopicManagementAbstract" xlink:label="loc_gri_DisclosureOfEmissionsTopicManagementAbstract" />
    <link:presentationArc xlink:type="arc" xlink:arcrole="http://www.xbrl.org/2003/arcrole/parent-child" xlink:from="loc_gri_DisclosureOfEmissionsAbstract" xlink:to="loc_gri_DisclosureOfEmissionsTopicManagementAbstract" order="1.0" preferredLabel="http://www.xbrl.org/2003/role/terseLabel" use="optional" />
    <link:loc xlink:type="locator" xlink:href="../core/gri_srs_core_2025-06-23.xsd#gri_WhetherOffsetsWereUsedToMeetGHGEmissionsTargets" xlink:label="loc_gri_WhetherOffsetsWereUsedToMeetGHGEmissionsTargets" />
    <link:presentationArc xlink:type="arc" xlink:arcrole="http://www.xbrl.org/2003/arcrole/parent-child" xlink:from="loc_gri_DisclosureOfEmissionsTopicManagementAbstract" xlink:to="loc_gri_WhetherOffsetsWereUsedToMeetGHGEmissionsTargets" order="1.0" preferredLabel="http://www.xbrl.org/2003/role/verboseLabel" use="optional" />
    <link:loc xlink:type="locator" xlink:href="../core/gri_srs_core_2025-06-23.xsd#gri_DescriptionOfTypeOfOffsetsTextBlock" xlink:label="loc_gri_DescriptionOfTypeOfOffsetsTextBlock" />
    <link:presentationArc xlink:type="arc" xlink:arcrole="http://www.xbrl.org/2003/arcrole/parent-child" xlink:from="loc_gri_DisclosureOfEmissionsTopicManagementAbstract" xlink:to="loc_gri_DescriptionOfTypeOfOffsetsTextBlock" order="2.0" preferredLabel="http://www.xbrl.org/2003/role/verboseLabel" use="optional" />
    <link:loc xlink:type="locator" xlink:href="../core/gri_srs_core_2025-06-23.xsd#gri_AmountOfOffsets" xlink:label="loc_gri_AmountOfOffsets" />
    <link:presentationArc xlink:type="arc" xlink:arcrole="http://www.xbrl.org/2003/arcrole/parent-child" xlink:from="loc_gri_DisclosureOfEmissionsTopicManagementAbstract" xlink:to="loc_gri_AmountOfOffsets" order="3.0" preferredLabel="http://www.xbrl.org/2003/role/verboseLabel" use="optional" />
    <link:loc xlink:type="locator" xlink:href="../core/gri_srs_core_2025-06-23.xsd#gri_DescriptionOfCriteriaOrSchemeOfOffsetsTextBlock" xlink:label="loc_gri_DescriptionOfCriteriaOrSchemeOfOffsetsTextBlock" />
    <link:presentationArc xlink:type="arc" xlink:arcrole="http://www.xbrl.org/2003/arcrole/parent-child" xlink:from="loc_gri_DisclosureOfEmissionsTopicManagementAbstract" xlink:to="loc_gri_DescriptionOfCriteriaOrSchemeOfOffsetsTextBlock" order="4.0" preferredLabel="http://www.xbrl.org/2003/role/verboseLabel" use="optional" />
    <link:loc xlink:type="locator" xlink:href="../core/gri_srs_core_2025-06-23.xsd#gri_DisclosureOfDirectScope1GHGEmissionsAbstract" xlink:label="loc_gri_DisclosureOfDirectScope1GHGEmissionsAbstract" />
    <link:presentationArc xlink:type="arc" xlink:arcrole="http://www.xbrl.org/2003/arcrole/parent-child" xlink:from="loc_gri_DisclosureOfEmissionsAbstract" xlink:to="loc_gri_DisclosureOfDirectScope1GHGEmissionsAbstract" order="2.0" preferredLabel="http://www.xbrl.org/2003/role/terseLabel" use="optional" />
    <link:loc xlink:type="locator" xlink:href="../core/gri_srs_core_2025-06-23.xsd#gri_GrossDirectScope1GHGEmissions" xlink:label="loc_gri_GrossDirectScope1GHGEmissions" />
    <link:presentationArc xlink:type="arc" xlink:arcrole="http://www.xbrl.org/2003/arcrole/parent-child" xlink:from="loc_gri_DisclosureOfDirectScope1GHGEmissionsAbstract" xlink:to="loc_gri_GrossDirectScope1GHGEmissions" order="1.0" preferredLabel="http://www.xbrl.org/2003/role/verboseLabel" use="optional" />
    <link:loc xlink:type="locator" xlink:href="../core/gri_srs_core_2025-06-23.xsd#gri_GasesIncludedInCalculationOfDirectScope1GHGEmissions" xlink:label="loc_gri_GasesIncludedInCalculationOfDirectScope1GHGEmissions" />
    <link:presentationArc xlink:type="arc" xlink:arcrole="http://www.xbrl.org/2003/arcrole/parent-child" xlink:from="loc_gri_DisclosureOfDirectScope1GHGEmissionsAbstract" xlink:to="loc_gri_GasesIncludedInCalculationOfDirectScope1GHGEmissions" order="2.0" preferredLabel="http://www.xbrl.org/2003/role/verboseLabel" use="optional" />
    <link:loc xlink:type="locator" xlink:href="../core/gri_srs_core_2025-06-23.xsd#gri_BiogenicCO2EmissionsFromDirectScope1GHGEmissions" xlink:label="loc_gri_BiogenicCO2EmissionsFromDirectScope1GHGEmissions" />
    <link:presentationArc xlink:type="arc" xlink:arcrole="http://www.xbrl.org/2003/arcrole/parent-child" xlink:from="loc_gri_DisclosureOfDirectScope1GHGEmissionsAbstract" xlink:to="loc_gri_BiogenicCO2EmissionsFromDirectScope1GHGEmissions" order="3.0" preferredLabel="http://www.xbrl.org/2003/role/verboseLabel" use="optional" />
    <link:loc xlink:type="locator" xlink:href="../core/gri_srs_core_2025-06-23.xsd#gri_WhetherBaseYearIsApplicableForCalculationOfGrossDirectScope1GHGEmissions" xlink:label="loc_gri_WhetherBaseYearIsApplicableForCalculationOfGrossDirectScope1GHGEmissions" />
    <link:presentationArc xlink:type="arc" xlink:arcrole="http://www.xbrl.org/2003/arcrole/parent-child" xlink:from="loc_gri_DisclosureOfDirectScope1GHGEmissionsAbstract" xlink:to="loc_gri_WhetherBaseYearIsApplicableForCalculationOfGrossDirectScope1GHGEmissions" order="4.0" preferredLabel="http://www.xbrl.org/2003/role/terseLabel" use="optional" />
    <link:loc xlink:type="locator" xlink:href="../core/gri_srs_core_2025-06-23.xsd#gri_StartDateForBaseYearForDirectScope1GHGEmissions" xlink:label="loc_gri_StartDateForBaseYearForDirectScope1GHGEmissions" />
    <link:presentationArc xlink:type="arc" xlink:arcrole="http://www.xbrl.org/2003/arcrole/parent-child" xlink:from="loc_gri_DisclosureOfDirectScope1GHGEmissionsAbstract" xlink:to="loc_gri_StartDateForBaseYearForDirectScope1GHGEmissions" order="5.0" preferredLabel="http://www.xbrl.org/2003/role/periodStartLabel" use="optional" />
    <link:loc xlink:type="locator" xlink:href="../core/gri_srs_core_2025-06-23.xsd#gri_EndDateForBaseYearForDirectScope1GHGEmissions" xlink:label="loc_gri_EndDateForBaseYearForDirectScope1GHGEmissions" />
    <link:presentationArc xlink:type="arc" xlink:arcrole="http://www.xbrl.org/2003/arcrole/parent-child" xlink:from="loc_gri_DisclosureOfDirectScope1GHGEmissionsAbstract" xlink:to="loc_gri_EndDateForBaseYearForDirectScope1GHGEmissions" order="6.0" preferredLabel="http://www.xbrl.org/2003/role/periodEndLabel" use="optional" />
    <link:loc xlink:type="locator" xlink:href="../core/gri_srs_core_2025-06-23.xsd#gri_DetailsOfBaseYearForDirectScope1GHGEmissionsAbstract" xlink:label="loc_gri_DetailsOfBaseYearForDirectScope1GHGEmissionsAbstract" />
    <link:presentationArc xlink:type="arc" xlink:arcrole="http://www.xbrl.org/2003/arcrole/parent-child" xlink:from="loc_gri_DisclosureOfDirectScope1GHGEmissionsAbstract" xlink:to="loc_gri_DetailsOfBaseYearForDirectScope1GHGEmissionsAbstract" order="7.0" preferredLabel="http://www.xbrl.org/2003/role/terseLabel" use="optional" />
    <link:loc xlink:type="locator" xlink:href="../core/gri_srs_core_2025-06-23.xsd#gri_RationaleForChoosingBaseYearForDirectScope1GHGEmissionsTextBlock" xlink:label="loc_gri_RationaleForChoosingBaseYearForDirectScope1GHGEmissionsTextBlock" />
    <link:presentationArc xlink:type="arc" xlink:arcrole="http://www.xbrl.org/2003/arcrole/parent-child" xlink:from="loc_gri_DetailsOfBaseYearForDirectScope1GHGEmissionsAbstract" xlink:to="loc_gri_RationaleForChoosingBaseYearForDirectScope1GHGEmissionsTextBlock" order="1.0" preferredLabel="http://www.xbrl.org/2003/role/verboseLabel" use="optional" />
    <link:loc xlink:type="locator" xlink:href="../core/gri_srs_core_2025-06-23.xsd#gri_DirectScope1GHGEmissionsInBaseYear" xlink:label="loc_gri_DirectScope1GHGEmissionsInBaseYear" />
    <link:presentationArc xlink:type="arc" xlink:arcrole="http://www.xbrl.org/2003/arcrole/parent-child" xlink:from="loc_gri_DetailsOfBaseYearForDirectScope1GHGEmissionsAbstract" xlink:to="loc_gri_DirectScope1GHGEmissionsInBaseYear" order="2.0" preferredLabel="http://www.xbrl.org/2003/role/verboseLabel" use="optional" />
    <link:loc xlink:type="locator" xlink:href="../core/gri_srs_core_2025-06-23.xsd#gri_DescriptionOfContextForAnySignificantChangesInDirectScope1GHGEmissionsThatTriggeredRecalculationsOfBaseYearEmissionsTextBlock" xlink:label="loc_gri_DescriptionOfContextForAnySignificantChangesInDirectScope1GHGEmissionsThatTriggeredRecalculationsOfBaseYearEmissionsTextBlock" />
    <link:presentationArc xlink:type="arc" xlink:arcrole="http://www.xbrl.org/2003/arcrole/parent-child" xlink:from="loc_gri_DetailsOfBaseYearForDirectScope1GHGEmissionsAbstract" xlink:to="loc_gri_DescriptionOfContextForAnySignificantChangesInDirectScope1GHGEmissionsThatTriggeredRecalculationsOfBaseYearEmissionsTextBlock" order="3.0" preferredLabel="http://www.xbrl.org/2003/role/verboseLabel" use="optional" />
    <link:loc xlink:type="locator" xlink:href="../core/gri_srs_core_2025-06-23.xsd#gri_DescriptionOfSourceOfDirectScope1GHGEmissionFactorsTextBlock" xlink:label="loc_gri_DescriptionOfSourceOfDirectScope1GHGEmissionFactorsTextBlock" />
    <link:presentationArc xlink:type="arc" xlink:arcrole="http://www.xbrl.org/2003/arcrole/parent-child" xlink:from="loc_gri_DisclosureOfDirectScope1GHGEmissionsAbstract" xlink:to="loc_gri_DescriptionOfSourceOfDirectScope1GHGEmissionFactorsTextBlock" order="8.0" preferredLabel="http://www.xbrl.org/2003/role/verboseLabel" use="optional" />
    <link:loc xlink:type="locator" xlink:href="../core/gri_srs_core_2025-06-23.xsd#gri_DescriptionOfGlobalWarmingPotentialGWPRatesUsedOrReferenceToGWPSourceForDirectScope1GHGEmissionsTextBlock" xlink:label="loc_gri_DescriptionOfGlobalWarmingPotentialGWPRatesUsedOrReferenceToGWPSourceForDirectScope1GHGEmissionsTextBlock" />
    <link:presentationArc xlink:type="arc" xlink:arcrole="http://www.xbrl.org/2003/arcrole/parent-child" xlink:from="loc_gri_DisclosureOfDirectScope1GHGEmissionsAbstract" xlink:to="loc_gri_DescriptionOfGlobalWarmingPotentialGWPRatesUsedOrReferenceToGWPSourceForDirectScope1GHGEmissionsTextBlock" order="9.0" preferredLabel="http://www.xbrl.org/2003/role/verboseLabel" use="optional" />
    <link:loc xlink:type="locator" xlink:href="../core/gri_srs_core_2025-06-23.xsd#gri_ConsolidationApproachUsedForDirectScope1GHGEmissions" xlink:label="loc_gri_ConsolidationApproachUsedForDirectScope1GHGEmissions" />
    <link:presentationArc xlink:type="arc" xlink:arcrole="http://www.xbrl.org/2003/arcrole/parent-child" xlink:from="loc_gri_DisclosureOfDirectScope1GHGEmissionsAbstract" xlink:to="loc_gri_ConsolidationApproachUsedForDirectScope1GHGEmissions" order="10.0" preferredLabel="http://www.xbrl.org/2003/role/verboseLabel" use="optional" />
    <link:loc xlink:type="locator" xlink:href="../core/gri_srs_core_2025-06-23.xsd#gri_DescriptionOfStandardsMethodologiesAssumptionsAndOrCalculationToolsUsedToCalculateDirectScope1GHGEmissionsTextBlock" xlink:label="loc_gri_DescriptionOfStandardsMethodologiesAssumptionsAndOrCalculationToolsUsedToCalculateDirectScope1GHGEmissionsTextBlock" />
    <link:presentationArc xlink:type="arc" xlink:arcrole="http://www.xbrl.org/2003/arcrole/parent-child" xlink:from="loc_gri_DisclosureOfDirectScope1GHGEmissionsAbstract" xlink:to="loc_gri_DescriptionOfStandardsMethodologiesAssumptionsAndOrCalculationToolsUsedToCalculateDirectScope1GHGEmissionsTextBlock" order="11.0" preferredLabel="http://www.xbrl.org/2003/role/verboseLabel" use="optional" />
    <link:loc xlink:type="locator" xlink:href="../core/gri_srs_core_2025-06-23.xsd#gri_DisclosureOfEnergyIndirectScope2GHGEmissionsAbstract" xlink:label="loc_gri_DisclosureOfEnergyIndirectScope2GHGEmissionsAbstract" />
    <link:presentationArc xlink:type="arc" xlink:arcrole="http://www.xbrl.org/2003/arcrole/parent-child" xlink:from="loc_gri_DisclosureOfEmissionsAbstract" xlink:to="loc_gri_DisclosureOfEnergyIndirectScope2GHGEmissionsAbstract" order="3.0" preferredLabel="http://www.xbrl.org/2003/role/terseLabel" use="optional" />
    <link:loc xlink:type="locator" xlink:href="../core/gri_srs_core_2025-06-23.xsd#gri_GrossLocationBasedEnergyIndirectScope2GHGEmissions" xlink:label="loc_gri_GrossLocationBasedEnergyIndirectScope2GHGEmissions" />
    <link:presentationArc xlink:type="arc" xlink:arcrole="http://www.xbrl.org/2003/arcrole/parent-child" xlink:from="loc_gri_DisclosureOfEnergyIndirectScope2GHGEmissionsAbstract" xlink:to="loc_gri_GrossLocationBasedEnergyIndirectScope2GHGEmissions" order="1.0" preferredLabel="http://www.xbrl.org/2003/role/verboseLabel" use="optional" />
    <link:loc xlink:type="locator" xlink:href="../core/gri_srs_core_2025-06-23.xsd#gri_GasesIncludedInCalculationOfGrossLocationBasedEnergyIndirectScope2GHGEmissions" xlink:label="loc_gri_GasesIncludedInCalculationOfGrossLocationBasedEnergyIndirectScope2GHGEmissions" />
    <link:presentationArc xlink:type="arc" xlink:arcrole="http://www.xbrl.org/2003/arcrole/parent-child" xlink:from="loc_gri_DisclosureOfEnergyIndirectScope2GHGEmissionsAbstract" xlink:to="loc_gri_GasesIncludedInCalculationOfGrossLocationBasedEnergyIndirectScope2GHGEmissions" order="2.0" preferredLabel="http://www.xbrl.org/2003/role/verboseLabel" use="optional" />
    <link:loc xlink:type="locator" xlink:href="../core/gri_srs_core_2025-06-23.xsd#gri_WhetherBaseYearIsApplicableForCalculationOfGrossLocationBasedEnergyIndirectScope2GHGEmissions" xlink:label="loc_gri_WhetherBaseYearIsApplicableForCalculationOfGrossLocationBasedEnergyIndirectScope2GHGEmissions" />
    <link:presentationArc xlink:type="arc" xlink:arcrole="http://www.xbrl.org/2003/arcrole/parent-child" xlink:from="loc_gri_DisclosureOfEnergyIndirectScope2GHGEmissionsAbstract" xlink:to="loc_gri_WhetherBaseYearIsApplicableForCalculationOfGrossLocationBasedEnergyIndirectScope2GHGEmissions" order="3.0" preferredLabel="http://www.xbrl.org/2003/role/terseLabel" use="optional" />
    <link:loc xlink:type="locator" xlink:href="../core/gri_srs_core_2025-06-23.xsd#gri_StartDateForBaseYearOfGrossLocationBasedEnergyIndirectScope2GHGEmissions" xlink:label="loc_gri_StartDateForBaseYearOfGrossLocationBasedEnergyIndirectScope2GHGEmissions" />
    <link:presentationArc xlink:type="arc" xlink:arcrole="http://www.xbrl.org/2003/arcrole/parent-child" xlink:from="loc_gri_DisclosureOfEnergyIndirectScope2GHGEmissionsAbstract" xlink:to="loc_gri_StartDateForBaseYearOfGrossLocationBasedEnergyIndirectScope2GHGEmissions" order="4.0" preferredLabel="http://www.xbrl.org/2003/role/periodStartLabel" use="optional" />
    <link:loc xlink:type="locator" xlink:href="../core/gri_srs_core_2025-06-23.xsd#gri_EndDateForBaseYearOfGrossLocationBasedEnergyIndirectScope2GHGEmissions" xlink:label="loc_gri_EndDateForBaseYearOfGrossLocationBasedEnergyIndirectScope2GHGEmissions" />
    <link:presentationArc xlink:type="arc" xlink:arcrole="http://www.xbrl.org/2003/arcrole/parent-child" xlink:from="loc_gri_DisclosureOfEnergyIndirectScope2GHGEmissionsAbstract" xlink:to="loc_gri_EndDateForBaseYearOfGrossLocationBasedEnergyIndirectScope2GHGEmissions" order="5.0" preferredLabel="http://www.xbrl.org/2003/role/periodEndLabel" use="optional" />
    <link:loc xlink:type="locator" xlink:href="../core/gri_srs_core_2025-06-23.xsd#gri_DetailsOfBaseYearForGrossLocationBasedEnergyIndirectScope2GHGEmissionsAbstract" xlink:label="loc_gri_DetailsOfBaseYearForGrossLocationBasedEnergyIndirectScope2GHGEmissionsAbstract" />
    <link:presentationArc xlink:type="arc" xlink:arcrole="http://www.xbrl.org/2003/arcrole/parent-child" xlink:from="loc_gri_DisclosureOfEnergyIndirectScope2GHGEmissionsAbstract" xlink:to="loc_gri_DetailsOfBaseYearForGrossLocationBasedEnergyIndirectScope2GHGEmissionsAbstract" order="6.0" preferredLabel="http://www.xbrl.org/2003/role/terseLabel" use="optional" />
    <link:loc xlink:type="locator" xlink:href="../core/gri_srs_core_2025-06-23.xsd#gri_RationaleForChoosingBaseYearForGrossLocationBasedEnergyIndirectScope2GHGEmissionsTextBlock" xlink:label="loc_gri_RationaleForChoosingBaseYearForGrossLocationBasedEnergyIndirectScope2GHGEmissionsTextBlock" />
    <link:presentationArc xlink:type="arc" xlink:arcrole="http://www.xbrl.org/2003/arcrole/parent-child" xlink:from="loc_gri_DetailsOfBaseYearForGrossLocationBasedEnergyIndirectScope2GHGEmissionsAbstract" xlink:to="loc_gri_RationaleForChoosingBaseYearForGrossLocationBasedEnergyIndirectScope2GHGEmissionsTextBlock" order="1.0" preferredLabel="http://www.xbrl.org/2003/role/verboseLabel" use="optional" />
    <link:loc xlink:type="locator" xlink:href="../core/gri_srs_core_2025-06-23.xsd#gri_GrossLocationBasedEnergyIndirectScope2GHGEmissionsInBaseYear" xlink:label="loc_gri_GrossLocationBasedEnergyIndirectScope2GHGEmissionsInBaseYear" />
    <link:presentationArc xlink:type="arc" xlink:arcrole="http://www.xbrl.org/2003/arcrole/parent-child" xlink:from="loc_gri_DetailsOfBaseYearForGrossLocationBasedEnergyIndirectScope2GHGEmissionsAbstract" xlink:to="loc_gri_GrossLocationBasedEnergyIndirectScope2GHGEmissionsInBaseYear" order="2.0" preferredLabel="http://www.xbrl.org/2003/role/verboseLabel" use="optional" />
    <link:loc xlink:type="locator" xlink:href="../core/gri_srs_core_2025-06-23.xsd#gri_DescriptionOfContextForAnySignificantChangesInGrossLocationBasedEnergyIndirectScope2GHGEmissionsThatTriggeredRecalculationsOfBaseYearEmissionsTextBlock" xlink:label="loc_gri_DescriptionOfContextForAnySignificantChangesInGrossLocationBasedEnergyIndirectScope2GHGEmissionsThatTriggeredRecalculationsOfBaseYearEmissionsTextBlock" />
    <link:presentationArc xlink:type="arc" xlink:arcrole="http://www.xbrl.org/2003/arcrole/parent-child" xlink:from="loc_gri_DetailsOfBaseYearForGrossLocationBasedEnergyIndirectScope2GHGEmissionsAbstract" xlink:to="loc_gri_DescriptionOfContextForAnySignificantChangesInGrossLocationBasedEnergyIndirectScope2GHGEmissionsThatTriggeredRecalculationsOfBaseYearEmissionsTextBlock" order="3.0" preferredLabel="http://www.xbrl.org/2003/role/verboseLabel" use="optional" />
    <link:loc xlink:type="locator" xlink:href="../core/gri_srs_core_2025-06-23.xsd#gri_DescriptionOfSourceOfGrossLocationBasedEnergyIndirectScope2GHGEmissionFactorsTextBlock" xlink:label="loc_gri_DescriptionOfSourceOfGrossLocationBasedEnergyIndirectScope2GHGEmissionFactorsTextBlock" />
    <link:presentationArc xlink:type="arc" xlink:arcrole="http://www.xbrl.org/2003/arcrole/parent-child" xlink:from="loc_gri_DisclosureOfEnergyIndirectScope2GHGEmissionsAbstract" xlink:to="loc_gri_DescriptionOfSourceOfGrossLocationBasedEnergyIndirectScope2GHGEmissionFactorsTextBlock" order="7.0" preferredLabel="http://www.xbrl.org/2003/role/verboseLabel" use="optional" />
    <link:loc xlink:type="locator" xlink:href="../core/gri_srs_core_2025-06-23.xsd#gri_DescriptionOfGlobalWarmingPotentialGWPRatesUsedOrReferenceToGWPSourceForGrossLocationBasedEnergyIndirectScope2GHGEmissionsTextBlock" xlink:label="loc_gri_DescriptionOfGlobalWarmingPotentialGWPRatesUsedOrReferenceToGWPSourceForGrossLocationBasedEnergyIndirectScope2GHGEmissionsTextBlock" />
    <link:presentationArc xlink:type="arc" xlink:arcrole="http://www.xbrl.org/2003/arcrole/parent-child" xlink:from="loc_gri_DisclosureOfEnergyIndirectScope2GHGEmissionsAbstract" xlink:to="loc_gri_DescriptionOfGlobalWarmingPotentialGWPRatesUsedOrReferenceToGWPSourceForGrossLocationBasedEnergyIndirectScope2GHGEmissionsTextBlock" order="8.0" preferredLabel="http://www.xbrl.org/2003/role/verboseLabel" use="optional" />
    <link:loc xlink:type="locator" xlink:href="../core/gri_srs_core_2025-06-23.xsd#gri_WhetherGrossMarketBasedEnergyIndirectScope2GHGEmissionsAreApplicable" xlink:label="loc_gri_WhetherGrossMarketBasedEnergyIndirectScope2GHGEmissionsAreApplicable" />
    <link:presentationArc xlink:type="arc" xlink:arcrole="http://www.xbrl.org/2003/arcrole/parent-child" xlink:from="loc_gri_DisclosureOfEnergyIndirectScope2GHGEmissionsAbstract" xlink:to="loc_gri_WhetherGrossMarketBasedEnergyIndirectScope2GHGEmissionsAreApplicable" order="9.0" preferredLabel="http://www.xbrl.org/2003/role/terseLabel" use="optional" />
    <link:loc xlink:type="locator" xlink:href="../core/gri_srs_core_2025-06-23.xsd#gri_GrossMarketBasedEnergyIndirectScope2GHGEmissions" xlink:label="loc_gri_GrossMarketBasedEnergyIndirectScope2GHGEmissions" />
    <link:presentationArc xlink:type="arc" xlink:arcrole="http://www.xbrl.org/2003/arcrole/parent-child" xlink:from="loc_gri_DisclosureOfEnergyIndirectScope2GHGEmissionsAbstract" xlink:to="loc_gri_GrossMarketBasedEnergyIndirectScope2GHGEmissions" order="10.0" preferredLabel="http://www.xbrl.org/2003/role/verboseLabel" use="optional" />
    <link:loc xlink:type="locator" xlink:href="../core/gri_srs_core_2025-06-23.xsd#gri_GasesIncludedInCalculationOfGrossMarketBasedEnergyIndirectScope2GHGEmissions" xlink:label="loc_gri_GasesIncludedInCalculationOfGrossMarketBasedEnergyIndirectScope2GHGEmissions" />
    <link:presentationArc xlink:type="arc" xlink:arcrole="http://www.xbrl.org/2003/arcrole/parent-child" xlink:from="loc_gri_DisclosureOfEnergyIndirectScope2GHGEmissionsAbstract" xlink:to="loc_gri_GasesIncludedInCalculationOfGrossMarketBasedEnergyIndirectScope2GHGEmissions" order="11.0" preferredLabel="http://www.xbrl.org/2003/role/verboseLabel" use="optional" />
    <link:loc xlink:type="locator" xlink:href="../core/gri_srs_core_2025-06-23.xsd#gri_WhetherBaseYearIsApplicableForCalculationOfGrossMarketBasedEnergyIndirectScope2GHGEmissions" xlink:label="loc_gri_WhetherBaseYearIsApplicableForCalculationOfGrossMarketBasedEnergyIndirectScope2GHGEmissions" />
    <link:presentationArc xlink:type="arc" xlink:arcrole="http://www.xbrl.org/2003/arcrole/parent-child" xlink:from="loc_gri_DisclosureOfEnergyIndirectScope2GHGEmissionsAbstract" xlink:to="loc_gri_WhetherBaseYearIsApplicableForCalculationOfGrossMarketBasedEnergyIndirectScope2GHGEmissions" order="12.0" preferredLabel="http://www.xbrl.org/2003/role/terseLabel" use="optional" />
    <link:loc xlink:type="locator" xlink:href="../core/gri_srs_core_2025-06-23.xsd#gri_StartDateForBaseYearOfGrossMarketBasedEnergyIndirectScope2GHGEmissions" xlink:label="loc_gri_StartDateForBaseYearOfGrossMarketBasedEnergyIndirectScope2GHGEmissions" />
    <link:presentationArc xlink:type="arc" xlink:arcrole="http://www.xbrl.org/2003/arcrole/parent-child" xlink:from="loc_gri_DisclosureOfEnergyIndirectScope2GHGEmissionsAbstract" xlink:to="loc_gri_StartDateForBaseYearOfGrossMarketBasedEnergyIndirectScope2GHGEmissions" order="13.0" preferredLabel="http://www.xbrl.org/2003/role/periodStartLabel" use="optional" />
    <link:loc xlink:type="locator" xlink:href="../core/gri_srs_core_2025-06-23.xsd#gri_EndDateForBaseYearOfGrossMarketBasedEnergyIndirectScope2GHGEmissions" xlink:label="loc_gri_EndDateForBaseYearOfGrossMarketBasedEnergyIndirectScope2GHGEmissions" />
    <link:presentationArc xlink:type="arc" xlink:arcrole="http://www.xbrl.org/2003/arcrole/parent-child" xlink:from="loc_gri_DisclosureOfEnergyIndirectScope2GHGEmissionsAbstract" xlink:to="loc_gri_EndDateForBaseYearOfGrossMarketBasedEnergyIndirectScope2GHGEmissions" order="14.0" preferredLabel="http://www.xbrl.org/2003/role/periodEndLabel" use="optional" />
    <link:loc xlink:type="locator" xlink:href="../core/gri_srs_core_2025-06-23.xsd#gri_DetailsOfBaseYearForGrossMarketBasedEnergyIndirectScope2GHGEmissionsAbstract" xlink:label="loc_gri_DetailsOfBaseYearForGrossMarketBasedEnergyIndirectScope2GHGEmissionsAbstract" />
    <link:presentationArc xlink:type="arc" xlink:arcrole="http://www.xbrl.org/2003/arcrole/parent-child" xlink:from="loc_gri_DisclosureOfEnergyIndirectScope2GHGEmissionsAbstract" xlink:to="loc_gri_DetailsOfBaseYearForGrossMarketBasedEnergyIndirectScope2GHGEmissionsAbstract" order="15.0" preferredLabel="http://www.xbrl.org/2003/role/terseLabel" use="optional" />
    <link:loc xlink:type="locator" xlink:href="../core/gri_srs_core_2025-06-23.xsd#gri_RationaleForChoosingBaseYearForGrossMarketBasedEnergyIndirectScope2GHGEmissionsTextBlock" xlink:label="loc_gri_RationaleForChoosingBaseYearForGrossMarketBasedEnergyIndirectScope2GHGEmissionsTextBlock" />
    <link:presentationArc xlink:type="arc" xlink:arcrole="http://www.xbrl.org/2003/arcrole/parent-child" xlink:from="loc_gri_DetailsOfBaseYearForGrossMarketBasedEnergyIndirectScope2GHGEmissionsAbstract" xlink:to="loc_gri_RationaleForChoosingBaseYearForGrossMarketBasedEnergyIndirectScope2GHGEmissionsTextBlock" order="1.0" preferredLabel="http://www.xbrl.org/2003/role/verboseLabel" use="optional" />
    <link:loc xlink:type="locator" xlink:href="../core/gri_srs_core_2025-06-23.xsd#gri_GrossMarketBasedEnergyIndirectScope2GHGEmissionsInBaseYear" xlink:label="loc_gri_GrossMarketBasedEnergyIndirectScope2GHGEmissionsInBaseYear" />
    <link:presentationArc xlink:type="arc" xlink:arcrole="http://www.xbrl.org/2003/arcrole/parent-child" xlink:from="loc_gri_DetailsOfBaseYearForGrossMarketBasedEnergyIndirectScope2GHGEmissionsAbstract" xlink:to="loc_gri_GrossMarketBasedEnergyIndirectScope2GHGEmissionsInBaseYear" order="2.0" preferredLabel="http://www.xbrl.org/2003/role/verboseLabel" use="optional" />
    <link:loc xlink:type="locator" xlink:href="../core/gri_srs_core_2025-06-23.xsd#gri_DescriptionOfContextForAnySignificantChangesInGrossMarketBasedEnergyIndirectScope2GHGEmissionsThatTriggeredRecalculationsOfBaseYearEmissionsTextBlock" xlink:label="loc_gri_DescriptionOfContextForAnySignificantChangesInGrossMarketBasedEnergyIndirectScope2GHGEmissionsThatTriggeredRecalculationsOfBaseYearEmissionsTextBlock" />
    <link:presentationArc xlink:type="arc" xlink:arcrole="http://www.xbrl.org/2003/arcrole/parent-child" xlink:from="loc_gri_DetailsOfBaseYearForGrossMarketBasedEnergyIndirectScope2GHGEmissionsAbstract" xlink:to="loc_gri_DescriptionOfContextForAnySignificantChangesInGrossMarketBasedEnergyIndirectScope2GHGEmissionsThatTriggeredRecalculationsOfBaseYearEmissionsTextBlock" order="3.0" preferredLabel="http://www.xbrl.org/2003/role/verboseLabel" use="optional" />
    <link:loc xlink:type="locator" xlink:href="../core/gri_srs_core_2025-06-23.xsd#gri_DescriptionOfSourceOfGrossMarketBasedEnergyIndirectScope2GHGEmissionFactorsTextBlock" xlink:label="loc_gri_DescriptionOfSourceOfGrossMarketBasedEnergyIndirectScope2GHGEmissionFactorsTextBlock" />
    <link:presentationArc xlink:type="arc" xlink:arcrole="http://www.xbrl.org/2003/arcrole/parent-child" xlink:from="loc_gri_DisclosureOfEnergyIndirectScope2GHGEmissionsAbstract" xlink:to="loc_gri_DescriptionOfSourceOfGrossMarketBasedEnergyIndirectScope2GHGEmissionFactorsTextBlock" order="16.0" preferredLabel="http://www.xbrl.org/2003/role/verboseLabel" use="optional" />
    <link:loc xlink:type="locator" xlink:href="../core/gri_srs_core_2025-06-23.xsd#gri_DescriptionOfGlobalWarmingPotentialGWPRatesUsedOrReferenceToGWPSourceForGrossMarketBasedEnergyIndirectScope2GHGEmissionsTextBlock" xlink:label="loc_gri_DescriptionOfGlobalWarmingPotentialGWPRatesUsedOrReferenceToGWPSourceForGrossMarketBasedEnergyIndirectScope2GHGEmissionsTextBlock" />
    <link:presentationArc xlink:type="arc" xlink:arcrole="http://www.xbrl.org/2003/arcrole/parent-child" xlink:from="loc_gri_DisclosureOfEnergyIndirectScope2GHGEmissionsAbstract" xlink:to="loc_gri_DescriptionOfGlobalWarmingPotentialGWPRatesUsedOrReferenceToGWPSourceForGrossMarketBasedEnergyIndirectScope2GHGEmissionsTextBlock" order="17.0" preferredLabel="http://www.xbrl.org/2003/role/verboseLabel" use="optional" />
    <link:loc xlink:type="locator" xlink:href="../core/gri_srs_core_2025-06-23.xsd#gri_ConsolidationApproachUsedForGrossEnergyIndirectScope2GHGEmissions" xlink:label="loc_gri_ConsolidationApproachUsedForGrossEnergyIndirectScope2GHGEmissions" />
    <link:presentationArc xlink:type="arc" xlink:arcrole="http://www.xbrl.org/2003/arcrole/parent-child" xlink:from="loc_gri_DisclosureOfEnergyIndirectScope2GHGEmissionsAbstract" xlink:to="loc_gri_ConsolidationApproachUsedForGrossEnergyIndirectScope2GHGEmissions" order="18.0" preferredLabel="http://www.xbrl.org/2003/role/verboseLabel" use="optional" />
    <link:loc xlink:type="locator" xlink:href="../core/gri_srs_core_2025-06-23.xsd#gri_DescriptionOfStandardsMethodologiesAssumptionsAndOrCalculationToolsUsedToCalculateGrossEnergyIndirectScope2GHGEmissionsTextBlock" xlink:label="loc_gri_DescriptionOfStandardsMethodologiesAssumptionsAndOrCalculationToolsUsedToCalculateGrossEnergyIndirectScope2GHGEmissionsTextBlock" />
    <link:presentationArc xlink:type="arc" xlink:arcrole="http://www.xbrl.org/2003/arcrole/parent-child" xlink:from="loc_gri_DisclosureOfEnergyIndirectScope2GHGEmissionsAbstract" xlink:to="loc_gri_DescriptionOfStandardsMethodologiesAssumptionsAndOrCalculationToolsUsedToCalculateGrossEnergyIndirectScope2GHGEmissionsTextBlock" order="19.0" preferredLabel="http://www.xbrl.org/2003/role/verboseLabel" use="optional" />
    <link:loc xlink:type="locator" xlink:href="../core/gri_srs_core_2025-06-23.xsd#gri_DisclosureOfOtherIndirectScope3GHGEmissionsAbstract" xlink:label="loc_gri_DisclosureOfOtherIndirectScope3GHGEmissionsAbstract" />
    <link:presentationArc xlink:type="arc" xlink:arcrole="http://www.xbrl.org/2003/arcrole/parent-child" xlink:from="loc_gri_DisclosureOfEmissionsAbstract" xlink:to="loc_gri_DisclosureOfOtherIndirectScope3GHGEmissionsAbstract" order="4.0" preferredLabel="http://www.xbrl.org/2003/role/terseLabel" use="optional" />
    <link:loc xlink:type="locator" xlink:href="../core/gri_srs_core_2025-06-23.xsd#gri_GrossOtherIndirectScope3GHGEmissions" xlink:label="loc_gri_GrossOtherIndirectScope3GHGEmissions" />
    <link:presentationArc xlink:type="arc" xlink:arcrole="http://www.xbrl.org/2003/arcrole/parent-child" xlink:from="loc_gri_DisclosureOfOtherIndirectScope3GHGEmissionsAbstract" xlink:to="loc_gri_GrossOtherIndirectScope3GHGEmissions" order="1.0" preferredLabel="http://www.xbrl.org/2003/role/verboseLabel" use="optional" />
    <link:loc xlink:type="locator" xlink:href="../core/gri_srs_core_2025-06-23.xsd#gri_GasesIncludedInCalculationOfGrossOtherIndirectScope3GHGEmissions" xlink:label="loc_gri_GasesIncludedInCalculationOfGrossOtherIndirectScope3GHGEmissions" />
    <link:presentationArc xlink:type="arc" xlink:arcrole="http://www.xbrl.org/2003/arcrole/parent-child" xlink:from="loc_gri_DisclosureOfOtherIndirectScope3GHGEmissionsAbstract" xlink:to="loc_gri_GasesIncludedInCalculationOfGrossOtherIndirectScope3GHGEmissions" order="2.0" preferredLabel="http://www.xbrl.org/2003/role/verboseLabel" use="optional" />
    <link:loc xlink:type="locator" xlink:href="../core/gri_srs_core_2025-06-23.xsd#gri_BiogenicCO2EmissionsFromOtherIndirectScope3GHGEmissions" xlink:label="loc_gri_BiogenicCO2EmissionsFromOtherIndirectScope3GHGEmissions" />
    <link:presentationArc xlink:type="arc" xlink:arcrole="http://www.xbrl.org/2003/arcrole/parent-child" xlink:from="loc_gri_DisclosureOfOtherIndirectScope3GHGEmissionsAbstract" xlink:to="loc_gri_BiogenicCO2EmissionsFromOtherIndirectScope3GHGEmissions" order="3.0" preferredLabel="http://www.xbrl.org/2003/role/verboseLabel" use="optional" />
    <link:loc xlink:type="locator" xlink:href="../core/gri_srs_core_2025-06-23.xsd#gri_DescriptionOfOtherIndirectScope3GHGEmissionsCategoriesAndActivitiesIncludedInCalculationTextBlock" xlink:label="loc_gri_DescriptionOfOtherIndirectScope3GHGEmissionsCategoriesAndActivitiesIncludedInCalculationTextBlock" />
    <link:presentationArc xlink:type="arc" xlink:arcrole="http://www.xbrl.org/2003/arcrole/parent-child" xlink:from="loc_gri_DisclosureOfOtherIndirectScope3GHGEmissionsAbstract" xlink:to="loc_gri_DescriptionOfOtherIndirectScope3GHGEmissionsCategoriesAndActivitiesIncludedInCalculationTextBlock" order="4.0" preferredLabel="http://www.xbrl.org/2003/role/verboseLabel" use="optional" />
    <link:loc xlink:type="locator" xlink:href="../core/gri_srs_core_2025-06-23.xsd#gri_WhetherBaseYearIsApplicableForCalculationOfGrossOtherIndirectScope3GHGEmissions" xlink:label="loc_gri_WhetherBaseYearIsApplicableForCalculationOfGrossOtherIndirectScope3GHGEmissions" />
    <link:presentationArc xlink:type="arc" xlink:arcrole="http://www.xbrl.org/2003/arcrole/parent-child" xlink:from="loc_gri_DisclosureOfOtherIndirectScope3GHGEmissionsAbstract" xlink:to="loc_gri_WhetherBaseYearIsApplicableForCalculationOfGrossOtherIndirectScope3GHGEmissions" order="5.0" preferredLabel="http://www.xbrl.org/2003/role/terseLabel" use="optional" />
    <link:loc xlink:type="locator" xlink:href="../core/gri_srs_core_2025-06-23.xsd#gri_StartDateForBaseYearOfOtherIndirectScope3GHGEmissions" xlink:label="loc_gri_StartDateForBaseYearOfOtherIndirectScope3GHGEmissions" />
    <link:presentationArc xlink:type="arc" xlink:arcrole="http://www.xbrl.org/2003/arcrole/parent-child" xlink:from="loc_gri_DisclosureOfOtherIndirectScope3GHGEmissionsAbstract" xlink:to="loc_gri_StartDateForBaseYearOfOtherIndirectScope3GHGEmissions" order="6.0" preferredLabel="http://www.xbrl.org/2003/role/periodStartLabel" use="optional" />
    <link:loc xlink:type="locator" xlink:href="../core/gri_srs_core_2025-06-23.xsd#gri_EndDateForBaseYearOfOtherIndirectScope3GHGEmissions" xlink:label="loc_gri_EndDateForBaseYearOfOtherIndirectScope3GHGEmissions" />
    <link:presentationArc xlink:type="arc" xlink:arcrole="http://www.xbrl.org/2003/arcrole/parent-child" xlink:from="loc_gri_DisclosureOfOtherIndirectScope3GHGEmissionsAbstract" xlink:to="loc_gri_EndDateForBaseYearOfOtherIndirectScope3GHGEmissions" order="7.0" preferredLabel="http://www.xbrl.org/2003/role/periodEndLabel" use="optional" />
    <link:loc xlink:type="locator" xlink:href="../core/gri_srs_core_2025-06-23.xsd#gri_DetailsOfBaseYearForGrossOtherIndirectScope3GHGEmissionsAbstract" xlink:label="loc_gri_DetailsOfBaseYearForGrossOtherIndirectScope3GHGEmissionsAbstract" />
    <link:presentationArc xlink:type="arc" xlink:arcrole="http://www.xbrl.org/2003/arcrole/parent-child" xlink:from="loc_gri_DisclosureOfOtherIndirectScope3GHGEmissionsAbstract" xlink:to="loc_gri_DetailsOfBaseYearForGrossOtherIndirectScope3GHGEmissionsAbstract" order="8.0" preferredLabel="http://www.xbrl.org/2003/role/terseLabel" use="optional" />
    <link:loc xlink:type="locator" xlink:href="../core/gri_srs_core_2025-06-23.xsd#gri_RationaleForChoosingBaseYearForOtherIndirectScope3GHGEmissionsTextBlock" xlink:label="loc_gri_RationaleForChoosingBaseYearForOtherIndirectScope3GHGEmissionsTextBlock" />
    <link:presentationArc xlink:type="arc" xlink:arcrole="http://www.xbrl.org/2003/arcrole/parent-child" xlink:from="loc_gri_DetailsOfBaseYearForGrossOtherIndirectScope3GHGEmissionsAbstract" xlink:to="loc_gri_RationaleForChoosingBaseYearForOtherIndirectScope3GHGEmissionsTextBlock" order="1.0" preferredLabel="http://www.xbrl.org/2003/role/verboseLabel" use="optional" />
    <link:loc xlink:type="locator" xlink:href="../core/gri_srs_core_2025-06-23.xsd#gri_OtherIndirectScope3GHGEmissionsInBaseYear" xlink:label="loc_gri_OtherIndirectScope3GHGEmissionsInBaseYear" />
    <link:presentationArc xlink:type="arc" xlink:arcrole="http://www.xbrl.org/2003/arcrole/parent-child" xlink:from="loc_gri_DetailsOfBaseYearForGrossOtherIndirectScope3GHGEmissionsAbstract" xlink:to="loc_gri_OtherIndirectScope3GHGEmissionsInBaseYear" order="2.0" preferredLabel="http://www.xbrl.org/2003/role/verboseLabel" use="optional" />
    <link:loc xlink:type="locator" xlink:href="../core/gri_srs_core_2025-06-23.xsd#gri_DescriptionOfContextForAnySignificantChangesInOtherIndirectScope3GHGEmissionsThatTriggeredRecalculationsOfBaseYearEmissionsTextBlock" xlink:label="loc_gri_DescriptionOfContextForAnySignificantChangesInOtherIndirectScope3GHGEmissionsThatTriggeredRecalculationsOfBaseYearEmissionsTextBlock" />
    <link:presentationArc xlink:type="arc" xlink:arcrole="http://www.xbrl.org/2003/arcrole/parent-child" xlink:from="loc_gri_DetailsOfBaseYearForGrossOtherIndirectScope3GHGEmissionsAbstract" xlink:to="loc_gri_DescriptionOfContextForAnySignificantChangesInOtherIndirectScope3GHGEmissionsThatTriggeredRecalculationsOfBaseYearEmissionsTextBlock" order="3.0" preferredLabel="http://www.xbrl.org/2003/role/verboseLabel" use="optional" />
    <link:loc xlink:type="locator" xlink:href="../core/gri_srs_core_2025-06-23.xsd#gri_DescriptionOfSourceOfOtherIndirectScope3GHGEmissionFactorsTextBlock" xlink:label="loc_gri_DescriptionOfSourceOfOtherIndirectScope3GHGEmissionFactorsTextBlock" />
    <link:presentationArc xlink:type="arc" xlink:arcrole="http://www.xbrl.org/2003/arcrole/parent-child" xlink:from="loc_gri_DisclosureOfOtherIndirectScope3GHGEmissionsAbstract" xlink:to="loc_gri_DescriptionOfSourceOfOtherIndirectScope3GHGEmissionFactorsTextBlock" order="9.0" preferredLabel="http://www.xbrl.org/2003/role/verboseLabel" use="optional" />
    <link:loc xlink:type="locator" xlink:href="../core/gri_srs_core_2025-06-23.xsd#gri_DescriptionOfGlobalWarmingPotentialGWPRatesUsedOrReferenceToGWPSourceForOtherIndirectScope3GHGEmissionsTextBlock" xlink:label="loc_gri_DescriptionOfGlobalWarmingPotentialGWPRatesUsedOrReferenceToGWPSourceForOtherIndirectScope3GHGEmissionsTextBlock" />
    <link:presentationArc xlink:type="arc" xlink:arcrole="http://www.xbrl.org/2003/arcrole/parent-child" xlink:from="loc_gri_DisclosureOfOtherIndirectScope3GHGEmissionsAbstract" xlink:to="loc_gri_DescriptionOfGlobalWarmingPotentialGWPRatesUsedOrReferenceToGWPSourceForOtherIndirectScope3GHGEmissionsTextBlock" order="10.0" preferredLabel="http://www.xbrl.org/2003/role/verboseLabel" use="optional" />
    <link:loc xlink:type="locator" xlink:href="../core/gri_srs_core_2025-06-23.xsd#gri_DescriptionOfStandardsMethodologiesAssumptionsAndOrCalculationToolsUsedToCalculateGrossOtherIndirectScope3GHGEmissionsTextBlock" xlink:label="loc_gri_DescriptionOfStandardsMethodologiesAssumptionsAndOrCalculationToolsUsedToCalculateGrossOtherIndirectScope3GHGEmissionsTextBlock" />
    <link:presentationArc xlink:type="arc" xlink:arcrole="http://www.xbrl.org/2003/arcrole/parent-child" xlink:from="loc_gri_DisclosureOfOtherIndirectScope3GHGEmissionsAbstract" xlink:to="loc_gri_DescriptionOfStandardsMethodologiesAssumptionsAndOrCalculationToolsUsedToCalculateGrossOtherIndirectScope3GHGEmissionsTextBlock" order="11.0" preferredLabel="http://www.xbrl.org/2003/role/verboseLabel" use="optional" />
    <link:loc xlink:type="locator" xlink:href="../core/gri_srs_core_2025-06-23.xsd#gri_DisclosureOfGHGEmissionsIntensityAbstract" xlink:label="loc_gri_DisclosureOfGHGEmissionsIntensityAbstract" />
    <link:presentationArc xlink:type="arc" xlink:arcrole="http://www.xbrl.org/2003/arcrole/parent-child" xlink:from="loc_gri_DisclosureOfEmissionsAbstract" xlink:to="loc_gri_DisclosureOfGHGEmissionsIntensityAbstract" order="5.0" preferredLabel="http://www.xbrl.org/2003/role/terseLabel" use="optional" />
    <link:loc xlink:type="locator" xlink:href="../core/gri_srs_core_2025-06-23.xsd#gri_GHGEmissionsIntensityReportingTable" xlink:label="loc_gri_GHGEmissionsIntensityReportingTable" />
    <link:presentationArc xlink:type="arc" xlink:arcrole="http://www.xbrl.org/2003/arcrole/parent-child" xlink:from="loc_gri_DisclosureOfGHGEmissionsIntensityAbstract" xlink:to="loc_gri_GHGEmissionsIntensityReportingTable" order="1.0" use="optional" />
    <link:loc xlink:type="locator" xlink:href="../core/gri_srs_core_2025-06-23.xsd#gri_OrganizationSpecificMetricDenominatorChosenToCalculateGHGEmissionsIntensityRatioAxis" xlink:label="loc_gri_OrganizationSpecificMetricDenominatorChosenToCalculateGHGEmissionsIntensityRatioAxis" />
    <link:presentationArc xlink:type="arc" xlink:arcrole="http://www.xbrl.org/2003/arcrole/parent-child" xlink:from="loc_gri_GHGEmissionsIntensityReportingTable" xlink:to="loc_gri_OrganizationSpecificMetricDenominatorChosenToCalculateGHGEmissionsIntensityRatioAxis" order="1.0" preferredLabel="http://www.xbrl.org/2003/role/label" use="optional" />
    <link:loc xlink:type="locator" xlink:href="../core/gri_srs_core_2025-06-23.xsd#gri_GHGEmissionsIntensityReportingLineItems" xlink:label="loc_gri_GHGEmissionsIntensityReportingLineItems" />
    <link:presentationArc xlink:type="arc" xlink:arcrole="http://www.xbrl.org/2003/arcrole/parent-child" xlink:from="loc_gri_DisclosureOfGHGEmissionsIntensityAbstract" xlink:to="loc_gri_GHGEmissionsIntensityReportingLineItems" order="2.0" preferredLabel="http://www.xbrl.org/2003/role/label" use="optional" />
    <link:loc xlink:type="locator" xlink:href="../core/gri_srs_core_2025-06-23.xsd#gri_ValueOfOrganizationSpecificMetricDenominatorChosenToCalculateGHGEmissionsIntensityRatio" xlink:label="loc_gri_ValueOfOrganizationSpecificMetricDenominatorChosenToCalculateGHGEmissionsIntensityRatio" />
    <link:presentationArc xlink:type="arc" xlink:arcrole="http://www.xbrl.org/2003/arcrole/parent-child" xlink:from="loc_gri_GHGEmissionsIntensityReportingLineItems" xlink:to="loc_gri_ValueOfOrganizationSpecificMetricDenominatorChosenToCalculateGHGEmissionsIntensityRatio" order="1.0" preferredLabel="http://www.xbrl.org/2003/role/terseLabel" use="optional" />
    <link:loc xlink:type="locator" xlink:href="../core/gri_srs_core_2025-06-23.xsd#gri_DirectScope1GHGEmissionsIntensityRatio" xlink:label="loc_gri_DirectScope1GHGEmissionsIntensityRatio" />
    <link:presentationArc xlink:type="arc" xlink:arcrole="http://www.xbrl.org/2003/arcrole/parent-child" xlink:from="loc_gri_GHGEmissionsIntensityReportingLineItems" xlink:to="loc_gri_DirectScope1GHGEmissionsIntensityRatio" order="2.0" preferredLabel="http://www.xbrl.org/2003/role/verboseLabel" use="optional" />
    <link:loc xlink:type="locator" xlink:href="../core/gri_srs_core_2025-06-23.xsd#gri_ReasonForOmissionRelatedToDirectScope1GHGEmissionsIntensityRatio" xlink:label="loc_gri_ReasonForOmissionRelatedToDirectScope1GHGEmissionsIntensityRatio" />
    <link:presentationArc xlink:type="arc" xlink:arcrole="http://www.xbrl.org/2003/arcrole/parent-child" xlink:from="loc_gri_DirectScope1GHGEmissionsIntensityRatio" xlink:to="loc_gri_ReasonForOmissionRelatedToDirectScope1GHGEmissionsIntensityRatio" order="1.0" preferredLabel="http://www.xbrl.org/2003/role/verboseLabel" use="optional" />
    <link:loc xlink:type="locator" xlink:href="../core/gri_srs_core_2025-06-23.xsd#gri_ExplanationForReasonForOmissionRelatedToDirectScope1GHGEmissionsIntensityRatioTextBlock" xlink:label="loc_gri_ExplanationForReasonForOmissionRelatedToDirectScope1GHGEmissionsIntensityRatioTextBlock" />
    <link:presentationArc xlink:type="arc" xlink:arcrole="http://www.xbrl.org/2003/arcrole/parent-child" xlink:from="loc_gri_DirectScope1GHGEmissionsIntensityRatio" xlink:to="loc_gri_ExplanationForReasonForOmissionRelatedToDirectScope1GHGEmissionsIntensityRatioTextBlock" order="2.0" preferredLabel="http://www.xbrl.org/2003/role/verboseLabel" use="optional" />
    <link:loc xlink:type="locator" xlink:href="../core/gri_srs_core_2025-06-23.xsd#gri_GasesIncludedInCalculationOfDirectScope1GHGEmissionsIntensityRatio" xlink:label="loc_gri_GasesIncludedInCalculationOfDirectScope1GHGEmissionsIntensityRatio" />
    <link:presentationArc xlink:type="arc" xlink:arcrole="http://www.xbrl.org/2003/arcrole/parent-child" xlink:from="loc_gri_GHGEmissionsIntensityReportingLineItems" xlink:to="loc_gri_GasesIncludedInCalculationOfDirectScope1GHGEmissionsIntensityRatio" order="3.0" preferredLabel="http://www.xbrl.org/2003/role/verboseLabel" use="optional" />
    <link:loc xlink:type="locator" xlink:href="../core/gri_srs_core_2025-06-23.xsd#gri_ReasonForOmissionRelatedToGasesIncludedInCalculationOfDirectScope1GHGEmissionsIntensityRatio" xlink:label="loc_gri_ReasonForOmissionRelatedToGasesIncludedInCalculationOfDirectScope1GHGEmissionsIntensityRatio" />
    <link:presentationArc xlink:type="arc" xlink:arcrole="http://www.xbrl.org/2003/arcrole/parent-child" xlink:from="loc_gri_GasesIncludedInCalculationOfDirectScope1GHGEmissionsIntensityRatio" xlink:to="loc_gri_ReasonForOmissionRelatedToGasesIncludedInCalculationOfDirectScope1GHGEmissionsIntensityRatio" order="1.0" preferredLabel="http://www.xbrl.org/2003/role/verboseLabel" use="optional" />
    <link:loc xlink:type="locator" xlink:href="../core/gri_srs_core_2025-06-23.xsd#gri_ExplanationForReasonForOmissionRelatedToGasesIncludedInCalculationOfDirectScope1GHGEmissionsIntensityRatioTextBlock" xlink:label="loc_gri_ExplanationForReasonForOmissionRelatedToGasesIncludedInCalculationOfDirectScope1GHGEmissionsIntensityRatioTextBlock" />
    <link:presentationArc xlink:type="arc" xlink:arcrole="http://www.xbrl.org/2003/arcrole/parent-child" xlink:from="loc_gri_GasesIncludedInCalculationOfDirectScope1GHGEmissionsIntensityRatio" xlink:to="loc_gri_ExplanationForReasonForOmissionRelatedToGasesIncludedInCalculationOfDirectScope1GHGEmissionsIntensityRatioTextBlock" order="2.0" preferredLabel="http://www.xbrl.org/2003/role/verboseLabel" use="optional" />
    <link:loc xlink:type="locator" xlink:href="../core/gri_srs_core_2025-06-23.xsd#gri_LocationBasedEnergyIndirectScope2GHGEmissionsIntensityRatio" xlink:label="loc_gri_LocationBasedEnergyIndirectScope2GHGEmissionsIntensityRatio" />
    <link:presentationArc xlink:type="arc" xlink:arcrole="http://www.xbrl.org/2003/arcrole/parent-child" xlink:from="loc_gri_GHGEmissionsIntensityReportingLineItems" xlink:to="loc_gri_LocationBasedEnergyIndirectScope2GHGEmissionsIntensityRatio" order="4.0" preferredLabel="http://www.xbrl.org/2003/role/verboseLabel" use="optional" />
    <link:loc xlink:type="locator" xlink:href="../core/gri_srs_core_2025-06-23.xsd#gri_ReasonForOmissionRelatedToLocationBasedEnergyIndirectScope2GHGEmissionsIntensityRatio" xlink:label="loc_gri_ReasonForOmissionRelatedToLocationBasedEnergyIndirectScope2GHGEmissionsIntensityRatio" />
    <link:presentationArc xlink:type="arc" xlink:arcrole="http://www.xbrl.org/2003/arcrole/parent-child" xlink:from="loc_gri_LocationBasedEnergyIndirectScope2GHGEmissionsIntensityRatio" xlink:to="loc_gri_ReasonForOmissionRelatedToLocationBasedEnergyIndirectScope2GHGEmissionsIntensityRatio" order="1.0" preferredLabel="http://www.xbrl.org/2003/role/verboseLabel" use="optional" />
    <link:loc xlink:type="locator" xlink:href="../core/gri_srs_core_2025-06-23.xsd#gri_ExplanationForReasonForOmissionRelatedToLocationBasedEnergyIndirectScope2GHGEmissionsIntensityRatioTextBlock" xlink:label="loc_gri_ExplanationForReasonForOmissionRelatedToLocationBasedEnergyIndirectScope2GHGEmissionsIntensityRatioTextBlock" />
    <link:presentationArc xlink:type="arc" xlink:arcrole="http://www.xbrl.org/2003/arcrole/parent-child" xlink:from="loc_gri_LocationBasedEnergyIndirectScope2GHGEmissionsIntensityRatio" xlink:to="loc_gri_ExplanationForReasonForOmissionRelatedToLocationBasedEnergyIndirectScope2GHGEmissionsIntensityRatioTextBlock" order="2.0" preferredLabel="http://www.xbrl.org/2003/role/verboseLabel" use="optional" />
    <link:loc xlink:type="locator" xlink:href="../core/gri_srs_core_2025-06-23.xsd#gri_GasesIncludedInCalculationOfLocationBasedEnergyIndirectScope2GHGEmissionsIntensityRatio" xlink:label="loc_gri_GasesIncludedInCalculationOfLocationBasedEnergyIndirectScope2GHGEmissionsIntensityRatio" />
    <link:presentationArc xlink:type="arc" xlink:arcrole="http://www.xbrl.org/2003/arcrole/parent-child" xlink:from="loc_gri_GHGEmissionsIntensityReportingLineItems" xlink:to="loc_gri_GasesIncludedInCalculationOfLocationBasedEnergyIndirectScope2GHGEmissionsIntensityRatio" order="5.0" preferredLabel="http://www.xbrl.org/2003/role/verboseLabel" use="optional" />
    <link:loc xlink:type="locator" xlink:href="../core/gri_srs_core_2025-06-23.xsd#gri_ReasonForOmissionRelatedToGasesIncludedInCalculationOfLocationBasedEnergyIndirectScope2GHGEmissionsIntensityRatio" xlink:label="loc_gri_ReasonForOmissionRelatedToGasesIncludedInCalculationOfLocationBasedEnergyIndirectScope2GHGEmissionsIntensityRatio" />
    <link:presentationArc xlink:type="arc" xlink:arcrole="http://www.xbrl.org/2003/arcrole/parent-child" xlink:from="loc_gri_GasesIncludedInCalculationOfLocationBasedEnergyIndirectScope2GHGEmissionsIntensityRatio" xlink:to="loc_gri_ReasonForOmissionRelatedToGasesIncludedInCalculationOfLocationBasedEnergyIndirectScope2GHGEmissionsIntensityRatio" order="1.0" preferredLabel="http://www.xbrl.org/2003/role/verboseLabel" use="optional" />
    <link:loc xlink:type="locator" xlink:href="../core/gri_srs_core_2025-06-23.xsd#gri_ExplanationForReasonForOmissionRelatedToGasesIncludedInCalculationOfLocationBasedEnergyIndirectScope2GHGEmissionsIntensityRatioTextBlock" xlink:label="loc_gri_ExplanationForReasonForOmissionRelatedToGasesIncludedInCalculationOfLocationBasedEnergyIndirectScope2GHGEmissionsIntensityRatioTextBlock" />
    <link:presentationArc xlink:type="arc" xlink:arcrole="http://www.xbrl.org/2003/arcrole/parent-child" xlink:from="loc_gri_GasesIncludedInCalculationOfLocationBasedEnergyIndirectScope2GHGEmissionsIntensityRatio" xlink:to="loc_gri_ExplanationForReasonForOmissionRelatedToGasesIncludedInCalculationOfLocationBasedEnergyIndirectScope2GHGEmissionsIntensityRatioTextBlock" order="2.0" preferredLabel="http://www.xbrl.org/2003/role/verboseLabel" use="optional" />
    <link:loc xlink:type="locator" xlink:href="../core/gri_srs_core_2025-06-23.xsd#gri_MarketBasedEnergyIndirectScope2GHGEmissionsIntensityRatio" xlink:label="loc_gri_MarketBasedEnergyIndirectScope2GHGEmissionsIntensityRatio" />
    <link:presentationArc xlink:type="arc" xlink:arcrole="http://www.xbrl.org/2003/arcrole/parent-child" xlink:from="loc_gri_GHGEmissionsIntensityReportingLineItems" xlink:to="loc_gri_MarketBasedEnergyIndirectScope2GHGEmissionsIntensityRatio" order="6.0" preferredLabel="http://www.xbrl.org/2003/role/verboseLabel" use="optional" />
    <link:loc xlink:type="locator" xlink:href="../core/gri_srs_core_2025-06-23.xsd#gri_ReasonForOmissionRelatedToMarketBasedEnergyIndirectScope2GHGEmissionsIntensityRatio" xlink:label="loc_gri_ReasonForOmissionRelatedToMarketBasedEnergyIndirectScope2GHGEmissionsIntensityRatio" />
    <link:presentationArc xlink:type="arc" xlink:arcrole="http://www.xbrl.org/2003/arcrole/parent-child" xlink:from="loc_gri_MarketBasedEnergyIndirectScope2GHGEmissionsIntensityRatio" xlink:to="loc_gri_ReasonForOmissionRelatedToMarketBasedEnergyIndirectScope2GHGEmissionsIntensityRatio" order="1.0" preferredLabel="http://www.xbrl.org/2003/role/verboseLabel" use="optional" />
    <link:loc xlink:type="locator" xlink:href="../core/gri_srs_core_2025-06-23.xsd#gri_ExplanationForReasonForOmissionRelatedToMarketBasedEnergyIndirectScope2GHGEmissionsIntensityRatioTextBlock" xlink:label="loc_gri_ExplanationForReasonForOmissionRelatedToMarketBasedEnergyIndirectScope2GHGEmissionsIntensityRatioTextBlock" />
    <link:presentationArc xlink:type="arc" xlink:arcrole="http://www.xbrl.org/2003/arcrole/parent-child" xlink:from="loc_gri_MarketBasedEnergyIndirectScope2GHGEmissionsIntensityRatio" xlink:to="loc_gri_ExplanationForReasonForOmissionRelatedToMarketBasedEnergyIndirectScope2GHGEmissionsIntensityRatioTextBlock" order="2.0" preferredLabel="http://www.xbrl.org/2003/role/verboseLabel" use="optional" />
    <link:loc xlink:type="locator" xlink:href="../core/gri_srs_core_2025-06-23.xsd#gri_GasesIncludedInCalculationOfMarketBasedEnergyIndirectScope2GHGEmissionsIntensityRatio" xlink:label="loc_gri_GasesIncludedInCalculationOfMarketBasedEnergyIndirectScope2GHGEmissionsIntensityRatio" />
    <link:presentationArc xlink:type="arc" xlink:arcrole="http://www.xbrl.org/2003/arcrole/parent-child" xlink:from="loc_gri_GHGEmissionsIntensityReportingLineItems" xlink:to="loc_gri_GasesIncludedInCalculationOfMarketBasedEnergyIndirectScope2GHGEmissionsIntensityRatio" order="7.0" preferredLabel="http://www.xbrl.org/2003/role/verboseLabel" use="optional" />
    <link:loc xlink:type="locator" xlink:href="../core/gri_srs_core_2025-06-23.xsd#gri_ReasonForOmissionRelatedToGasesIncludedInCalculationOfMarketBasedEnergyIndirectScope2GHGEmissionsIntensityRatio" xlink:label="loc_gri_ReasonForOmissionRelatedToGasesIncludedInCalculationOfMarketBasedEnergyIndirectScope2GHGEmissionsIntensityRatio" />
    <link:presentationArc xlink:type="arc" xlink:arcrole="http://www.xbrl.org/2003/arcrole/parent-child" xlink:from="loc_gri_GasesIncludedInCalculationOfMarketBasedEnergyIndirectScope2GHGEmissionsIntensityRatio" xlink:to="loc_gri_ReasonForOmissionRelatedToGasesIncludedInCalculationOfMarketBasedEnergyIndirectScope2GHGEmissionsIntensityRatio" order="1.0" preferredLabel="http://www.xbrl.org/2003/role/verboseLabel" use="optional" />
    <link:loc xlink:type="locator" xlink:href="../core/gri_srs_core_2025-06-23.xsd#gri_ExplanationForReasonForOmissionRelatedToGasesIncludedInCalculationOfMarketBasedEnergyIndirectScope2GHGEmissionsIntensityRatioTextBlock" xlink:label="loc_gri_ExplanationForReasonForOmissionRelatedToGasesIncludedInCalculationOfMarketBasedEnergyIndirectScope2GHGEmissionsIntensityRatioTextBlock" />
    <link:presentationArc xlink:type="arc" xlink:arcrole="http://www.xbrl.org/2003/arcrole/parent-child" xlink:from="loc_gri_GasesIncludedInCalculationOfMarketBasedEnergyIndirectScope2GHGEmissionsIntensityRatio" xlink:to="loc_gri_ExplanationForReasonForOmissionRelatedToGasesIncludedInCalculationOfMarketBasedEnergyIndirectScope2GHGEmissionsIntensityRatioTextBlock" order="2.0" preferredLabel="http://www.xbrl.org/2003/role/verboseLabel" use="optional" />
    <link:loc xlink:type="locator" xlink:href="../core/gri_srs_core_2025-06-23.xsd#gri_DirectScope1AndEnergyIndirectScope2GHGEmissionsIntensityRatio" xlink:label="loc_gri_DirectScope1AndEnergyIndirectScope2GHGEmissionsIntensityRatio" />
    <link:presentationArc xlink:type="arc" xlink:arcrole="http://www.xbrl.org/2003/arcrole/parent-child" xlink:from="loc_gri_GHGEmissionsIntensityReportingLineItems" xlink:to="loc_gri_DirectScope1AndEnergyIndirectScope2GHGEmissionsIntensityRatio" order="8.0" preferredLabel="http://www.xbrl.org/2003/role/verboseLabel" use="optional" />
    <link:loc xlink:type="locator" xlink:href="../core/gri_srs_core_2025-06-23.xsd#gri_ReasonForOmissionRelatedToDirectScope1AndEnergyIndirectScope2GHGEmissionsIntensityRatio" xlink:label="loc_gri_ReasonForOmissionRelatedToDirectScope1AndEnergyIndirectScope2GHGEmissionsIntensityRatio" />
    <link:presentationArc xlink:type="arc" xlink:arcrole="http://www.xbrl.org/2003/arcrole/parent-child" xlink:from="loc_gri_DirectScope1AndEnergyIndirectScope2GHGEmissionsIntensityRatio" xlink:to="loc_gri_ReasonForOmissionRelatedToDirectScope1AndEnergyIndirectScope2GHGEmissionsIntensityRatio" order="1.0" preferredLabel="http://www.xbrl.org/2003/role/verboseLabel" use="optional" />
    <link:loc xlink:type="locator" xlink:href="../core/gri_srs_core_2025-06-23.xsd#gri_ExplanationForReasonForOmissionRelatedToDirectScope1AndEnergyIndirectScope2GHGEmissionsIntensityRatioTextBlock" xlink:label="loc_gri_ExplanationForReasonForOmissionRelatedToDirectScope1AndEnergyIndirectScope2GHGEmissionsIntensityRatioTextBlock" />
    <link:presentationArc xlink:type="arc" xlink:arcrole="http://www.xbrl.org/2003/arcrole/parent-child" xlink:from="loc_gri_DirectScope1AndEnergyIndirectScope2GHGEmissionsIntensityRatio" xlink:to="loc_gri_ExplanationForReasonForOmissionRelatedToDirectScope1AndEnergyIndirectScope2GHGEmissionsIntensityRatioTextBlock" order="2.0" preferredLabel="http://www.xbrl.org/2003/role/verboseLabel" use="optional" />
    <link:loc xlink:type="locator" xlink:href="../core/gri_srs_core_2025-06-23.xsd#gri_GasesIncludedInCalculationOfDirectScope1AndEnergyIndirectScope2GHGEmissionsIntensityRatio" xlink:label="loc_gri_GasesIncludedInCalculationOfDirectScope1AndEnergyIndirectScope2GHGEmissionsIntensityRatio" />
    <link:presentationArc xlink:type="arc" xlink:arcrole="http://www.xbrl.org/2003/arcrole/parent-child" xlink:from="loc_gri_GHGEmissionsIntensityReportingLineItems" xlink:to="loc_gri_GasesIncludedInCalculationOfDirectScope1AndEnergyIndirectScope2GHGEmissionsIntensityRatio" order="9.0" preferredLabel="http://www.xbrl.org/2003/role/verboseLabel" use="optional" />
    <link:loc xlink:type="locator" xlink:href="../core/gri_srs_core_2025-06-23.xsd#gri_ReasonForOmissionRelatedToGasesIncludedInCalculationOfDirectScope1AndEnergyIndirectScope2GHGEmissionsIntensityRatio" xlink:label="loc_gri_ReasonForOmissionRelatedToGasesIncludedInCalculationOfDirectScope1AndEnergyIndirectScope2GHGEmissionsIntensityRatio" />
    <link:presentationArc xlink:type="arc" xlink:arcrole="http://www.xbrl.org/2003/arcrole/parent-child" xlink:from="loc_gri_GasesIncludedInCalculationOfDirectScope1AndEnergyIndirectScope2GHGEmissionsIntensityRatio" xlink:to="loc_gri_ReasonForOmissionRelatedToGasesIncludedInCalculationOfDirectScope1AndEnergyIndirectScope2GHGEmissionsIntensityRatio" order="1.0" preferredLabel="http://www.xbrl.org/2003/role/verboseLabel" use="optional" />
    <link:loc xlink:type="locator" xlink:href="../core/gri_srs_core_2025-06-23.xsd#gri_ExplanationForReasonForOmissionRelatedToGasesIncludedInCalculationOfDirectScope1AndEnergyIndirectScope2GHGEmissionsIntensityRatioTextBlock" xlink:label="loc_gri_ExplanationForReasonForOmissionRelatedToGasesIncludedInCalculationOfDirectScope1AndEnergyIndirectScope2GHGEmissionsIntensityRatioTextBlock" />
    <link:presentationArc xlink:type="arc" xlink:arcrole="http://www.xbrl.org/2003/arcrole/parent-child" xlink:from="loc_gri_GasesIncludedInCalculationOfDirectScope1AndEnergyIndirectScope2GHGEmissionsIntensityRatio" xlink:to="loc_gri_ExplanationForReasonForOmissionRelatedToGasesIncludedInCalculationOfDirectScope1AndEnergyIndirectScope2GHGEmissionsIntensityRatioTextBlock" order="2.0" preferredLabel="http://www.xbrl.org/2003/role/verboseLabel" use="optional" />
    <link:loc xlink:type="locator" xlink:href="../core/gri_srs_core_2025-06-23.xsd#gri_OtherIndirectScope3GHGEmissionsIntensityRatio" xlink:label="loc_gri_OtherIndirectScope3GHGEmissionsIntensityRatio" />
    <link:presentationArc xlink:type="arc" xlink:arcrole="http://www.xbrl.org/2003/arcrole/parent-child" xlink:from="loc_gri_GHGEmissionsIntensityReportingLineItems" xlink:to="loc_gri_OtherIndirectScope3GHGEmissionsIntensityRatio" order="10.0" preferredLabel="http://www.xbrl.org/2003/role/verboseLabel" use="optional" />
    <link:loc xlink:type="locator" xlink:href="../core/gri_srs_core_2025-06-23.xsd#gri_ReasonForOmissionRelatedToOtherIndirectScope3GHGEmissionsIntensityRatio" xlink:label="loc_gri_ReasonForOmissionRelatedToOtherIndirectScope3GHGEmissionsIntensityRatio" />
    <link:presentationArc xlink:type="arc" xlink:arcrole="http://www.xbrl.org/2003/arcrole/parent-child" xlink:from="loc_gri_OtherIndirectScope3GHGEmissionsIntensityRatio" xlink:to="loc_gri_ReasonForOmissionRelatedToOtherIndirectScope3GHGEmissionsIntensityRatio" order="1.0" preferredLabel="http://www.xbrl.org/2003/role/verboseLabel" use="optional" />
    <link:loc xlink:type="locator" xlink:href="../core/gri_srs_core_2025-06-23.xsd#gri_ExplanationForReasonForOmissionRelatedToOtherIndirectScope3GHGEmissionsIntensityRatioTextBlock" xlink:label="loc_gri_ExplanationForReasonForOmissionRelatedToOtherIndirectScope3GHGEmissionsIntensityRatioTextBlock" />
    <link:presentationArc xlink:type="arc" xlink:arcrole="http://www.xbrl.org/2003/arcrole/parent-child" xlink:from="loc_gri_OtherIndirectScope3GHGEmissionsIntensityRatio" xlink:to="loc_gri_ExplanationForReasonForOmissionRelatedToOtherIndirectScope3GHGEmissionsIntensityRatioTextBlock" order="2.0" preferredLabel="http://www.xbrl.org/2003/role/verboseLabel" use="optional" />
    <link:loc xlink:type="locator" xlink:href="../core/gri_srs_core_2025-06-23.xsd#gri_GasesIncludedInCalculationOfOtherIndirectScope3GHGEmissionsIntensityRatio" xlink:label="loc_gri_GasesIncludedInCalculationOfOtherIndirectScope3GHGEmissionsIntensityRatio" />
    <link:presentationArc xlink:type="arc" xlink:arcrole="http://www.xbrl.org/2003/arcrole/parent-child" xlink:from="loc_gri_GHGEmissionsIntensityReportingLineItems" xlink:to="loc_gri_GasesIncludedInCalculationOfOtherIndirectScope3GHGEmissionsIntensityRatio" order="11.0" preferredLabel="http://www.xbrl.org/2003/role/verboseLabel" use="optional" />
    <link:loc xlink:type="locator" xlink:href="../core/gri_srs_core_2025-06-23.xsd#gri_ReasonForOmissionRelatedToGasesIncludedInCalculationOfOtherIndirectScope3GHGEmissionsIntensityRatio" xlink:label="loc_gri_ReasonForOmissionRelatedToGasesIncludedInCalculationOfOtherIndirectScope3GHGEmissionsIntensityRatio" />
    <link:presentationArc xlink:type="arc" xlink:arcrole="http://www.xbrl.org/2003/arcrole/parent-child" xlink:from="loc_gri_GasesIncludedInCalculationOfOtherIndirectScope3GHGEmissionsIntensityRatio" xlink:to="loc_gri_ReasonForOmissionRelatedToGasesIncludedInCalculationOfOtherIndirectScope3GHGEmissionsIntensityRatio" order="1.0" preferredLabel="http://www.xbrl.org/2003/role/verboseLabel" use="optional" />
    <link:loc xlink:type="locator" xlink:href="../core/gri_srs_core_2025-06-23.xsd#gri_ExplanationForReasonForOmissionRelatedToGasesIncludedInCalculationOfOtherIndirectScope3GHGEmissionsIntensityRatioTextBlock" xlink:label="loc_gri_ExplanationForReasonForOmissionRelatedToGasesIncludedInCalculationOfOtherIndirectScope3GHGEmissionsIntensityRatioTextBlock" />
    <link:presentationArc xlink:type="arc" xlink:arcrole="http://www.xbrl.org/2003/arcrole/parent-child" xlink:from="loc_gri_GasesIncludedInCalculationOfOtherIndirectScope3GHGEmissionsIntensityRatio" xlink:to="loc_gri_ExplanationForReasonForOmissionRelatedToGasesIncludedInCalculationOfOtherIndirectScope3GHGEmissionsIntensityRatioTextBlock" order="2.0" preferredLabel="http://www.xbrl.org/2003/role/verboseLabel" use="optional" />
    <link:loc xlink:type="locator" xlink:href="../core/gri_srs_core_2025-06-23.xsd#gri_DisclosureOfReductionOfGHGEmissionsAbstract" xlink:label="loc_gri_DisclosureOfReductionOfGHGEmissionsAbstract" />
    <link:presentationArc xlink:type="arc" xlink:arcrole="http://www.xbrl.org/2003/arcrole/parent-child" xlink:from="loc_gri_DisclosureOfEmissionsAbstract" xlink:to="loc_gri_DisclosureOfReductionOfGHGEmissionsAbstract" order="6.0" preferredLabel="http://www.xbrl.org/2003/role/terseLabel" use="optional" />
    <link:loc xlink:type="locator" xlink:href="../core/gri_srs_core_2025-06-23.xsd#gri_DirectScope1GHGEmissionsReducedAsDirectResultOfReductionInitiatives" xlink:label="loc_gri_DirectScope1GHGEmissionsReducedAsDirectResultOfReductionInitiatives" />
    <link:presentationArc xlink:type="arc" xlink:arcrole="http://www.xbrl.org/2003/arcrole/parent-child" xlink:from="loc_gri_DisclosureOfReductionOfGHGEmissionsAbstract" xlink:to="loc_gri_DirectScope1GHGEmissionsReducedAsDirectResultOfReductionInitiatives" order="1.0" preferredLabel="http://www.xbrl.org/2003/role/verboseLabel" use="optional" />
    <link:loc xlink:type="locator" xlink:href="../core/gri_srs_core_2025-06-23.xsd#gri_LocationBasedEnergyIndirectScope2GHGEmissionsReducedAsDirectResultOfReductionInitiatives" xlink:label="loc_gri_LocationBasedEnergyIndirectScope2GHGEmissionsReducedAsDirectResultOfReductionInitiatives" />
    <link:presentationArc xlink:type="arc" xlink:arcrole="http://www.xbrl.org/2003/arcrole/parent-child" xlink:from="loc_gri_DisclosureOfReductionOfGHGEmissionsAbstract" xlink:to="loc_gri_LocationBasedEnergyIndirectScope2GHGEmissionsReducedAsDirectResultOfReductionInitiatives" order="2.0" preferredLabel="http://www.xbrl.org/2003/role/verboseLabel" use="optional" />
    <link:loc xlink:type="locator" xlink:href="../core/gri_srs_core_2025-06-23.xsd#gri_MarketBasedEnergyIndirectScope2GHGEmissionsReducedAsDirectResultOfReductionInitiatives" xlink:label="loc_gri_MarketBasedEnergyIndirectScope2GHGEmissionsReducedAsDirectResultOfReductionInitiatives" />
    <link:presentationArc xlink:type="arc" xlink:arcrole="http://www.xbrl.org/2003/arcrole/parent-child" xlink:from="loc_gri_DisclosureOfReductionOfGHGEmissionsAbstract" xlink:to="loc_gri_MarketBasedEnergyIndirectScope2GHGEmissionsReducedAsDirectResultOfReductionInitiatives" order="3.0" preferredLabel="http://www.xbrl.org/2003/role/verboseLabel" use="optional" />
    <link:loc xlink:type="locator" xlink:href="../core/gri_srs_core_2025-06-23.xsd#gri_OtherIndirectScope3GHGEmissionsReducedAsDirectResultOfReductionInitiatives" xlink:label="loc_gri_OtherIndirectScope3GHGEmissionsReducedAsDirectResultOfReductionInitiatives" />
    <link:presentationArc xlink:type="arc" xlink:arcrole="http://www.xbrl.org/2003/arcrole/parent-child" xlink:from="loc_gri_DisclosureOfReductionOfGHGEmissionsAbstract" xlink:to="loc_gri_OtherIndirectScope3GHGEmissionsReducedAsDirectResultOfReductionInitiatives" order="4.0" preferredLabel="http://www.xbrl.org/2003/role/verboseLabel" use="optional" />
    <link:loc xlink:type="locator" xlink:href="../core/gri_srs_core_2025-06-23.xsd#gri_GasesIncludedInCalculationOfReductionOfGHGEmissions" xlink:label="loc_gri_GasesIncludedInCalculationOfReductionOfGHGEmissions" />
    <link:presentationArc xlink:type="arc" xlink:arcrole="http://www.xbrl.org/2003/arcrole/parent-child" xlink:from="loc_gri_DisclosureOfReductionOfGHGEmissionsAbstract" xlink:to="loc_gri_GasesIncludedInCalculationOfReductionOfGHGEmissions" order="5.0" preferredLabel="http://www.xbrl.org/2003/role/verboseLabel" use="optional" />
    <link:loc xlink:type="locator" xlink:href="../core/gri_srs_core_2025-06-23.xsd#gri_StartDateForBaseYearOfReductionOfGHGEmissions" xlink:label="loc_gri_StartDateForBaseYearOfReductionOfGHGEmissions" />
    <link:presentationArc xlink:type="arc" xlink:arcrole="http://www.xbrl.org/2003/arcrole/parent-child" xlink:from="loc_gri_DisclosureOfReductionOfGHGEmissionsAbstract" xlink:to="loc_gri_StartDateForBaseYearOfReductionOfGHGEmissions" order="6.0" preferredLabel="http://www.xbrl.org/2003/role/periodStartLabel" use="optional" />
    <link:loc xlink:type="locator" xlink:href="../core/gri_srs_core_2025-06-23.xsd#gri_EndDateForBaseYearOfReductionOfGHGEmissions" xlink:label="loc_gri_EndDateForBaseYearOfReductionOfGHGEmissions" />
    <link:presentationArc xlink:type="arc" xlink:arcrole="http://www.xbrl.org/2003/arcrole/parent-child" xlink:from="loc_gri_DisclosureOfReductionOfGHGEmissionsAbstract" xlink:to="loc_gri_EndDateForBaseYearOfReductionOfGHGEmissions" order="7.0" preferredLabel="http://www.xbrl.org/2003/role/periodEndLabel" use="optional" />
    <link:loc xlink:type="locator" xlink:href="../core/gri_srs_core_2025-06-23.xsd#gri_BaselineForReductionOfGHGEmissions" xlink:label="loc_gri_BaselineForReductionOfGHGEmissions" />
    <link:presentationArc xlink:type="arc" xlink:arcrole="http://www.xbrl.org/2003/arcrole/parent-child" xlink:from="loc_gri_DisclosureOfReductionOfGHGEmissionsAbstract" xlink:to="loc_gri_BaselineForReductionOfGHGEmissions" order="8.0" preferredLabel="http://www.xbrl.org/2003/role/verboseLabel" use="optional" />
    <link:loc xlink:type="locator" xlink:href="../core/gri_srs_core_2025-06-23.xsd#gri_RationaleForChoosingBaseYearOrBaselineForReductionOfGHGEmissionsTextBlock" xlink:label="loc_gri_RationaleForChoosingBaseYearOrBaselineForReductionOfGHGEmissionsTextBlock" />
    <link:presentationArc xlink:type="arc" xlink:arcrole="http://www.xbrl.org/2003/arcrole/parent-child" xlink:from="loc_gri_DisclosureOfReductionOfGHGEmissionsAbstract" xlink:to="loc_gri_RationaleForChoosingBaseYearOrBaselineForReductionOfGHGEmissionsTextBlock" order="9.0" preferredLabel="http://www.xbrl.org/2003/role/verboseLabel" use="optional" />
    <link:loc xlink:type="locator" xlink:href="../core/gri_srs_core_2025-06-23.xsd#gri_DescriptionOfStandardsMethodologiesAssumptionsAndOrCalculationToolsUsedForReductionOfGHGEmissionsTextBlock" xlink:label="loc_gri_DescriptionOfStandardsMethodologiesAssumptionsAndOrCalculationToolsUsedForReductionOfGHGEmissionsTextBlock" />
    <link:presentationArc xlink:type="arc" xlink:arcrole="http://www.xbrl.org/2003/arcrole/parent-child" xlink:from="loc_gri_DisclosureOfReductionOfGHGEmissionsAbstract" xlink:to="loc_gri_DescriptionOfStandardsMethodologiesAssumptionsAndOrCalculationToolsUsedForReductionOfGHGEmissionsTextBlock" order="10.0" preferredLabel="http://www.xbrl.org/2003/role/verboseLabel" use="optional" />
    <link:loc xlink:type="locator" xlink:href="../core/gri_srs_core_2025-06-23.xsd#gri_ReductionsFromOffsets" xlink:label="loc_gri_ReductionsFromOffsets" />
    <link:presentationArc xlink:type="arc" xlink:arcrole="http://www.xbrl.org/2003/arcrole/parent-child" xlink:from="loc_gri_DisclosureOfReductionOfGHGEmissionsAbstract" xlink:to="loc_gri_ReductionsFromOffsets" order="11.0" preferredLabel="http://www.xbrl.org/2003/role/verboseLabel" use="optional" />
    <link:loc xlink:type="locator" xlink:href="../core/gri_srs_core_2025-06-23.xsd#gri_DisclosureOfEmissionsOfOzoneDepletingSubstancesODSAbstract" xlink:label="loc_gri_DisclosureOfEmissionsOfOzoneDepletingSubstancesODSAbstract" />
    <link:presentationArc xlink:type="arc" xlink:arcrole="http://www.xbrl.org/2003/arcrole/parent-child" xlink:from="loc_gri_DisclosureOfEmissionsAbstract" xlink:to="loc_gri_DisclosureOfEmissionsOfOzoneDepletingSubstancesODSAbstract" order="7.0" preferredLabel="http://www.xbrl.org/2003/role/terseLabel" use="optional" />
    <link:loc xlink:type="locator" xlink:href="../core/gri_srs_core_2025-06-23.xsd#gri_ProductionOfOzoneDepletingSubstancesODS" xlink:label="loc_gri_ProductionOfOzoneDepletingSubstancesODS" />
    <link:presentationArc xlink:type="arc" xlink:arcrole="http://www.xbrl.org/2003/arcrole/parent-child" xlink:from="loc_gri_DisclosureOfEmissionsOfOzoneDepletingSubstancesODSAbstract" xlink:to="loc_gri_ProductionOfOzoneDepletingSubstancesODS" order="1.0" preferredLabel="http://www.xbrl.org/2003/role/verboseLabel" use="optional" />
    <link:loc xlink:type="locator" xlink:href="../core/gri_srs_core_2025-06-23.xsd#gri_ImportsOfOzoneDepletingSubstancesODS" xlink:label="loc_gri_ImportsOfOzoneDepletingSubstancesODS" />
    <link:presentationArc xlink:type="arc" xlink:arcrole="http://www.xbrl.org/2003/arcrole/parent-child" xlink:from="loc_gri_DisclosureOfEmissionsOfOzoneDepletingSubstancesODSAbstract" xlink:to="loc_gri_ImportsOfOzoneDepletingSubstancesODS" order="2.0" preferredLabel="http://www.xbrl.org/2003/role/verboseLabel" use="optional" />
    <link:loc xlink:type="locator" xlink:href="../core/gri_srs_core_2025-06-23.xsd#gri_ExportsOfOzoneDepletingSubstancesODS" xlink:label="loc_gri_ExportsOfOzoneDepletingSubstancesODS" />
    <link:presentationArc xlink:type="arc" xlink:arcrole="http://www.xbrl.org/2003/arcrole/parent-child" xlink:from="loc_gri_DisclosureOfEmissionsOfOzoneDepletingSubstancesODSAbstract" xlink:to="loc_gri_ExportsOfOzoneDepletingSubstancesODS" order="3.0" preferredLabel="http://www.xbrl.org/2003/role/verboseLabel" use="optional" />
    <link:loc xlink:type="locator" xlink:href="../core/gri_srs_core_2025-06-23.xsd#gri_DescriptionOfSubstancesIncludedInCalculationTextBlock" xlink:label="loc_gri_DescriptionOfSubstancesIncludedInCalculationTextBlock" />
    <link:presentationArc xlink:type="arc" xlink:arcrole="http://www.xbrl.org/2003/arcrole/parent-child" xlink:from="loc_gri_DisclosureOfEmissionsOfOzoneDepletingSubstancesODSAbstract" xlink:to="loc_gri_DescriptionOfSubstancesIncludedInCalculationTextBlock" order="4.0" preferredLabel="http://www.xbrl.org/2003/role/verboseLabel" use="optional" />
    <link:loc xlink:type="locator" xlink:href="../core/gri_srs_core_2025-06-23.xsd#gri_DescriptionOfSourceOfEmissionFactorsUsed3056TextBlock" xlink:label="loc_gri_DescriptionOfSourceOfEmissionFactorsUsed3056TextBlock" />
    <link:presentationArc xlink:type="arc" xlink:arcrole="http://www.xbrl.org/2003/arcrole/parent-child" xlink:from="loc_gri_DisclosureOfEmissionsOfOzoneDepletingSubstancesODSAbstract" xlink:to="loc_gri_DescriptionOfSourceOfEmissionFactorsUsed3056TextBlock" order="5.0" preferredLabel="http://www.xbrl.org/2003/role/verboseLabel" use="optional" />
    <link:loc xlink:type="locator" xlink:href="../core/gri_srs_core_2025-06-23.xsd#gri_DescriptionOfStandardsMethodologiesAssumptionsAndOrCalculationToolsUsed3056TextBlock" xlink:label="loc_gri_DescriptionOfStandardsMethodologiesAssumptionsAndOrCalculationToolsUsed3056TextBlock" />
    <link:presentationArc xlink:type="arc" xlink:arcrole="http://www.xbrl.org/2003/arcrole/parent-child" xlink:from="loc_gri_DisclosureOfEmissionsOfOzoneDepletingSubstancesODSAbstract" xlink:to="loc_gri_DescriptionOfStandardsMethodologiesAssumptionsAndOrCalculationToolsUsed3056TextBlock" order="6.0" preferredLabel="http://www.xbrl.org/2003/role/verboseLabel" use="optional" />
    <link:loc xlink:type="locator" xlink:href="../core/gri_srs_core_2025-06-23.xsd#gri_DisclosureOfNitrogenOxidesNOxSulfurOxidesSOxAndOtherSignificantAirEmissionsAbstract" xlink:label="loc_gri_DisclosureOfNitrogenOxidesNOxSulfurOxidesSOxAndOtherSignificantAirEmissionsAbstract" />
    <link:presentationArc xlink:type="arc" xlink:arcrole="http://www.xbrl.org/2003/arcrole/parent-child" xlink:from="loc_gri_DisclosureOfEmissionsAbstract" xlink:to="loc_gri_DisclosureOfNitrogenOxidesNOxSulfurOxidesSOxAndOtherSignificantAirEmissionsAbstract" order="8.0" preferredLabel="http://www.xbrl.org/2003/role/terseLabel" use="optional" />
    <link:loc xlink:type="locator" xlink:href="../core/gri_srs_core_2025-06-23.xsd#gri_CategoriesOfSignificantAirEmissionsTable" xlink:label="loc_gri_CategoriesOfSignificantAirEmissionsTable" />
    <link:presentationArc xlink:type="arc" xlink:arcrole="http://www.xbrl.org/2003/arcrole/parent-child" xlink:from="loc_gri_DisclosureOfNitrogenOxidesNOxSulfurOxidesSOxAndOtherSignificantAirEmissionsAbstract" xlink:to="loc_gri_CategoriesOfSignificantAirEmissionsTable" order="1.0" use="optional" />
    <link:loc xlink:type="locator" xlink:href="../core/gri_srs_core_2025-06-23.xsd#gri_CategoriesOfSignificantAirEmissionsAxis" xlink:label="loc_gri_CategoriesOfSignificantAirEmissionsAxis" />
    <link:presentationArc xlink:type="arc" xlink:arcrole="http://www.xbrl.org/2003/arcrole/parent-child" xlink:from="loc_gri_CategoriesOfSignificantAirEmissionsTable" xlink:to="loc_gri_CategoriesOfSignificantAirEmissionsAxis" order="1.0" use="optional" />
    <link:loc xlink:type="locator" xlink:href="../core/gri_srs_core_2025-06-23.xsd#gri_CategoriesOfSignificantAirEmissionsDomain" xlink:label="loc_gri_CategoriesOfSignificantAirEmissionsDomain" />
    <link:presentationArc xlink:type="arc" xlink:arcrole="http://www.xbrl.org/2003/arcrole/parent-child" xlink:from="loc_gri_CategoriesOfSignificantAirEmissionsAxis" xlink:to="loc_gri_CategoriesOfSignificantAirEmissionsDomain" order="1.0" use="optional" />
    <link:loc xlink:type="locator" xlink:href="../core/gri_srs_core_2025-06-23.xsd#gri_NitrogenOxidesNOxMember" xlink:label="loc_gri_NitrogenOxidesNOxMember" />
    <link:presentationArc xlink:type="arc" xlink:arcrole="http://www.xbrl.org/2003/arcrole/parent-child" xlink:from="loc_gri_CategoriesOfSignificantAirEmissionsDomain" xlink:to="loc_gri_NitrogenOxidesNOxMember" order="1.0" preferredLabel="http://www.xbrl.org/2003/role/terseLabel" use="optional" />
    <link:loc xlink:type="locator" xlink:href="../core/gri_srs_core_2025-06-23.xsd#gri_SulfurOxidesSOxMember" xlink:label="loc_gri_SulfurOxidesSOxMember" />
    <link:presentationArc xlink:type="arc" xlink:arcrole="http://www.xbrl.org/2003/arcrole/parent-child" xlink:from="loc_gri_CategoriesOfSignificantAirEmissionsDomain" xlink:to="loc_gri_SulfurOxidesSOxMember" order="2.0" preferredLabel="http://www.xbrl.org/2003/role/terseLabel" use="optional" />
    <link:loc xlink:type="locator" xlink:href="../core/gri_srs_core_2025-06-23.xsd#gri_PersistentOrganicPollutantsPOPMember" xlink:label="loc_gri_PersistentOrganicPollutantsPOPMember" />
    <link:presentationArc xlink:type="arc" xlink:arcrole="http://www.xbrl.org/2003/arcrole/parent-child" xlink:from="loc_gri_CategoriesOfSignificantAirEmissionsDomain" xlink:to="loc_gri_PersistentOrganicPollutantsPOPMember" order="3.0" preferredLabel="http://www.xbrl.org/2003/role/terseLabel" use="optional" />
    <link:loc xlink:type="locator" xlink:href="../core/gri_srs_core_2025-06-23.xsd#gri_VolatileOrganicCompoundsVOCMember" xlink:label="loc_gri_VolatileOrganicCompoundsVOCMember" />
    <link:presentationArc xlink:type="arc" xlink:arcrole="http://www.xbrl.org/2003/arcrole/parent-child" xlink:from="loc_gri_CategoriesOfSignificantAirEmissionsDomain" xlink:to="loc_gri_VolatileOrganicCompoundsVOCMember" order="4.0" preferredLabel="http://www.xbrl.org/2003/role/terseLabel" use="optional" />
    <link:loc xlink:type="locator" xlink:href="../core/gri_srs_core_2025-06-23.xsd#gri_HazardousAirPollutantsHAPMember" xlink:label="loc_gri_HazardousAirPollutantsHAPMember" />
    <link:presentationArc xlink:type="arc" xlink:arcrole="http://www.xbrl.org/2003/arcrole/parent-child" xlink:from="loc_gri_CategoriesOfSignificantAirEmissionsDomain" xlink:to="loc_gri_HazardousAirPollutantsHAPMember" order="5.0" preferredLabel="http://www.xbrl.org/2003/role/terseLabel" use="optional" />
    <link:loc xlink:type="locator" xlink:href="../core/gri_srs_core_2025-06-23.xsd#gri_ParticulateMatterPMMember" xlink:label="loc_gri_ParticulateMatterPMMember" />
    <link:presentationArc xlink:type="arc" xlink:arcrole="http://www.xbrl.org/2003/arcrole/parent-child" xlink:from="loc_gri_CategoriesOfSignificantAirEmissionsDomain" xlink:to="loc_gri_ParticulateMatterPMMember" order="6.0" preferredLabel="http://www.xbrl.org/2003/role/terseLabel" use="optional" />
    <link:loc xlink:type="locator" xlink:href="../core/gri_srs_core_2025-06-23.xsd#gri_OtherStandardCategoriesOfAirEmissionsIdentifiedInRelevantRegulationsMember" xlink:label="loc_gri_OtherStandardCategoriesOfAirEmissionsIdentifiedInRelevantRegulationsMember" />
    <link:presentationArc xlink:type="arc" xlink:arcrole="http://www.xbrl.org/2003/arcrole/parent-child" xlink:from="loc_gri_CategoriesOfSignificantAirEmissionsDomain" xlink:to="loc_gri_OtherStandardCategoriesOfAirEmissionsIdentifiedInRelevantRegulationsMember" order="7.0" preferredLabel="http://www.xbrl.org/2003/role/terseLabel" use="optional" />
    <link:loc xlink:type="locator" xlink:href="../core/gri_srs_core_2025-06-23.xsd#gri_CategoriesOfSignificantAirEmissionsLineItems" xlink:label="loc_gri_CategoriesOfSignificantAirEmissionsLineItems" />
    <link:presentationArc xlink:type="arc" xlink:arcrole="http://www.xbrl.org/2003/arcrole/parent-child" xlink:from="loc_gri_DisclosureOfNitrogenOxidesNOxSulfurOxidesSOxAndOtherSignificantAirEmissionsAbstract" xlink:to="loc_gri_CategoriesOfSignificantAirEmissionsLineItems" order="2.0" use="optional" />
    <link:loc xlink:type="locator" xlink:href="../core/gri_srs_core_2025-06-23.xsd#gri_SignificantAirEmissions" xlink:label="loc_gri_SignificantAirEmissions" />
    <link:presentationArc xlink:type="arc" xlink:arcrole="http://www.xbrl.org/2003/arcrole/parent-child" xlink:from="loc_gri_CategoriesOfSignificantAirEmissionsLineItems" xlink:to="loc_gri_SignificantAirEmissions" order="1.0" preferredLabel="http://www.xbrl.org/2003/role/verboseLabel" use="optional" />
    <link:loc xlink:type="locator" xlink:href="../core/gri_srs_core_2025-06-23.xsd#gri_ReasonForOmissionRelatedToSignificantAirEmissions" xlink:label="loc_gri_ReasonForOmissionRelatedToSignificantAirEmissions" />
    <link:presentationArc xlink:type="arc" xlink:arcrole="http://www.xbrl.org/2003/arcrole/parent-child" xlink:from="loc_gri_SignificantAirEmissions" xlink:to="loc_gri_ReasonForOmissionRelatedToSignificantAirEmissions" order="1.0" preferredLabel="http://www.xbrl.org/2003/role/verboseLabel" use="optional" />
    <link:loc xlink:type="locator" xlink:href="../core/gri_srs_core_2025-06-23.xsd#gri_ExplanationForReasonForOmissionRelatedToSignificantAirEmissionsTextBlock" xlink:label="loc_gri_ExplanationForReasonForOmissionRelatedToSignificantAirEmissionsTextBlock" />
    <link:presentationArc xlink:type="arc" xlink:arcrole="http://www.xbrl.org/2003/arcrole/parent-child" xlink:from="loc_gri_SignificantAirEmissions" xlink:to="loc_gri_ExplanationForReasonForOmissionRelatedToSignificantAirEmissionsTextBlock" order="2.0" preferredLabel="http://www.xbrl.org/2003/role/verboseLabel" use="optional" />
    <link:loc xlink:type="locator" xlink:href="../core/gri_srs_core_2025-06-23.xsd#gri_DescriptionOfSourceOfEmissionFactorsUsed3057TextBlock" xlink:label="loc_gri_DescriptionOfSourceOfEmissionFactorsUsed3057TextBlock" />
    <link:presentationArc xlink:type="arc" xlink:arcrole="http://www.xbrl.org/2003/arcrole/parent-child" xlink:from="loc_gri_DisclosureOfNitrogenOxidesNOxSulfurOxidesSOxAndOtherSignificantAirEmissionsAbstract" xlink:to="loc_gri_DescriptionOfSourceOfEmissionFactorsUsed3057TextBlock" order="3.0" preferredLabel="http://www.xbrl.org/2003/role/verboseLabel" use="optional" />
    <link:loc xlink:type="locator" xlink:href="../core/gri_srs_core_2025-06-23.xsd#gri_DescriptionOfStandardsMethodologiesAssumptionsAndOrCalculationToolsUsed3057TextBlock" xlink:label="loc_gri_DescriptionOfStandardsMethodologiesAssumptionsAndOrCalculationToolsUsed3057TextBlock" />
    <link:presentationArc xlink:type="arc" xlink:arcrole="http://www.xbrl.org/2003/arcrole/parent-child" xlink:from="loc_gri_DisclosureOfNitrogenOxidesNOxSulfurOxidesSOxAndOtherSignificantAirEmissionsAbstract" xlink:to="loc_gri_DescriptionOfStandardsMethodologiesAssumptionsAndOrCalculationToolsUsed3057TextBlock" order="4.0" preferredLabel="http://www.xbrl.org/2003/role/verboseLabel" use="optional" />
    <link:loc xlink:type="locator" xlink:href="../core/gri_srs_core_2025-06-23.xsd#gri_DescriptionOfBasisOfEstimationIfSignificantAirEmissionsAreCalculatedUsingEstimationApproachTextBlock" xlink:label="loc_gri_DescriptionOfBasisOfEstimationIfSignificantAirEmissionsAreCalculatedUsingEstimationApproachTextBlock" />
    <link:presentationArc xlink:type="arc" xlink:arcrole="http://www.xbrl.org/2003/arcrole/parent-child" xlink:from="loc_gri_DisclosureOfNitrogenOxidesNOxSulfurOxidesSOxAndOtherSignificantAirEmissionsAbstract" xlink:to="loc_gri_DescriptionOfBasisOfEstimationIfSignificantAirEmissionsAreCalculatedUsingEstimationApproachTextBlock" order="5.0" preferredLabel="http://www.xbrl.org/2003/role/verboseLabel" use="optional" />
  </link:presentationLink>
</link:linkbase>