﻿<?xml version="1.0" encoding="utf-8"?>
<!-- Generated by GRI Taxonomy Editor-->
<link:linkbase xsi:schemaLocation="http://www.xbrl.org/2003/linkbase http://www.xbrl.org/2003/xbrl-linkbase-2003-12-31.xsd http://www.xbrl.org/2003/instance http://www.xbrl.org/2003/xbrl-instance-2003-12-31.xsd http://www.w3.org/1999/xlink http://www.xbrl.org/2003/xlink-2003-12-31.xsd " xmlns:link="http://www.xbrl.org/2003/linkbase" xmlns:xbrli="http://www.xbrl.org/2003/instance" xmlns:xlink="http://www.w3.org/1999/xlink" xmlns:xsi="http://www.w3.org/2001/XMLSchema-instance">
  <!-- Role Ref -->
  <link:roleRef roleURI="https://taxonomy.globalreporting.org/gri-sustainability-taxonomy/gri_srs/gri_srs_role/role_gri_418" xlink:type="simple" xlink:href="role_gri_srs_2025-06-23.xsd#role_gri_418" />
  <link:presentationLink xlink:type="extended" xlink:role="https://taxonomy.globalreporting.org/gri-sustainability-taxonomy/gri_srs/gri_srs_role/role_gri_418">
    <link:loc xlink:type="locator" xlink:href="../core/gri_srs_core_2025-06-23.xsd#gri_DisclosureOfCustomerPrivacyAbstract" xlink:label="loc_gri_DisclosureOfCustomerPrivacyAbstract" />
    <link:loc xlink:type="locator" xlink:href="../core/gri_srs_core_2025-06-23.xsd#gri_DisclosureOfSubstantiatedComplaintsConcerningBreachesOfCustomerPrivacyAndLossesOfCustomerDataAbstract" xlink:label="loc_gri_DisclosureOfSubstantiatedComplaintsConcerningBreachesOfCustomerPrivacyAndLossesOfCustomerDataAbstract" />
    <link:presentationArc xlink:type="arc" xlink:arcrole="http://www.xbrl.org/2003/arcrole/parent-child" xlink:from="loc_gri_DisclosureOfCustomerPrivacyAbstract" xlink:to="loc_gri_DisclosureOfSubstantiatedComplaintsConcerningBreachesOfCustomerPrivacyAndLossesOfCustomerDataAbstract" order="1.0" preferredLabel="http://www.xbrl.org/2003/role/terseLabel" use="optional" />
    <link:loc xlink:type="locator" xlink:href="../core/gri_srs_core_2025-06-23.xsd#gri_SubstantiatedComplaintsConcerningBreachesOfCustomerPrivacyTable" xlink:label="loc_gri_SubstantiatedComplaintsConcerningBreachesOfCustomerPrivacyTable" />
    <link:presentationArc xlink:type="arc" xlink:arcrole="http://www.xbrl.org/2003/arcrole/parent-child" xlink:from="loc_gri_DisclosureOfSubstantiatedComplaintsConcerningBreachesOfCustomerPrivacyAndLossesOfCustomerDataAbstract" xlink:to="loc_gri_SubstantiatedComplaintsConcerningBreachesOfCustomerPrivacyTable" order="1.0" use="optional" />
    <link:loc xlink:type="locator" xlink:href="../core/gri_srs_core_2025-06-23.xsd#gri_TypeOfComplaintsAxis" xlink:label="loc_gri_TypeOfComplaintsAxis" />
    <link:presentationArc xlink:type="arc" xlink:arcrole="http://www.xbrl.org/2003/arcrole/parent-child" xlink:from="loc_gri_SubstantiatedComplaintsConcerningBreachesOfCustomerPrivacyTable" xlink:to="loc_gri_TypeOfComplaintsAxis" order="1.0" use="optional" />
    <link:loc xlink:type="locator" xlink:href="../core/gri_srs_core_2025-06-23.xsd#gri_TypeOfComplaintsDomain" xlink:label="loc_gri_TypeOfComplaintsDomain" />
    <link:presentationArc xlink:type="arc" xlink:arcrole="http://www.xbrl.org/2003/arcrole/parent-child" xlink:from="loc_gri_TypeOfComplaintsAxis" xlink:to="loc_gri_TypeOfComplaintsDomain" order="1.0" use="optional" />
    <link:loc xlink:type="locator" xlink:href="../core/gri_srs_core_2025-06-23.xsd#gri_ComplaintsReceivedFromOutsidePartiesAndSubstantiatedByOrganizationMember" xlink:label="loc_gri_ComplaintsReceivedFromOutsidePartiesAndSubstantiatedByOrganizationMember" />
    <link:presentationArc xlink:type="arc" xlink:arcrole="http://www.xbrl.org/2003/arcrole/parent-child" xlink:from="loc_gri_TypeOfComplaintsDomain" xlink:to="loc_gri_ComplaintsReceivedFromOutsidePartiesAndSubstantiatedByOrganizationMember" order="1.0" preferredLabel="http://www.xbrl.org/2003/role/terseLabel" use="optional" />
    <link:loc xlink:type="locator" xlink:href="../core/gri_srs_core_2025-06-23.xsd#gri_ComplaintsFromRegulatoryBodiesMember" xlink:label="loc_gri_ComplaintsFromRegulatoryBodiesMember" />
    <link:presentationArc xlink:type="arc" xlink:arcrole="http://www.xbrl.org/2003/arcrole/parent-child" xlink:from="loc_gri_TypeOfComplaintsDomain" xlink:to="loc_gri_ComplaintsFromRegulatoryBodiesMember" order="2.0" preferredLabel="http://www.xbrl.org/2003/role/terseLabel" use="optional" />
    <link:loc xlink:type="locator" xlink:href="../core/gri_srs_core_2025-06-23.xsd#gri_SubstantiatedComplaintsConcerningBreachesOfCustomerPrivacyLineItems" xlink:label="loc_gri_SubstantiatedComplaintsConcerningBreachesOfCustomerPrivacyLineItems" />
    <link:presentationArc xlink:type="arc" xlink:arcrole="http://www.xbrl.org/2003/arcrole/parent-child" xlink:from="loc_gri_DisclosureOfSubstantiatedComplaintsConcerningBreachesOfCustomerPrivacyAndLossesOfCustomerDataAbstract" xlink:to="loc_gri_SubstantiatedComplaintsConcerningBreachesOfCustomerPrivacyLineItems" order="2.0" use="optional" />
    <link:loc xlink:type="locator" xlink:href="../core/gri_srs_core_2025-06-23.xsd#gri_TotalNumberOfSubstantiatedComplaintsReceivedConcerningBreachesOfCustomerPrivacy" xlink:label="loc_gri_TotalNumberOfSubstantiatedComplaintsReceivedConcerningBreachesOfCustomerPrivacy" />
    <link:presentationArc xlink:type="arc" xlink:arcrole="http://www.xbrl.org/2003/arcrole/parent-child" xlink:from="loc_gri_SubstantiatedComplaintsConcerningBreachesOfCustomerPrivacyLineItems" xlink:to="loc_gri_TotalNumberOfSubstantiatedComplaintsReceivedConcerningBreachesOfCustomerPrivacy" order="1.0" preferredLabel="http://www.xbrl.org/2003/role/verboseLabel" use="optional" />
    <link:loc xlink:type="locator" xlink:href="../core/gri_srs_core_2025-06-23.xsd#gri_ReasonForOmissionRelatedToTotalNumberOfSubstantiatedComplaintsReceivedConcerningBreachesOfCustomerPrivacy" xlink:label="loc_gri_ReasonForOmissionRelatedToTotalNumberOfSubstantiatedComplaintsReceivedConcerningBreachesOfCustomerPrivacy" />
    <link:presentationArc xlink:type="arc" xlink:arcrole="http://www.xbrl.org/2003/arcrole/parent-child" xlink:from="loc_gri_TotalNumberOfSubstantiatedComplaintsReceivedConcerningBreachesOfCustomerPrivacy" xlink:to="loc_gri_ReasonForOmissionRelatedToTotalNumberOfSubstantiatedComplaintsReceivedConcerningBreachesOfCustomerPrivacy" order="1.0" preferredLabel="http://www.xbrl.org/2003/role/verboseLabel" use="optional" />
    <link:loc xlink:type="locator" xlink:href="../core/gri_srs_core_2025-06-23.xsd#gri_ExplanationForReasonForOmissionRelatedToTotalNumberOfSubstantiatedComplaintsReceivedConcerningBreachesOfCustomerPrivacyTextBlock" xlink:label="loc_gri_ExplanationForReasonForOmissionRelatedToTotalNumberOfSubstantiatedComplaintsReceivedConcerningBreachesOfCustomerPrivacyTextBlock" />
    <link:presentationArc xlink:type="arc" xlink:arcrole="http://www.xbrl.org/2003/arcrole/parent-child" xlink:from="loc_gri_TotalNumberOfSubstantiatedComplaintsReceivedConcerningBreachesOfCustomerPrivacy" xlink:to="loc_gri_ExplanationForReasonForOmissionRelatedToTotalNumberOfSubstantiatedComplaintsReceivedConcerningBreachesOfCustomerPrivacyTextBlock" order="2.0" preferredLabel="http://www.xbrl.org/2003/role/verboseLabel" use="optional" />
    <link:loc xlink:type="locator" xlink:href="../core/gri_srs_core_2025-06-23.xsd#gri_TotalNumberOfIdentifiedLeaksTheftsOrLossesOfCustomerData" xlink:label="loc_gri_TotalNumberOfIdentifiedLeaksTheftsOrLossesOfCustomerData" />
    <link:presentationArc xlink:type="arc" xlink:arcrole="http://www.xbrl.org/2003/arcrole/parent-child" xlink:from="loc_gri_DisclosureOfSubstantiatedComplaintsConcerningBreachesOfCustomerPrivacyAndLossesOfCustomerDataAbstract" xlink:to="loc_gri_TotalNumberOfIdentifiedLeaksTheftsOrLossesOfCustomerData" order="3.0" preferredLabel="http://www.xbrl.org/2003/role/verboseLabel" use="optional" />
    <link:loc xlink:type="locator" xlink:href="../core/gri_srs_core_2025-06-23.xsd#gri_StatementOfFactIfOrganizationHasNotIdentifiedAnySubstantiatedComplaints4181TextBlock" xlink:label="loc_gri_StatementOfFactIfOrganizationHasNotIdentifiedAnySubstantiatedComplaints4181TextBlock" />
    <link:presentationArc xlink:type="arc" xlink:arcrole="http://www.xbrl.org/2003/arcrole/parent-child" xlink:from="loc_gri_DisclosureOfSubstantiatedComplaintsConcerningBreachesOfCustomerPrivacyAndLossesOfCustomerDataAbstract" xlink:to="loc_gri_StatementOfFactIfOrganizationHasNotIdentifiedAnySubstantiatedComplaints4181TextBlock" order="4.0" preferredLabel="http://www.xbrl.org/2003/role/verboseLabel" use="optional" />
    <link:loc xlink:type="locator" xlink:href="../core/gri_srs_core_2025-06-23.xsd#gri_WhetherSubstantialNumberOfReportedBreachesOfCustomerPrivacyRelateToEventsInPrecedingYears" xlink:label="loc_gri_WhetherSubstantialNumberOfReportedBreachesOfCustomerPrivacyRelateToEventsInPrecedingYears" />
    <link:presentationArc xlink:type="arc" xlink:arcrole="http://www.xbrl.org/2003/arcrole/parent-child" xlink:from="loc_gri_DisclosureOfSubstantiatedComplaintsConcerningBreachesOfCustomerPrivacyAndLossesOfCustomerDataAbstract" xlink:to="loc_gri_WhetherSubstantialNumberOfReportedBreachesOfCustomerPrivacyRelateToEventsInPrecedingYears" order="5.0" preferredLabel="http://www.xbrl.org/2003/role/verboseLabel" use="optional" />
  </link:presentationLink>
</link:linkbase>