﻿<?xml version="1.0" encoding="utf-8"?>
<!-- Generated by GRI Taxonomy Editor-->
<link:linkbase xsi:schemaLocation="http://www.xbrl.org/2003/linkbase http://www.xbrl.org/2003/xbrl-linkbase-2003-12-31.xsd http://www.xbrl.org/2003/instance http://www.xbrl.org/2003/xbrl-instance-2003-12-31.xsd http://www.w3.org/1999/xlink http://www.xbrl.org/2003/xlink-2003-12-31.xsd " xmlns:link="http://www.xbrl.org/2003/linkbase" xmlns:xbrli="http://www.xbrl.org/2003/instance" xmlns:xlink="http://www.w3.org/1999/xlink" xmlns:xsi="http://www.w3.org/2001/XMLSchema-instance">
  <!-- Role Ref -->
  <link:roleRef roleURI="https://taxonomy.globalreporting.org/gri-sustainability-taxonomy/gri_srs/gri_srs_role/role_gri_3" xlink:type="simple" xlink:href="role_gri_srs_2025-06-23.xsd#role_gri_3" />
  <link:presentationLink xlink:type="extended" xlink:role="https://taxonomy.globalreporting.org/gri-sustainability-taxonomy/gri_srs/gri_srs_role/role_gri_3">
    <link:loc xlink:type="locator" xlink:href="../core/gri_srs_core_2025-06-23.xsd#gri_DisclosureOfMaterialTopicsAbstract" xlink:label="loc_gri_DisclosureOfMaterialTopicsAbstract" />
    <link:loc xlink:type="locator" xlink:href="../core/gri_srs_core_2025-06-23.xsd#gri_DisclosureOfProcessToDetermineMaterialTopicsAbstract" xlink:label="loc_gri_DisclosureOfProcessToDetermineMaterialTopicsAbstract" />
    <link:presentationArc xlink:type="arc" xlink:arcrole="http://www.xbrl.org/2003/arcrole/parent-child" xlink:from="loc_gri_DisclosureOfMaterialTopicsAbstract" xlink:to="loc_gri_DisclosureOfProcessToDetermineMaterialTopicsAbstract" order="1.0" preferredLabel="http://www.xbrl.org/2003/role/terseLabel" use="optional" />
    <link:loc xlink:type="locator" xlink:href="../core/gri_srs_core_2025-06-23.xsd#gri_DescriptionOfProcessToDetermineMaterialTopicsTextBlock" xlink:label="loc_gri_DescriptionOfProcessToDetermineMaterialTopicsTextBlock" />
    <link:presentationArc xlink:type="arc" xlink:arcrole="http://www.xbrl.org/2003/arcrole/parent-child" xlink:from="loc_gri_DisclosureOfProcessToDetermineMaterialTopicsAbstract" xlink:to="loc_gri_DescriptionOfProcessToDetermineMaterialTopicsTextBlock" order="1.0" preferredLabel="http://www.xbrl.org/2003/role/verboseLabel" use="optional" />
    <link:loc xlink:type="locator" xlink:href="../core/gri_srs_core_2025-06-23.xsd#gri_DescriptionOfHowImpactsHaveBeenIdentifiedAcrossOrganizationsActivitiesAndBusinessRelationshipsTextBlock" xlink:label="loc_gri_DescriptionOfHowImpactsHaveBeenIdentifiedAcrossOrganizationsActivitiesAndBusinessRelationshipsTextBlock" />
    <link:presentationArc xlink:type="arc" xlink:arcrole="http://www.xbrl.org/2003/arcrole/parent-child" xlink:from="loc_gri_DescriptionOfProcessToDetermineMaterialTopicsTextBlock" xlink:to="loc_gri_DescriptionOfHowImpactsHaveBeenIdentifiedAcrossOrganizationsActivitiesAndBusinessRelationshipsTextBlock" order="1.0" preferredLabel="http://www.xbrl.org/2003/role/verboseLabel" use="optional" />
    <link:loc xlink:type="locator" xlink:href="../core/gri_srs_core_2025-06-23.xsd#gri_DescriptionOfHowImpactsHaveBeenPrioritizedForReportingBasedOnTheirSignificanceTextBlock" xlink:label="loc_gri_DescriptionOfHowImpactsHaveBeenPrioritizedForReportingBasedOnTheirSignificanceTextBlock" />
    <link:presentationArc xlink:type="arc" xlink:arcrole="http://www.xbrl.org/2003/arcrole/parent-child" xlink:from="loc_gri_DescriptionOfProcessToDetermineMaterialTopicsTextBlock" xlink:to="loc_gri_DescriptionOfHowImpactsHaveBeenPrioritizedForReportingBasedOnTheirSignificanceTextBlock" order="2.0" preferredLabel="http://www.xbrl.org/2003/role/verboseLabel" use="optional" />
    <link:loc xlink:type="locator" xlink:href="../core/gri_srs_core_2025-06-23.xsd#gri_StakeholdersAndExpertsWhoseViewsHaveInformedProcessOfDeterminingMaterialTopicsTextBlock" xlink:label="loc_gri_StakeholdersAndExpertsWhoseViewsHaveInformedProcessOfDeterminingMaterialTopicsTextBlock" />
    <link:presentationArc xlink:type="arc" xlink:arcrole="http://www.xbrl.org/2003/arcrole/parent-child" xlink:from="loc_gri_DisclosureOfProcessToDetermineMaterialTopicsAbstract" xlink:to="loc_gri_StakeholdersAndExpertsWhoseViewsHaveInformedProcessOfDeterminingMaterialTopicsTextBlock" order="2.0" preferredLabel="http://www.xbrl.org/2003/role/verboseLabel" use="optional" />
    <link:loc xlink:type="locator" xlink:href="../core/gri_srs_core_2025-06-23.xsd#gri_DisclosureOfListOfMaterialTopicsAbstract" xlink:label="loc_gri_DisclosureOfListOfMaterialTopicsAbstract" />
    <link:presentationArc xlink:type="arc" xlink:arcrole="http://www.xbrl.org/2003/arcrole/parent-child" xlink:from="loc_gri_DisclosureOfMaterialTopicsAbstract" xlink:to="loc_gri_DisclosureOfListOfMaterialTopicsAbstract" order="2.0" preferredLabel="http://www.xbrl.org/2003/role/terseLabel" use="optional" />
    <link:loc xlink:type="locator" xlink:href="../core/gri_srs_core_2025-06-23.xsd#gri_MaterialTopicsTable" xlink:label="loc_gri_MaterialTopicsTable" />
    <link:presentationArc xlink:type="arc" xlink:arcrole="http://www.xbrl.org/2003/arcrole/parent-child" xlink:from="loc_gri_DisclosureOfListOfMaterialTopicsAbstract" xlink:to="loc_gri_MaterialTopicsTable" order="1.0" use="optional" />
    <link:loc xlink:type="locator" xlink:href="../core/gri_srs_core_2025-06-23.xsd#gri_MaterialTopicAxis" xlink:label="loc_gri_MaterialTopicAxis" />
    <link:presentationArc xlink:type="arc" xlink:arcrole="http://www.xbrl.org/2003/arcrole/parent-child" xlink:from="loc_gri_MaterialTopicsTable" xlink:to="loc_gri_MaterialTopicAxis" order="1.0" use="optional" />
    <link:loc xlink:type="locator" xlink:href="../core/gri_srs_core_2025-06-23.xsd#gri_MaterialTopicsLineItems" xlink:label="loc_gri_MaterialTopicsLineItems" />
    <link:presentationArc xlink:type="arc" xlink:arcrole="http://www.xbrl.org/2003/arcrole/parent-child" xlink:from="loc_gri_DisclosureOfListOfMaterialTopicsAbstract" xlink:to="loc_gri_MaterialTopicsLineItems" order="2.0" use="optional" />
    <link:loc xlink:type="locator" xlink:href="../core/gri_srs_core_2025-06-23.xsd#gri_ListOfLikelyMaterialTopicsForOilAndGasSector" xlink:label="loc_gri_ListOfLikelyMaterialTopicsForOilAndGasSector" />
    <link:presentationArc xlink:type="arc" xlink:arcrole="http://www.xbrl.org/2003/arcrole/parent-child" xlink:from="loc_gri_MaterialTopicsLineItems" xlink:to="loc_gri_ListOfLikelyMaterialTopicsForOilAndGasSector" order="1.0" preferredLabel="http://www.xbrl.org/2003/role/terseLabel" use="optional" />
    <link:loc xlink:type="locator" xlink:href="../core/gri_srs_core_2025-06-23.xsd#gri_ListOfLikelyMaterialTopicsForCoalSector" xlink:label="loc_gri_ListOfLikelyMaterialTopicsForCoalSector" />
    <link:presentationArc xlink:type="arc" xlink:arcrole="http://www.xbrl.org/2003/arcrole/parent-child" xlink:from="loc_gri_MaterialTopicsLineItems" xlink:to="loc_gri_ListOfLikelyMaterialTopicsForCoalSector" order="2.0" preferredLabel="http://www.xbrl.org/2003/role/terseLabel" use="optional" />
    <link:loc xlink:type="locator" xlink:href="../core/gri_srs_core_2025-06-23.xsd#gri_ListOfLikelyMaterialTopicsForAgricultureAquacultureAndFishingSectors" xlink:label="loc_gri_ListOfLikelyMaterialTopicsForAgricultureAquacultureAndFishingSectors" />
    <link:presentationArc xlink:type="arc" xlink:arcrole="http://www.xbrl.org/2003/arcrole/parent-child" xlink:from="loc_gri_MaterialTopicsLineItems" xlink:to="loc_gri_ListOfLikelyMaterialTopicsForAgricultureAquacultureAndFishingSectors" order="3.0" preferredLabel="http://www.xbrl.org/2003/role/terseLabel" use="optional" />
    <link:loc xlink:type="locator" xlink:href="../core/gri_srs_core_2025-06-23.xsd#gri_ListOfLikelyMaterialTopicsForMiningSector" xlink:label="loc_gri_ListOfLikelyMaterialTopicsForMiningSector" />
    <link:presentationArc xlink:type="arc" xlink:arcrole="http://www.xbrl.org/2003/arcrole/parent-child" xlink:from="loc_gri_MaterialTopicsLineItems" xlink:to="loc_gri_ListOfLikelyMaterialTopicsForMiningSector" order="4.0" preferredLabel="http://www.xbrl.org/2003/role/terseLabel" use="optional" />
    <link:loc xlink:type="locator" xlink:href="../core/gri_srs_core_2025-06-23.xsd#gri_ListOfDisclosuresApplicableForOilAndGasSector" xlink:label="loc_gri_ListOfDisclosuresApplicableForOilAndGasSector" />
    <link:presentationArc xlink:type="arc" xlink:arcrole="http://www.xbrl.org/2003/arcrole/parent-child" xlink:from="loc_gri_MaterialTopicsLineItems" xlink:to="loc_gri_ListOfDisclosuresApplicableForOilAndGasSector" order="5.0" preferredLabel="http://www.xbrl.org/2003/role/terseLabel" use="optional" />
    <link:loc xlink:type="locator" xlink:href="../core/gri_srs_core_2025-06-23.xsd#gri_ListOfDisclosuresApplicableForCoalSector" xlink:label="loc_gri_ListOfDisclosuresApplicableForCoalSector" />
    <link:presentationArc xlink:type="arc" xlink:arcrole="http://www.xbrl.org/2003/arcrole/parent-child" xlink:from="loc_gri_MaterialTopicsLineItems" xlink:to="loc_gri_ListOfDisclosuresApplicableForCoalSector" order="6.0" preferredLabel="http://www.xbrl.org/2003/role/terseLabel" use="optional" />
    <link:loc xlink:type="locator" xlink:href="../core/gri_srs_core_2025-06-23.xsd#gri_ListOfDisclosuresApplicableForAgricultureAquacultureAndFishingSectors" xlink:label="loc_gri_ListOfDisclosuresApplicableForAgricultureAquacultureAndFishingSectors" />
    <link:presentationArc xlink:type="arc" xlink:arcrole="http://www.xbrl.org/2003/arcrole/parent-child" xlink:from="loc_gri_MaterialTopicsLineItems" xlink:to="loc_gri_ListOfDisclosuresApplicableForAgricultureAquacultureAndFishingSectors" order="7.0" preferredLabel="http://www.xbrl.org/2003/role/terseLabel" use="optional" />
    <link:loc xlink:type="locator" xlink:href="../core/gri_srs_core_2025-06-23.xsd#gri_ListOfDisclosuresApplicableForMiningSector" xlink:label="loc_gri_ListOfDisclosuresApplicableForMiningSector" />
    <link:presentationArc xlink:type="arc" xlink:arcrole="http://www.xbrl.org/2003/arcrole/parent-child" xlink:from="loc_gri_MaterialTopicsLineItems" xlink:to="loc_gri_ListOfDisclosuresApplicableForMiningSector" order="8.0" preferredLabel="http://www.xbrl.org/2003/role/terseLabel" use="optional" />
    <link:loc xlink:type="locator" xlink:href="../core/gri_srs_core_2025-06-23.xsd#gri_ListOfApplicableDisclosures" xlink:label="loc_gri_ListOfApplicableDisclosures" />
    <link:presentationArc xlink:type="arc" xlink:arcrole="http://www.xbrl.org/2003/arcrole/parent-child" xlink:from="loc_gri_MaterialTopicsLineItems" xlink:to="loc_gri_ListOfApplicableDisclosures" order="9.0" preferredLabel="http://www.xbrl.org/2003/role/terseLabel" use="optional" />
    <link:loc xlink:type="locator" xlink:href="../core/gri_srs_core_2025-06-23.xsd#gri_DisclosureOfManagementOfMaterialTopicsAbstract" xlink:label="loc_gri_DisclosureOfManagementOfMaterialTopicsAbstract" />
    <link:presentationArc xlink:type="arc" xlink:arcrole="http://www.xbrl.org/2003/arcrole/parent-child" xlink:from="loc_gri_MaterialTopicsLineItems" xlink:to="loc_gri_DisclosureOfManagementOfMaterialTopicsAbstract" order="10.0" preferredLabel="http://www.xbrl.org/2003/role/terseLabel" use="optional" />
    <link:loc xlink:type="locator" xlink:href="../core/gri_srs_core_2025-06-23.xsd#gri_ReasonForOmissionOfDisclosure" xlink:label="loc_gri_ReasonForOmissionOfDisclosure" />
    <link:presentationArc xlink:type="arc" xlink:arcrole="http://www.xbrl.org/2003/arcrole/parent-child" xlink:from="loc_gri_DisclosureOfManagementOfMaterialTopicsAbstract" xlink:to="loc_gri_ReasonForOmissionOfDisclosure" order="1.0" preferredLabel="http://www.xbrl.org/2003/role/verboseLabel" use="optional" />
    <link:loc xlink:type="locator" xlink:href="../core/gri_srs_core_2025-06-23.xsd#gri_ExplanationForReasonForOmissionOfDisclosureTextBlock" xlink:label="loc_gri_ExplanationForReasonForOmissionOfDisclosureTextBlock" />
    <link:presentationArc xlink:type="arc" xlink:arcrole="http://www.xbrl.org/2003/arcrole/parent-child" xlink:from="loc_gri_DisclosureOfManagementOfMaterialTopicsAbstract" xlink:to="loc_gri_ExplanationForReasonForOmissionOfDisclosureTextBlock" order="2.0" preferredLabel="http://www.xbrl.org/2003/role/verboseLabel" use="optional" />
    <link:loc xlink:type="locator" xlink:href="../core/gri_srs_core_2025-06-23.xsd#gri_DescriptionOfActualAndPotentialNegativeAndPositiveImpactsOnEconomyEnvironmentAndPeopleIncludingImpactsOnTheirHumanRightsTextBlock" xlink:label="loc_gri_DescriptionOfActualAndPotentialNegativeAndPositiveImpactsOnEconomyEnvironmentAndPeopleIncludingImpactsOnTheirHumanRightsTextBlock" />
    <link:presentationArc xlink:type="arc" xlink:arcrole="http://www.xbrl.org/2003/arcrole/parent-child" xlink:from="loc_gri_DisclosureOfManagementOfMaterialTopicsAbstract" xlink:to="loc_gri_DescriptionOfActualAndPotentialNegativeAndPositiveImpactsOnEconomyEnvironmentAndPeopleIncludingImpactsOnTheirHumanRightsTextBlock" order="3.0" preferredLabel="http://www.xbrl.org/2003/role/verboseLabel" use="optional" />
    <link:loc xlink:type="locator" xlink:href="../core/gri_srs_core_2025-06-23.xsd#gri_ReasonForOmissionRelatedToActualAndPotentialNegativeAndPositiveImpactsOnEconomyEnvironmentAndPeopleIncludingImpactsOnTheirHumanRights" xlink:label="loc_gri_ReasonForOmissionRelatedToActualAndPotentialNegativeAndPositiveImpactsOnEconomyEnvironmentAndPeopleIncludingImpactsOnTheirHumanRights" />
    <link:presentationArc xlink:type="arc" xlink:arcrole="http://www.xbrl.org/2003/arcrole/parent-child" xlink:from="loc_gri_DescriptionOfActualAndPotentialNegativeAndPositiveImpactsOnEconomyEnvironmentAndPeopleIncludingImpactsOnTheirHumanRightsTextBlock" xlink:to="loc_gri_ReasonForOmissionRelatedToActualAndPotentialNegativeAndPositiveImpactsOnEconomyEnvironmentAndPeopleIncludingImpactsOnTheirHumanRights" order="1.0" preferredLabel="http://www.xbrl.org/2003/role/verboseLabel" use="optional" />
    <link:loc xlink:type="locator" xlink:href="../core/gri_srs_core_2025-06-23.xsd#gri_ExplanationForReasonForOmissionRelatedToActualAndPotentialNegativeAndPositiveImpactsOnEconomyEnvironmentAndPeopleIncludingImpactsOnTheirHumanRightsTextBlock" xlink:label="loc_gri_ExplanationForReasonForOmissionRelatedToActualAndPotentialNegativeAndPositiveImpactsOnEconomyEnvironmentAndPeopleIncludingImpactsOnTheirHumanRightsTextBlock" />
    <link:presentationArc xlink:type="arc" xlink:arcrole="http://www.xbrl.org/2003/arcrole/parent-child" xlink:from="loc_gri_DescriptionOfActualAndPotentialNegativeAndPositiveImpactsOnEconomyEnvironmentAndPeopleIncludingImpactsOnTheirHumanRightsTextBlock" xlink:to="loc_gri_ExplanationForReasonForOmissionRelatedToActualAndPotentialNegativeAndPositiveImpactsOnEconomyEnvironmentAndPeopleIncludingImpactsOnTheirHumanRightsTextBlock" order="2.0" preferredLabel="http://www.xbrl.org/2003/role/verboseLabel" use="optional" />
    <link:loc xlink:type="locator" xlink:href="../core/gri_srs_core_2025-06-23.xsd#gri_WhetherOrganizationIsInvolvedWithNegativeImpactsThroughActivitiesOrAsResultOfBusinessRelationships" xlink:label="loc_gri_WhetherOrganizationIsInvolvedWithNegativeImpactsThroughActivitiesOrAsResultOfBusinessRelationships" />
    <link:presentationArc xlink:type="arc" xlink:arcrole="http://www.xbrl.org/2003/arcrole/parent-child" xlink:from="loc_gri_DisclosureOfManagementOfMaterialTopicsAbstract" xlink:to="loc_gri_WhetherOrganizationIsInvolvedWithNegativeImpactsThroughActivitiesOrAsResultOfBusinessRelationships" order="4.0" preferredLabel="http://www.xbrl.org/2003/role/verboseLabel" use="optional" />
    <link:loc xlink:type="locator" xlink:href="../core/gri_srs_core_2025-06-23.xsd#gri_ReasonForOmissionRelatedToWhetherOrganizationIsInvolvedWithNegativeImpactsThroughActivitiesOrAsResultOfBusinessRelationships" xlink:label="loc_gri_ReasonForOmissionRelatedToWhetherOrganizationIsInvolvedWithNegativeImpactsThroughActivitiesOrAsResultOfBusinessRelationships" />
    <link:presentationArc xlink:type="arc" xlink:arcrole="http://www.xbrl.org/2003/arcrole/parent-child" xlink:from="loc_gri_WhetherOrganizationIsInvolvedWithNegativeImpactsThroughActivitiesOrAsResultOfBusinessRelationships" xlink:to="loc_gri_ReasonForOmissionRelatedToWhetherOrganizationIsInvolvedWithNegativeImpactsThroughActivitiesOrAsResultOfBusinessRelationships" order="1.0" preferredLabel="http://www.xbrl.org/2003/role/verboseLabel" use="optional" />
    <link:loc xlink:type="locator" xlink:href="../core/gri_srs_core_2025-06-23.xsd#gri_ExplanationForReasonForOmissionRelatedToWhetherOrganizationIsInvolvedWithNegativeImpactsThroughActivitiesOrAsResultOfBusinessRelationshipsTextBlock" xlink:label="loc_gri_ExplanationForReasonForOmissionRelatedToWhetherOrganizationIsInvolvedWithNegativeImpactsThroughActivitiesOrAsResultOfBusinessRelationshipsTextBlock" />
    <link:presentationArc xlink:type="arc" xlink:arcrole="http://www.xbrl.org/2003/arcrole/parent-child" xlink:from="loc_gri_WhetherOrganizationIsInvolvedWithNegativeImpactsThroughActivitiesOrAsResultOfBusinessRelationships" xlink:to="loc_gri_ExplanationForReasonForOmissionRelatedToWhetherOrganizationIsInvolvedWithNegativeImpactsThroughActivitiesOrAsResultOfBusinessRelationshipsTextBlock" order="2.0" preferredLabel="http://www.xbrl.org/2003/role/verboseLabel" use="optional" />
    <link:loc xlink:type="locator" xlink:href="../core/gri_srs_core_2025-06-23.xsd#gri_DescriptionOfActivitiesWhereOrganizationIsInvolvedWithNegativeImpactTextBlock" xlink:label="loc_gri_DescriptionOfActivitiesWhereOrganizationIsInvolvedWithNegativeImpactTextBlock" />
    <link:presentationArc xlink:type="arc" xlink:arcrole="http://www.xbrl.org/2003/arcrole/parent-child" xlink:from="loc_gri_DisclosureOfManagementOfMaterialTopicsAbstract" xlink:to="loc_gri_DescriptionOfActivitiesWhereOrganizationIsInvolvedWithNegativeImpactTextBlock" order="5.0" preferredLabel="http://www.xbrl.org/2003/role/verboseLabel" use="optional" />
    <link:loc xlink:type="locator" xlink:href="../core/gri_srs_core_2025-06-23.xsd#gri_ReasonForOmissionRelatedToDescriptionOfActivitiesWhereOrganizationIsInvolvedWithNegativeImpact" xlink:label="loc_gri_ReasonForOmissionRelatedToDescriptionOfActivitiesWhereOrganizationIsInvolvedWithNegativeImpact" />
    <link:presentationArc xlink:type="arc" xlink:arcrole="http://www.xbrl.org/2003/arcrole/parent-child" xlink:from="loc_gri_DescriptionOfActivitiesWhereOrganizationIsInvolvedWithNegativeImpactTextBlock" xlink:to="loc_gri_ReasonForOmissionRelatedToDescriptionOfActivitiesWhereOrganizationIsInvolvedWithNegativeImpact" order="1.0" preferredLabel="http://www.xbrl.org/2003/role/verboseLabel" use="optional" />
    <link:loc xlink:type="locator" xlink:href="../core/gri_srs_core_2025-06-23.xsd#gri_ExplanationForReasonForOmissionRelatedToDescriptionOfActivitiesWhereOrganizationIsInvolvedWithNegativeImpactTextBlock" xlink:label="loc_gri_ExplanationForReasonForOmissionRelatedToDescriptionOfActivitiesWhereOrganizationIsInvolvedWithNegativeImpactTextBlock" />
    <link:presentationArc xlink:type="arc" xlink:arcrole="http://www.xbrl.org/2003/arcrole/parent-child" xlink:from="loc_gri_DescriptionOfActivitiesWhereOrganizationIsInvolvedWithNegativeImpactTextBlock" xlink:to="loc_gri_ExplanationForReasonForOmissionRelatedToDescriptionOfActivitiesWhereOrganizationIsInvolvedWithNegativeImpactTextBlock" order="2.0" preferredLabel="http://www.xbrl.org/2003/role/verboseLabel" use="optional" />
    <link:loc xlink:type="locator" xlink:href="../core/gri_srs_core_2025-06-23.xsd#gri_DescriptionOfBusinessRelationshipWhereOrganizationIsInvolvedWithNegativeImpactTextBlock" xlink:label="loc_gri_DescriptionOfBusinessRelationshipWhereOrganizationIsInvolvedWithNegativeImpactTextBlock" />
    <link:presentationArc xlink:type="arc" xlink:arcrole="http://www.xbrl.org/2003/arcrole/parent-child" xlink:from="loc_gri_DisclosureOfManagementOfMaterialTopicsAbstract" xlink:to="loc_gri_DescriptionOfBusinessRelationshipWhereOrganizationIsInvolvedWithNegativeImpactTextBlock" order="6.0" preferredLabel="http://www.xbrl.org/2003/role/verboseLabel" use="optional" />
    <link:loc xlink:type="locator" xlink:href="../core/gri_srs_core_2025-06-23.xsd#gri_ReasonForOmissionRelatedToDescriptionOfBusinessRelationshipWhereOrganizationIsInvolvedWithNegativeImpact" xlink:label="loc_gri_ReasonForOmissionRelatedToDescriptionOfBusinessRelationshipWhereOrganizationIsInvolvedWithNegativeImpact" />
    <link:presentationArc xlink:type="arc" xlink:arcrole="http://www.xbrl.org/2003/arcrole/parent-child" xlink:from="loc_gri_DescriptionOfBusinessRelationshipWhereOrganizationIsInvolvedWithNegativeImpactTextBlock" xlink:to="loc_gri_ReasonForOmissionRelatedToDescriptionOfBusinessRelationshipWhereOrganizationIsInvolvedWithNegativeImpact" order="1.0" preferredLabel="http://www.xbrl.org/2003/role/verboseLabel" use="optional" />
    <link:loc xlink:type="locator" xlink:href="../core/gri_srs_core_2025-06-23.xsd#gri_ExplanationForReasonForOmissionRelatedToDescriptionOfBusinessRelationshipWhereOrganizationIsInvolvedWithNegativeImpactTextBlock" xlink:label="loc_gri_ExplanationForReasonForOmissionRelatedToDescriptionOfBusinessRelationshipWhereOrganizationIsInvolvedWithNegativeImpactTextBlock" />
    <link:presentationArc xlink:type="arc" xlink:arcrole="http://www.xbrl.org/2003/arcrole/parent-child" xlink:from="loc_gri_DescriptionOfBusinessRelationshipWhereOrganizationIsInvolvedWithNegativeImpactTextBlock" xlink:to="loc_gri_ExplanationForReasonForOmissionRelatedToDescriptionOfBusinessRelationshipWhereOrganizationIsInvolvedWithNegativeImpactTextBlock" order="2.0" preferredLabel="http://www.xbrl.org/2003/role/verboseLabel" use="optional" />
    <link:loc xlink:type="locator" xlink:href="../core/gri_srs_core_2025-06-23.xsd#gri_DescriptionOfOrganizationPoliciesOrCommitmentsRegardingMaterialTopicsTextBlock" xlink:label="loc_gri_DescriptionOfOrganizationPoliciesOrCommitmentsRegardingMaterialTopicsTextBlock" />
    <link:presentationArc xlink:type="arc" xlink:arcrole="http://www.xbrl.org/2003/arcrole/parent-child" xlink:from="loc_gri_DisclosureOfManagementOfMaterialTopicsAbstract" xlink:to="loc_gri_DescriptionOfOrganizationPoliciesOrCommitmentsRegardingMaterialTopicsTextBlock" order="7.0" preferredLabel="http://www.xbrl.org/2003/role/verboseLabel" use="optional" />
    <link:loc xlink:type="locator" xlink:href="../core/gri_srs_core_2025-06-23.xsd#gri_ReasonForOmissionRelatedToOrganizationPoliciesOrCommitmentsRegardingMaterialTopics" xlink:label="loc_gri_ReasonForOmissionRelatedToOrganizationPoliciesOrCommitmentsRegardingMaterialTopics" />
    <link:presentationArc xlink:type="arc" xlink:arcrole="http://www.xbrl.org/2003/arcrole/parent-child" xlink:from="loc_gri_DescriptionOfOrganizationPoliciesOrCommitmentsRegardingMaterialTopicsTextBlock" xlink:to="loc_gri_ReasonForOmissionRelatedToOrganizationPoliciesOrCommitmentsRegardingMaterialTopics" order="1.0" preferredLabel="http://www.xbrl.org/2003/role/verboseLabel" use="optional" />
    <link:loc xlink:type="locator" xlink:href="../core/gri_srs_core_2025-06-23.xsd#gri_ExplanationForReasonForOmissionRelatedToOrganizationPoliciesOrCommitmentsRegardingMaterialTopicsTextBlock" xlink:label="loc_gri_ExplanationForReasonForOmissionRelatedToOrganizationPoliciesOrCommitmentsRegardingMaterialTopicsTextBlock" />
    <link:presentationArc xlink:type="arc" xlink:arcrole="http://www.xbrl.org/2003/arcrole/parent-child" xlink:from="loc_gri_DescriptionOfOrganizationPoliciesOrCommitmentsRegardingMaterialTopicsTextBlock" xlink:to="loc_gri_ExplanationForReasonForOmissionRelatedToOrganizationPoliciesOrCommitmentsRegardingMaterialTopicsTextBlock" order="2.0" preferredLabel="http://www.xbrl.org/2003/role/verboseLabel" use="optional" />
    <link:loc xlink:type="locator" xlink:href="../core/gri_srs_core_2025-06-23.xsd#gri_DescriptionOfOrganizationActionTakenToManageTopicAndRelatedImpactTextBlock" xlink:label="loc_gri_DescriptionOfOrganizationActionTakenToManageTopicAndRelatedImpactTextBlock" />
    <link:presentationArc xlink:type="arc" xlink:arcrole="http://www.xbrl.org/2003/arcrole/parent-child" xlink:from="loc_gri_DisclosureOfManagementOfMaterialTopicsAbstract" xlink:to="loc_gri_DescriptionOfOrganizationActionTakenToManageTopicAndRelatedImpactTextBlock" order="8.0" preferredLabel="http://www.xbrl.org/2003/role/verboseLabel" use="optional" />
    <link:loc xlink:type="locator" xlink:href="../core/gri_srs_core_2025-06-23.xsd#gri_ReasonForOmissionRelatedToActionsTakenToManageMaterialTopicsAndRelatedImpacts" xlink:label="loc_gri_ReasonForOmissionRelatedToActionsTakenToManageMaterialTopicsAndRelatedImpacts" />
    <link:presentationArc xlink:type="arc" xlink:arcrole="http://www.xbrl.org/2003/arcrole/parent-child" xlink:from="loc_gri_DescriptionOfOrganizationActionTakenToManageTopicAndRelatedImpactTextBlock" xlink:to="loc_gri_ReasonForOmissionRelatedToActionsTakenToManageMaterialTopicsAndRelatedImpacts" order="1.0" preferredLabel="http://www.xbrl.org/2003/role/verboseLabel" use="optional" />
    <link:loc xlink:type="locator" xlink:href="../core/gri_srs_core_2025-06-23.xsd#gri_ExplanationForReasonForOmissionRelatedToActionsTakenToManageMaterialTopicsAndRelatedImpactsTextBlock" xlink:label="loc_gri_ExplanationForReasonForOmissionRelatedToActionsTakenToManageMaterialTopicsAndRelatedImpactsTextBlock" />
    <link:presentationArc xlink:type="arc" xlink:arcrole="http://www.xbrl.org/2003/arcrole/parent-child" xlink:from="loc_gri_DescriptionOfOrganizationActionTakenToManageTopicAndRelatedImpactTextBlock" xlink:to="loc_gri_ExplanationForReasonForOmissionRelatedToActionsTakenToManageMaterialTopicsAndRelatedImpactsTextBlock" order="2.0" preferredLabel="http://www.xbrl.org/2003/role/verboseLabel" use="optional" />
    <link:loc xlink:type="locator" xlink:href="../core/gri_srs_core_2025-06-23.xsd#gri_DescriptionOfOrganizationActionsToPreventOrMitigatePotentialNegativeImpactTextBlock" xlink:label="loc_gri_DescriptionOfOrganizationActionsToPreventOrMitigatePotentialNegativeImpactTextBlock" />
    <link:presentationArc xlink:type="arc" xlink:arcrole="http://www.xbrl.org/2003/arcrole/parent-child" xlink:from="loc_gri_DescriptionOfOrganizationActionTakenToManageTopicAndRelatedImpactTextBlock" xlink:to="loc_gri_DescriptionOfOrganizationActionsToPreventOrMitigatePotentialNegativeImpactTextBlock" order="3.0" preferredLabel="http://www.xbrl.org/2003/role/verboseLabel" use="optional" />
    <link:loc xlink:type="locator" xlink:href="../core/gri_srs_core_2025-06-23.xsd#gri_ReasonForOmissionRelatedToDescriptionOfOrganizationActionsToPreventOrMitigatePotentialNegativeImpact" xlink:label="loc_gri_ReasonForOmissionRelatedToDescriptionOfOrganizationActionsToPreventOrMitigatePotentialNegativeImpact" />
    <link:presentationArc xlink:type="arc" xlink:arcrole="http://www.xbrl.org/2003/arcrole/parent-child" xlink:from="loc_gri_DescriptionOfOrganizationActionsToPreventOrMitigatePotentialNegativeImpactTextBlock" xlink:to="loc_gri_ReasonForOmissionRelatedToDescriptionOfOrganizationActionsToPreventOrMitigatePotentialNegativeImpact" order="1.0" preferredLabel="http://www.xbrl.org/2003/role/verboseLabel" use="optional" />
    <link:loc xlink:type="locator" xlink:href="../core/gri_srs_core_2025-06-23.xsd#gri_ExplanationForReasonForOmissionRelatedToDescriptionOfOrganizationActionsToPreventOrMitigatePotentialNegativeImpactTextBlock" xlink:label="loc_gri_ExplanationForReasonForOmissionRelatedToDescriptionOfOrganizationActionsToPreventOrMitigatePotentialNegativeImpactTextBlock" />
    <link:presentationArc xlink:type="arc" xlink:arcrole="http://www.xbrl.org/2003/arcrole/parent-child" xlink:from="loc_gri_DescriptionOfOrganizationActionsToPreventOrMitigatePotentialNegativeImpactTextBlock" xlink:to="loc_gri_ExplanationForReasonForOmissionRelatedToDescriptionOfOrganizationActionsToPreventOrMitigatePotentialNegativeImpactTextBlock" order="2.0" preferredLabel="http://www.xbrl.org/2003/role/verboseLabel" use="optional" />
    <link:loc xlink:type="locator" xlink:href="../core/gri_srs_core_2025-06-23.xsd#gri_DescriptionOfOrganizationActionsTakenToAddressActualNegativeImpactTextBlock" xlink:label="loc_gri_DescriptionOfOrganizationActionsTakenToAddressActualNegativeImpactTextBlock" />
    <link:presentationArc xlink:type="arc" xlink:arcrole="http://www.xbrl.org/2003/arcrole/parent-child" xlink:from="loc_gri_DescriptionOfOrganizationActionTakenToManageTopicAndRelatedImpactTextBlock" xlink:to="loc_gri_DescriptionOfOrganizationActionsTakenToAddressActualNegativeImpactTextBlock" order="4.0" preferredLabel="http://www.xbrl.org/2003/role/verboseLabel" use="optional" />
    <link:loc xlink:type="locator" xlink:href="../core/gri_srs_core_2025-06-23.xsd#gri_ReasonForOmissionRelatedToDescriptionOfOrganizationActionsTakenToAddressActualNegativeImpact" xlink:label="loc_gri_ReasonForOmissionRelatedToDescriptionOfOrganizationActionsTakenToAddressActualNegativeImpact" />
    <link:presentationArc xlink:type="arc" xlink:arcrole="http://www.xbrl.org/2003/arcrole/parent-child" xlink:from="loc_gri_DescriptionOfOrganizationActionsTakenToAddressActualNegativeImpactTextBlock" xlink:to="loc_gri_ReasonForOmissionRelatedToDescriptionOfOrganizationActionsTakenToAddressActualNegativeImpact" order="1.0" preferredLabel="http://www.xbrl.org/2003/role/verboseLabel" use="optional" />
    <link:loc xlink:type="locator" xlink:href="../core/gri_srs_core_2025-06-23.xsd#gri_ExplanationForReasonForOmissionRelatedToDescriptionOfOrganizationActionsTakenToAddressActualNegativeImpactTextBlock" xlink:label="loc_gri_ExplanationForReasonForOmissionRelatedToDescriptionOfOrganizationActionsTakenToAddressActualNegativeImpactTextBlock" />
    <link:presentationArc xlink:type="arc" xlink:arcrole="http://www.xbrl.org/2003/arcrole/parent-child" xlink:from="loc_gri_DescriptionOfOrganizationActionsTakenToAddressActualNegativeImpactTextBlock" xlink:to="loc_gri_ExplanationForReasonForOmissionRelatedToDescriptionOfOrganizationActionsTakenToAddressActualNegativeImpactTextBlock" order="2.0" preferredLabel="http://www.xbrl.org/2003/role/verboseLabel" use="optional" />
    <link:loc xlink:type="locator" xlink:href="../core/gri_srs_core_2025-06-23.xsd#gri_DescriptionOfOrganizationActionsToProvideForOrCooperateInRemediationOfActualNegativeImpactTextBlock" xlink:label="loc_gri_DescriptionOfOrganizationActionsToProvideForOrCooperateInRemediationOfActualNegativeImpactTextBlock" />
    <link:presentationArc xlink:type="arc" xlink:arcrole="http://www.xbrl.org/2003/arcrole/parent-child" xlink:from="loc_gri_DescriptionOfOrganizationActionTakenToManageTopicAndRelatedImpactTextBlock" xlink:to="loc_gri_DescriptionOfOrganizationActionsToProvideForOrCooperateInRemediationOfActualNegativeImpactTextBlock" order="5.0" preferredLabel="http://www.xbrl.org/2003/role/verboseLabel" use="optional" />
    <link:loc xlink:type="locator" xlink:href="../core/gri_srs_core_2025-06-23.xsd#gri_ReasonForOmissionRelatedToDescriptionOfOrganizationActionsToProvideForOrCooperateInRemediationOfActualNegativeImpact" xlink:label="loc_gri_ReasonForOmissionRelatedToDescriptionOfOrganizationActionsToProvideForOrCooperateInRemediationOfActualNegativeImpact" />
    <link:presentationArc xlink:type="arc" xlink:arcrole="http://www.xbrl.org/2003/arcrole/parent-child" xlink:from="loc_gri_DescriptionOfOrganizationActionsToProvideForOrCooperateInRemediationOfActualNegativeImpactTextBlock" xlink:to="loc_gri_ReasonForOmissionRelatedToDescriptionOfOrganizationActionsToProvideForOrCooperateInRemediationOfActualNegativeImpact" order="1.0" preferredLabel="http://www.xbrl.org/2003/role/verboseLabel" use="optional" />
    <link:loc xlink:type="locator" xlink:href="../core/gri_srs_core_2025-06-23.xsd#gri_ExplanationForReasonForOmissionRelatedToDescriptionOfOrganizationActionsToProvideForOrCooperateInRemediationOfActualNegativeImpactTextBlock" xlink:label="loc_gri_ExplanationForReasonForOmissionRelatedToDescriptionOfOrganizationActionsToProvideForOrCooperateInRemediationOfActualNegativeImpactTextBlock" />
    <link:presentationArc xlink:type="arc" xlink:arcrole="http://www.xbrl.org/2003/arcrole/parent-child" xlink:from="loc_gri_DescriptionOfOrganizationActionsToProvideForOrCooperateInRemediationOfActualNegativeImpactTextBlock" xlink:to="loc_gri_ExplanationForReasonForOmissionRelatedToDescriptionOfOrganizationActionsToProvideForOrCooperateInRemediationOfActualNegativeImpactTextBlock" order="2.0" preferredLabel="http://www.xbrl.org/2003/role/verboseLabel" use="optional" />
    <link:loc xlink:type="locator" xlink:href="../core/gri_srs_core_2025-06-23.xsd#gri_DescriptionOfOrganizationActionsToManagePositiveImpactTextBlock" xlink:label="loc_gri_DescriptionOfOrganizationActionsToManagePositiveImpactTextBlock" />
    <link:presentationArc xlink:type="arc" xlink:arcrole="http://www.xbrl.org/2003/arcrole/parent-child" xlink:from="loc_gri_DescriptionOfOrganizationActionTakenToManageTopicAndRelatedImpactTextBlock" xlink:to="loc_gri_DescriptionOfOrganizationActionsToManagePositiveImpactTextBlock" order="6.0" preferredLabel="http://www.xbrl.org/2003/role/verboseLabel" use="optional" />
    <link:loc xlink:type="locator" xlink:href="../core/gri_srs_core_2025-06-23.xsd#gri_ReasonForOmissionRelatedToDescriptionOfOrganizationActionsToManagePositiveImpact" xlink:label="loc_gri_ReasonForOmissionRelatedToDescriptionOfOrganizationActionsToManagePositiveImpact" />
    <link:presentationArc xlink:type="arc" xlink:arcrole="http://www.xbrl.org/2003/arcrole/parent-child" xlink:from="loc_gri_DescriptionOfOrganizationActionsToManagePositiveImpactTextBlock" xlink:to="loc_gri_ReasonForOmissionRelatedToDescriptionOfOrganizationActionsToManagePositiveImpact" order="1.0" preferredLabel="http://www.xbrl.org/2003/role/verboseLabel" use="optional" />
    <link:loc xlink:type="locator" xlink:href="../core/gri_srs_core_2025-06-23.xsd#gri_ExplanationForReasonForOmissionRelatedToDescriptionOfOrganizationActionsToManagePositiveImpactTextBlock" xlink:label="loc_gri_ExplanationForReasonForOmissionRelatedToDescriptionOfOrganizationActionsToManagePositiveImpactTextBlock" />
    <link:presentationArc xlink:type="arc" xlink:arcrole="http://www.xbrl.org/2003/arcrole/parent-child" xlink:from="loc_gri_DescriptionOfOrganizationActionsToManagePositiveImpactTextBlock" xlink:to="loc_gri_ExplanationForReasonForOmissionRelatedToDescriptionOfOrganizationActionsToManagePositiveImpactTextBlock" order="2.0" preferredLabel="http://www.xbrl.org/2003/role/verboseLabel" use="optional" />
    <link:loc xlink:type="locator" xlink:href="../core/gri_srs_core_2025-06-23.xsd#gri_DescriptionOfProcessesUsedToTrackEffectivenessOfActionsTextBlock" xlink:label="loc_gri_DescriptionOfProcessesUsedToTrackEffectivenessOfActionsTextBlock" />
    <link:presentationArc xlink:type="arc" xlink:arcrole="http://www.xbrl.org/2003/arcrole/parent-child" xlink:from="loc_gri_DisclosureOfManagementOfMaterialTopicsAbstract" xlink:to="loc_gri_DescriptionOfProcessesUsedToTrackEffectivenessOfActionsTextBlock" order="9.0" preferredLabel="http://www.xbrl.org/2003/role/verboseLabel" use="optional" />
    <link:loc xlink:type="locator" xlink:href="../core/gri_srs_core_2025-06-23.xsd#gri_ReasonForOmissionOnHowActionsTakenToManageMaterialTopicsAndRelatedImpactsAreEffectivelyTracked" xlink:label="loc_gri_ReasonForOmissionOnHowActionsTakenToManageMaterialTopicsAndRelatedImpactsAreEffectivelyTracked" />
    <link:presentationArc xlink:type="arc" xlink:arcrole="http://www.xbrl.org/2003/arcrole/parent-child" xlink:from="loc_gri_DescriptionOfProcessesUsedToTrackEffectivenessOfActionsTextBlock" xlink:to="loc_gri_ReasonForOmissionOnHowActionsTakenToManageMaterialTopicsAndRelatedImpactsAreEffectivelyTracked" order="1.0" preferredLabel="http://www.xbrl.org/2003/role/verboseLabel" use="optional" />
    <link:loc xlink:type="locator" xlink:href="../core/gri_srs_core_2025-06-23.xsd#gri_ExplanationForReasonForOmissionOnHowActionsTakenToManageMaterialTopicsAndRelatedImpactsAreEffectivelyTrackedTextBlock" xlink:label="loc_gri_ExplanationForReasonForOmissionOnHowActionsTakenToManageMaterialTopicsAndRelatedImpactsAreEffectivelyTrackedTextBlock" />
    <link:presentationArc xlink:type="arc" xlink:arcrole="http://www.xbrl.org/2003/arcrole/parent-child" xlink:from="loc_gri_DescriptionOfProcessesUsedToTrackEffectivenessOfActionsTextBlock" xlink:to="loc_gri_ExplanationForReasonForOmissionOnHowActionsTakenToManageMaterialTopicsAndRelatedImpactsAreEffectivelyTrackedTextBlock" order="2.0" preferredLabel="http://www.xbrl.org/2003/role/verboseLabel" use="optional" />
    <link:loc xlink:type="locator" xlink:href="../core/gri_srs_core_2025-06-23.xsd#gri_DescriptionOfOrganizationGoalsUsedToEvaluateProgressTextBlock" xlink:label="loc_gri_DescriptionOfOrganizationGoalsUsedToEvaluateProgressTextBlock" />
    <link:presentationArc xlink:type="arc" xlink:arcrole="http://www.xbrl.org/2003/arcrole/parent-child" xlink:from="loc_gri_DisclosureOfManagementOfMaterialTopicsAbstract" xlink:to="loc_gri_DescriptionOfOrganizationGoalsUsedToEvaluateProgressTextBlock" order="10.0" preferredLabel="http://www.xbrl.org/2003/role/verboseLabel" use="optional" />
    <link:loc xlink:type="locator" xlink:href="../core/gri_srs_core_2025-06-23.xsd#gri_ReasonForOmissionRelatedToDescriptionOfOrganizationGoalsUsedToEvaluateProgress" xlink:label="loc_gri_ReasonForOmissionRelatedToDescriptionOfOrganizationGoalsUsedToEvaluateProgress" />
    <link:presentationArc xlink:type="arc" xlink:arcrole="http://www.xbrl.org/2003/arcrole/parent-child" xlink:from="loc_gri_DescriptionOfOrganizationGoalsUsedToEvaluateProgressTextBlock" xlink:to="loc_gri_ReasonForOmissionRelatedToDescriptionOfOrganizationGoalsUsedToEvaluateProgress" order="1.0" preferredLabel="http://www.xbrl.org/2003/role/verboseLabel" use="optional" />
    <link:loc xlink:type="locator" xlink:href="../core/gri_srs_core_2025-06-23.xsd#gri_ExplanationForReasonForOmissionRelatedToDescriptionOfOrganizationGoalsUsedToEvaluateProgressTextBlock" xlink:label="loc_gri_ExplanationForReasonForOmissionRelatedToDescriptionOfOrganizationGoalsUsedToEvaluateProgressTextBlock" />
    <link:presentationArc xlink:type="arc" xlink:arcrole="http://www.xbrl.org/2003/arcrole/parent-child" xlink:from="loc_gri_DescriptionOfOrganizationGoalsUsedToEvaluateProgressTextBlock" xlink:to="loc_gri_ExplanationForReasonForOmissionRelatedToDescriptionOfOrganizationGoalsUsedToEvaluateProgressTextBlock" order="2.0" preferredLabel="http://www.xbrl.org/2003/role/verboseLabel" use="optional" />
    <link:loc xlink:type="locator" xlink:href="../core/gri_srs_core_2025-06-23.xsd#gri_DescriptionOfOrganizationTargetsUsedToEvaluateProgressTextBlock" xlink:label="loc_gri_DescriptionOfOrganizationTargetsUsedToEvaluateProgressTextBlock" />
    <link:presentationArc xlink:type="arc" xlink:arcrole="http://www.xbrl.org/2003/arcrole/parent-child" xlink:from="loc_gri_DisclosureOfManagementOfMaterialTopicsAbstract" xlink:to="loc_gri_DescriptionOfOrganizationTargetsUsedToEvaluateProgressTextBlock" order="11.0" preferredLabel="http://www.xbrl.org/2003/role/verboseLabel" use="optional" />
    <link:loc xlink:type="locator" xlink:href="../core/gri_srs_core_2025-06-23.xsd#gri_ReasonForOmissionRelatedToDescriptionOfOrganizationTargetsUsedToEvaluateProgress" xlink:label="loc_gri_ReasonForOmissionRelatedToDescriptionOfOrganizationTargetsUsedToEvaluateProgress" />
    <link:presentationArc xlink:type="arc" xlink:arcrole="http://www.xbrl.org/2003/arcrole/parent-child" xlink:from="loc_gri_DescriptionOfOrganizationTargetsUsedToEvaluateProgressTextBlock" xlink:to="loc_gri_ReasonForOmissionRelatedToDescriptionOfOrganizationTargetsUsedToEvaluateProgress" order="1.0" preferredLabel="http://www.xbrl.org/2003/role/verboseLabel" use="optional" />
    <link:loc xlink:type="locator" xlink:href="../core/gri_srs_core_2025-06-23.xsd#gri_ExplanationForReasonForOmissionRelatedToDescriptionOfOrganizationTargetsUsedToEvaluateProgressTextBlock" xlink:label="loc_gri_ExplanationForReasonForOmissionRelatedToDescriptionOfOrganizationTargetsUsedToEvaluateProgressTextBlock" />
    <link:presentationArc xlink:type="arc" xlink:arcrole="http://www.xbrl.org/2003/arcrole/parent-child" xlink:from="loc_gri_DescriptionOfOrganizationTargetsUsedToEvaluateProgressTextBlock" xlink:to="loc_gri_ExplanationForReasonForOmissionRelatedToDescriptionOfOrganizationTargetsUsedToEvaluateProgressTextBlock" order="2.0" preferredLabel="http://www.xbrl.org/2003/role/verboseLabel" use="optional" />
    <link:loc xlink:type="locator" xlink:href="../core/gri_srs_core_2025-06-23.xsd#gri_DescriptionOfOrganizationIndicatorsUsedToEvaluateProgressTextBlock" xlink:label="loc_gri_DescriptionOfOrganizationIndicatorsUsedToEvaluateProgressTextBlock" />
    <link:presentationArc xlink:type="arc" xlink:arcrole="http://www.xbrl.org/2003/arcrole/parent-child" xlink:from="loc_gri_DisclosureOfManagementOfMaterialTopicsAbstract" xlink:to="loc_gri_DescriptionOfOrganizationIndicatorsUsedToEvaluateProgressTextBlock" order="12.0" preferredLabel="http://www.xbrl.org/2003/role/verboseLabel" use="optional" />
    <link:loc xlink:type="locator" xlink:href="../core/gri_srs_core_2025-06-23.xsd#gri_ReasonForOmissionRelatedToDescriptionOfOrganizationIndicatorsUsedToEvaluateProgress" xlink:label="loc_gri_ReasonForOmissionRelatedToDescriptionOfOrganizationIndicatorsUsedToEvaluateProgress" />
    <link:presentationArc xlink:type="arc" xlink:arcrole="http://www.xbrl.org/2003/arcrole/parent-child" xlink:from="loc_gri_DescriptionOfOrganizationIndicatorsUsedToEvaluateProgressTextBlock" xlink:to="loc_gri_ReasonForOmissionRelatedToDescriptionOfOrganizationIndicatorsUsedToEvaluateProgress" order="1.0" preferredLabel="http://www.xbrl.org/2003/role/verboseLabel" use="optional" />
    <link:loc xlink:type="locator" xlink:href="../core/gri_srs_core_2025-06-23.xsd#gri_ExplanationForReasonForOmissionRelatedToDescriptionOfOrganizationIndicatorsUsedToEvaluateProgressTextBlock" xlink:label="loc_gri_ExplanationForReasonForOmissionRelatedToDescriptionOfOrganizationIndicatorsUsedToEvaluateProgressTextBlock" />
    <link:presentationArc xlink:type="arc" xlink:arcrole="http://www.xbrl.org/2003/arcrole/parent-child" xlink:from="loc_gri_DescriptionOfOrganizationIndicatorsUsedToEvaluateProgressTextBlock" xlink:to="loc_gri_ExplanationForReasonForOmissionRelatedToDescriptionOfOrganizationIndicatorsUsedToEvaluateProgressTextBlock" order="2.0" preferredLabel="http://www.xbrl.org/2003/role/verboseLabel" use="optional" />
    <link:loc xlink:type="locator" xlink:href="../core/gri_srs_core_2025-06-23.xsd#gri_ExplainEffectivenessOfActionsIncludingProgressTowardGoalsAndTargetsTextBlock" xlink:label="loc_gri_ExplainEffectivenessOfActionsIncludingProgressTowardGoalsAndTargetsTextBlock" />
    <link:presentationArc xlink:type="arc" xlink:arcrole="http://www.xbrl.org/2003/arcrole/parent-child" xlink:from="loc_gri_DisclosureOfManagementOfMaterialTopicsAbstract" xlink:to="loc_gri_ExplainEffectivenessOfActionsIncludingProgressTowardGoalsAndTargetsTextBlock" order="13.0" preferredLabel="http://www.xbrl.org/2003/role/verboseLabel" use="optional" />
    <link:loc xlink:type="locator" xlink:href="../core/gri_srs_core_2025-06-23.xsd#gri_ReasonForOmissionRelatedToExplainEffectivenessOfActionsIncludingProgressTowardGoalsAndTargets" xlink:label="loc_gri_ReasonForOmissionRelatedToExplainEffectivenessOfActionsIncludingProgressTowardGoalsAndTargets" />
    <link:presentationArc xlink:type="arc" xlink:arcrole="http://www.xbrl.org/2003/arcrole/parent-child" xlink:from="loc_gri_ExplainEffectivenessOfActionsIncludingProgressTowardGoalsAndTargetsTextBlock" xlink:to="loc_gri_ReasonForOmissionRelatedToExplainEffectivenessOfActionsIncludingProgressTowardGoalsAndTargets" order="1.0" preferredLabel="http://www.xbrl.org/2003/role/verboseLabel" use="optional" />
    <link:loc xlink:type="locator" xlink:href="../core/gri_srs_core_2025-06-23.xsd#gri_ExplanationForReasonForOmissionRelatedToExplainEffectivenessOfActionsIncludingProgressTowardGoalsAndTargetsTextBlock" xlink:label="loc_gri_ExplanationForReasonForOmissionRelatedToExplainEffectivenessOfActionsIncludingProgressTowardGoalsAndTargetsTextBlock" />
    <link:presentationArc xlink:type="arc" xlink:arcrole="http://www.xbrl.org/2003/arcrole/parent-child" xlink:from="loc_gri_ExplainEffectivenessOfActionsIncludingProgressTowardGoalsAndTargetsTextBlock" xlink:to="loc_gri_ExplanationForReasonForOmissionRelatedToExplainEffectivenessOfActionsIncludingProgressTowardGoalsAndTargetsTextBlock" order="2.0" preferredLabel="http://www.xbrl.org/2003/role/verboseLabel" use="optional" />
    <link:loc xlink:type="locator" xlink:href="../core/gri_srs_core_2025-06-23.xsd#gri_DescriptionOfLessonsLearnedAndHowTheseHaveBeenIncorporatedIntoOperationalPoliciesAndProceduresTextBlock" xlink:label="loc_gri_DescriptionOfLessonsLearnedAndHowTheseHaveBeenIncorporatedIntoOperationalPoliciesAndProceduresTextBlock" />
    <link:presentationArc xlink:type="arc" xlink:arcrole="http://www.xbrl.org/2003/arcrole/parent-child" xlink:from="loc_gri_DisclosureOfManagementOfMaterialTopicsAbstract" xlink:to="loc_gri_DescriptionOfLessonsLearnedAndHowTheseHaveBeenIncorporatedIntoOperationalPoliciesAndProceduresTextBlock" order="14.0" preferredLabel="http://www.xbrl.org/2003/role/verboseLabel" use="optional" />
    <link:loc xlink:type="locator" xlink:href="../core/gri_srs_core_2025-06-23.xsd#gri_ReasonForOmissionRelatedToDescriptionOfLessonsLearnedAndHowTheseHaveBeenIncorporatedIntoOperationalPoliciesAndProcedures" xlink:label="loc_gri_ReasonForOmissionRelatedToDescriptionOfLessonsLearnedAndHowTheseHaveBeenIncorporatedIntoOperationalPoliciesAndProcedures" />
    <link:presentationArc xlink:type="arc" xlink:arcrole="http://www.xbrl.org/2003/arcrole/parent-child" xlink:from="loc_gri_DescriptionOfLessonsLearnedAndHowTheseHaveBeenIncorporatedIntoOperationalPoliciesAndProceduresTextBlock" xlink:to="loc_gri_ReasonForOmissionRelatedToDescriptionOfLessonsLearnedAndHowTheseHaveBeenIncorporatedIntoOperationalPoliciesAndProcedures" order="1.0" preferredLabel="http://www.xbrl.org/2003/role/verboseLabel" use="optional" />
    <link:loc xlink:type="locator" xlink:href="../core/gri_srs_core_2025-06-23.xsd#gri_ExplanationForReasonForOmissionRelatedToDescriptionOfLessonsLearnedAndHowTheseHaveBeenIncorporatedIntoOperationalPoliciesAndProceduresTextBlock" xlink:label="loc_gri_ExplanationForReasonForOmissionRelatedToDescriptionOfLessonsLearnedAndHowTheseHaveBeenIncorporatedIntoOperationalPoliciesAndProceduresTextBlock" />
    <link:presentationArc xlink:type="arc" xlink:arcrole="http://www.xbrl.org/2003/arcrole/parent-child" xlink:from="loc_gri_DescriptionOfLessonsLearnedAndHowTheseHaveBeenIncorporatedIntoOperationalPoliciesAndProceduresTextBlock" xlink:to="loc_gri_ExplanationForReasonForOmissionRelatedToDescriptionOfLessonsLearnedAndHowTheseHaveBeenIncorporatedIntoOperationalPoliciesAndProceduresTextBlock" order="2.0" preferredLabel="http://www.xbrl.org/2003/role/verboseLabel" use="optional" />
    <link:loc xlink:type="locator" xlink:href="../core/gri_srs_core_2025-06-23.xsd#gri_DescriptionOfHowEngagementWithStakeholdersHasInformedActionsAsDescribedIn33dTextBlock" xlink:label="loc_gri_DescriptionOfHowEngagementWithStakeholdersHasInformedActionsAsDescribedIn33dTextBlock" />
    <link:presentationArc xlink:type="arc" xlink:arcrole="http://www.xbrl.org/2003/arcrole/parent-child" xlink:from="loc_gri_DisclosureOfManagementOfMaterialTopicsAbstract" xlink:to="loc_gri_DescriptionOfHowEngagementWithStakeholdersHasInformedActionsAsDescribedIn33dTextBlock" order="15.0" preferredLabel="http://www.xbrl.org/2003/role/verboseLabel" use="optional" />
    <link:loc xlink:type="locator" xlink:href="../core/gri_srs_core_2025-06-23.xsd#gri_ReasonForOmissionRelatedToDescriptionOfHowEngagementWithStakeholdersHasInformedActionsAsDescribedIn33d" xlink:label="loc_gri_ReasonForOmissionRelatedToDescriptionOfHowEngagementWithStakeholdersHasInformedActionsAsDescribedIn33d" />
    <link:presentationArc xlink:type="arc" xlink:arcrole="http://www.xbrl.org/2003/arcrole/parent-child" xlink:from="loc_gri_DescriptionOfHowEngagementWithStakeholdersHasInformedActionsAsDescribedIn33dTextBlock" xlink:to="loc_gri_ReasonForOmissionRelatedToDescriptionOfHowEngagementWithStakeholdersHasInformedActionsAsDescribedIn33d" order="1.0" preferredLabel="http://www.xbrl.org/2003/role/verboseLabel" use="optional" />
    <link:loc xlink:type="locator" xlink:href="../core/gri_srs_core_2025-06-23.xsd#gri_ExplanationForReasonForOmissionRelatedToDescriptionOfHowEngagementWithStakeholdersHasInformedActionsAsDescribedIn33dTextBlock" xlink:label="loc_gri_ExplanationForReasonForOmissionRelatedToDescriptionOfHowEngagementWithStakeholdersHasInformedActionsAsDescribedIn33dTextBlock" />
    <link:presentationArc xlink:type="arc" xlink:arcrole="http://www.xbrl.org/2003/arcrole/parent-child" xlink:from="loc_gri_DescriptionOfHowEngagementWithStakeholdersHasInformedActionsAsDescribedIn33dTextBlock" xlink:to="loc_gri_ExplanationForReasonForOmissionRelatedToDescriptionOfHowEngagementWithStakeholdersHasInformedActionsAsDescribedIn33dTextBlock" order="2.0" preferredLabel="http://www.xbrl.org/2003/role/verboseLabel" use="optional" />
    <link:loc xlink:type="locator" xlink:href="../core/gri_srs_core_2025-06-23.xsd#gri_DescriptionOfHowEngagementWithStakeholdersHasInformedWhetherActionsHaveBeenEffectiveAsDescribedIn33eTextBlock" xlink:label="loc_gri_DescriptionOfHowEngagementWithStakeholdersHasInformedWhetherActionsHaveBeenEffectiveAsDescribedIn33eTextBlock" />
    <link:presentationArc xlink:type="arc" xlink:arcrole="http://www.xbrl.org/2003/arcrole/parent-child" xlink:from="loc_gri_DisclosureOfManagementOfMaterialTopicsAbstract" xlink:to="loc_gri_DescriptionOfHowEngagementWithStakeholdersHasInformedWhetherActionsHaveBeenEffectiveAsDescribedIn33eTextBlock" order="16.0" preferredLabel="http://www.xbrl.org/2003/role/verboseLabel" use="optional" />
    <link:loc xlink:type="locator" xlink:href="../core/gri_srs_core_2025-06-23.xsd#gri_ReasonForOmissionRelatedToDescriptionOfHowEngagementWithStakeholdersHasInformedWhetherActionsHaveBeenEffectiveAsDescribedIn33e" xlink:label="loc_gri_ReasonForOmissionRelatedToDescriptionOfHowEngagementWithStakeholdersHasInformedWhetherActionsHaveBeenEffectiveAsDescribedIn33e" />
    <link:presentationArc xlink:type="arc" xlink:arcrole="http://www.xbrl.org/2003/arcrole/parent-child" xlink:from="loc_gri_DescriptionOfHowEngagementWithStakeholdersHasInformedWhetherActionsHaveBeenEffectiveAsDescribedIn33eTextBlock" xlink:to="loc_gri_ReasonForOmissionRelatedToDescriptionOfHowEngagementWithStakeholdersHasInformedWhetherActionsHaveBeenEffectiveAsDescribedIn33e" order="1.0" preferredLabel="http://www.xbrl.org/2003/role/verboseLabel" use="optional" />
    <link:loc xlink:type="locator" xlink:href="../core/gri_srs_core_2025-06-23.xsd#gri_ExplanationForReasonForOmissionRelatedToDescriptionOfHowEngagementWithStakeholdersHasInformedWhetherActionsHaveBeenEffectiveAsDescribedIn33eTextBlock" xlink:label="loc_gri_ExplanationForReasonForOmissionRelatedToDescriptionOfHowEngagementWithStakeholdersHasInformedWhetherActionsHaveBeenEffectiveAsDescribedIn33eTextBlock" />
    <link:presentationArc xlink:type="arc" xlink:arcrole="http://www.xbrl.org/2003/arcrole/parent-child" xlink:from="loc_gri_DescriptionOfHowEngagementWithStakeholdersHasInformedWhetherActionsHaveBeenEffectiveAsDescribedIn33eTextBlock" xlink:to="loc_gri_ExplanationForReasonForOmissionRelatedToDescriptionOfHowEngagementWithStakeholdersHasInformedWhetherActionsHaveBeenEffectiveAsDescribedIn33eTextBlock" order="2.0" preferredLabel="http://www.xbrl.org/2003/role/verboseLabel" use="optional" />
    <link:loc xlink:type="locator" xlink:href="../core/gri_srs_core_2025-06-23.xsd#gri_ChangesToListOfMaterialTopicsComparedToPreviousReportingPeriodTextBlock" xlink:label="loc_gri_ChangesToListOfMaterialTopicsComparedToPreviousReportingPeriodTextBlock" />
    <link:presentationArc xlink:type="arc" xlink:arcrole="http://www.xbrl.org/2003/arcrole/parent-child" xlink:from="loc_gri_DisclosureOfListOfMaterialTopicsAbstract" xlink:to="loc_gri_ChangesToListOfMaterialTopicsComparedToPreviousReportingPeriodTextBlock" order="3.0" preferredLabel="http://www.xbrl.org/2003/role/verboseLabel" use="optional" />
  </link:presentationLink>
</link:linkbase>