﻿<?xml version="1.0" encoding="utf-8"?>
<!-- Generated by GRI Taxonomy Editor-->
<link:linkbase xsi:schemaLocation="http://www.xbrl.org/2003/linkbase http://www.xbrl.org/2003/xbrl-linkbase-2003-12-31.xsd http://www.xbrl.org/2003/instance http://www.xbrl.org/2003/xbrl-instance-2003-12-31.xsd http://www.w3.org/1999/xlink http://www.xbrl.org/2003/xlink-2003-12-31.xsd " xmlns:link="http://www.xbrl.org/2003/linkbase" xmlns:xbrli="http://www.xbrl.org/2003/instance" xmlns:xlink="http://www.w3.org/1999/xlink" xmlns:xsi="http://www.w3.org/2001/XMLSchema-instance">
  <!-- Role Ref -->
  <link:roleRef roleURI="https://taxonomy.globalreporting.org/gri-sustainability-taxonomy/gri_srs/gri_srs_role/role_gri_mat" xlink:type="simple" xlink:href="role_gri_srs_2025-06-23.xsd#role_gri_mat" />
  <link:presentationLink xlink:type="extended" xlink:role="https://taxonomy.globalreporting.org/gri-sustainability-taxonomy/gri_srs/gri_srs_role/role_gri_mat">
    <link:loc xlink:type="locator" xlink:href="../core/gri_srs_core_2025-06-23.xsd#gri_DisclosureOfTopicsApplicableForSectorStandardsDeterminedAsNotMaterialAbstract" xlink:label="loc_gri_DisclosureOfTopicsApplicableForSectorStandardsDeterminedAsNotMaterialAbstract" />
    <link:loc xlink:type="locator" xlink:href="../core/gri_srs_core_2025-06-23.xsd#gri_TopicsInApplicableSectorStandardsDeterminedAsNotMaterialTable" xlink:label="loc_gri_TopicsInApplicableSectorStandardsDeterminedAsNotMaterialTable" />
    <link:presentationArc xlink:type="arc" xlink:arcrole="http://www.xbrl.org/2003/arcrole/parent-child" xlink:from="loc_gri_DisclosureOfTopicsApplicableForSectorStandardsDeterminedAsNotMaterialAbstract" xlink:to="loc_gri_TopicsInApplicableSectorStandardsDeterminedAsNotMaterialTable" order="1.0" use="optional" />
    <link:loc xlink:type="locator" xlink:href="../core/gri_srs_core_2025-06-23.xsd#gri_TopicsInOilAndGasSectorDeterminedAsNotMaterialAxis" xlink:label="loc_gri_TopicsInOilAndGasSectorDeterminedAsNotMaterialAxis" />
    <link:presentationArc xlink:type="arc" xlink:arcrole="http://www.xbrl.org/2003/arcrole/parent-child" xlink:from="loc_gri_TopicsInApplicableSectorStandardsDeterminedAsNotMaterialTable" xlink:to="loc_gri_TopicsInOilAndGasSectorDeterminedAsNotMaterialAxis" order="1.0" use="optional" />
    <link:loc xlink:type="locator" xlink:href="../core/gri_srs_core_2025-06-23.xsd#gri_TopicsInOilAndGasSectorDeterminedAsNotMaterialDomain" xlink:label="loc_gri_TopicsInOilAndGasSectorDeterminedAsNotMaterialDomain" />
    <link:presentationArc xlink:type="arc" xlink:arcrole="http://www.xbrl.org/2003/arcrole/parent-child" xlink:from="loc_gri_TopicsInOilAndGasSectorDeterminedAsNotMaterialAxis" xlink:to="loc_gri_TopicsInOilAndGasSectorDeterminedAsNotMaterialDomain" order="1.0" use="optional" />
    <link:loc xlink:type="locator" xlink:href="../core/gri_srs_core_2025-06-23.xsd#gri_OilAndGasSectorGHGEmissionsMember" xlink:label="loc_gri_OilAndGasSectorGHGEmissionsMember" />
    <link:presentationArc xlink:type="arc" xlink:arcrole="http://www.xbrl.org/2003/arcrole/parent-child" xlink:from="loc_gri_TopicsInOilAndGasSectorDeterminedAsNotMaterialDomain" xlink:to="loc_gri_OilAndGasSectorGHGEmissionsMember" order="1.0" preferredLabel="http://www.xbrl.org/2003/role/terseLabel" use="optional" />
    <link:loc xlink:type="locator" xlink:href="../core/gri_srs_core_2025-06-23.xsd#gri_OilAndGasSectorClimateAdaptationResilienceAndTransitionMember" xlink:label="loc_gri_OilAndGasSectorClimateAdaptationResilienceAndTransitionMember" />
    <link:presentationArc xlink:type="arc" xlink:arcrole="http://www.xbrl.org/2003/arcrole/parent-child" xlink:from="loc_gri_TopicsInOilAndGasSectorDeterminedAsNotMaterialDomain" xlink:to="loc_gri_OilAndGasSectorClimateAdaptationResilienceAndTransitionMember" order="2.0" preferredLabel="http://www.xbrl.org/2003/role/terseLabel" use="optional" />
    <link:loc xlink:type="locator" xlink:href="../core/gri_srs_core_2025-06-23.xsd#gri_OilAndGasSectorAirEmissionsMember" xlink:label="loc_gri_OilAndGasSectorAirEmissionsMember" />
    <link:presentationArc xlink:type="arc" xlink:arcrole="http://www.xbrl.org/2003/arcrole/parent-child" xlink:from="loc_gri_TopicsInOilAndGasSectorDeterminedAsNotMaterialDomain" xlink:to="loc_gri_OilAndGasSectorAirEmissionsMember" order="3.0" preferredLabel="http://www.xbrl.org/2003/role/terseLabel" use="optional" />
    <link:loc xlink:type="locator" xlink:href="../core/gri_srs_core_2025-06-23.xsd#gri_OilAndGasSectorBiodiversityMember" xlink:label="loc_gri_OilAndGasSectorBiodiversityMember" />
    <link:presentationArc xlink:type="arc" xlink:arcrole="http://www.xbrl.org/2003/arcrole/parent-child" xlink:from="loc_gri_TopicsInOilAndGasSectorDeterminedAsNotMaterialDomain" xlink:to="loc_gri_OilAndGasSectorBiodiversityMember" order="4.0" preferredLabel="http://www.xbrl.org/2003/role/terseLabel" use="optional" />
    <link:loc xlink:type="locator" xlink:href="../core/gri_srs_core_2025-06-23.xsd#gri_OilAndGasSectorWasteMember" xlink:label="loc_gri_OilAndGasSectorWasteMember" />
    <link:presentationArc xlink:type="arc" xlink:arcrole="http://www.xbrl.org/2003/arcrole/parent-child" xlink:from="loc_gri_TopicsInOilAndGasSectorDeterminedAsNotMaterialDomain" xlink:to="loc_gri_OilAndGasSectorWasteMember" order="5.0" preferredLabel="http://www.xbrl.org/2003/role/terseLabel" use="optional" />
    <link:loc xlink:type="locator" xlink:href="../core/gri_srs_core_2025-06-23.xsd#gri_OilAndGasSectorWaterAndEffluentsMember" xlink:label="loc_gri_OilAndGasSectorWaterAndEffluentsMember" />
    <link:presentationArc xlink:type="arc" xlink:arcrole="http://www.xbrl.org/2003/arcrole/parent-child" xlink:from="loc_gri_TopicsInOilAndGasSectorDeterminedAsNotMaterialDomain" xlink:to="loc_gri_OilAndGasSectorWaterAndEffluentsMember" order="6.0" preferredLabel="http://www.xbrl.org/2003/role/terseLabel" use="optional" />
    <link:loc xlink:type="locator" xlink:href="../core/gri_srs_core_2025-06-23.xsd#gri_OilAndGasSectorClosureAndRehabilitationMember" xlink:label="loc_gri_OilAndGasSectorClosureAndRehabilitationMember" />
    <link:presentationArc xlink:type="arc" xlink:arcrole="http://www.xbrl.org/2003/arcrole/parent-child" xlink:from="loc_gri_TopicsInOilAndGasSectorDeterminedAsNotMaterialDomain" xlink:to="loc_gri_OilAndGasSectorClosureAndRehabilitationMember" order="7.0" preferredLabel="http://www.xbrl.org/2003/role/terseLabel" use="optional" />
    <link:loc xlink:type="locator" xlink:href="../core/gri_srs_core_2025-06-23.xsd#gri_OilAndGasSectorAssetIntegrityAndCriticalIncidentManagementMember" xlink:label="loc_gri_OilAndGasSectorAssetIntegrityAndCriticalIncidentManagementMember" />
    <link:presentationArc xlink:type="arc" xlink:arcrole="http://www.xbrl.org/2003/arcrole/parent-child" xlink:from="loc_gri_TopicsInOilAndGasSectorDeterminedAsNotMaterialDomain" xlink:to="loc_gri_OilAndGasSectorAssetIntegrityAndCriticalIncidentManagementMember" order="8.0" preferredLabel="http://www.xbrl.org/2003/role/terseLabel" use="optional" />
    <link:loc xlink:type="locator" xlink:href="../core/gri_srs_core_2025-06-23.xsd#gri_OilAndGasSectorOccupationalHealthAndSafetyMember" xlink:label="loc_gri_OilAndGasSectorOccupationalHealthAndSafetyMember" />
    <link:presentationArc xlink:type="arc" xlink:arcrole="http://www.xbrl.org/2003/arcrole/parent-child" xlink:from="loc_gri_TopicsInOilAndGasSectorDeterminedAsNotMaterialDomain" xlink:to="loc_gri_OilAndGasSectorOccupationalHealthAndSafetyMember" order="9.0" preferredLabel="http://www.xbrl.org/2003/role/terseLabel" use="optional" />
    <link:loc xlink:type="locator" xlink:href="../core/gri_srs_core_2025-06-23.xsd#gri_OilAndGasSectorEmploymentPracticesMember" xlink:label="loc_gri_OilAndGasSectorEmploymentPracticesMember" />
    <link:presentationArc xlink:type="arc" xlink:arcrole="http://www.xbrl.org/2003/arcrole/parent-child" xlink:from="loc_gri_TopicsInOilAndGasSectorDeterminedAsNotMaterialDomain" xlink:to="loc_gri_OilAndGasSectorEmploymentPracticesMember" order="10.0" preferredLabel="http://www.xbrl.org/2003/role/terseLabel" use="optional" />
    <link:loc xlink:type="locator" xlink:href="../core/gri_srs_core_2025-06-23.xsd#gri_OilAndGasSectorNonDiscriminationAndEqualOpportunityMember" xlink:label="loc_gri_OilAndGasSectorNonDiscriminationAndEqualOpportunityMember" />
    <link:presentationArc xlink:type="arc" xlink:arcrole="http://www.xbrl.org/2003/arcrole/parent-child" xlink:from="loc_gri_TopicsInOilAndGasSectorDeterminedAsNotMaterialDomain" xlink:to="loc_gri_OilAndGasSectorNonDiscriminationAndEqualOpportunityMember" order="11.0" preferredLabel="http://www.xbrl.org/2003/role/terseLabel" use="optional" />
    <link:loc xlink:type="locator" xlink:href="../core/gri_srs_core_2025-06-23.xsd#gri_OilAndGasSectorForcedLaborAndModernSlaveryMember" xlink:label="loc_gri_OilAndGasSectorForcedLaborAndModernSlaveryMember" />
    <link:presentationArc xlink:type="arc" xlink:arcrole="http://www.xbrl.org/2003/arcrole/parent-child" xlink:from="loc_gri_TopicsInOilAndGasSectorDeterminedAsNotMaterialDomain" xlink:to="loc_gri_OilAndGasSectorForcedLaborAndModernSlaveryMember" order="12.0" preferredLabel="http://www.xbrl.org/2003/role/terseLabel" use="optional" />
    <link:loc xlink:type="locator" xlink:href="../core/gri_srs_core_2025-06-23.xsd#gri_OilAndGasSectorFreedomOfAssociationAndCollectiveBargainingMember" xlink:label="loc_gri_OilAndGasSectorFreedomOfAssociationAndCollectiveBargainingMember" />
    <link:presentationArc xlink:type="arc" xlink:arcrole="http://www.xbrl.org/2003/arcrole/parent-child" xlink:from="loc_gri_TopicsInOilAndGasSectorDeterminedAsNotMaterialDomain" xlink:to="loc_gri_OilAndGasSectorFreedomOfAssociationAndCollectiveBargainingMember" order="13.0" preferredLabel="http://www.xbrl.org/2003/role/terseLabel" use="optional" />
    <link:loc xlink:type="locator" xlink:href="../core/gri_srs_core_2025-06-23.xsd#gri_OilAndGasSectorEconomicImpactsMember" xlink:label="loc_gri_OilAndGasSectorEconomicImpactsMember" />
    <link:presentationArc xlink:type="arc" xlink:arcrole="http://www.xbrl.org/2003/arcrole/parent-child" xlink:from="loc_gri_TopicsInOilAndGasSectorDeterminedAsNotMaterialDomain" xlink:to="loc_gri_OilAndGasSectorEconomicImpactsMember" order="14.0" preferredLabel="http://www.xbrl.org/2003/role/terseLabel" use="optional" />
    <link:loc xlink:type="locator" xlink:href="../core/gri_srs_core_2025-06-23.xsd#gri_OilAndGasSectorLocalCommunitiesMember" xlink:label="loc_gri_OilAndGasSectorLocalCommunitiesMember" />
    <link:presentationArc xlink:type="arc" xlink:arcrole="http://www.xbrl.org/2003/arcrole/parent-child" xlink:from="loc_gri_TopicsInOilAndGasSectorDeterminedAsNotMaterialDomain" xlink:to="loc_gri_OilAndGasSectorLocalCommunitiesMember" order="15.0" preferredLabel="http://www.xbrl.org/2003/role/terseLabel" use="optional" />
    <link:loc xlink:type="locator" xlink:href="../core/gri_srs_core_2025-06-23.xsd#gri_OilAndGasSectorLandAndResourceRightsMember" xlink:label="loc_gri_OilAndGasSectorLandAndResourceRightsMember" />
    <link:presentationArc xlink:type="arc" xlink:arcrole="http://www.xbrl.org/2003/arcrole/parent-child" xlink:from="loc_gri_TopicsInOilAndGasSectorDeterminedAsNotMaterialDomain" xlink:to="loc_gri_OilAndGasSectorLandAndResourceRightsMember" order="16.0" preferredLabel="http://www.xbrl.org/2003/role/terseLabel" use="optional" />
    <link:loc xlink:type="locator" xlink:href="../core/gri_srs_core_2025-06-23.xsd#gri_OilAndGasSectorRightsOfIndigenousPeoplesMember" xlink:label="loc_gri_OilAndGasSectorRightsOfIndigenousPeoplesMember" />
    <link:presentationArc xlink:type="arc" xlink:arcrole="http://www.xbrl.org/2003/arcrole/parent-child" xlink:from="loc_gri_TopicsInOilAndGasSectorDeterminedAsNotMaterialDomain" xlink:to="loc_gri_OilAndGasSectorRightsOfIndigenousPeoplesMember" order="17.0" preferredLabel="http://www.xbrl.org/2003/role/terseLabel" use="optional" />
    <link:loc xlink:type="locator" xlink:href="../core/gri_srs_core_2025-06-23.xsd#gri_OilAndGasSectorConflictAndSecurityMember" xlink:label="loc_gri_OilAndGasSectorConflictAndSecurityMember" />
    <link:presentationArc xlink:type="arc" xlink:arcrole="http://www.xbrl.org/2003/arcrole/parent-child" xlink:from="loc_gri_TopicsInOilAndGasSectorDeterminedAsNotMaterialDomain" xlink:to="loc_gri_OilAndGasSectorConflictAndSecurityMember" order="18.0" preferredLabel="http://www.xbrl.org/2003/role/terseLabel" use="optional" />
    <link:loc xlink:type="locator" xlink:href="../core/gri_srs_core_2025-06-23.xsd#gri_OilAndGasSectorAntiCompetitiveBehaviorMember" xlink:label="loc_gri_OilAndGasSectorAntiCompetitiveBehaviorMember" />
    <link:presentationArc xlink:type="arc" xlink:arcrole="http://www.xbrl.org/2003/arcrole/parent-child" xlink:from="loc_gri_TopicsInOilAndGasSectorDeterminedAsNotMaterialDomain" xlink:to="loc_gri_OilAndGasSectorAntiCompetitiveBehaviorMember" order="19.0" preferredLabel="http://www.xbrl.org/2003/role/terseLabel" use="optional" />
    <link:loc xlink:type="locator" xlink:href="../core/gri_srs_core_2025-06-23.xsd#gri_OilAndGasSectorAntiCorruptionMember" xlink:label="loc_gri_OilAndGasSectorAntiCorruptionMember" />
    <link:presentationArc xlink:type="arc" xlink:arcrole="http://www.xbrl.org/2003/arcrole/parent-child" xlink:from="loc_gri_TopicsInOilAndGasSectorDeterminedAsNotMaterialDomain" xlink:to="loc_gri_OilAndGasSectorAntiCorruptionMember" order="20.0" preferredLabel="http://www.xbrl.org/2003/role/terseLabel" use="optional" />
    <link:loc xlink:type="locator" xlink:href="../core/gri_srs_core_2025-06-23.xsd#gri_OilAndGasSectorPaymentsToGovernmentsMember" xlink:label="loc_gri_OilAndGasSectorPaymentsToGovernmentsMember" />
    <link:presentationArc xlink:type="arc" xlink:arcrole="http://www.xbrl.org/2003/arcrole/parent-child" xlink:from="loc_gri_TopicsInOilAndGasSectorDeterminedAsNotMaterialDomain" xlink:to="loc_gri_OilAndGasSectorPaymentsToGovernmentsMember" order="21.0" preferredLabel="http://www.xbrl.org/2003/role/terseLabel" use="optional" />
    <link:loc xlink:type="locator" xlink:href="../core/gri_srs_core_2025-06-23.xsd#gri_OilAndGasSectorPublicPolicyMember" xlink:label="loc_gri_OilAndGasSectorPublicPolicyMember" />
    <link:presentationArc xlink:type="arc" xlink:arcrole="http://www.xbrl.org/2003/arcrole/parent-child" xlink:from="loc_gri_TopicsInOilAndGasSectorDeterminedAsNotMaterialDomain" xlink:to="loc_gri_OilAndGasSectorPublicPolicyMember" order="22.0" preferredLabel="http://www.xbrl.org/2003/role/terseLabel" use="optional" />
    <link:loc xlink:type="locator" xlink:href="../core/gri_srs_core_2025-06-23.xsd#gri_TopicsInCoalSectorDeterminedAsNotMaterialAxis" xlink:label="loc_gri_TopicsInCoalSectorDeterminedAsNotMaterialAxis" />
    <link:presentationArc xlink:type="arc" xlink:arcrole="http://www.xbrl.org/2003/arcrole/parent-child" xlink:from="loc_gri_TopicsInApplicableSectorStandardsDeterminedAsNotMaterialTable" xlink:to="loc_gri_TopicsInCoalSectorDeterminedAsNotMaterialAxis" order="2.0" use="optional" />
    <link:loc xlink:type="locator" xlink:href="../core/gri_srs_core_2025-06-23.xsd#gri_TopicsInCoalSectorDeterminedAsNotMaterialDomain" xlink:label="loc_gri_TopicsInCoalSectorDeterminedAsNotMaterialDomain" />
    <link:presentationArc xlink:type="arc" xlink:arcrole="http://www.xbrl.org/2003/arcrole/parent-child" xlink:from="loc_gri_TopicsInCoalSectorDeterminedAsNotMaterialAxis" xlink:to="loc_gri_TopicsInCoalSectorDeterminedAsNotMaterialDomain" order="1.0" use="optional" />
    <link:loc xlink:type="locator" xlink:href="../core/gri_srs_core_2025-06-23.xsd#gri_CoalSectorGHGEmissionsMember" xlink:label="loc_gri_CoalSectorGHGEmissionsMember" />
    <link:presentationArc xlink:type="arc" xlink:arcrole="http://www.xbrl.org/2003/arcrole/parent-child" xlink:from="loc_gri_TopicsInCoalSectorDeterminedAsNotMaterialDomain" xlink:to="loc_gri_CoalSectorGHGEmissionsMember" order="1.0" preferredLabel="http://www.xbrl.org/2003/role/terseLabel" use="optional" />
    <link:loc xlink:type="locator" xlink:href="../core/gri_srs_core_2025-06-23.xsd#gri_CoalSectorClimateAdaptationResilienceAndTransitionMember" xlink:label="loc_gri_CoalSectorClimateAdaptationResilienceAndTransitionMember" />
    <link:presentationArc xlink:type="arc" xlink:arcrole="http://www.xbrl.org/2003/arcrole/parent-child" xlink:from="loc_gri_TopicsInCoalSectorDeterminedAsNotMaterialDomain" xlink:to="loc_gri_CoalSectorClimateAdaptationResilienceAndTransitionMember" order="2.0" preferredLabel="http://www.xbrl.org/2003/role/terseLabel" use="optional" />
    <link:loc xlink:type="locator" xlink:href="../core/gri_srs_core_2025-06-23.xsd#gri_CoalSectorClosureAndRehabilitationMember" xlink:label="loc_gri_CoalSectorClosureAndRehabilitationMember" />
    <link:presentationArc xlink:type="arc" xlink:arcrole="http://www.xbrl.org/2003/arcrole/parent-child" xlink:from="loc_gri_TopicsInCoalSectorDeterminedAsNotMaterialDomain" xlink:to="loc_gri_CoalSectorClosureAndRehabilitationMember" order="3.0" preferredLabel="http://www.xbrl.org/2003/role/terseLabel" use="optional" />
    <link:loc xlink:type="locator" xlink:href="../core/gri_srs_core_2025-06-23.xsd#gri_CoalSectorAirEmissionsMember" xlink:label="loc_gri_CoalSectorAirEmissionsMember" />
    <link:presentationArc xlink:type="arc" xlink:arcrole="http://www.xbrl.org/2003/arcrole/parent-child" xlink:from="loc_gri_TopicsInCoalSectorDeterminedAsNotMaterialDomain" xlink:to="loc_gri_CoalSectorAirEmissionsMember" order="4.0" preferredLabel="http://www.xbrl.org/2003/role/terseLabel" use="optional" />
    <link:loc xlink:type="locator" xlink:href="../core/gri_srs_core_2025-06-23.xsd#gri_CoalSectorBiodiversityMember" xlink:label="loc_gri_CoalSectorBiodiversityMember" />
    <link:presentationArc xlink:type="arc" xlink:arcrole="http://www.xbrl.org/2003/arcrole/parent-child" xlink:from="loc_gri_TopicsInCoalSectorDeterminedAsNotMaterialDomain" xlink:to="loc_gri_CoalSectorBiodiversityMember" order="5.0" preferredLabel="http://www.xbrl.org/2003/role/terseLabel" use="optional" />
    <link:loc xlink:type="locator" xlink:href="../core/gri_srs_core_2025-06-23.xsd#gri_CoalSectorWasteMember" xlink:label="loc_gri_CoalSectorWasteMember" />
    <link:presentationArc xlink:type="arc" xlink:arcrole="http://www.xbrl.org/2003/arcrole/parent-child" xlink:from="loc_gri_TopicsInCoalSectorDeterminedAsNotMaterialDomain" xlink:to="loc_gri_CoalSectorWasteMember" order="6.0" preferredLabel="http://www.xbrl.org/2003/role/terseLabel" use="optional" />
    <link:loc xlink:type="locator" xlink:href="../core/gri_srs_core_2025-06-23.xsd#gri_CoalSectorWaterAndEffluentsMember" xlink:label="loc_gri_CoalSectorWaterAndEffluentsMember" />
    <link:presentationArc xlink:type="arc" xlink:arcrole="http://www.xbrl.org/2003/arcrole/parent-child" xlink:from="loc_gri_TopicsInCoalSectorDeterminedAsNotMaterialDomain" xlink:to="loc_gri_CoalSectorWaterAndEffluentsMember" order="7.0" preferredLabel="http://www.xbrl.org/2003/role/terseLabel" use="optional" />
    <link:loc xlink:type="locator" xlink:href="../core/gri_srs_core_2025-06-23.xsd#gri_CoalSectorEconomicImpactsMember" xlink:label="loc_gri_CoalSectorEconomicImpactsMember" />
    <link:presentationArc xlink:type="arc" xlink:arcrole="http://www.xbrl.org/2003/arcrole/parent-child" xlink:from="loc_gri_TopicsInCoalSectorDeterminedAsNotMaterialDomain" xlink:to="loc_gri_CoalSectorEconomicImpactsMember" order="8.0" preferredLabel="http://www.xbrl.org/2003/role/terseLabel" use="optional" />
    <link:loc xlink:type="locator" xlink:href="../core/gri_srs_core_2025-06-23.xsd#gri_CoalSectorLocalCommunitiesMember" xlink:label="loc_gri_CoalSectorLocalCommunitiesMember" />
    <link:presentationArc xlink:type="arc" xlink:arcrole="http://www.xbrl.org/2003/arcrole/parent-child" xlink:from="loc_gri_TopicsInCoalSectorDeterminedAsNotMaterialDomain" xlink:to="loc_gri_CoalSectorLocalCommunitiesMember" order="9.0" preferredLabel="http://www.xbrl.org/2003/role/terseLabel" use="optional" />
    <link:loc xlink:type="locator" xlink:href="../core/gri_srs_core_2025-06-23.xsd#gri_CoalSectorLandAndResourceRightsMember" xlink:label="loc_gri_CoalSectorLandAndResourceRightsMember" />
    <link:presentationArc xlink:type="arc" xlink:arcrole="http://www.xbrl.org/2003/arcrole/parent-child" xlink:from="loc_gri_TopicsInCoalSectorDeterminedAsNotMaterialDomain" xlink:to="loc_gri_CoalSectorLandAndResourceRightsMember" order="10.0" preferredLabel="http://www.xbrl.org/2003/role/terseLabel" use="optional" />
    <link:loc xlink:type="locator" xlink:href="../core/gri_srs_core_2025-06-23.xsd#gri_CoalSectorRightsOfIndigenousPeoplesMember" xlink:label="loc_gri_CoalSectorRightsOfIndigenousPeoplesMember" />
    <link:presentationArc xlink:type="arc" xlink:arcrole="http://www.xbrl.org/2003/arcrole/parent-child" xlink:from="loc_gri_TopicsInCoalSectorDeterminedAsNotMaterialDomain" xlink:to="loc_gri_CoalSectorRightsOfIndigenousPeoplesMember" order="11.0" preferredLabel="http://www.xbrl.org/2003/role/terseLabel" use="optional" />
    <link:loc xlink:type="locator" xlink:href="../core/gri_srs_core_2025-06-23.xsd#gri_CoalSectorConflictAndSecurityMember" xlink:label="loc_gri_CoalSectorConflictAndSecurityMember" />
    <link:presentationArc xlink:type="arc" xlink:arcrole="http://www.xbrl.org/2003/arcrole/parent-child" xlink:from="loc_gri_TopicsInCoalSectorDeterminedAsNotMaterialDomain" xlink:to="loc_gri_CoalSectorConflictAndSecurityMember" order="12.0" preferredLabel="http://www.xbrl.org/2003/role/terseLabel" use="optional" />
    <link:loc xlink:type="locator" xlink:href="../core/gri_srs_core_2025-06-23.xsd#gri_CoalSectorAssetIntegrityAndCriticalIncidentManagementMember" xlink:label="loc_gri_CoalSectorAssetIntegrityAndCriticalIncidentManagementMember" />
    <link:presentationArc xlink:type="arc" xlink:arcrole="http://www.xbrl.org/2003/arcrole/parent-child" xlink:from="loc_gri_TopicsInCoalSectorDeterminedAsNotMaterialDomain" xlink:to="loc_gri_CoalSectorAssetIntegrityAndCriticalIncidentManagementMember" order="13.0" preferredLabel="http://www.xbrl.org/2003/role/terseLabel" use="optional" />
    <link:loc xlink:type="locator" xlink:href="../core/gri_srs_core_2025-06-23.xsd#gri_CoalSectorOccupationalHealthAndSafetyMember" xlink:label="loc_gri_CoalSectorOccupationalHealthAndSafetyMember" />
    <link:presentationArc xlink:type="arc" xlink:arcrole="http://www.xbrl.org/2003/arcrole/parent-child" xlink:from="loc_gri_TopicsInCoalSectorDeterminedAsNotMaterialDomain" xlink:to="loc_gri_CoalSectorOccupationalHealthAndSafetyMember" order="14.0" preferredLabel="http://www.xbrl.org/2003/role/terseLabel" use="optional" />
    <link:loc xlink:type="locator" xlink:href="../core/gri_srs_core_2025-06-23.xsd#gri_CoalSectorEmploymentPracticesMember" xlink:label="loc_gri_CoalSectorEmploymentPracticesMember" />
    <link:presentationArc xlink:type="arc" xlink:arcrole="http://www.xbrl.org/2003/arcrole/parent-child" xlink:from="loc_gri_TopicsInCoalSectorDeterminedAsNotMaterialDomain" xlink:to="loc_gri_CoalSectorEmploymentPracticesMember" order="15.0" preferredLabel="http://www.xbrl.org/2003/role/terseLabel" use="optional" />
    <link:loc xlink:type="locator" xlink:href="../core/gri_srs_core_2025-06-23.xsd#gri_CoalSectorChildLaborMember" xlink:label="loc_gri_CoalSectorChildLaborMember" />
    <link:presentationArc xlink:type="arc" xlink:arcrole="http://www.xbrl.org/2003/arcrole/parent-child" xlink:from="loc_gri_TopicsInCoalSectorDeterminedAsNotMaterialDomain" xlink:to="loc_gri_CoalSectorChildLaborMember" order="16.0" preferredLabel="http://www.xbrl.org/2003/role/terseLabel" use="optional" />
    <link:loc xlink:type="locator" xlink:href="../core/gri_srs_core_2025-06-23.xsd#gri_CoalSectorForcedLaborAndModernSlaveryMember" xlink:label="loc_gri_CoalSectorForcedLaborAndModernSlaveryMember" />
    <link:presentationArc xlink:type="arc" xlink:arcrole="http://www.xbrl.org/2003/arcrole/parent-child" xlink:from="loc_gri_TopicsInCoalSectorDeterminedAsNotMaterialDomain" xlink:to="loc_gri_CoalSectorForcedLaborAndModernSlaveryMember" order="17.0" preferredLabel="http://www.xbrl.org/2003/role/terseLabel" use="optional" />
    <link:loc xlink:type="locator" xlink:href="../core/gri_srs_core_2025-06-23.xsd#gri_CoalSectorFreedomOfAssociationAndCollectiveBargainingMember" xlink:label="loc_gri_CoalSectorFreedomOfAssociationAndCollectiveBargainingMember" />
    <link:presentationArc xlink:type="arc" xlink:arcrole="http://www.xbrl.org/2003/arcrole/parent-child" xlink:from="loc_gri_TopicsInCoalSectorDeterminedAsNotMaterialDomain" xlink:to="loc_gri_CoalSectorFreedomOfAssociationAndCollectiveBargainingMember" order="18.0" preferredLabel="http://www.xbrl.org/2003/role/terseLabel" use="optional" />
    <link:loc xlink:type="locator" xlink:href="../core/gri_srs_core_2025-06-23.xsd#gri_CoalSectorNonDiscriminationAndEqualOpportunityMember" xlink:label="loc_gri_CoalSectorNonDiscriminationAndEqualOpportunityMember" />
    <link:presentationArc xlink:type="arc" xlink:arcrole="http://www.xbrl.org/2003/arcrole/parent-child" xlink:from="loc_gri_TopicsInCoalSectorDeterminedAsNotMaterialDomain" xlink:to="loc_gri_CoalSectorNonDiscriminationAndEqualOpportunityMember" order="19.0" preferredLabel="http://www.xbrl.org/2003/role/terseLabel" use="optional" />
    <link:loc xlink:type="locator" xlink:href="../core/gri_srs_core_2025-06-23.xsd#gri_CoalSectorAntiCorruptionMember" xlink:label="loc_gri_CoalSectorAntiCorruptionMember" />
    <link:presentationArc xlink:type="arc" xlink:arcrole="http://www.xbrl.org/2003/arcrole/parent-child" xlink:from="loc_gri_TopicsInCoalSectorDeterminedAsNotMaterialDomain" xlink:to="loc_gri_CoalSectorAntiCorruptionMember" order="20.0" preferredLabel="http://www.xbrl.org/2003/role/terseLabel" use="optional" />
    <link:loc xlink:type="locator" xlink:href="../core/gri_srs_core_2025-06-23.xsd#gri_CoalSectorPaymentsToGovernmentsMember" xlink:label="loc_gri_CoalSectorPaymentsToGovernmentsMember" />
    <link:presentationArc xlink:type="arc" xlink:arcrole="http://www.xbrl.org/2003/arcrole/parent-child" xlink:from="loc_gri_TopicsInCoalSectorDeterminedAsNotMaterialDomain" xlink:to="loc_gri_CoalSectorPaymentsToGovernmentsMember" order="21.0" preferredLabel="http://www.xbrl.org/2003/role/terseLabel" use="optional" />
    <link:loc xlink:type="locator" xlink:href="../core/gri_srs_core_2025-06-23.xsd#gri_CoalSectorPublicPolicyMember" xlink:label="loc_gri_CoalSectorPublicPolicyMember" />
    <link:presentationArc xlink:type="arc" xlink:arcrole="http://www.xbrl.org/2003/arcrole/parent-child" xlink:from="loc_gri_TopicsInCoalSectorDeterminedAsNotMaterialDomain" xlink:to="loc_gri_CoalSectorPublicPolicyMember" order="22.0" preferredLabel="http://www.xbrl.org/2003/role/terseLabel" use="optional" />
    <link:loc xlink:type="locator" xlink:href="../core/gri_srs_core_2025-06-23.xsd#gri_TopicsInAgricultureAquacultureAndFishingSectorsDeterminedAsNotMaterialAxis" xlink:label="loc_gri_TopicsInAgricultureAquacultureAndFishingSectorsDeterminedAsNotMaterialAxis" />
    <link:presentationArc xlink:type="arc" xlink:arcrole="http://www.xbrl.org/2003/arcrole/parent-child" xlink:from="loc_gri_TopicsInApplicableSectorStandardsDeterminedAsNotMaterialTable" xlink:to="loc_gri_TopicsInAgricultureAquacultureAndFishingSectorsDeterminedAsNotMaterialAxis" order="3.0" use="optional" />
    <link:loc xlink:type="locator" xlink:href="../core/gri_srs_core_2025-06-23.xsd#gri_TopicsInAgricultureAquacultureAndFishingSectorsDeterminedAsNotMaterialDomain" xlink:label="loc_gri_TopicsInAgricultureAquacultureAndFishingSectorsDeterminedAsNotMaterialDomain" />
    <link:presentationArc xlink:type="arc" xlink:arcrole="http://www.xbrl.org/2003/arcrole/parent-child" xlink:from="loc_gri_TopicsInAgricultureAquacultureAndFishingSectorsDeterminedAsNotMaterialAxis" xlink:to="loc_gri_TopicsInAgricultureAquacultureAndFishingSectorsDeterminedAsNotMaterialDomain" order="1.0" use="optional" />
    <link:loc xlink:type="locator" xlink:href="../core/gri_srs_core_2025-06-23.xsd#gri_AgricultureAquacultureAndFishingSectorsEmissionsMember" xlink:label="loc_gri_AgricultureAquacultureAndFishingSectorsEmissionsMember" />
    <link:presentationArc xlink:type="arc" xlink:arcrole="http://www.xbrl.org/2003/arcrole/parent-child" xlink:from="loc_gri_TopicsInAgricultureAquacultureAndFishingSectorsDeterminedAsNotMaterialDomain" xlink:to="loc_gri_AgricultureAquacultureAndFishingSectorsEmissionsMember" order="1.0" preferredLabel="http://www.xbrl.org/2003/role/terseLabel" use="optional" />
    <link:loc xlink:type="locator" xlink:href="../core/gri_srs_core_2025-06-23.xsd#gri_AgricultureAquacultureAndFishingSectorsClimateAdaptationAndResilienceMember" xlink:label="loc_gri_AgricultureAquacultureAndFishingSectorsClimateAdaptationAndResilienceMember" />
    <link:presentationArc xlink:type="arc" xlink:arcrole="http://www.xbrl.org/2003/arcrole/parent-child" xlink:from="loc_gri_TopicsInAgricultureAquacultureAndFishingSectorsDeterminedAsNotMaterialDomain" xlink:to="loc_gri_AgricultureAquacultureAndFishingSectorsClimateAdaptationAndResilienceMember" order="2.0" preferredLabel="http://www.xbrl.org/2003/role/terseLabel" use="optional" />
    <link:loc xlink:type="locator" xlink:href="../core/gri_srs_core_2025-06-23.xsd#gri_AgricultureAquacultureAndFishingSectorsBiodiversityMember" xlink:label="loc_gri_AgricultureAquacultureAndFishingSectorsBiodiversityMember" />
    <link:presentationArc xlink:type="arc" xlink:arcrole="http://www.xbrl.org/2003/arcrole/parent-child" xlink:from="loc_gri_TopicsInAgricultureAquacultureAndFishingSectorsDeterminedAsNotMaterialDomain" xlink:to="loc_gri_AgricultureAquacultureAndFishingSectorsBiodiversityMember" order="3.0" preferredLabel="http://www.xbrl.org/2003/role/terseLabel" use="optional" />
    <link:loc xlink:type="locator" xlink:href="../core/gri_srs_core_2025-06-23.xsd#gri_AgricultureAquacultureAndFishingSectorsNaturalEcosystemConversionMember" xlink:label="loc_gri_AgricultureAquacultureAndFishingSectorsNaturalEcosystemConversionMember" />
    <link:presentationArc xlink:type="arc" xlink:arcrole="http://www.xbrl.org/2003/arcrole/parent-child" xlink:from="loc_gri_TopicsInAgricultureAquacultureAndFishingSectorsDeterminedAsNotMaterialDomain" xlink:to="loc_gri_AgricultureAquacultureAndFishingSectorsNaturalEcosystemConversionMember" order="4.0" preferredLabel="http://www.xbrl.org/2003/role/terseLabel" use="optional" />
    <link:loc xlink:type="locator" xlink:href="../core/gri_srs_core_2025-06-23.xsd#gri_AgricultureAquacultureAndFishingSectorsSoilHealthMember" xlink:label="loc_gri_AgricultureAquacultureAndFishingSectorsSoilHealthMember" />
    <link:presentationArc xlink:type="arc" xlink:arcrole="http://www.xbrl.org/2003/arcrole/parent-child" xlink:from="loc_gri_TopicsInAgricultureAquacultureAndFishingSectorsDeterminedAsNotMaterialDomain" xlink:to="loc_gri_AgricultureAquacultureAndFishingSectorsSoilHealthMember" order="5.0" preferredLabel="http://www.xbrl.org/2003/role/terseLabel" use="optional" />
    <link:loc xlink:type="locator" xlink:href="../core/gri_srs_core_2025-06-23.xsd#gri_AgricultureAquacultureAndFishingSectorsPesticidesUseMember" xlink:label="loc_gri_AgricultureAquacultureAndFishingSectorsPesticidesUseMember" />
    <link:presentationArc xlink:type="arc" xlink:arcrole="http://www.xbrl.org/2003/arcrole/parent-child" xlink:from="loc_gri_TopicsInAgricultureAquacultureAndFishingSectorsDeterminedAsNotMaterialDomain" xlink:to="loc_gri_AgricultureAquacultureAndFishingSectorsPesticidesUseMember" order="6.0" preferredLabel="http://www.xbrl.org/2003/role/terseLabel" use="optional" />
    <link:loc xlink:type="locator" xlink:href="../core/gri_srs_core_2025-06-23.xsd#gri_AgricultureAquacultureAndFishingSectorsWaterAndEffluentsMember" xlink:label="loc_gri_AgricultureAquacultureAndFishingSectorsWaterAndEffluentsMember" />
    <link:presentationArc xlink:type="arc" xlink:arcrole="http://www.xbrl.org/2003/arcrole/parent-child" xlink:from="loc_gri_TopicsInAgricultureAquacultureAndFishingSectorsDeterminedAsNotMaterialDomain" xlink:to="loc_gri_AgricultureAquacultureAndFishingSectorsWaterAndEffluentsMember" order="7.0" preferredLabel="http://www.xbrl.org/2003/role/terseLabel" use="optional" />
    <link:loc xlink:type="locator" xlink:href="../core/gri_srs_core_2025-06-23.xsd#gri_AgricultureAquacultureAndFishingSectorsWasteMember" xlink:label="loc_gri_AgricultureAquacultureAndFishingSectorsWasteMember" />
    <link:presentationArc xlink:type="arc" xlink:arcrole="http://www.xbrl.org/2003/arcrole/parent-child" xlink:from="loc_gri_TopicsInAgricultureAquacultureAndFishingSectorsDeterminedAsNotMaterialDomain" xlink:to="loc_gri_AgricultureAquacultureAndFishingSectorsWasteMember" order="8.0" preferredLabel="http://www.xbrl.org/2003/role/terseLabel" use="optional" />
    <link:loc xlink:type="locator" xlink:href="../core/gri_srs_core_2025-06-23.xsd#gri_AgricultureAquacultureAndFishingSectorsFoodSecurityMember" xlink:label="loc_gri_AgricultureAquacultureAndFishingSectorsFoodSecurityMember" />
    <link:presentationArc xlink:type="arc" xlink:arcrole="http://www.xbrl.org/2003/arcrole/parent-child" xlink:from="loc_gri_TopicsInAgricultureAquacultureAndFishingSectorsDeterminedAsNotMaterialDomain" xlink:to="loc_gri_AgricultureAquacultureAndFishingSectorsFoodSecurityMember" order="9.0" preferredLabel="http://www.xbrl.org/2003/role/terseLabel" use="optional" />
    <link:loc xlink:type="locator" xlink:href="../core/gri_srs_core_2025-06-23.xsd#gri_AgricultureAquacultureAndFishingSectorsFoodSafetyMember" xlink:label="loc_gri_AgricultureAquacultureAndFishingSectorsFoodSafetyMember" />
    <link:presentationArc xlink:type="arc" xlink:arcrole="http://www.xbrl.org/2003/arcrole/parent-child" xlink:from="loc_gri_TopicsInAgricultureAquacultureAndFishingSectorsDeterminedAsNotMaterialDomain" xlink:to="loc_gri_AgricultureAquacultureAndFishingSectorsFoodSafetyMember" order="10.0" preferredLabel="http://www.xbrl.org/2003/role/terseLabel" use="optional" />
    <link:loc xlink:type="locator" xlink:href="../core/gri_srs_core_2025-06-23.xsd#gri_AgricultureAquacultureAndFishingSectorsAnimalHealthAndWelfareMember" xlink:label="loc_gri_AgricultureAquacultureAndFishingSectorsAnimalHealthAndWelfareMember" />
    <link:presentationArc xlink:type="arc" xlink:arcrole="http://www.xbrl.org/2003/arcrole/parent-child" xlink:from="loc_gri_TopicsInAgricultureAquacultureAndFishingSectorsDeterminedAsNotMaterialDomain" xlink:to="loc_gri_AgricultureAquacultureAndFishingSectorsAnimalHealthAndWelfareMember" order="11.0" preferredLabel="http://www.xbrl.org/2003/role/terseLabel" use="optional" />
    <link:loc xlink:type="locator" xlink:href="../core/gri_srs_core_2025-06-23.xsd#gri_AgricultureAquacultureAndFishingSectorsLocalCommunitiesMember" xlink:label="loc_gri_AgricultureAquacultureAndFishingSectorsLocalCommunitiesMember" />
    <link:presentationArc xlink:type="arc" xlink:arcrole="http://www.xbrl.org/2003/arcrole/parent-child" xlink:from="loc_gri_TopicsInAgricultureAquacultureAndFishingSectorsDeterminedAsNotMaterialDomain" xlink:to="loc_gri_AgricultureAquacultureAndFishingSectorsLocalCommunitiesMember" order="12.0" preferredLabel="http://www.xbrl.org/2003/role/terseLabel" use="optional" />
    <link:loc xlink:type="locator" xlink:href="../core/gri_srs_core_2025-06-23.xsd#gri_AgricultureAquacultureAndFishingSectorsLandAndResourceRightsMember" xlink:label="loc_gri_AgricultureAquacultureAndFishingSectorsLandAndResourceRightsMember" />
    <link:presentationArc xlink:type="arc" xlink:arcrole="http://www.xbrl.org/2003/arcrole/parent-child" xlink:from="loc_gri_TopicsInAgricultureAquacultureAndFishingSectorsDeterminedAsNotMaterialDomain" xlink:to="loc_gri_AgricultureAquacultureAndFishingSectorsLandAndResourceRightsMember" order="13.0" preferredLabel="http://www.xbrl.org/2003/role/terseLabel" use="optional" />
    <link:loc xlink:type="locator" xlink:href="../core/gri_srs_core_2025-06-23.xsd#gri_AgricultureAquacultureAndFishingSectorsRightsOfIndigenousPeoplesMember" xlink:label="loc_gri_AgricultureAquacultureAndFishingSectorsRightsOfIndigenousPeoplesMember" />
    <link:presentationArc xlink:type="arc" xlink:arcrole="http://www.xbrl.org/2003/arcrole/parent-child" xlink:from="loc_gri_TopicsInAgricultureAquacultureAndFishingSectorsDeterminedAsNotMaterialDomain" xlink:to="loc_gri_AgricultureAquacultureAndFishingSectorsRightsOfIndigenousPeoplesMember" order="14.0" preferredLabel="http://www.xbrl.org/2003/role/terseLabel" use="optional" />
    <link:loc xlink:type="locator" xlink:href="../core/gri_srs_core_2025-06-23.xsd#gri_AgricultureAquacultureAndFishingSectorsNonDiscriminationAndEqualOpportunityMember" xlink:label="loc_gri_AgricultureAquacultureAndFishingSectorsNonDiscriminationAndEqualOpportunityMember" />
    <link:presentationArc xlink:type="arc" xlink:arcrole="http://www.xbrl.org/2003/arcrole/parent-child" xlink:from="loc_gri_TopicsInAgricultureAquacultureAndFishingSectorsDeterminedAsNotMaterialDomain" xlink:to="loc_gri_AgricultureAquacultureAndFishingSectorsNonDiscriminationAndEqualOpportunityMember" order="15.0" preferredLabel="http://www.xbrl.org/2003/role/terseLabel" use="optional" />
    <link:loc xlink:type="locator" xlink:href="../core/gri_srs_core_2025-06-23.xsd#gri_AgricultureAquacultureAndFishingSectorsForcedOrCompulsoryLaborMember" xlink:label="loc_gri_AgricultureAquacultureAndFishingSectorsForcedOrCompulsoryLaborMember" />
    <link:presentationArc xlink:type="arc" xlink:arcrole="http://www.xbrl.org/2003/arcrole/parent-child" xlink:from="loc_gri_TopicsInAgricultureAquacultureAndFishingSectorsDeterminedAsNotMaterialDomain" xlink:to="loc_gri_AgricultureAquacultureAndFishingSectorsForcedOrCompulsoryLaborMember" order="16.0" preferredLabel="http://www.xbrl.org/2003/role/terseLabel" use="optional" />
    <link:loc xlink:type="locator" xlink:href="../core/gri_srs_core_2025-06-23.xsd#gri_AgricultureAquacultureAndFishingSectorsChildLaborMember" xlink:label="loc_gri_AgricultureAquacultureAndFishingSectorsChildLaborMember" />
    <link:presentationArc xlink:type="arc" xlink:arcrole="http://www.xbrl.org/2003/arcrole/parent-child" xlink:from="loc_gri_TopicsInAgricultureAquacultureAndFishingSectorsDeterminedAsNotMaterialDomain" xlink:to="loc_gri_AgricultureAquacultureAndFishingSectorsChildLaborMember" order="17.0" preferredLabel="http://www.xbrl.org/2003/role/terseLabel" use="optional" />
    <link:loc xlink:type="locator" xlink:href="../core/gri_srs_core_2025-06-23.xsd#gri_AgricultureAquacultureAndFishingSectorsFreedomOfAssociationAndCollectiveBargainingMember" xlink:label="loc_gri_AgricultureAquacultureAndFishingSectorsFreedomOfAssociationAndCollectiveBargainingMember" />
    <link:presentationArc xlink:type="arc" xlink:arcrole="http://www.xbrl.org/2003/arcrole/parent-child" xlink:from="loc_gri_TopicsInAgricultureAquacultureAndFishingSectorsDeterminedAsNotMaterialDomain" xlink:to="loc_gri_AgricultureAquacultureAndFishingSectorsFreedomOfAssociationAndCollectiveBargainingMember" order="18.0" preferredLabel="http://www.xbrl.org/2003/role/terseLabel" use="optional" />
    <link:loc xlink:type="locator" xlink:href="../core/gri_srs_core_2025-06-23.xsd#gri_AgricultureAquacultureAndFishingSectorsOccupationalHealthAndSafetyMember" xlink:label="loc_gri_AgricultureAquacultureAndFishingSectorsOccupationalHealthAndSafetyMember" />
    <link:presentationArc xlink:type="arc" xlink:arcrole="http://www.xbrl.org/2003/arcrole/parent-child" xlink:from="loc_gri_TopicsInAgricultureAquacultureAndFishingSectorsDeterminedAsNotMaterialDomain" xlink:to="loc_gri_AgricultureAquacultureAndFishingSectorsOccupationalHealthAndSafetyMember" order="19.0" preferredLabel="http://www.xbrl.org/2003/role/terseLabel" use="optional" />
    <link:loc xlink:type="locator" xlink:href="../core/gri_srs_core_2025-06-23.xsd#gri_AgricultureAquacultureAndFishingSectorsEmploymentPracticesMember" xlink:label="loc_gri_AgricultureAquacultureAndFishingSectorsEmploymentPracticesMember" />
    <link:presentationArc xlink:type="arc" xlink:arcrole="http://www.xbrl.org/2003/arcrole/parent-child" xlink:from="loc_gri_TopicsInAgricultureAquacultureAndFishingSectorsDeterminedAsNotMaterialDomain" xlink:to="loc_gri_AgricultureAquacultureAndFishingSectorsEmploymentPracticesMember" order="20.0" preferredLabel="http://www.xbrl.org/2003/role/terseLabel" use="optional" />
    <link:loc xlink:type="locator" xlink:href="../core/gri_srs_core_2025-06-23.xsd#gri_AgricultureAquacultureAndFishingSectorsLivingIncomeAndLivingWageMember" xlink:label="loc_gri_AgricultureAquacultureAndFishingSectorsLivingIncomeAndLivingWageMember" />
    <link:presentationArc xlink:type="arc" xlink:arcrole="http://www.xbrl.org/2003/arcrole/parent-child" xlink:from="loc_gri_TopicsInAgricultureAquacultureAndFishingSectorsDeterminedAsNotMaterialDomain" xlink:to="loc_gri_AgricultureAquacultureAndFishingSectorsLivingIncomeAndLivingWageMember" order="21.0" preferredLabel="http://www.xbrl.org/2003/role/terseLabel" use="optional" />
    <link:loc xlink:type="locator" xlink:href="../core/gri_srs_core_2025-06-23.xsd#gri_AgricultureAquacultureAndFishingSectorsEconomicInclusionMember" xlink:label="loc_gri_AgricultureAquacultureAndFishingSectorsEconomicInclusionMember" />
    <link:presentationArc xlink:type="arc" xlink:arcrole="http://www.xbrl.org/2003/arcrole/parent-child" xlink:from="loc_gri_TopicsInAgricultureAquacultureAndFishingSectorsDeterminedAsNotMaterialDomain" xlink:to="loc_gri_AgricultureAquacultureAndFishingSectorsEconomicInclusionMember" order="22.0" preferredLabel="http://www.xbrl.org/2003/role/terseLabel" use="optional" />
    <link:loc xlink:type="locator" xlink:href="../core/gri_srs_core_2025-06-23.xsd#gri_AgricultureAquacultureAndFishingSectorsSupplyChainTraceabilityMember" xlink:label="loc_gri_AgricultureAquacultureAndFishingSectorsSupplyChainTraceabilityMember" />
    <link:presentationArc xlink:type="arc" xlink:arcrole="http://www.xbrl.org/2003/arcrole/parent-child" xlink:from="loc_gri_TopicsInAgricultureAquacultureAndFishingSectorsDeterminedAsNotMaterialDomain" xlink:to="loc_gri_AgricultureAquacultureAndFishingSectorsSupplyChainTraceabilityMember" order="23.0" preferredLabel="http://www.xbrl.org/2003/role/terseLabel" use="optional" />
    <link:loc xlink:type="locator" xlink:href="../core/gri_srs_core_2025-06-23.xsd#gri_AgricultureAquacultureAndFishingSectorsPublicPolicyMember" xlink:label="loc_gri_AgricultureAquacultureAndFishingSectorsPublicPolicyMember" />
    <link:presentationArc xlink:type="arc" xlink:arcrole="http://www.xbrl.org/2003/arcrole/parent-child" xlink:from="loc_gri_TopicsInAgricultureAquacultureAndFishingSectorsDeterminedAsNotMaterialDomain" xlink:to="loc_gri_AgricultureAquacultureAndFishingSectorsPublicPolicyMember" order="24.0" preferredLabel="http://www.xbrl.org/2003/role/terseLabel" use="optional" />
    <link:loc xlink:type="locator" xlink:href="../core/gri_srs_core_2025-06-23.xsd#gri_AgricultureAquacultureAndFishingSectorsAntiCompetitiveBehaviorMember" xlink:label="loc_gri_AgricultureAquacultureAndFishingSectorsAntiCompetitiveBehaviorMember" />
    <link:presentationArc xlink:type="arc" xlink:arcrole="http://www.xbrl.org/2003/arcrole/parent-child" xlink:from="loc_gri_TopicsInAgricultureAquacultureAndFishingSectorsDeterminedAsNotMaterialDomain" xlink:to="loc_gri_AgricultureAquacultureAndFishingSectorsAntiCompetitiveBehaviorMember" order="25.0" preferredLabel="http://www.xbrl.org/2003/role/terseLabel" use="optional" />
    <link:loc xlink:type="locator" xlink:href="../core/gri_srs_core_2025-06-23.xsd#gri_AgricultureAquacultureAndFishingSectorsAntiCorruptionMember" xlink:label="loc_gri_AgricultureAquacultureAndFishingSectorsAntiCorruptionMember" />
    <link:presentationArc xlink:type="arc" xlink:arcrole="http://www.xbrl.org/2003/arcrole/parent-child" xlink:from="loc_gri_TopicsInAgricultureAquacultureAndFishingSectorsDeterminedAsNotMaterialDomain" xlink:to="loc_gri_AgricultureAquacultureAndFishingSectorsAntiCorruptionMember" order="26.0" preferredLabel="http://www.xbrl.org/2003/role/terseLabel" use="optional" />
    <link:loc xlink:type="locator" xlink:href="../core/gri_srs_core_2025-06-23.xsd#gri_TopicsInMiningSectorDeterminedAsNotMaterialAxis" xlink:label="loc_gri_TopicsInMiningSectorDeterminedAsNotMaterialAxis" />
    <link:presentationArc xlink:type="arc" xlink:arcrole="http://www.xbrl.org/2003/arcrole/parent-child" xlink:from="loc_gri_TopicsInApplicableSectorStandardsDeterminedAsNotMaterialTable" xlink:to="loc_gri_TopicsInMiningSectorDeterminedAsNotMaterialAxis" order="4.0" use="optional" />
    <link:loc xlink:type="locator" xlink:href="../core/gri_srs_core_2025-06-23.xsd#gri_TopicsInMiningSectorDeterminedAsNotMaterialDomain" xlink:label="loc_gri_TopicsInMiningSectorDeterminedAsNotMaterialDomain" />
    <link:presentationArc xlink:type="arc" xlink:arcrole="http://www.xbrl.org/2003/arcrole/parent-child" xlink:from="loc_gri_TopicsInMiningSectorDeterminedAsNotMaterialAxis" xlink:to="loc_gri_TopicsInMiningSectorDeterminedAsNotMaterialDomain" order="1.0" use="optional" />
    <link:loc xlink:type="locator" xlink:href="../core/gri_srs_core_2025-06-23.xsd#gri_MiningSectorGHGEmissionsMember" xlink:label="loc_gri_MiningSectorGHGEmissionsMember" />
    <link:presentationArc xlink:type="arc" xlink:arcrole="http://www.xbrl.org/2003/arcrole/parent-child" xlink:from="loc_gri_TopicsInMiningSectorDeterminedAsNotMaterialDomain" xlink:to="loc_gri_MiningSectorGHGEmissionsMember" order="1.0" preferredLabel="http://www.xbrl.org/2003/role/terseLabel" use="optional" />
    <link:loc xlink:type="locator" xlink:href="../core/gri_srs_core_2025-06-23.xsd#gri_MiningSectorClimateAdaptationAndResilienceMember" xlink:label="loc_gri_MiningSectorClimateAdaptationAndResilienceMember" />
    <link:presentationArc xlink:type="arc" xlink:arcrole="http://www.xbrl.org/2003/arcrole/parent-child" xlink:from="loc_gri_TopicsInMiningSectorDeterminedAsNotMaterialDomain" xlink:to="loc_gri_MiningSectorClimateAdaptationAndResilienceMember" order="2.0" preferredLabel="http://www.xbrl.org/2003/role/terseLabel" use="optional" />
    <link:loc xlink:type="locator" xlink:href="../core/gri_srs_core_2025-06-23.xsd#gri_MiningSectorAirEmissionsMember" xlink:label="loc_gri_MiningSectorAirEmissionsMember" />
    <link:presentationArc xlink:type="arc" xlink:arcrole="http://www.xbrl.org/2003/arcrole/parent-child" xlink:from="loc_gri_TopicsInMiningSectorDeterminedAsNotMaterialDomain" xlink:to="loc_gri_MiningSectorAirEmissionsMember" order="3.0" preferredLabel="http://www.xbrl.org/2003/role/terseLabel" use="optional" />
    <link:loc xlink:type="locator" xlink:href="../core/gri_srs_core_2025-06-23.xsd#gri_MiningSectorBiodiversityMember" xlink:label="loc_gri_MiningSectorBiodiversityMember" />
    <link:presentationArc xlink:type="arc" xlink:arcrole="http://www.xbrl.org/2003/arcrole/parent-child" xlink:from="loc_gri_TopicsInMiningSectorDeterminedAsNotMaterialDomain" xlink:to="loc_gri_MiningSectorBiodiversityMember" order="4.0" preferredLabel="http://www.xbrl.org/2003/role/terseLabel" use="optional" />
    <link:loc xlink:type="locator" xlink:href="../core/gri_srs_core_2025-06-23.xsd#gri_MiningSectorWasteMember" xlink:label="loc_gri_MiningSectorWasteMember" />
    <link:presentationArc xlink:type="arc" xlink:arcrole="http://www.xbrl.org/2003/arcrole/parent-child" xlink:from="loc_gri_TopicsInMiningSectorDeterminedAsNotMaterialDomain" xlink:to="loc_gri_MiningSectorWasteMember" order="5.0" preferredLabel="http://www.xbrl.org/2003/role/terseLabel" use="optional" />
    <link:loc xlink:type="locator" xlink:href="../core/gri_srs_core_2025-06-23.xsd#gri_MiningSectorTailingsMember" xlink:label="loc_gri_MiningSectorTailingsMember" />
    <link:presentationArc xlink:type="arc" xlink:arcrole="http://www.xbrl.org/2003/arcrole/parent-child" xlink:from="loc_gri_TopicsInMiningSectorDeterminedAsNotMaterialDomain" xlink:to="loc_gri_MiningSectorTailingsMember" order="6.0" preferredLabel="http://www.xbrl.org/2003/role/terseLabel" use="optional" />
    <link:loc xlink:type="locator" xlink:href="../core/gri_srs_core_2025-06-23.xsd#gri_MiningSectorWaterAndEffluentsMember" xlink:label="loc_gri_MiningSectorWaterAndEffluentsMember" />
    <link:presentationArc xlink:type="arc" xlink:arcrole="http://www.xbrl.org/2003/arcrole/parent-child" xlink:from="loc_gri_TopicsInMiningSectorDeterminedAsNotMaterialDomain" xlink:to="loc_gri_MiningSectorWaterAndEffluentsMember" order="7.0" preferredLabel="http://www.xbrl.org/2003/role/terseLabel" use="optional" />
    <link:loc xlink:type="locator" xlink:href="../core/gri_srs_core_2025-06-23.xsd#gri_MiningSectorClosureAndRehabilitationMember" xlink:label="loc_gri_MiningSectorClosureAndRehabilitationMember" />
    <link:presentationArc xlink:type="arc" xlink:arcrole="http://www.xbrl.org/2003/arcrole/parent-child" xlink:from="loc_gri_TopicsInMiningSectorDeterminedAsNotMaterialDomain" xlink:to="loc_gri_MiningSectorClosureAndRehabilitationMember" order="8.0" preferredLabel="http://www.xbrl.org/2003/role/terseLabel" use="optional" />
    <link:loc xlink:type="locator" xlink:href="../core/gri_srs_core_2025-06-23.xsd#gri_MiningSectorEconomicImpactsMember" xlink:label="loc_gri_MiningSectorEconomicImpactsMember" />
    <link:presentationArc xlink:type="arc" xlink:arcrole="http://www.xbrl.org/2003/arcrole/parent-child" xlink:from="loc_gri_TopicsInMiningSectorDeterminedAsNotMaterialDomain" xlink:to="loc_gri_MiningSectorEconomicImpactsMember" order="9.0" preferredLabel="http://www.xbrl.org/2003/role/terseLabel" use="optional" />
    <link:loc xlink:type="locator" xlink:href="../core/gri_srs_core_2025-06-23.xsd#gri_MiningSectorLocalCommunitiesMember" xlink:label="loc_gri_MiningSectorLocalCommunitiesMember" />
    <link:presentationArc xlink:type="arc" xlink:arcrole="http://www.xbrl.org/2003/arcrole/parent-child" xlink:from="loc_gri_TopicsInMiningSectorDeterminedAsNotMaterialDomain" xlink:to="loc_gri_MiningSectorLocalCommunitiesMember" order="10.0" preferredLabel="http://www.xbrl.org/2003/role/terseLabel" use="optional" />
    <link:loc xlink:type="locator" xlink:href="../core/gri_srs_core_2025-06-23.xsd#gri_MiningSectorRightsOfIndigenousPeoplesMember" xlink:label="loc_gri_MiningSectorRightsOfIndigenousPeoplesMember" />
    <link:presentationArc xlink:type="arc" xlink:arcrole="http://www.xbrl.org/2003/arcrole/parent-child" xlink:from="loc_gri_TopicsInMiningSectorDeterminedAsNotMaterialDomain" xlink:to="loc_gri_MiningSectorRightsOfIndigenousPeoplesMember" order="11.0" preferredLabel="http://www.xbrl.org/2003/role/terseLabel" use="optional" />
    <link:loc xlink:type="locator" xlink:href="../core/gri_srs_core_2025-06-23.xsd#gri_MiningSectorLandAndResourceRightsMember" xlink:label="loc_gri_MiningSectorLandAndResourceRightsMember" />
    <link:presentationArc xlink:type="arc" xlink:arcrole="http://www.xbrl.org/2003/arcrole/parent-child" xlink:from="loc_gri_TopicsInMiningSectorDeterminedAsNotMaterialDomain" xlink:to="loc_gri_MiningSectorLandAndResourceRightsMember" order="12.0" preferredLabel="http://www.xbrl.org/2003/role/terseLabel" use="optional" />
    <link:loc xlink:type="locator" xlink:href="../core/gri_srs_core_2025-06-23.xsd#gri_MiningSectorArtisanalAndSmallScaleMiningMember" xlink:label="loc_gri_MiningSectorArtisanalAndSmallScaleMiningMember" />
    <link:presentationArc xlink:type="arc" xlink:arcrole="http://www.xbrl.org/2003/arcrole/parent-child" xlink:from="loc_gri_TopicsInMiningSectorDeterminedAsNotMaterialDomain" xlink:to="loc_gri_MiningSectorArtisanalAndSmallScaleMiningMember" order="13.0" preferredLabel="http://www.xbrl.org/2003/role/terseLabel" use="optional" />
    <link:loc xlink:type="locator" xlink:href="../core/gri_srs_core_2025-06-23.xsd#gri_MiningSectorSecurityPracticesMember" xlink:label="loc_gri_MiningSectorSecurityPracticesMember" />
    <link:presentationArc xlink:type="arc" xlink:arcrole="http://www.xbrl.org/2003/arcrole/parent-child" xlink:from="loc_gri_TopicsInMiningSectorDeterminedAsNotMaterialDomain" xlink:to="loc_gri_MiningSectorSecurityPracticesMember" order="14.0" preferredLabel="http://www.xbrl.org/2003/role/terseLabel" use="optional" />
    <link:loc xlink:type="locator" xlink:href="../core/gri_srs_core_2025-06-23.xsd#gri_MiningSectorCriticalIncidentManagementMember" xlink:label="loc_gri_MiningSectorCriticalIncidentManagementMember" />
    <link:presentationArc xlink:type="arc" xlink:arcrole="http://www.xbrl.org/2003/arcrole/parent-child" xlink:from="loc_gri_TopicsInMiningSectorDeterminedAsNotMaterialDomain" xlink:to="loc_gri_MiningSectorCriticalIncidentManagementMember" order="15.0" preferredLabel="http://www.xbrl.org/2003/role/terseLabel" use="optional" />
    <link:loc xlink:type="locator" xlink:href="../core/gri_srs_core_2025-06-23.xsd#gri_MiningSectorOccupationalHealthAndSafetyMember" xlink:label="loc_gri_MiningSectorOccupationalHealthAndSafetyMember" />
    <link:presentationArc xlink:type="arc" xlink:arcrole="http://www.xbrl.org/2003/arcrole/parent-child" xlink:from="loc_gri_TopicsInMiningSectorDeterminedAsNotMaterialDomain" xlink:to="loc_gri_MiningSectorOccupationalHealthAndSafetyMember" order="16.0" preferredLabel="http://www.xbrl.org/2003/role/terseLabel" use="optional" />
    <link:loc xlink:type="locator" xlink:href="../core/gri_srs_core_2025-06-23.xsd#gri_MiningSectorEmploymentPracticesMember" xlink:label="loc_gri_MiningSectorEmploymentPracticesMember" />
    <link:presentationArc xlink:type="arc" xlink:arcrole="http://www.xbrl.org/2003/arcrole/parent-child" xlink:from="loc_gri_TopicsInMiningSectorDeterminedAsNotMaterialDomain" xlink:to="loc_gri_MiningSectorEmploymentPracticesMember" order="17.0" preferredLabel="http://www.xbrl.org/2003/role/terseLabel" use="optional" />
    <link:loc xlink:type="locator" xlink:href="../core/gri_srs_core_2025-06-23.xsd#gri_MiningSectorChildLaborMember" xlink:label="loc_gri_MiningSectorChildLaborMember" />
    <link:presentationArc xlink:type="arc" xlink:arcrole="http://www.xbrl.org/2003/arcrole/parent-child" xlink:from="loc_gri_TopicsInMiningSectorDeterminedAsNotMaterialDomain" xlink:to="loc_gri_MiningSectorChildLaborMember" order="18.0" preferredLabel="http://www.xbrl.org/2003/role/terseLabel" use="optional" />
    <link:loc xlink:type="locator" xlink:href="../core/gri_srs_core_2025-06-23.xsd#gri_MiningSectorForcedLaborAndModernSlaveryMember" xlink:label="loc_gri_MiningSectorForcedLaborAndModernSlaveryMember" />
    <link:presentationArc xlink:type="arc" xlink:arcrole="http://www.xbrl.org/2003/arcrole/parent-child" xlink:from="loc_gri_TopicsInMiningSectorDeterminedAsNotMaterialDomain" xlink:to="loc_gri_MiningSectorForcedLaborAndModernSlaveryMember" order="19.0" preferredLabel="http://www.xbrl.org/2003/role/terseLabel" use="optional" />
    <link:loc xlink:type="locator" xlink:href="../core/gri_srs_core_2025-06-23.xsd#gri_MiningSectorFreedomOfAssociationAndCollectiveBargainingMember" xlink:label="loc_gri_MiningSectorFreedomOfAssociationAndCollectiveBargainingMember" />
    <link:presentationArc xlink:type="arc" xlink:arcrole="http://www.xbrl.org/2003/arcrole/parent-child" xlink:from="loc_gri_TopicsInMiningSectorDeterminedAsNotMaterialDomain" xlink:to="loc_gri_MiningSectorFreedomOfAssociationAndCollectiveBargainingMember" order="20.0" preferredLabel="http://www.xbrl.org/2003/role/terseLabel" use="optional" />
    <link:loc xlink:type="locator" xlink:href="../core/gri_srs_core_2025-06-23.xsd#gri_MiningSectorNonDiscriminationAndEqualOpportunityMember" xlink:label="loc_gri_MiningSectorNonDiscriminationAndEqualOpportunityMember" />
    <link:presentationArc xlink:type="arc" xlink:arcrole="http://www.xbrl.org/2003/arcrole/parent-child" xlink:from="loc_gri_TopicsInMiningSectorDeterminedAsNotMaterialDomain" xlink:to="loc_gri_MiningSectorNonDiscriminationAndEqualOpportunityMember" order="21.0" preferredLabel="http://www.xbrl.org/2003/role/terseLabel" use="optional" />
    <link:loc xlink:type="locator" xlink:href="../core/gri_srs_core_2025-06-23.xsd#gri_MiningSectorAntiCorruptionMember" xlink:label="loc_gri_MiningSectorAntiCorruptionMember" />
    <link:presentationArc xlink:type="arc" xlink:arcrole="http://www.xbrl.org/2003/arcrole/parent-child" xlink:from="loc_gri_TopicsInMiningSectorDeterminedAsNotMaterialDomain" xlink:to="loc_gri_MiningSectorAntiCorruptionMember" order="22.0" preferredLabel="http://www.xbrl.org/2003/role/terseLabel" use="optional" />
    <link:loc xlink:type="locator" xlink:href="../core/gri_srs_core_2025-06-23.xsd#gri_MiningSectorPaymentsToGovernmentsMember" xlink:label="loc_gri_MiningSectorPaymentsToGovernmentsMember" />
    <link:presentationArc xlink:type="arc" xlink:arcrole="http://www.xbrl.org/2003/arcrole/parent-child" xlink:from="loc_gri_TopicsInMiningSectorDeterminedAsNotMaterialDomain" xlink:to="loc_gri_MiningSectorPaymentsToGovernmentsMember" order="23.0" preferredLabel="http://www.xbrl.org/2003/role/terseLabel" use="optional" />
    <link:loc xlink:type="locator" xlink:href="../core/gri_srs_core_2025-06-23.xsd#gri_MiningSectorPublicPolicyMember" xlink:label="loc_gri_MiningSectorPublicPolicyMember" />
    <link:presentationArc xlink:type="arc" xlink:arcrole="http://www.xbrl.org/2003/arcrole/parent-child" xlink:from="loc_gri_TopicsInMiningSectorDeterminedAsNotMaterialDomain" xlink:to="loc_gri_MiningSectorPublicPolicyMember" order="24.0" preferredLabel="http://www.xbrl.org/2003/role/terseLabel" use="optional" />
    <link:loc xlink:type="locator" xlink:href="../core/gri_srs_core_2025-06-23.xsd#gri_MiningSectorConflictAffectedAndHighRiskAreasMember" xlink:label="loc_gri_MiningSectorConflictAffectedAndHighRiskAreasMember" />
    <link:presentationArc xlink:type="arc" xlink:arcrole="http://www.xbrl.org/2003/arcrole/parent-child" xlink:from="loc_gri_TopicsInMiningSectorDeterminedAsNotMaterialDomain" xlink:to="loc_gri_MiningSectorConflictAffectedAndHighRiskAreasMember" order="25.0" preferredLabel="http://www.xbrl.org/2003/role/terseLabel" use="optional" />
    <link:loc xlink:type="locator" xlink:href="../core/gri_srs_core_2025-06-23.xsd#gri_TopicsInApplicableSectorStandardsDeterminedAsNotMaterialLineItems" xlink:label="loc_gri_TopicsInApplicableSectorStandardsDeterminedAsNotMaterialLineItems" />
    <link:presentationArc xlink:type="arc" xlink:arcrole="http://www.xbrl.org/2003/arcrole/parent-child" xlink:from="loc_gri_DisclosureOfTopicsApplicableForSectorStandardsDeterminedAsNotMaterialAbstract" xlink:to="loc_gri_TopicsInApplicableSectorStandardsDeterminedAsNotMaterialLineItems" order="2.0" use="optional" />
    <link:loc xlink:type="locator" xlink:href="../core/gri_srs_core_2025-06-23.xsd#gri_ExplanationOfWhyTopicApplicableForSectorStandardsIsDeterminedAsNotMaterialTextBlock" xlink:label="loc_gri_ExplanationOfWhyTopicApplicableForSectorStandardsIsDeterminedAsNotMaterialTextBlock" />
    <link:presentationArc xlink:type="arc" xlink:arcrole="http://www.xbrl.org/2003/arcrole/parent-child" xlink:from="loc_gri_TopicsInApplicableSectorStandardsDeterminedAsNotMaterialLineItems" xlink:to="loc_gri_ExplanationOfWhyTopicApplicableForSectorStandardsIsDeterminedAsNotMaterialTextBlock" order="1.0" preferredLabel="http://www.xbrl.org/2003/role/terseLabel" use="optional" />
  </link:presentationLink>
</link:linkbase>