﻿<?xml version="1.0" encoding="utf-8"?>
<!-- Generated by GRI Taxonomy Editor-->
<link:linkbase xsi:schemaLocation="http://xbrl.org/2008/filter/boolean http://www.xbrl.org/2008/boolean-filter.xsd http://xbrl.org/2008/assertion/consistency http://www.xbrl.org/2008/consistency-assertion.xsd http://xbrl.org/2008/filter/concept http://www.xbrl.org/2008/concept-filter.xsd http://xbrl.org/2008/filter/dimension http://www.xbrl.org/2008/dimension-filter.xsd http://xbrl.org/2008/assertion/existence http://www.xbrl.org/2008/existence-assertion.xsd http://xbrl.org/2008/filter/entity http://www.xbrl.org/2008/entity-filter.xsd http://xbrl.org/2008/formula http://www.xbrl.org/2008/formula.xsd http://xbrl.org/2008/generic http://www.xbrl.org/2008/generic-link.xsd https://taxonomy.globalreporting.org/gri-sustainability-taxonomy/gri_srs/part ../core/gri_srs_part_2025-06-23.xsd http://xbrl.org/2008/label http://www.xbrl.org/2008/generic-label.xsd http://www.xbrl.org/2003/linkbase http://www.xbrl.org/2003/xbrl-linkbase-2003-12-31.xsd http://xbrl.org/2008/filter/match http://www.xbrl.org/2008/match-filter.xsd http://xbrl.org/2010/message http://www.xbrl.org/2010/generic-message.xsd http://xbrl.org/2008/filter/period http://www.xbrl.org/2008/period-filter.xsd http://xbrl.org/2008/filter/tuple http://www.xbrl.org/2008/tuple-filter.xsd http://xbrl.org/2008/filter/unit http://www.xbrl.org/2008/unit-filter.xsd http://xbrl.org/2008/assertion/value http://www.xbrl.org/2008/value-assertion.xsd http://xbrl.org/2008/variable http://www.xbrl.org/2008/variable.xsd http://xbrl.org/2005/xbrldt http://www.xbrl.org/2005/xbrldt-2005.xsd http://www.xbrl.org/2003/instance http://www.xbrl.org/2003/xbrl-instance-2003-12-31.xsd http://www.xbrl.org/2003/XLink http://www.xbrl.org/2003/xl-2003-12-31.xsd http://www.w3.org/1999/xlink http://www.xbrl.org/2003/xlink-2003-12-31.xsd " xmlns:bf="http://xbrl.org/2008/filter/boolean" xmlns:c="http://xbrl.org/formula/conformance/example" xmlns:ca="http://xbrl.org/2008/assertion/consistency" xmlns:cf="http://xbrl.org/2008/filter/concept" xmlns:country="https://xbrl.org/taxonomy/int/country/current/CR/2023-08-23" xmlns:df="http://xbrl.org/2008/filter/dimension" xmlns:ea="http://xbrl.org/2008/assertion/existence" xmlns:ef="http://xbrl.org/2008/filter/entity" xmlns:fn="http://www.w3.org/2005/xpath-functions" xmlns:formula="http://xbrl.org/2008/formula" xmlns:gen="http://xbrl.org/2008/generic" xmlns:gri="https://taxonomy.globalreporting.org/gri-sustainability-taxonomy/gri_srs/core" xmlns:gri_part="https://taxonomy.globalreporting.org/gri-sustainability-taxonomy/gri_srs/part" xmlns:iso4217="http://www.xbrl.org/2003/iso4217" xmlns:label="http://xbrl.org/2008/label" xmlns:link="http://www.xbrl.org/2003/linkbase" xmlns:mf="http://xbrl.org/2008/filter/match" xmlns:msg="http://xbrl.org/2010/message" xmlns:pf="http://xbrl.org/2008/filter/period" xmlns:tf="http://xbrl.org/2008/filter/tuple" xmlns:uf="http://xbrl.org/2008/filter/unit" xmlns:utr="http://www.xbrl.org/2009/utr" xmlns:v="http://xbrl.org/2008/formula/conformance/variable" xmlns:va="http://xbrl.org/2008/assertion/value" xmlns:variable="http://xbrl.org/2008/variable" xmlns:xbrldt="http://xbrl.org/2005/xbrldt" xmlns:xbrli="http://www.xbrl.org/2003/instance" xmlns:xfi="http://www.xbrl.org/2008/function/instance" xmlns:xl="http://www.xbrl.org/2003/XLink" xmlns:xlink="http://www.w3.org/1999/xlink" xmlns:xs="http://www.w3.org/2001/XMLSchema" xmlns:xsi="http://www.w3.org/2001/XMLSchema-instance">
  <!-- Role Ref -->
  <link:roleRef roleURI="http://www.xbrl.org/2008/role/link" xlink:type="simple" xlink:href="http://www.xbrl.org/2008/generic-link.xsd#standard-link-role" />
  <link:roleRef roleURI="http://www.xbrl.org/2010/role/message" xlink:type="simple" xlink:href="http://www.xbrl.org/2010/generic-message.xsd#standard-message" />
  <!-- ArcRole Ref -->
  <link:arcroleRef arcroleURI="http://xbrl.org/arcrole/2008/variable-filter" xlink:type="simple" xlink:href="http://www.xbrl.org/2008/variable.xsd#variable-filter" />
  <link:arcroleRef arcroleURI="http://xbrl.org/arcrole/2008/variable-set" xlink:type="simple" xlink:href="http://www.xbrl.org/2008/variable.xsd#variable-set" />
  <link:arcroleRef arcroleURI="http://xbrl.org/arcrole/2010/assertion-unsatisfied-message" xlink:type="simple" xlink:href="http://www.xbrl.org/2010/validation-message.xsd#assertion-unsatisfied-message" />
  <gen:link xlink:type="extended" xlink:role="http://www.xbrl.org/2008/role/link">
    <va:valueAssertion xlink:type="resource" xlink:label="va_001_CINPatternCheck" xlink:title="va_001_CINPatternCheck" id="va_001_CINPatternCheck" test="matches($V1,'[0-9][0-9][0-9][0-9][0-9][0-9][0-9][0-9][0-9][0-9][0-9][0-9]') and (string-length($V1)=12)" aspectModel="dimensional" implicitFiltering="true" />
    <gen:arc xlink:type="arc" xlink:arcrole="http://xbrl.org/arcrole/2010/assertion-unsatisfied-message" xlink:from="va_001_CINPatternCheck" xlink:to="ErrorMessage_1" use="optional" />
    <msg:message xlink:type="resource" xlink:label="ErrorMessage_1" xlink:title="ErrorMessage_1" id="ErrorMessage_1" xlink:role="http://www.xbrl.org/2010/role/message" xml:lang="en">GRI Company Identifier Number must be twelve digit value.</msg:message>
    <variable:variableArc xlink:type="arc" xlink:arcrole="http://xbrl.org/arcrole/2008/variable-set" xlink:from="va_001_CINPatternCheck" xlink:to="Var_1" order="1.0" use="optional" name="V1" />
    <variable:factVariable xlink:type="resource" xlink:label="Var_1" xlink:title="Var_1" id="Var_1" bindAsSequence="false" />
    <variable:variableFilterArc xlink:type="arc" xlink:arcrole="http://xbrl.org/arcrole/2008/variable-filter" xlink:from="Var_1" xlink:to="Var_1_conceptName_1" order="1.0" use="optional" complement="false" cover="true" />
    <cf:conceptName xlink:type="resource" xlink:label="Var_1_conceptName_1" xlink:title="Var_1_conceptName_1" id="Var_1_conceptName_1">
      <cf:concept>
        <cf:qname>gri:GRICompanyIdentifierNumber</cf:qname>
      </cf:concept>
    </cf:conceptName>
  </gen:link>
</link:linkbase>