﻿<?xml version="1.0" encoding="utf-8"?>
<tp:taxonomyPackage xmlns:tp="http://xbrl.org/2016/taxonomy-package" xml:lang="en" xmlns:xsi="http://www.w3.org/2001/XMLSchema-instance" xmlns:xs="http://www.w3.org/2001/XMLSchema" xsi:schemaLocation="http://xbrl.org/2016/taxonomy-package http://www.xbrl.org/2016/taxonomy-package.xsd">
  <tp:identifier>https://taxonomy.globalreporting.org/gri-sustainability-taxonomy</tp:identifier>
  <tp:name xml:lang="en">Global Reporting Initiative (GRI)</tp:name>
  <tp:description xml:lang="en">GRI Sustainability Taxonomy</tp:description>
  <tp:version>1.0</tp:version>
  <tp:publisher xml:lang="en">Global Reporting Initiative (GRI)</tp:publisher>
  <tp:publisherURL>https://www.globalreporting.org/</tp:publisherURL>
  <tp:publisherCountry>NL</tp:publisherCountry>
  <tp:publicationDate>2025-06-23</tp:publicationDate>
  <tp:entryPoints>
    <tp:entryPoint>
	<tp:name xml:lang="en">GRI Sustainability Taxonomy</tp:name>
      <tp:version>1.0</tp:version>
      <tp:entryPointDocument href="https://taxonomy.globalreporting.org/gri-sustainability-taxonomy/gri_srs/gri_srs_entry_point_2025-06-23.xsd" />
    </tp:entryPoint>
  </tp:entryPoints>
</tp:taxonomyPackage>