﻿<?xml version="1.0" encoding="utf-8"?>
<link:linkbase xsi:schemaLocation="http://www.xbrl.org/2003/linkbase http://www.xbrl.org/2003/xbrl-linkbase-2003-12-31.xsd http://www.xbrl.org/2003/instance http://www.xbrl.org/2003/xbrl-instance-2003-12-31.xsd http://www.w3.org/1999/xlink http://www.xbrl.org/2003/xlink-2003-12-31.xsd " xmlns:link="http://www.xbrl.org/2003/linkbase" xmlns:xbrli="http://www.xbrl.org/2003/instance" xmlns:xlink="http://www.w3.org/1999/xlink" xmlns:xsi="http://www.w3.org/2001/XMLSchema-instance">
  <link:labelLink xlink:type="extended" xlink:role="http://www.xbrl.org/2003/role/link">
    <link:loc xlink:type="locator" xlink:href="lei.xsd#lei_LEI" xlink:label="loc_lei_LEI" />
    <link:labelArc xlink:type="arc" xlink:arcrole="http://www.xbrl.org/2003/arcrole/concept-label" xlink:from="loc_lei_LEI" xlink:to="label_1" />
    <link:label xlink:type="resource" xlink:label="label_1" xlink:role="http://www.xbrl.org/2003/role/label" xml:lang="en">Legal Entity Identifier</link:label>
    <link:labelArc xlink:type="arc" xlink:arcrole="http://www.xbrl.org/2003/arcrole/concept-label" xlink:from="loc_lei_LEI" xlink:to="label_2" />
    <link:label xlink:type="resource" xlink:label="label_2" xlink:role="http://www.xbrl.org/2003/role/documentation" xml:lang="en">Legal Entity Identifier (LEI) for the reporting entity.</link:label>
  </link:labelLink>
</link:linkbase>