﻿<?xml version="1.0" encoding="utf-8"?>
<link:linkbase xsi:schemaLocation="http://xbrl.org/2008/filter/concept http://www.xbrl.org/2008/concept-filter.xsd http://xbrl.org/2008/filter/entity http://www.xbrl.org/2008/entity-filter.xsd http://xbrl.org/2008/generic http://www.xbrl.org/2008/generic-link.xsd http://www.xbrl.org/taxonomy/int/lei/2020-07-02/functions lei-formula-functions.xsd http://www.xbrl.org/2003/linkbase http://www.xbrl.org/2003/xbrl-linkbase-2003-12-31.xsd http://xbrl.org/2010/message http://www.xbrl.org/2010/generic-message.xsd http://xbrl.org/2008/assertion/value http://www.xbrl.org/2008/value-assertion.xsd http://xbrl.org/2008/variable http://www.xbrl.org/2008/variable.xsd http://www.xbrl.org/2003/instance http://www.xbrl.org/2003/xbrl-instance-2003-12-31.xsd http://www.w3.org/1999/xlink http://www.xbrl.org/2003/xlink-2003-12-31.xsd " xmlns:cf="http://xbrl.org/2008/filter/concept" xmlns:ef="http://xbrl.org/2008/filter/entity" xmlns:gen="http://xbrl.org/2008/generic" xmlns:lei="http://www.xbrl.org/taxonomy/int/lei/2020-07-02" xmlns:lei-fn="http://www.xbrl.org/taxonomy/int/lei/2020-07-02/functions" xmlns:link="http://www.xbrl.org/2003/linkbase" xmlns:msg="http://xbrl.org/2010/message" xmlns:va="http://xbrl.org/2008/assertion/value" xmlns:variable="http://xbrl.org/2008/variable" xmlns:xbrli="http://www.xbrl.org/2003/instance" xmlns:xfi="http://www.xbrl.org/2008/function/instance" xmlns:xlink="http://www.w3.org/1999/xlink" xmlns:xs="http://www.w3.org/2001/XMLSchema" xmlns:xsi="http://www.w3.org/2001/XMLSchema-instance">
  <!-- Role Ref -->
  <link:roleRef roleURI="http://www.xbrl.org/2010/role/message" xlink:type="simple" xlink:href="http://www.xbrl.org/2010/generic-message.xsd#standard-message" />
  <!-- ArcRole Ref -->
  <link:arcroleRef arcroleURI="http://xbrl.org/arcrole/2008/variable-filter" xlink:type="simple" xlink:href="http://www.xbrl.org/2008/variable.xsd#variable-filter" />
  <link:arcroleRef arcroleURI="http://xbrl.org/arcrole/2008/variable-set" xlink:type="simple" xlink:href="http://www.xbrl.org/2008/variable.xsd#variable-set" />
  <link:arcroleRef arcroleURI="http://xbrl.org/arcrole/2010/assertion-unsatisfied-message" xlink:type="simple" xlink:href="http://www.xbrl.org/2010/validation-message.xsd#assertion-unsatisfied-message" />
  <gen:link xlink:type="extended" xlink:role="http://www.xbrl.org/2003/role/link">
    <va:valueAssertion xlink:type="resource" xlink:label="assertion1" xlink:title="assertion1" id="lei-fact-checksum" aspectModel="dimensional" implicitFiltering="true" test="lei-fn:validate-checksum( $v )" />
    <gen:arc xlink:type="arc" xlink:arcrole="http://xbrl.org/arcrole/2010/assertion-unsatisfied-message" xlink:from="assertion1" xlink:to="message1" use="optional" />
    <msg:message xlink:type="resource" xlink:label="message1" xlink:title="message1" xlink:role="http://www.xbrl.org/2010/role/message" xml:lang="en">The value '{ $v }' is not a valid Legal Entity Identifier (invalid checksum)</msg:message>
    <variable:variableArc xlink:type="arc" xlink:arcrole="http://xbrl.org/arcrole/2008/variable-set" xlink:from="assertion1" xlink:to="variable1" use="optional" name="v" />
    <variable:factVariable xlink:type="resource" xlink:label="variable1" xlink:title="variable1" bindAsSequence="false" />
    <variable:variableFilterArc xlink:type="arc" xlink:arcrole="http://xbrl.org/arcrole/2008/variable-filter" xlink:from="variable1" xlink:to="filter1" use="optional" complement="false" cover="true" />
    <cf:conceptDataType xlink:type="resource" xlink:label="filter1" xlink:title="filter1" strict="false">
      <cf:type>
        <cf:qname>lei:leiItemType</cf:qname>
      </cf:type>
    </cf:conceptDataType>
    <va:valueAssertion xlink:type="resource" xlink:label="assertion2" xlink:title="assertion2" id="lei-fact-checksum-digits" aspectModel="dimensional" implicitFiltering="true" test="lei-fn:validate-checksum-invalid-digits( $v )" />
    <gen:arc xlink:type="arc" xlink:arcrole="http://xbrl.org/arcrole/2010/assertion-unsatisfied-message" xlink:from="assertion2" xlink:to="message2" use="optional" />
    <msg:message xlink:type="resource" xlink:label="message2" xlink:title="message2" xlink:role="http://www.xbrl.org/2010/role/message" xml:lang="en">The value '{ $v }' is not a valid Legal Entity Identifier (contains invalid check digits 00, 01, or 99)</msg:message>
    <variable:variableArc xlink:type="arc" xlink:arcrole="http://xbrl.org/arcrole/2008/variable-set" xlink:from="assertion2" xlink:to="variable2" use="optional" name="v" />
    <variable:factVariable xlink:type="resource" xlink:label="variable2" xlink:title="variable2" bindAsSequence="false" />
    <variable:variableFilterArc xlink:type="arc" xlink:arcrole="http://xbrl.org/arcrole/2008/variable-filter" xlink:from="variable2" xlink:to="filter2" use="optional" complement="false" cover="true" />
    <cf:conceptDataType xlink:type="resource" xlink:label="filter2" xlink:title="filter2" strict="false">
      <cf:type>
        <cf:qname>lei:leiItemType</cf:qname>
      </cf:type>
    </cf:conceptDataType>
    <va:valueAssertion xlink:type="resource" xlink:label="assertion3" xlink:title="assertion3" id="lei-identifier-checksum" aspectModel="dimensional" implicitFiltering="true" test="lei-fn:validate-checksum( xfi:fact-identifier-value( $v ) )" />
    <gen:arc xlink:type="arc" xlink:arcrole="http://xbrl.org/arcrole/2010/assertion-unsatisfied-message" xlink:from="assertion3" xlink:to="message3" use="optional" />
    <msg:message xlink:type="resource" xlink:label="message3" xlink:title="message3" xlink:role="http://www.xbrl.org/2010/role/message" xml:lang="en">The identifier '{ xfi:fact-identifier-value($v) }' associated with this fact has scheme '{ xfi:fact-identifier-scheme($v) }' but is not a valid Legal Entity Identifier (invalid checksum)</msg:message>
    <variable:variableArc xlink:type="arc" xlink:arcrole="http://xbrl.org/arcrole/2008/variable-set" xlink:from="assertion3" xlink:to="variable3" use="optional" name="v" />
    <variable:factVariable xlink:type="resource" xlink:label="variable3" xlink:title="variable3" bindAsSequence="false" />
    <variable:variableFilterArc xlink:type="arc" xlink:arcrole="http://xbrl.org/arcrole/2008/variable-filter" xlink:from="variable3" xlink:to="filter3" use="optional" complement="false" cover="true" />
    <ef:specificScheme xlink:type="resource" xlink:label="filter3" xlink:title="filter3" scheme="lei-fn:identifier-scheme( )" />
    <va:valueAssertion xlink:type="resource" xlink:label="assertion4" xlink:title="assertion4" id="lei-identifier-checksum-digits" aspectModel="dimensional" implicitFiltering="true" test="lei-fn:validate-checksum-invalid-digits( xfi:fact-identifier-value( $v ) )" />
    <gen:arc xlink:type="arc" xlink:arcrole="http://xbrl.org/arcrole/2010/assertion-unsatisfied-message" xlink:from="assertion4" xlink:to="message4" use="optional" />
    <msg:message xlink:type="resource" xlink:label="message4" xlink:title="message4" xlink:role="http://www.xbrl.org/2010/role/message" xml:lang="en">The identifier '{ xfi:fact-identifier-value($v) }' associated with this fact has scheme '{ xfi:fact-identifier-scheme($v) }' but is not a valid Legal Entity Identifier (contains invalid check digits 00, 01 or 99)</msg:message>
    <variable:variableArc xlink:type="arc" xlink:arcrole="http://xbrl.org/arcrole/2008/variable-set" xlink:from="assertion4" xlink:to="variable4" use="optional" name="v" />
    <variable:factVariable xlink:type="resource" xlink:label="variable4" xlink:title="variable4" bindAsSequence="false" />
    <variable:variableFilterArc xlink:type="arc" xlink:arcrole="http://xbrl.org/arcrole/2008/variable-filter" xlink:from="variable4" xlink:to="filter4" use="optional" complement="false" cover="true" />
    <ef:specificScheme xlink:type="resource" xlink:label="filter4" xlink:title="filter4" scheme="lei-fn:identifier-scheme( )" />
    <va:valueAssertion xlink:type="resource" xlink:label="assertion5" xlink:title="assertion5" id="lei-identifier-format" aspectModel="dimensional" implicitFiltering="true" test="lei-fn:validate-format( xfi:fact-identifier-value( $v ) )" />
    <gen:arc xlink:type="arc" xlink:arcrole="http://xbrl.org/arcrole/2010/assertion-unsatisfied-message" xlink:from="assertion5" xlink:to="message5" use="optional" />
    <msg:message xlink:type="resource" xlink:label="message5" xlink:title="message5" xlink:role="http://www.xbrl.org/2010/role/message" xml:lang="en">The identifier '{ xfi:fact-identifier-value($v) }' associated with this fact has scheme '{ xfi:fact-identifier-scheme($v) }' but is not a valid Legal Entity Identifier (invalid format)</msg:message>
    <variable:variableArc xlink:type="arc" xlink:arcrole="http://xbrl.org/arcrole/2008/variable-set" xlink:from="assertion5" xlink:to="variable5" use="optional" name="v" />
    <variable:factVariable xlink:type="resource" xlink:label="variable5" xlink:title="variable5" bindAsSequence="false" />
    <variable:variableFilterArc xlink:type="arc" xlink:arcrole="http://xbrl.org/arcrole/2008/variable-filter" xlink:from="variable5" xlink:to="filter5" use="optional" complement="false" cover="true" />
    <ef:specificScheme xlink:type="resource" xlink:label="filter5" xlink:title="filter5" scheme="lei-fn:identifier-scheme( )" />
  </gen:link>
</link:linkbase>