﻿<?xml version="1.0" encoding="utf-8"?>
<link:linkbase xsi:schemaLocation="http://xbrl.org/2010/custom-function http://www.xbrl.org/2010/custom-function-implementation.xsd http://xbrl.org/2008/generic http://www.xbrl.org/2008/generic-link.xsd http://www.xbrl.org/taxonomy/int/lei/2020-07-02/functions lei-formula-functions.xsd http://www.xbrl.org/2003/linkbase http://www.xbrl.org/2003/xbrl-linkbase-2003-12-31.xsd http://xbrl.org/2008/variable http://www.xbrl.org/2008/variable.xsd http://www.xbrl.org/2003/instance http://www.xbrl.org/2003/xbrl-instance-2003-12-31.xsd http://www.w3.org/1999/xlink http://www.xbrl.org/2003/xlink-2003-12-31.xsd " xmlns:cfi="http://xbrl.org/2010/custom-function" xmlns:gen="http://xbrl.org/2008/generic" xmlns:lei-fn="http://www.xbrl.org/taxonomy/int/lei/2020-07-02/functions" xmlns:link="http://www.xbrl.org/2003/linkbase" xmlns:variable="http://xbrl.org/2008/variable" xmlns:xbrli="http://www.xbrl.org/2003/instance" xmlns:xfi="http://www.xbrl.org/2008/function/instance" xmlns:xlink="http://www.w3.org/1999/xlink" xmlns:xs="http://www.w3.org/2001/XMLSchema" xmlns:xsi="http://www.w3.org/2001/XMLSchema-instance">
  <!-- ArcRole Ref -->
  <link:arcroleRef arcroleURI="http://xbrl.org/arcrole/2010/function-implementation" xlink:type="simple" xlink:href="http://www.xbrl.org/2010/custom-function-implementation.xsd#cfi-implementation" />
  <gen:link xlink:type="extended" xlink:role="http://www.xbrl.org/2003/role/link">
    <variable:function xlink:type="resource" xlink:label="function1" xlink:title="function1" name="lei-fn:validate-format" output="xs:boolean">
      <variable:input type="xs:string" />
    </variable:function>
    <gen:arc xlink:type="arc" xlink:arcrole="http://xbrl.org/arcrole/2010/function-implementation" xlink:from="function1" xlink:to="functionImplementation1" use="optional" />
    <cfi:implementation xlink:type="resource" xlink:label="functionImplementation1" xlink:title="functionImplementation1">
      <cfi:input name="s" />
      <cfi:output>matches( $s , '^[A-Z0-9]{18}[0-9]{2}$' )</cfi:output>
    </cfi:implementation>
    <variable:function xlink:type="resource" xlink:label="function2" xlink:title="function2" name="lei-fn:identifier-scheme" output="xs:anyURI" />
    <gen:arc xlink:type="arc" xlink:arcrole="http://xbrl.org/arcrole/2010/function-implementation" xlink:from="function2" xlink:to="functionImplementation2" use="optional" />
    <cfi:implementation xlink:type="resource" xlink:label="functionImplementation2" xlink:title="functionImplementation2">
      <cfi:output>xs:anyURI( 'http://standards.iso.org/iso/17442' )</cfi:output>
    </cfi:implementation>
    <variable:function xlink:type="resource" xlink:label="function3" xlink:title="function3" name="lei-fn:_checksum-97-10" output="xs:integer">
      <variable:input type="xs:string" />
    </variable:function>
    <gen:arc xlink:type="arc" xlink:arcrole="http://xbrl.org/arcrole/2010/function-implementation" xlink:from="function3" xlink:to="functionImplementation3" use="optional" />
    <cfi:implementation xlink:type="resource" xlink:label="functionImplementation3" xlink:title="functionImplementation3">
      <cfi:input name="s" />
      <cfi:output>( if ( string-length( $s ) &gt; 13 ) then 10000000000000 * lei-fn:_checksum-97-10( substring( $s , 1 , string-length( $s ) - 13 ) ) + xs:integer( substring( $s , string-length( $s ) +1 - 13 , 13 ) ) else xs:integer( substring( $s , 1 , string-length( $s ) ) ) ) mod 97</cfi:output>
    </cfi:implementation>
    <variable:function xlink:type="resource" xlink:label="function4" xlink:title="function4" name="lei-fn:validate-checksum" output="xs:boolean">
      <variable:input type="xs:string" />
    </variable:function>
    <gen:arc xlink:type="arc" xlink:arcrole="http://xbrl.org/arcrole/2010/function-implementation" xlink:from="function4" xlink:to="functionImplementation4" use="optional" />
    <cfi:implementation xlink:type="resource" xlink:label="functionImplementation4" xlink:title="functionImplementation4">
      <cfi:input name="s" />
      <cfi:output>not( lei-fn:validate-format( $s ) ) or ( lei-fn:_checksum-97-10( string-join( ( for $c in string-to-codepoints( $s ) return xs:string( if ( $c &lt;= 57 ) then $c - 48 else $c - 55 ) ) , '' ) ) = 1 )</cfi:output>
    </cfi:implementation>
    <variable:function xlink:type="resource" xlink:label="function5" xlink:title="function5" name="lei-fn:validate-checksum-invalid-digits" output="xs:boolean">
      <variable:input type="xs:string" />
    </variable:function>
    <gen:arc xlink:type="arc" xlink:arcrole="http://xbrl.org/arcrole/2010/function-implementation" xlink:from="function5" xlink:to="functionImplementation5" use="optional" />
    <cfi:implementation xlink:type="resource" xlink:label="functionImplementation5" xlink:title="functionImplementation5">
      <cfi:input name="s" />
      <cfi:output>not( lei-fn:validate-format( $s ) ) or ( not( matches( $s , "(00|01|99)$" ) ) )</cfi:output>
    </cfi:implementation>
  </gen:link>
</link:linkbase>